RAYLIB STATIC 5.5.0.2 LOADED
kj/filesystem-disk-unix.c++:1734: warning: PWD environment variable doesn't match current directory; pwd = /data/openpilot/system/manager
scons: Reading SConscript files ...
gbm_create_device(156): Info: backend name is: msm_drm
scons: done reading SConscript files.
scons: Building targets ...
arm-none-eabi-gcc -o panda/board/board/obj/panda_h7bootstub.o -c -mcpu=cortex-m7 -mhard-float -DSTM32H7 -DSTM32H725xx -Iboard/stm32h7/inc -mfpu=fpv5-d16 -DALLOW_DEBUG -Wall -Wextra -Wstrict-prototypes -Werror -mlittle-endian -mthumb -nostdlib -fno-builtin -std=gnu11 -fmax-errors=1 -Tpanda/board/stm32h7/stm32h7x5_flash.ld -fsingle-precision-constant -Os -g -DBOOTSTUB -Ipanda -Ipanda/board/stm32f4/inc -Ipanda/board/stm32h7/inc -Iopendbc_repo panda/board/bootstub.c
Building compilation database compile_commands.json
arm-none-eabi-gcc -o panda/board/board/obj/panda_h7main.o -c -mcpu=cortex-m7 -mhard-float -DSTM32H7 -DSTM32H725xx -Iboard/stm32h7/inc -mfpu=fpv5-d16 -DALLOW_DEBUG -Wall -Wextra -Wstrict-prototypes -Werror -mlittle-endian -mthumb -nostdlib -fno-builtin -std=gnu11 -fmax-errors=1 -Tpanda/board/stm32h7/stm32h7x5_flash.ld -fsingle-precision-constant -Os -g -Ipanda -Ipanda/board/stm32f4/inc -Ipanda/board/stm32h7/inc -Iopendbc_repo panda/board/main.c
arm-none-eabi-gcc -o panda/board/board/obj/panda_jungle_h7bootstub.o -c -mcpu=cortex-m7 -mhard-float -DSTM32H7 -DSTM32H725xx -Iboard/stm32h7/inc -mfpu=fpv5-d16 -DPANDA_JUNGLE -DALLOW_DEBUG -Wall -Wextra -Wstrict-prototypes -Werror -mlittle-endian -mthumb -nostdlib -fno-builtin -std=gnu11 -fmax-errors=1 -Tpanda/board/stm32h7/stm32h7x5_flash.ld -fsingle-precision-constant -Os -g -DBOOTSTUB -Ipanda -Ipanda/board/stm32f4/inc -Ipanda/board/stm32h7/inc -Iopendbc_repo panda/board/bootstub.c
arm-none-eabi-gcc -o panda/board/board/obj/pandabootstub.o -c -mcpu=cortex-m4 -mhard-float -DSTM32F4 -DSTM32F413xx -Iboard/stm32f4/inc -mfpu=fpv4-sp-d16 -DALLOW_DEBUG -Wall -Wextra -Wstrict-prototypes -Werror -mlittle-endian -mthumb -nostdlib -fno-builtin -std=gnu11 -fmax-errors=1 -Tpanda/board/stm32f4/stm32f4_flash.ld -fsingle-precision-constant -Os -g -DBOOTSTUB -Ipanda -Ipanda/board/stm32f4/inc -Ipanda/board/stm32h7/inc -Iopendbc_repo panda/board/bootstub.c
arm-none-eabi-gcc -o panda/board/board/obj/pandamain.o -c -mcpu=cortex-m4 -mhard-float -DSTM32F4 -DSTM32F413xx -Iboard/stm32f4/inc -mfpu=fpv4-sp-d16 -DALLOW_DEBUG -Wall -Wextra -Wstrict-prototypes -Werror -mlittle-endian -mthumb -nostdlib -fno-builtin -std=gnu11 -fmax-errors=1 -Tpanda/board/stm32f4/stm32f4_flash.ld -fsingle-precision-constant -Os -g -Ipanda -Ipanda/board/stm32f4/inc -Ipanda/board/stm32h7/inc -Iopendbc_repo panda/board/main.c
arm-none-eabi-gcc -o panda/board/jungle/board/obj/panda_jungle_h7main.o -c -mcpu=cortex-m7 -mhard-float -DSTM32H7 -DSTM32H725xx -Iboard/stm32h7/inc -mfpu=fpv5-d16 -DPANDA_JUNGLE -DALLOW_DEBUG -Wall -Wextra -Wstrict-prototypes -Werror -mlittle-endian -mthumb -nostdlib -fno-builtin -std=gnu11 -fmax-errors=1 -Tpanda/board/stm32h7/stm32h7x5_flash.ld -fsingle-precision-constant -Os -g -Ipanda -Ipanda/board/stm32f4/inc -Ipanda/board/stm32h7/inc -Iopendbc_repo panda/board/jungle/main.c
FPS dropped below 60: 52
arm-none-eabi-gcc -o panda/board/obj/panda_jungle_h7/main.elf -Wl,--section-start,.isr_vector=0x8020000 -mcpu=cortex-m7 -mhard-float -DSTM32H7 -DSTM32H725xx -Iboard/stm32h7/inc -mfpu=fpv5-d16 -DPANDA_JUNGLE -DALLOW_DEBUG -Wall -Wextra -Wstrict-prototypes -Werror -mlittle-endian -mthumb -nostdlib -fno-builtin -std=gnu11 -fmax-errors=1 -Tpanda/board/stm32h7/stm32h7x5_flash.ld -fsingle-precision-constant -Os -g panda/board/stm32h7/board/obj/panda_jungle_h7startup_stm32h7x5xx.o panda/board/jungle/board/obj/panda_jungle_h7main.o
arm-none-eabi-gcc -o panda/board/obj/panda_h7/main.elf -Wl,--section-start,.isr_vector=0x8020000 -mcpu=cortex-m7 -mhard-float -DSTM32H7 -DSTM32H725xx -Iboard/stm32h7/inc -mfpu=fpv5-d16 -DALLOW_DEBUG -Wall -Wextra -Wstrict-prototypes -Werror -mlittle-endian -mthumb -nostdlib -fno-builtin -std=gnu11 -fmax-errors=1 -Tpanda/board/stm32h7/stm32h7x5_flash.ld -fsingle-precision-constant -Os -g panda/board/stm32h7/board/obj/panda_h7startup_stm32h7x5xx.o panda/board/board/obj/panda_h7main.o
arm-none-eabi-gcc -o panda/board/obj/panda/main.elf -Wl,--section-start,.isr_vector=0x8004000 -mcpu=cortex-m4 -mhard-float -DSTM32F4 -DSTM32F413xx -Iboard/stm32f4/inc -mfpu=fpv4-sp-d16 -DALLOW_DEBUG -Wall -Wextra -Wstrict-prototypes -Werror -mlittle-endian -mthumb -nostdlib -fno-builtin -std=gnu11 -fmax-errors=1 -Tpanda/board/stm32f4/stm32f4_flash.ld -fsingle-precision-constant -Os -g panda/board/stm32f4/board/obj/pandastartup_stm32f413xx.o panda/board/board/obj/pandamain.o
arm-none-eabi-gcc -o panda/board/obj/panda_h7/bootstub.elf -mcpu=cortex-m7 -mhard-float -DSTM32H7 -DSTM32H725xx -Iboard/stm32h7/inc -mfpu=fpv5-d16 -DALLOW_DEBUG -Wall -Wextra -Wstrict-prototypes -Werror -mlittle-endian -mthumb -nostdlib -fno-builtin -std=gnu11 -fmax-errors=1 -Tpanda/board/stm32h7/stm32h7x5_flash.ld -fsingle-precision-constant -Os -g -DBOOTSTUB panda/board/stm32h7/board/obj/panda_h7startup_stm32h7x5xx.o panda/crypto/board/obj/panda_h7rsa.o panda/crypto/board/obj/panda_h7sha.o panda/board/board/obj/panda_h7bootstub.o
arm-none-eabi-gcc -o panda/board/obj/panda_jungle_h7/bootstub.elf -mcpu=cortex-m7 -mhard-float -DSTM32H7 -DSTM32H725xx -Iboard/stm32h7/inc -mfpu=fpv5-d16 -DPANDA_JUNGLE -DALLOW_DEBUG -Wall -Wextra -Wstrict-prototypes -Werror -mlittle-endian -mthumb -nostdlib -fno-builtin -std=gnu11 -fmax-errors=1 -Tpanda/board/stm32h7/stm32h7x5_flash.ld -fsingle-precision-constant -Os -g -DBOOTSTUB panda/board/stm32h7/board/obj/panda_jungle_h7startup_stm32h7x5xx.o panda/crypto/board/obj/panda_jungle_h7rsa.o panda/crypto/board/obj/panda_jungle_h7sha.o panda/board/board/obj/panda_jungle_h7bootstub.o
arm-none-eabi-gcc -o panda/board/obj/panda/bootstub.elf -mcpu=cortex-m4 -mhard-float -DSTM32F4 -DSTM32F413xx -Iboard/stm32f4/inc -mfpu=fpv4-sp-d16 -DALLOW_DEBUG -Wall -Wextra -Wstrict-prototypes -Werror -mlittle-endian -mthumb -nostdlib -fno-builtin -std=gnu11 -fmax-errors=1 -Tpanda/board/stm32f4/stm32f4_flash.ld -fsingle-precision-constant -Os -g -DBOOTSTUB panda/board/stm32f4/board/obj/pandastartup_stm32f413xx.o panda/crypto/board/obj/pandarsa.o panda/crypto/board/obj/pandasha.o panda/board/board/obj/pandabootstub.o
arm-none-eabi-objcopy -O binary panda/board/obj/panda_h7/main.elf panda/board/obj/panda_h7/main.bin
arm-none-eabi-objcopy -O binary panda/board/obj/panda_jungle_h7/main.elf panda/board/obj/panda_jungle_h7/main.bin
arm-none-eabi-objcopy -O binary panda/board/obj/panda_h7/bootstub.elf panda/board/obj/bootstub.panda_h7.bin
arm-none-eabi-objcopy -O binary panda/board/obj/panda/bootstub.elf panda/board/obj/bootstub.panda.bin
SETLEN=1 panda/crypto/sign.py panda/board/obj/panda_jungle_h7/main.bin panda/board/obj/panda_jungle_h7.bin.signed panda/certs/debug
SETLEN=1 panda/crypto/sign.py panda/board/obj/panda_h7/main.bin panda/board/obj/panda_h7.bin.signed panda/certs/debug
arm-none-eabi-objcopy -O binary panda/board/obj/panda/main.elf panda/board/obj/panda/main.bin
arm-none-eabi-objcopy -O binary panda/board/obj/panda_jungle_h7/bootstub.elf panda/board/obj/bootstub.panda_jungle_h7.bin
SETLEN=1 panda/crypto/sign.py panda/board/obj/panda/main.bin panda/board/obj/panda.bin.signed panda/certs/debug
signing 73672 bytes
hash: 776dd3aa232dd5273de0ebc60ee785a6faf5ddcc
signing 64264 bytes
hash: 646d1b548aecacb420cb5e6fca7b7961055a1997
signing 79588 bytes
hash: 976c977c243994025e9acacd955a034058ea35e4
scons: done building targets.
system/loggerd/bootlog.cc: bootlog to /data/media/0/realdata/boot/00000049--2cc3aec39b.zst
updates are disabled by the DisableUpdates param
Panda 40001a000251333038363231 connected, version: DEV-8e8c45df-DEBU, signature 8307d4f54f3b56e5, expected 33058315663b8576
No OSM database found for road geometry extraction
gbm_create_device(156): Info: backend name is: msm_drm
: QPixmap::scaled: Pixmap is a null pixmap
flash: unlocking
INFO:panda:flash: unlocking
flash: erasing sectors 1 - 1
INFO:panda:flash: erasing sectors 1 - 1
configuring modem
Successfully set initial EPS bearer properties
pid 321's current affinity list: 3
pid 321's new affinity list: 3
selfdrive/ui/qt/network/wifi_manager.cc: Changing gsm.auto-config to true
: "wl-shell" is a deprecated shell extension, prefer using "xdg-shell-v6" or "xdg-shell" if supported by the compositor by setting the environment variable QT_WAYLAND_SHELL_INTEGRATION
flash: flashing
INFO:panda:flash: flashing
flash: resetting
INFO:panda:flash: resetting
selfdrive/pandad/main.cc: starting pandad
selfdrive/pandad/pandad.cc: connecting to pandas: 40001a000251333038363231
selfdrive/pandad/panda.cc: connected to 40001a000251333038363231 over SPI
selfdrive/pandad/pandad.cc: connected to all pandas
child sunnypilot.models.manager got SIGINT
[32mlogmessaged[0m [32mtimed[0m [32mui[0m [32mdeleter[0m [32mpandad[0m [32mhardwared[0m [32mtombstoned[0m [31mupdated[0m [32muploader[0m [32mstatsd[0m [32mmodels_manager[0m [32mmapd[0m [32mmapd_manager[0m
[32mlogmessaged[0m [32mtimed[0m [32mui[0m [32mdeleter[0m [32mpandad[0m [32mhardwared[0m [32mtombstoned[0m [31mupdated[0m [32muploader[0m [32mstatsd[0m [32mmodels_manager[0m [32mmapd[0m [32mmapd_manager[0m
[32mlogmessaged[0m [32mtimed[0m [32mui[0m [32mdeleter[0m [32mpandad[0m [32mhardwared[0m [32mtombstoned[0m [31mupdated[0m [32muploader[0m [32mstatsd[0m [32mmodels_manager[0m [32mmapd[0m [32mmapd_manager[0m
[32mlogmessaged[0m [32mtimed[0m [32mui[0m [32mdeleter[0m [32mpandad[0m [32mhardwared[0m [32mtombstoned[0m [31mupdated[0m [32muploader[0m [32mstatsd[0m [32mmodels_manager[0m [32mmapd[0m [32mmapd_manager[0m
[32mlogmessaged[0m [32mtimed[0m [32mui[0m [32mdeleter[0m [32mpandad[0m [32mhardwared[0m [32mtombstoned[0m [31mupdated[0m [32muploader[0m [32mstatsd[0m [32mmodels_manager[0m [32mmapd[0m [32mmapd_manager[0m
[32mlogmessaged[0m [32mtimed[0m [32mui[0m [32mdeleter[0m [32mpandad[0m [32mhardwared[0m [32mtombstoned[0m [31mupdated[0m [32muploader[0m [32mstatsd[0m [32mmodels_manager[0m [32mmapd[0m [32mmapd_manager[0m
[32mlogmessaged[0m [32mtimed[0m [32mui[0m [32mdeleter[0m [32mpandad[0m [32mhardwared[0m [32mtombstoned[0m [31mupdated[0m [32muploader[0m [32mstatsd[0m [32mmodels_manager[0m [32mmapd[0m [32mmapd_manager[0m
[32mlogmessaged[0m [32mtimed[0m [32mui[0m [32mdeleter[0m [32mpandad[0m [32mhardwared[0m [32mtombstoned[0m [31mupdated[0m [32muploader[0m [32mstatsd[0m [32mmodels_manager[0m [32mmapd[0m [32mmapd_manager[0m
[32mlogmessaged[0m [32mtimed[0m [32mui[0m [32mdeleter[0m [32mpandad[0m [32mhardwared[0m [32mtombstoned[0m [31mupdated[0m [32muploader[0m [32mstatsd[0m [32mmodels_manager[0m [32mmapd[0m [32mmapd_manager[0m
stats dir full
system/camerad/cameras/spectra.cc: VIDIOC_CAM_CONTROL error: op_code 266 - errno 19
Getting VIN & FW versions
Getting VIN & FW versions
Setting OBD multiplexing to True
waiting for modem to come up
system/camerad/cameras/spectra.cc: clearing and requeuing camera 0 from 1
system/camerad/cameras/spectra.cc: VIDIOC_CAM_CONTROL error: op_code 266 - errno 19
OBD multiplexing set successfully
try_setup_logs failed, trying again
Traceback (most recent call last):
  File "/data/openpilot/openpilot/common/retry.py", line 13, in wrapper
    return func(*args, **kwargs)
           ^^^^^^^^^^^^^^^^^^^^^
  File "/data/openpilot/system/qcomgpsd/qcomgpsd.py", line 91, in try_setup_logs
    return setup_logs(diag, logs)
           ^^^^^^^^^^^^^^^^^^^^^^
  File "/data/openpilot/openpilot/system/qcomgpsd/modemdiag.py", line 86, in setup_logs
    opcode, payload = send_recv(diag, DIAG_LOG_CONFIG_F, pack('<3xIII',
                      ^^^^^^^^^^^^^^^^^^^^^^^^^^^^^^^^^^^^^^^^^^^^^^^^^
  File "/data/openpilot/openpilot/system/qcomgpsd/modemdiag.py", line 65, in send_recv
    opcode, payload = diag.recv()
                      ^^^^^^^^^^^
  File "/data/openpilot/openpilot/system/qcomgpsd/modemdiag.py", line 48, in recv
    unframed_message = self.hdlc_decapsulate(raw_payload)
                       ^^^^^^^^^^^^^^^^^^^^^^^^^^^^^^^^^^
  File "/data/openpilot/openpilot/system/qcomgpsd/modemdiag.py", line 35, in hdlc_decapsulate
    assert payload[-2:] == pack('<H', ModemDiag.ccitt_crc16(payload[:-2]))
           ^^^^^^^^^^^^^^^^^^^^^^^^^^^^^^^^^^^^^^^^^^^^^^^^^^^^^^^^^^^^^^^
AssertionError
system/camerad/cameras/spectra.cc: clearing and requeuing camera 1 from 1
system/camerad/cameras/spectra.cc: VIDIOC_CAM_CONTROL error: op_code 266 - errno 19
crash
Traceback (most recent call last):
  File "/data/openpilot/openpilot/system/manager/process.py", line 40, in launcher
    mod.main()
  File "/data/openpilot/sunnypilot/selfdrive/controls/mtsc/mtscd.py", line 424, in main
    config_realtime_process(5)
TypeError: config_realtime_process() missing 1 required positional argument: 'priority'
logged crash to ['/data/community/crashes/2025-08-31--02-24-41.log', '/data/community/crashes/error.log']
RTI cycle took 0.084s
RTI cycle took 0.101s
system/loggerd/loggerd.cc: logging to /data/media/0/realdata/00000061--d27ed2af4c--0
RTI cycle took 0.101s
system/camerad/cameras/spectra.cc: clearing and requeuing camera 2 from 1
Starting listener for: camerad
system/loggerd/encoderd.cc: encoder road_cam_encoder init 1928x1208
RTI cycle took 0.102s
system/loggerd/encoderd.cc: encoder driver_cam_encoder init 1928x1208
system/loggerd/encoderd.cc: encoder wide_road_cam_encoder init 1928x1208
models loaded, dmonitoringmodeld starting
connecting to driver stream
connected with buffer size: 4804608
RTI cycle took 0.102s
system/camerad/cameras/spectra.cc: camera 0 synced on frame_id_offset 5 timestamp 8361118097191
system/camerad/cameras/spectra.cc: camera 1 synced on frame_id_offset 5 timestamp 8361118106514
system/camerad/cameras/spectra.cc: camera 2 synced on frame_id_offset 5 timestamp 8361118066931
vin query retry (1) ...
vin query retry (1) ...
RTI cycle took 0.104s
RTI cycle took 0.103s
RTI cycle took 0.101s
Process mtscd:
Traceback (most recent call last):
  File "/usr/lib/python3.12/multiprocessing/process.py", line 314, in _bootstrap
    self.run()
  File "/usr/lib/python3.12/multiprocessing/process.py", line 108, in run
    self._target(*self._args, **self._kwargs)
  File "/data/openpilot/openpilot/system/manager/process.py", line 40, in launcher
    mod.main()
  File "/data/openpilot/sunnypilot/selfdrive/controls/mtsc/mtscd.py", line 424, in main
    config_realtime_process(5)
TypeError: config_realtime_process() missing 1 required positional argument: 'priority'
RTI cycle took 0.101s
RTI cycle took 0.101s
RTI cycle took 0.075s
RTI cycle took 0.102s
RTI cycle took 0.105s
RTI cycle took 0.101s
vin query retry (2) ...
vin query retry (2) ...
RTI cycle took 0.101s
RTI cycle took 0.101s
RTI cycle took 0.101s
Setting OBD multiplexing to False
RTI cycle took 0.101s
OBD multiplexing set successfully
RTI cycle took 0.102s
Setting OBD multiplexing to True
RTI cycle took 0.101s
RTI cycle took 0.074s
OBD multiplexing set successfully
RTI cycle took 0.101s
RTI cycle took 0.102s
Setting OBD multiplexing to False
RTI cycle took 0.101s
OBD multiplexing set successfully
iso-tp query bad response: (1969, None) - 0x7f2231
iso-tp query bad response: (1969, None) - 0x7f2231
RTI cycle took 0.101s
modeld init
setting up CL context
RTI cycle took 0.101s
CL context ready; loading model
RTI cycle took 0.104s
iso-tp query bad response: (2000, None) - 0x7f2231
iso-tp query bad response: (2000, None) - 0x7f2231
RTI cycle took 0.101s
iso-tp query bad response: (1971, None) - 0x7f2212
iso-tp query bad response: (1971, None) - 0x7f2212
iso-tp query bad response: (1975, None) - 0x7f2231
iso-tp query bad response: (1975, None) - 0x7f2231
iso-tp query bad response: (1990, None) - 0x7f2222
iso-tp query bad response: (1990, None) - 0x7f2222
iso-tp query bad response: (2000, None) - 0x7f2231
iso-tp query bad response: (2000, None) - 0x7f2231
iso-tp query bad response: (1840, None) - 0x7f2231
iso-tp query bad response: (1840, None) - 0x7f2231
iso-tp query bad response: (1988, None) - 0x7f2231
iso-tp query bad response: (1988, None) - 0x7f2231
RTI cycle took 0.102s
VIN 00000000000000000
VIN 00000000000000000
RTI cycle took 0.101s
RTI cycle took 0.076s
RTI cycle took 0.101s
RTI cycle took 0.101s
RTI cycle took 0.102s
RTI cycle took 0.101s
RTI cycle took 0.102s
RTI cycle took 0.102s
RTI cycle took 0.101s
RTI cycle took 0.101s
{'event': 'fingerprinted', 'car_fingerprint': 'KIA_EV6', 'source': 1, 'fuzzy': False, 'cached': False, 'fw_count': 9, 'ecu_responses': [(1983, None, 1), (1977, None, 1), (1996, None, 1), (2008, None, 1), (2008, None, 0), (1979, None, 1), (1848, None, 1), (1998, None, 1)], 'vin_rx_addr': -1, 'vin_rx_bus': -1, 'fingerprints': '{0: {81: 32, 576: 16, 593: 16, 528: 32, 529: 32, 530: 32, 531: 32, 532: 32, 533: 32, 534: 32, 535: 32, 536: 32, 537: 32, 538: 32, 539: 32, 540: 32, 541: 32, 542: 32, 543: 32, 513: 32, 624: 32, 514: 32, 577: 24, 578: 24, 80: 16, 384: 32, 385: 32, 386: 32, 387: 32, 388: 32, 389: 8, 579: 24, 648: 32, 580: 24, 515: 32, 581: 24, 633: 24, 582: 24, 634: 24, 583: 24, 635: 24, 584: 24, 636: 24, 585: 24, 637: 24, 586: 24, 638: 24, 587: 24, 639: 24, 588: 24, 640: 24, 589: 24, 641: 24, 590: 24, 642: 24, 591: 24, 643: 24, 625: 32, 644: 24, 626: 32, 645: 24, 627: 32, 646: 24, 628: 32, 647: 24, 629: 32, 649: 32, 630: 32, 650: 32, 631: 32, 651: 32, 632: 8, 652: 32, 653: 32, 352: 16, 438: 32, 439: 32, 440: 32, 441: 32, 507: 32, 654: 32, 655: 32, 672: 8, 699: 32, 700: 32, 701: 32, 702: 32, 674: 32, 675: 32, 676: 24}, 1: {463: 8, 266: 32, 293: 16, 298: 16, 352: 16, 234: 24, 416: 32, 304: 16, 74: 32, 111: 8, 96: 32, 101: 32, 160: 24, 410: 32, 53: 32, 282: 16, 346: 8, 245: 32, 544: 16, 682: 32, 693: 32, 288: 32, 442: 24, 464: 16, 485: 16, 736: 32, 874: 16, 725: 32, 592: 24, 426: 16, 384: 8, 389: 8, 357: 24, 325: 32, 362: 32, 368: 16, 432: 32, 597: 32, 437: 32, 698: 32, 741: 32, 933: 8, 949: 32, 496: 16, 373: 24, 139: 8, 1187: 8, 1096: 8, 666: 8, 936: 8, 937: 8, 940: 8, 941: 8, 1024: 8, 1033: 8, 1142: 8, 1143: 8, 480: 16, 490: 32, 512: 8, 522: 16, 879: 8, 895: 8, 549: 16, 767: 8, 789: 16, 906: 16, 1138: 8, 1139: 8, 1140: 8, 144: 32, 688: 32, 896: 8, 898: 8, 899: 8, 900: 8, 944: 8, 945: 8, 946: 8, 948: 8, 1063: 8, 1065: 8, 1066: 8, 517: 24, 901: 8, 778: 32, 826: 32, 506: 32, 565: 32, 501: 32, 602: 32, 762: 32, 805: 32, 816: 32, 864: 32, 928: 16, 1204: 8, 1240: 8, 1245: 8, 1247: 8, 1259: 8, 992: 8, 993: 8, 994: 8, 997: 8, 998: 8, 1050: 8, 1051: 8, 1052: 8, 1058: 8, 1061: 8, 1074: 8, 1077: 8, 1090: 8, 1092: 8, 1093: 8, 1108: 8, 704: 32, 938: 8, 1025: 8, 1099: 8, 934: 8, 837: 8, 703: 8, 1029: 8, 1151: 8, 1040: 8, 1041: 8, 1042: 8, 1043: 8, 1044: 8, 1046: 8, 1047: 8, 1049: 8, 961: 8, 962: 8, 923: 8, 1048: 8, 1013: 32, 794: 32, 842: 32, 1008: 32, 1264: 8, 1266: 8, 1267: 8, 1278: 8, 474: 32, 1055: 8, 1167: 8, 970: 16}, 2: {81: 32, 576: 16, 593: 16, 528: 32, 529: 32, 530: 32, 531: 32, 532: 32, 533: 32, 534: 32, 535: 32, 536: 32, 537: 32, 538: 32, 539: 32, 540: 32, 541: 32, 542: 32, 543: 32, 513: 32, 624: 32, 514: 32, 577: 24, 578: 24, 80: 16, 384: 32, 385: 32, 386: 32, 387: 32, 388: 32, 389: 8, 579: 24, 648: 32, 580: 24, 515: 32, 581: 24, 633: 24, 582: 24, 634: 24, 583: 24, 635: 24, 584: 24, 636: 24, 585: 24, 637: 24, 586: 24, 638: 24, 587: 24, 639: 24, 588: 24, 640: 24, 589: 24, 641: 24, 590: 24, 642: 24, 591: 24, 643: 24, 625: 32, 644: 24, 626: 32, 645: 24, 627: 32, 646: 24, 628: 32, 647: 24, 629: 32, 649: 32, 630: 32, 650: 32, 631: 32, 651: 32, 632: 8, 652: 32, 653: 32, 352: 16, 438: 32, 439: 32, 440: 32, 441: 32, 507: 32, 654: 32, 655: 32, 672: 8, 699: 32, 700: 32, 701: 32, 702: 32, 674: 32, 675: 32, 676: 24}, 3: {}, 4: {}, 5: {}, 6: {}, 7: {}}', 'fw_query_time': 3.463386706000165}
{'event': 'fingerprinted', 'car_fingerprint': 'KIA_EV6', 'source': 1, 'fuzzy': False, 'cached': False, 'fw_count': 9, 'ecu_responses': [(1983, None, 1), (1977, None, 1), (1996, None, 1), (2008, None, 1), (2008, None, 0), (1979, None, 1), (1848, None, 1), (1998, None, 1)], 'vin_rx_addr': -1, 'vin_rx_bus': -1, 'fingerprints': '{0: {81: 32, 576: 16, 593: 16, 528: 32, 529: 32, 530: 32, 531: 32, 532: 32, 533: 32, 534: 32, 535: 32, 536: 32, 537: 32, 538: 32, 539: 32, 540: 32, 541: 32, 542: 32, 543: 32, 513: 32, 624: 32, 514: 32, 577: 24, 578: 24, 80: 16, 384: 32, 385: 32, 386: 32, 387: 32, 388: 32, 389: 8, 579: 24, 648: 32, 580: 24, 515: 32, 581: 24, 633: 24, 582: 24, 634: 24, 583: 24, 635: 24, 584: 24, 636: 24, 585: 24, 637: 24, 586: 24, 638: 24, 587: 24, 639: 24, 588: 24, 640: 24, 589: 24, 641: 24, 590: 24, 642: 24, 591: 24, 643: 24, 625: 32, 644: 24, 626: 32, 645: 24, 627: 32, 646: 24, 628: 32, 647: 24, 629: 32, 649: 32, 630: 32, 650: 32, 631: 32, 651: 32, 632: 8, 652: 32, 653: 32, 352: 16, 438: 32, 439: 32, 440: 32, 441: 32, 507: 32, 654: 32, 655: 32, 672: 8, 699: 32, 700: 32, 701: 32, 702: 32, 674: 32, 675: 32, 676: 24}, 1: {463: 8, 266: 32, 293: 16, 298: 16, 352: 16, 234: 24, 416: 32, 304: 16, 74: 32, 111: 8, 96: 32, 101: 32, 160: 24, 410: 32, 53: 32, 282: 16, 346: 8, 245: 32, 544: 16, 682: 32, 693: 32, 288: 32, 442: 24, 464: 16, 485: 16, 736: 32, 874: 16, 725: 32, 592: 24, 426: 16, 384: 8, 389: 8, 357: 24, 325: 32, 362: 32, 368: 16, 432: 32, 597: 32, 437: 32, 698: 32, 741: 32, 933: 8, 949: 32, 496: 16, 373: 24, 139: 8, 1187: 8, 1096: 8, 666: 8, 936: 8, 937: 8, 940: 8, 941: 8, 1024: 8, 1033: 8, 1142: 8, 1143: 8, 480: 16, 490: 32, 512: 8, 522: 16, 879: 8, 895: 8, 549: 16, 767: 8, 789: 16, 906: 16, 1138: 8, 1139: 8, 1140: 8, 144: 32, 688: 32, 896: 8, 898: 8, 899: 8, 900: 8, 944: 8, 945: 8, 946: 8, 948: 8, 1063: 8, 1065: 8, 1066: 8, 517: 24, 901: 8, 778: 32, 826: 32, 506: 32, 565: 32, 501: 32, 602: 32, 762: 32, 805: 32, 816: 32, 864: 32, 928: 16, 1204: 8, 1240: 8, 1245: 8, 1247: 8, 1259: 8, 992: 8, 993: 8, 994: 8, 997: 8, 998: 8, 1050: 8, 1051: 8, 1052: 8, 1058: 8, 1061: 8, 1074: 8, 1077: 8, 1090: 8, 1092: 8, 1093: 8, 1108: 8, 704: 32, 938: 8, 1025: 8, 1099: 8, 934: 8, 837: 8, 703: 8, 1029: 8, 1151: 8, 1040: 8, 1041: 8, 1042: 8, 1043: 8, 1044: 8, 1046: 8, 1047: 8, 1049: 8, 961: 8, 962: 8, 923: 8, 1048: 8, 1013: 32, 794: 32, 842: 32, 1008: 32, 1264: 8, 1266: 8, 1267: 8, 1278: 8, 474: 32, 1055: 8, 1167: 8, 970: 16}, 2: {81: 32, 576: 16, 593: 16, 528: 32, 529: 32, 530: 32, 531: 32, 532: 32, 533: 32, 534: 32, 535: 32, 536: 32, 537: 32, 538: 32, 539: 32, 540: 32, 541: 32, 542: 32, 543: 32, 513: 32, 624: 32, 514: 32, 577: 24, 578: 24, 80: 16, 384: 32, 385: 32, 386: 32, 387: 32, 388: 32, 389: 8, 579: 24, 648: 32, 580: 24, 515: 32, 581: 24, 633: 24, 582: 24, 634: 24, 583: 24, 635: 24, 584: 24, 636: 24, 585: 24, 637: 24, 586: 24, 638: 24, 587: 24, 639: 24, 588: 24, 640: 24, 589: 24, 641: 24, 590: 24, 642: 24, 591: 24, 643: 24, 625: 32, 644: 24, 626: 32, 645: 24, 627: 32, 646: 24, 628: 32, 647: 24, 629: 32, 649: 32, 630: 32, 650: 32, 631: 32, 651: 32, 632: 8, 652: 32, 653: 32, 352: 16, 438: 32, 439: 32, 440: 32, 441: 32, 507: 32, 654: 32, 655: 32, 672: 8, 699: 32, 700: 32, 701: 32, 702: 32, 674: 32, 675: 32, 676: 24}, 3: {}, 4: {}, 5: {}, 6: {}, 7: {}}', 'fw_query_time': 3.463386706000165}
RTI cycle took 0.101s
models loaded, modeld starting
vision stream set up, main_wide_camera: False, use_extra_client: True
connected main cam with buffer size: 4804608 (1928 x 1208)
connected extra cam with buffer size: 4804608 (1928 x 1208)
selfdrive/pandad/panda_safety.cc: Finished FW query, Waiting for params to set safety model
RTI cycle took 0.083s
skipping model eval. Dropped 70 frames
RTI cycle took 0.102s
RTI cycle took 0.102s
RTI cycle took 0.104s
quectel setup done
RTI cycle took 0.102s
skipping model eval. Dropped 7 frames
RTI cycle took 0.101s
RTI cycle took 0.102s
RTI cycle took 0.102s
RTI cycle took 0.057s
RTI cycle took 0.014s
[32mloggerd[0m [32mencoderd[0m [32mlogmessaged[0m [32mcamerad[0m [32mlogcatd[0m [32mproclogd[0m [32mmicd[0m [32mtimed[0m [32mdmonitoringmodeld[0m [32msensord[0m [32mui[0m [32msoundd[0m [32mlocationd[0m [32mcalibrationd[0m [32mtorqued[0m [32mcontrolsd[0m [32mselfdrived[0m [32mcard[0m [32mdeleter[0m [32mdmonitoringd[0m [32mqcomgpsd[0m [32mpandad[0m [32mparamsd[0m [32mlagd[0m [32mplannerd[0m [32mradard[0m [32mhardwared[0m [32mtombstoned[0m [32muploader[0m [32mstatsd[0m [32mfeedbackd[0m [31mmodels_manager[0m [32mmodeld_tinygrad[0m [32mmapd[0m [32mmapd_manager[0m [32mmtscd[0m [32mrtid[0m
[32mloggerd[0m [32mencoderd[0m [32mlogmessaged[0m [32mcamerad[0m [32mlogcatd[0m [32mproclogd[0m [32mmicd[0m [32mtimed[0m [32mdmonitoringmodeld[0m [32msensord[0m [32mui[0m [32msoundd[0m [32mlocationd[0m [32mcalibrationd[0m [32mtorqued[0m [32mcontrolsd[0m [32mselfdrived[0m [32mcard[0m [32mdeleter[0m [32mdmonitoringd[0m [32mqcomgpsd[0m [32mpandad[0m [32mparamsd[0m [32mlagd[0m [32mplannerd[0m [32mradard[0m [32mhardwared[0m [32mtombstoned[0m [32muploader[0m [32mstatsd[0m [32mfeedbackd[0m [32mmodeld_tinygrad[0m [32mmapd[0m [32mmapd_manager[0m [32mmtscd[0m [32mrtid[0m
[32mloggerd[0m [32mencoderd[0m [32mlogmessaged[0m [32mcamerad[0m [32mlogcatd[0m [32mproclogd[0m [32mmicd[0m [32mtimed[0m [32mdmonitoringmodeld[0m [32msensord[0m [32mui[0m [32msoundd[0m [32mlocationd[0m [32mcalibrationd[0m [32mtorqued[0m [32mcontrolsd[0m [32mselfdrived[0m [32mcard[0m [32mdeleter[0m [32mdmonitoringd[0m [32mqcomgpsd[0m [32mpandad[0m [32mparamsd[0m [32mlagd[0m [32mplannerd[0m [32mradard[0m [32mhardwared[0m [32mtombstoned[0m [32muploader[0m [32mstatsd[0m [32mfeedbackd[0m [32mmodeld_tinygrad[0m [32mmapd[0m [32mmapd_manager[0m [32mmtscd[0m [32mrtid[0m
[32mloggerd[0m [32mencoderd[0m [32mlogmessaged[0m [32mcamerad[0m [32mlogcatd[0m [32mproclogd[0m [32mmicd[0m [32mtimed[0m [32mdmonitoringmodeld[0m [32msensord[0m [32mui[0m [32msoundd[0m [32mlocationd[0m [32mcalibrationd[0m [32mtorqued[0m [32mcontrolsd[0m [32mselfdrived[0m [32mcard[0m [32mdeleter[0m [32mdmonitoringd[0m [32mqcomgpsd[0m [32mpandad[0m [32mparamsd[0m [32mlagd[0m [32mplannerd[0m [32mradard[0m [32mhardwared[0m [32mtombstoned[0m [32muploader[0m [32mstatsd[0m [32mfeedbackd[0m [32mmodeld_tinygrad[0m [32mmapd[0m [32mmapd_manager[0m [32mmtscd[0m [32mrtid[0m
[32mloggerd[0m [32mencoderd[0m [32mlogmessaged[0m [32mcamerad[0m [32mlogcatd[0m [32mproclogd[0m [32mmicd[0m [32mtimed[0m [32mdmonitoringmodeld[0m [32msensord[0m [32mui[0m [32msoundd[0m [32mlocationd[0m [32mcalibrationd[0m [32mtorqued[0m [32mcontrolsd[0m [32mselfdrived[0m [32mcard[0m [32mdeleter[0m [32mdmonitoringd[0m [32mqcomgpsd[0m [32mpandad[0m [32mparamsd[0m [32mlagd[0m [32mplannerd[0m [32mradard[0m [32mhardwared[0m [32mtombstoned[0m [32muploader[0m [32mstatsd[0m [32mfeedbackd[0m [32mmodeld_tinygrad[0m [32mmapd[0m [32mmapd_manager[0m [31mmtscd[0m [32mrtid[0m
[32mloggerd[0m [32mencoderd[0m [32mlogmessaged[0m [32mcamerad[0m [32mlogcatd[0m [32mproclogd[0m [32mmicd[0m [32mtimed[0m [32mdmonitoringmodeld[0m [32msensord[0m [32mui[0m [32msoundd[0m [32mlocationd[0m [32mcalibrationd[0m [32mtorqued[0m [32mcontrolsd[0m [32mselfdrived[0m [32mcard[0m [32mdeleter[0m [32mdmonitoringd[0m [32mqcomgpsd[0m [32mpandad[0m [32mparamsd[0m [32mlagd[0m [32mplannerd[0m [32mradard[0m [32mhardwared[0m [32mtombstoned[0m [32muploader[0m [32mstatsd[0m [32mfeedbackd[0m [32mmodeld_tinygrad[0m [32mmapd[0m [32mmapd_manager[0m [31mmtscd[0m [32mrtid[0m
[32mloggerd[0m [32mencoderd[0m [32mlogmessaged[0m [32mcamerad[0m [32mlogcatd[0m [32mproclogd[0m [32mmicd[0m [32mtimed[0m [32mdmonitoringmodeld[0m [32msensord[0m [32mui[0m [32msoundd[0m [32mlocationd[0m [32mcalibrationd[0m [32mtorqued[0m [32mcontrolsd[0m [32mselfdrived[0m [32mcard[0m [32mdeleter[0m [32mdmonitoringd[0m [32mqcomgpsd[0m [32mpandad[0m [32mparamsd[0m [32mlagd[0m [32mplannerd[0m [32mradard[0m [32mhardwared[0m [32mtombstoned[0m [32muploader[0m [32mstatsd[0m [32mfeedbackd[0m [32mmodeld_tinygrad[0m [32mmapd[0m [32mmapd_manager[0m [31mmtscd[0m [32mrtid[0m
[32mloggerd[0m [32mencoderd[0m [32mlogmessaged[0m [32mcamerad[0m [32mlogcatd[0m [32mproclogd[0m [32mmicd[0m [32mtimed[0m [32mdmonitoringmodeld[0m [32msensord[0m [32mui[0m [32msoundd[0m [32mlocationd[0m [32mcalibrationd[0m [32mtorqued[0m [32mcontrolsd[0m [32mselfdrived[0m [32mcard[0m [32mdeleter[0m [32mdmonitoringd[0m [32mqcomgpsd[0m [32mpandad[0m [32mparamsd[0m [32mlagd[0m [32mplannerd[0m [32mradard[0m [32mhardwared[0m [32mtombstoned[0m [32muploader[0m [32mstatsd[0m [32mfeedbackd[0m [32mmodeld_tinygrad[0m [32mmapd[0m [32mmapd_manager[0m [31mmtscd[0m [32mrtid[0m
[32mloggerd[0m [32mencoderd[0m [32mlogmessaged[0m [32mcamerad[0m [32mlogcatd[0m [32mproclogd[0m [32mmicd[0m [32mtimed[0m [32mdmonitoringmodeld[0m [32msensord[0m [32mui[0m [32msoundd[0m [32mlocationd[0m [32mcalibrationd[0m [32mtorqued[0m [32mcontrolsd[0m [32mselfdrived[0m [32mcard[0m [32mdeleter[0m [32mdmonitoringd[0m [32mqcomgpsd[0m [32mpandad[0m [32mparamsd[0m [32mlagd[0m [32mplannerd[0m [32mradard[0m [32mhardwared[0m [32mtombstoned[0m [32muploader[0m [32mstatsd[0m [32mfeedbackd[0m [32mmodeld_tinygrad[0m [32mmapd[0m [32mmapd_manager[0m [31mmtscd[0m [32mrtid[0m
[32mloggerd[0m [32mencoderd[0m [32mlogmessaged[0m [32mcamerad[0m [32mlogcatd[0m [32mproclogd[0m [32mmicd[0m [32mtimed[0m [32mdmonitoringmodeld[0m [32msensord[0m [32mui[0m [32msoundd[0m [32mlocationd[0m [32mcalibrationd[0m [32mtorqued[0m [32mcontrolsd[0m [32mselfdrived[0m [32mcard[0m [32mdeleter[0m [32mdmonitoringd[0m [32mqcomgpsd[0m [32mpandad[0m [32mparamsd[0m [32mlagd[0m [32mplannerd[0m [32mradard[0m [32mhardwared[0m [32mtombstoned[0m [32muploader[0m [32mstatsd[0m [32mfeedbackd[0m [32mmodeld_tinygrad[0m [32mmapd[0m [32mmapd_manager[0m [31mmtscd[0m [32mrtid[0m
[32mloggerd[0m [32mencoderd[0m [32mlogmessaged[0m [32mcamerad[0m [32mlogcatd[0m [32mproclogd[0m [32mmicd[0m [32mtimed[0m [32mdmonitoringmodeld[0m [32msensord[0m [32mui[0m [32msoundd[0m [32mlocationd[0m [32mcalibrationd[0m [32mtorqued[0m [32mcontrolsd[0m [32mselfdrived[0m [32mcard[0m [32mdeleter[0m [32mdmonitoringd[0m [32mqcomgpsd[0m [32mpandad[0m [32mparamsd[0m [32mlagd[0m [32mplannerd[0m [32mradard[0m [32mhardwared[0m [32mtombstoned[0m [32muploader[0m [32mstatsd[0m [32mfeedbackd[0m [32mmodeld_tinygrad[0m [32mmapd[0m [32mmapd_manager[0m [31mmtscd[0m [32mrtid[0m
[32mloggerd[0m [32mencoderd[0m [32mlogmessaged[0m [32mcamerad[0m [32mlogcatd[0m [32mproclogd[0m [32mmicd[0m [32mtimed[0m [32mdmonitoringmodeld[0m [32msensord[0m [32mui[0m [32msoundd[0m [32mlocationd[0m [32mcalibrationd[0m [32mtorqued[0m [32mcontrolsd[0m [32mselfdrived[0m [32mcard[0m [32mdeleter[0m [32mdmonitoringd[0m [32mqcomgpsd[0m [32mpandad[0m [32mparamsd[0m [32mlagd[0m [32mplannerd[0m [32mradard[0m [32mhardwared[0m [32mtombstoned[0m [32muploader[0m [32mstatsd[0m [32mfeedbackd[0m [32mmodeld_tinygrad[0m [32mmapd[0m [32mmapd_manager[0m [31mmtscd[0m [32mrtid[0m
{"event": "selfdrived.initialized", "dt": 1.29, "timeout": false, "canValid": true, "invalid": ["alertDebug"], "not_alive": ["alertDebug"], "not_freq_ok": ["alertDebug", "gpsLocation"], "error": true}
{"event": "process_not_running", "not_running": "{'mtscd'}", "error": true}
ecu disable ('0x730', None) ...
ecu disable ('0x730', None) ...
communication control disable tx/rx ...
communication control disable tx/rx ...
ecu disabled
ecu disabled
selfdrive/pandad/panda_safety.cc: got 1440 bytes CarParams
selfdrive/pandad/panda_safety.cc: got 168 bytes CarParamsSP
selfdrive/pandad/panda_safety.cc: Panda 0: setting safety model: 28, param: 21, alternative experience: 1024, param_sp: 2
RTI cycle took 2.477s
RTI cycle took 0.020s
RTI cycle took 0.020s
RTI cycle took 0.028s
RTI cycle took 0.032s
RTI cycle took 0.033s
RTI cycle took 0.058s
RTI cycle took 0.046s
RTI cycle took 0.028s
RTI cycle took 0.037s
RTI cycle took 0.023s
RTI cycle took 0.067s
RTI cycle took 0.021s
RTI cycle took 0.017s
RTI cycle took 0.191s
RTI cycle took 0.058s
RTI cycle took 0.050s
RTI cycle took 0.038s
RTI cycle took 0.041s
RTI cycle took 0.049s
RTI cycle took 0.080s
RTI cycle took 0.019s
RTI cycle took 0.030s
system/loggerd/loggerd.cc: closing logger
stats dir full
child selfdrive.locationd.calibrationd got SIGINT
caught sig disabling quectel gps
child selfdrive.car.card got SIGINT
child selfdrive.locationd.locationd got SIGINT
child selfdrive.locationd.torqued got SIGINT
Waiting for CAN messages...
child selfdrive.modeld.dmonitoringmodeld got SIGINT
child selfdrive.monitoring.dmonitoringd got SIGINT
child selfdrive.controls.controlsd got SIGINT
child selfdrive.selfdrived.selfdrived got SIGINT
child selfdrive.controls.radard got SIGINT
child selfdrive.controls.plannerd got SIGINT
child selfdrive.locationd.paramsd got SIGINT
child selfdrive.locationd.lagd got SIGINT
RTI cycle took 0.125s
child selfdrive.ui.feedback.feedbackd got SIGINT
[32mloggerd[0m [32mencoderd[0m [32mlogmessaged[0m [32mcamerad[0m [32mlogcatd[0m [32mproclogd[0m [32mmicd[0m [32mtimed[0m [32mdmonitoringmodeld[0m [32msensord[0m [32mui[0m [32msoundd[0m [32mlocationd[0m [32mcalibrationd[0m [32mtorqued[0m [32mcontrolsd[0m [32mselfdrived[0m [32mcard[0m [32mdeleter[0m [32mdmonitoringd[0m [32mqcomgpsd[0m [32mpandad[0m [32mparamsd[0m [32mlagd[0m [32mplannerd[0m [32mradard[0m [32mhardwared[0m [32mtombstoned[0m [32muploader[0m [32mstatsd[0m [32mfeedbackd[0m [32mmodeld_tinygrad[0m [32mmapd[0m [32mmapd_manager[0m [31mmtscd[0m [32mrtid[0m
[32mloggerd[0m [32mencoderd[0m [32mlogmessaged[0m [32mcamerad[0m [32mlogcatd[0m [32mproclogd[0m [32mmicd[0m [32mtimed[0m [32mdmonitoringmodeld[0m [32msensord[0m [32mui[0m [32msoundd[0m [32mlocationd[0m [32mcalibrationd[0m [32mtorqued[0m [32mcontrolsd[0m [32mselfdrived[0m [32mcard[0m [32mdeleter[0m [32mdmonitoringd[0m [32mqcomgpsd[0m [32mpandad[0m [32mparamsd[0m [32mlagd[0m [32mplannerd[0m [32mradard[0m [32mhardwared[0m [32mtombstoned[0m [32muploader[0m [32mstatsd[0m [32mfeedbackd[0m [32mmodeld_tinygrad[0m [32mmapd[0m [32mmapd_manager[0m [31mmtscd[0m [32mrtid[0m
[32mloggerd[0m [32mencoderd[0m [32mlogmessaged[0m [32mcamerad[0m [32mlogcatd[0m [32mproclogd[0m [32mmicd[0m [32mtimed[0m [32mdmonitoringmodeld[0m [32msensord[0m [32mui[0m [32msoundd[0m [32mlocationd[0m [32mcalibrationd[0m [32mtorqued[0m [32mcontrolsd[0m [32mselfdrived[0m [32mcard[0m [32mdeleter[0m [32mdmonitoringd[0m [32mqcomgpsd[0m [32mpandad[0m [32mparamsd[0m [32mlagd[0m [32mplannerd[0m [32mradard[0m [32mhardwared[0m [32mtombstoned[0m [32muploader[0m [32mstatsd[0m [32mfeedbackd[0m [32mmodeld_tinygrad[0m [32mmapd[0m [32mmapd_manager[0m [31mmtscd[0m [32mrtid[0m
[32mloggerd[0m [32mencoderd[0m [32mlogmessaged[0m [32mcamerad[0m [32mlogcatd[0m [32mproclogd[0m [32mmicd[0m [32mtimed[0m [32mdmonitoringmodeld[0m [32msensord[0m [32mui[0m [32msoundd[0m [32mlocationd[0m [32mcalibrationd[0m [32mtorqued[0m [32mcontrolsd[0m [32mselfdrived[0m [32mcard[0m [32mdeleter[0m [32mdmonitoringd[0m [32mqcomgpsd[0m [32mpandad[0m [32mparamsd[0m [32mlagd[0m [32mplannerd[0m [32mradard[0m [32mhardwared[0m [32mtombstoned[0m [32muploader[0m [32mstatsd[0m [32mfeedbackd[0m [32mmodeld_tinygrad[0m [32mmapd[0m [32mmapd_manager[0m [31mmtscd[0m [32mrtid[0m
[32mloggerd[0m [32mencoderd[0m [32mlogmessaged[0m [32mcamerad[0m [32mlogcatd[0m [32mproclogd[0m [32mmicd[0m [32mtimed[0m [32mdmonitoringmodeld[0m [32msensord[0m [32mui[0m [32msoundd[0m [32mlocationd[0m [32mcalibrationd[0m [32mtorqued[0m [32mcontrolsd[0m [32mselfdrived[0m [32mcard[0m [32mdeleter[0m [32mdmonitoringd[0m [32mqcomgpsd[0m [32mpandad[0m [32mparamsd[0m [32mlagd[0m [32mplannerd[0m [32mradard[0m [32mhardwared[0m [32mtombstoned[0m [32muploader[0m [32mstatsd[0m [32mfeedbackd[0m [32mmodeld_tinygrad[0m [32mmapd[0m [32mmapd_manager[0m [31mmtscd[0m [32mrtid[0m
[32mloggerd[0m [32mencoderd[0m [32mlogmessaged[0m [32mcamerad[0m [32mlogcatd[0m [32mproclogd[0m [32mmicd[0m [32mtimed[0m [32mdmonitoringmodeld[0m [32msensord[0m [32mui[0m [32msoundd[0m [32mlocationd[0m [32mcalibrationd[0m [32mtorqued[0m [32mcontrolsd[0m [32mselfdrived[0m [32mcard[0m [32mdeleter[0m [32mdmonitoringd[0m [32mqcomgpsd[0m [32mpandad[0m [32mparamsd[0m [32mlagd[0m [32mplannerd[0m [32mradard[0m [32mhardwared[0m [32mtombstoned[0m [32muploader[0m [32mstatsd[0m [32mfeedbackd[0m [32mmodeld_tinygrad[0m [32mmapd[0m [32mmapd_manager[0m [31mmtscd[0m [32mrtid[0m
[32mloggerd[0m [32mencoderd[0m [32mlogmessaged[0m [32mcamerad[0m [32mlogcatd[0m [32mproclogd[0m [32mmicd[0m [32mtimed[0m [32mdmonitoringmodeld[0m [32msensord[0m [32mui[0m [32msoundd[0m [32mlocationd[0m [32mcalibrationd[0m [32mtorqued[0m [32mcontrolsd[0m [32mselfdrived[0m [32mcard[0m [32mdeleter[0m [32mdmonitoringd[0m [32mqcomgpsd[0m [32mpandad[0m [32mparamsd[0m [32mlagd[0m [32mplannerd[0m [32mradard[0m [32mhardwared[0m [32mtombstoned[0m [32muploader[0m [32mstatsd[0m [32mfeedbackd[0m [32mmodeld_tinygrad[0m [32mmapd[0m [32mmapd_manager[0m [31mmtscd[0m [32mrtid[0m
child selfdrive.ui.soundd got SIGINT
child selfdrive.modeld.modeld got SIGINT
child system.micd got SIGINT
updates are disabled by the DisableUpdates param
stats dir full
child sunnypilot.models.manager got SIGINT
[32mloggerd[0m [31mencoderd[0m [32mlogmessaged[0m [32mcamerad[0m [31mlogcatd[0m [31mproclogd[0m [32mmicd[0m [32mtimed[0m [32mdmonitoringmodeld[0m [32msensord[0m [32mui[0m [31msoundd[0m [31mlocationd[0m [31mcalibrationd[0m [31mtorqued[0m [31mcontrolsd[0m [31mselfdrived[0m [31mcard[0m [32mdeleter[0m [31mdmonitoringd[0m [32mqcomgpsd[0m [32mpandad[0m [31mparamsd[0m [31mlagd[0m [31mplannerd[0m [31mradard[0m [32mhardwared[0m [32mtombstoned[0m [32mupdated[0m [32muploader[0m [32mstatsd[0m [31mfeedbackd[0m [32mmodels_manager[0m [32mmodeld_tinygrad[0m [32mmapd[0m [32mmapd_manager[0m [32mrtid[0m
Stopping listener for: camerad
RTI cycle took 0.609s
system/camerad/cameras/spectra.cc: VIDIOC_CAM_CONTROL error: op_code 266 - errno 19
quectel cleanup done
child sunnypilot.rtid.rtid got SIGINT
Using cached CarParams
Using cached CarParams
waiting for modem to come up
VIN 00000000000000000
VIN 00000000000000000
system/camerad/cameras/spectra.cc: clearing and requeuing camera 0 from 1
system/camerad/cameras/spectra.cc: VIDIOC_CAM_CONTROL error: op_code 266 - errno 19
system/camerad/cameras/spectra.cc: clearing and requeuing camera 1 from 1
models loaded, dmonitoringmodeld starting
connecting to driver stream
system/camerad/cameras/spectra.cc: VIDIOC_CAM_CONTROL error: op_code 266 - errno 19
system/loggerd/loggerd.cc: logging to /data/media/0/realdata/00000062--5fe8af6682--0
crash
Traceback (most recent call last):
  File "/data/openpilot/openpilot/system/manager/process.py", line 40, in launcher
    mod.main()
  File "/data/openpilot/sunnypilot/selfdrive/controls/mtsc/mtscd.py", line 424, in main
    config_realtime_process(5)
TypeError: config_realtime_process() missing 1 required positional argument: 'priority'
logged crash to ['/data/community/crashes/2025-08-31--02-24-52.log', '/data/community/crashes/error.log']
system/camerad/cameras/spectra.cc: clearing and requeuing camera 2 from 1
Starting listener for: camerad
RTI cycle took 0.101s
connected with buffer size: 4804608
system/loggerd/encoderd.cc: encoder road_cam_encoder init 1928x1208
system/loggerd/encoderd.cc: encoder driver_cam_encoder init 1928x1208
system/loggerd/encoderd.cc: encoder wide_road_cam_encoder init 1928x1208
RTI cycle took 0.102s
system/camerad/cameras/spectra.cc: camera 0 synced on frame_id_offset 5 timestamp 8371568035860
system/camerad/cameras/spectra.cc: camera 1 synced on frame_id_offset 5 timestamp 8371568074922
system/camerad/cameras/spectra.cc: camera 2 synced on frame_id_offset 5 timestamp 8371568047578
RTI cycle took 0.101s
{'event': 'fingerprinted', 'car_fingerprint': 'KIA_EV6', 'source': 1, 'fuzzy': False, 'cached': True, 'fw_count': 9, 'ecu_responses': [], 'vin_rx_addr': -1, 'vin_rx_bus': -1, 'fingerprints': '{0: {648: 32, 515: 32, 633: 24, 634: 24, 635: 24, 636: 24, 637: 24, 638: 24, 80: 16, 384: 32, 81: 32, 385: 32, 386: 32, 387: 32, 388: 32, 389: 8, 576: 16, 593: 16, 528: 32, 529: 32, 530: 32, 531: 32, 532: 32, 533: 32, 534: 32, 535: 32, 536: 32, 537: 32, 538: 32, 539: 32, 540: 32, 541: 32, 542: 32, 543: 32, 513: 32, 624: 32, 639: 24, 514: 32, 640: 24, 577: 24, 641: 24, 578: 24, 642: 24, 579: 24, 643: 24, 580: 24, 644: 24, 581: 24, 645: 24, 582: 24, 646: 24, 583: 24, 647: 24, 584: 24, 649: 32, 585: 24, 650: 32, 352: 16, 438: 32, 439: 32, 440: 32, 441: 32, 507: 32, 586: 24, 651: 32, 587: 24, 652: 32, 588: 24, 653: 32, 589: 24, 654: 32, 590: 24, 655: 32, 591: 24, 672: 8, 625: 32, 626: 32, 627: 32, 628: 32, 629: 32, 630: 32, 631: 32, 632: 8, 674: 32, 675: 32, 676: 24, 699: 32, 700: 32, 701: 32, 702: 32}, 1: {426: 16, 384: 8, 389: 8, 410: 32, 53: 32, 346: 8, 245: 32, 682: 32, 693: 32, 736: 32, 293: 16, 199: 8, 282: 16, 437: 32, 298: 16, 1049: 8, 352: 16, 416: 32, 992: 8, 234: 24, 288: 32, 993: 8, 304: 16, 994: 8, 74: 32, 997: 8, 998: 8, 266: 32, 1050: 8, 1051: 8, 111: 8, 1052: 8, 96: 32, 101: 32, 160: 24, 357: 24, 325: 32, 362: 32, 368: 16, 432: 32, 725: 32, 1058: 8, 1061: 8, 1074: 8, 1077: 8, 442: 24, 485: 16, 464: 16, 592: 24, 874: 16, 1090: 8, 938: 8, 1092: 8, 506: 32, 373: 24, 463: 8, 480: 16, 1099: 8, 490: 32, 1108: 8, 512: 8, 741: 32, 597: 32, 949: 32, 544: 16, 879: 8, 895: 8, 1029: 8, 1040: 8, 1041: 8, 1042: 8, 1043: 8, 1044: 8, 1046: 8, 1047: 8, 1187: 8, 933: 8, 1025: 8, 698: 32, 496: 16, 1048: 8, 1245: 8, 1093: 8, 144: 32, 688: 32, 896: 8, 898: 8, 899: 8, 900: 8, 934: 8, 944: 8, 945: 8, 946: 8, 1063: 8, 1065: 8, 1066: 8, 522: 16, 549: 16, 837: 8, 474: 32, 565: 32, 501: 32, 602: 32, 762: 32, 805: 32, 816: 32, 864: 32, 1055: 8, 1204: 8, 1240: 8, 1247: 8, 517: 24, 901: 8, 1259: 8, 778: 32, 826: 32, 666: 8, 704: 32, 961: 8, 962: 8, 703: 8, 1151: 8, 139: 8, 1096: 8, 936: 8, 937: 8, 940: 8, 941: 8, 1024: 8, 1033: 8, 1142: 8, 1143: 8, 767: 8, 789: 16, 906: 16, 1138: 8, 1139: 8, 1140: 8, 948: 8, 923: 8, 1013: 32, 928: 16, 794: 32, 842: 32, 1008: 32, 1264: 8, 1266: 8, 1267: 8, 970: 16, 1167: 8}, 2: {648: 32, 515: 32, 633: 24, 634: 24, 635: 24, 636: 24, 637: 24, 638: 24, 80: 16, 384: 32, 81: 32, 385: 32, 386: 32, 387: 32, 388: 32, 389: 8, 576: 16, 593: 16, 528: 32, 529: 32, 530: 32, 531: 32, 532: 32, 533: 32, 534: 32, 535: 32, 536: 32, 537: 32, 538: 32, 539: 32, 540: 32, 541: 32, 542: 32, 543: 32, 513: 32, 624: 32, 639: 24, 514: 32, 640: 24, 577: 24, 641: 24, 578: 24, 642: 24, 579: 24, 643: 24, 580: 24, 644: 24, 581: 24, 645: 24, 582: 24, 646: 24, 583: 24, 647: 24, 584: 24, 649: 32, 585: 24, 650: 32, 352: 16, 438: 32, 439: 32, 440: 32, 441: 32, 507: 32, 586: 24, 651: 32, 587: 24, 652: 32, 588: 24, 653: 32, 589: 24, 654: 32, 590: 24, 655: 32, 591: 24, 672: 8, 625: 32, 626: 32, 627: 32, 628: 32, 629: 32, 630: 32, 631: 32, 632: 8, 674: 32, 675: 32, 676: 24, 699: 32, 700: 32, 701: 32, 702: 32}, 3: {}, 4: {}, 5: {}, 6: {}, 7: {}}', 'fw_query_time': 0.012487677000535768}
{'event': 'fingerprinted', 'car_fingerprint': 'KIA_EV6', 'source': 1, 'fuzzy': False, 'cached': True, 'fw_count': 9, 'ecu_responses': [], 'vin_rx_addr': -1, 'vin_rx_bus': -1, 'fingerprints': '{0: {648: 32, 515: 32, 633: 24, 634: 24, 635: 24, 636: 24, 637: 24, 638: 24, 80: 16, 384: 32, 81: 32, 385: 32, 386: 32, 387: 32, 388: 32, 389: 8, 576: 16, 593: 16, 528: 32, 529: 32, 530: 32, 531: 32, 532: 32, 533: 32, 534: 32, 535: 32, 536: 32, 537: 32, 538: 32, 539: 32, 540: 32, 541: 32, 542: 32, 543: 32, 513: 32, 624: 32, 639: 24, 514: 32, 640: 24, 577: 24, 641: 24, 578: 24, 642: 24, 579: 24, 643: 24, 580: 24, 644: 24, 581: 24, 645: 24, 582: 24, 646: 24, 583: 24, 647: 24, 584: 24, 649: 32, 585: 24, 650: 32, 352: 16, 438: 32, 439: 32, 440: 32, 441: 32, 507: 32, 586: 24, 651: 32, 587: 24, 652: 32, 588: 24, 653: 32, 589: 24, 654: 32, 590: 24, 655: 32, 591: 24, 672: 8, 625: 32, 626: 32, 627: 32, 628: 32, 629: 32, 630: 32, 631: 32, 632: 8, 674: 32, 675: 32, 676: 24, 699: 32, 700: 32, 701: 32, 702: 32}, 1: {426: 16, 384: 8, 389: 8, 410: 32, 53: 32, 346: 8, 245: 32, 682: 32, 693: 32, 736: 32, 293: 16, 199: 8, 282: 16, 437: 32, 298: 16, 1049: 8, 352: 16, 416: 32, 992: 8, 234: 24, 288: 32, 993: 8, 304: 16, 994: 8, 74: 32, 997: 8, 998: 8, 266: 32, 1050: 8, 1051: 8, 111: 8, 1052: 8, 96: 32, 101: 32, 160: 24, 357: 24, 325: 32, 362: 32, 368: 16, 432: 32, 725: 32, 1058: 8, 1061: 8, 1074: 8, 1077: 8, 442: 24, 485: 16, 464: 16, 592: 24, 874: 16, 1090: 8, 938: 8, 1092: 8, 506: 32, 373: 24, 463: 8, 480: 16, 1099: 8, 490: 32, 1108: 8, 512: 8, 741: 32, 597: 32, 949: 32, 544: 16, 879: 8, 895: 8, 1029: 8, 1040: 8, 1041: 8, 1042: 8, 1043: 8, 1044: 8, 1046: 8, 1047: 8, 1187: 8, 933: 8, 1025: 8, 698: 32, 496: 16, 1048: 8, 1245: 8, 1093: 8, 144: 32, 688: 32, 896: 8, 898: 8, 899: 8, 900: 8, 934: 8, 944: 8, 945: 8, 946: 8, 1063: 8, 1065: 8, 1066: 8, 522: 16, 549: 16, 837: 8, 474: 32, 565: 32, 501: 32, 602: 32, 762: 32, 805: 32, 816: 32, 864: 32, 1055: 8, 1204: 8, 1240: 8, 1247: 8, 517: 24, 901: 8, 1259: 8, 778: 32, 826: 32, 666: 8, 704: 32, 961: 8, 962: 8, 703: 8, 1151: 8, 139: 8, 1096: 8, 936: 8, 937: 8, 940: 8, 941: 8, 1024: 8, 1033: 8, 1142: 8, 1143: 8, 767: 8, 789: 16, 906: 16, 1138: 8, 1139: 8, 1140: 8, 948: 8, 923: 8, 1013: 32, 928: 16, 794: 32, 842: 32, 1008: 32, 1264: 8, 1266: 8, 1267: 8, 970: 16, 1167: 8}, 2: {648: 32, 515: 32, 633: 24, 634: 24, 635: 24, 636: 24, 637: 24, 638: 24, 80: 16, 384: 32, 81: 32, 385: 32, 386: 32, 387: 32, 388: 32, 389: 8, 576: 16, 593: 16, 528: 32, 529: 32, 530: 32, 531: 32, 532: 32, 533: 32, 534: 32, 535: 32, 536: 32, 537: 32, 538: 32, 539: 32, 540: 32, 541: 32, 542: 32, 543: 32, 513: 32, 624: 32, 639: 24, 514: 32, 640: 24, 577: 24, 641: 24, 578: 24, 642: 24, 579: 24, 643: 24, 580: 24, 644: 24, 581: 24, 645: 24, 582: 24, 646: 24, 583: 24, 647: 24, 584: 24, 649: 32, 585: 24, 650: 32, 352: 16, 438: 32, 439: 32, 440: 32, 441: 32, 507: 32, 586: 24, 651: 32, 587: 24, 652: 32, 588: 24, 653: 32, 589: 24, 654: 32, 590: 24, 655: 32, 591: 24, 672: 8, 625: 32, 626: 32, 627: 32, 628: 32, 629: 32, 630: 32, 631: 32, 632: 8, 674: 32, 675: 32, 676: 24, 699: 32, 700: 32, 701: 32, 702: 32}, 3: {}, 4: {}, 5: {}, 6: {}, 7: {}}', 'fw_query_time': 0.012487677000535768}
RTI cycle took 0.054s
RTI cycle took 0.112s
selfdrive/pandad/panda_safety.cc: Finished FW query, Waiting for params to set safety model
RTI cycle took 0.103s
RTI cycle took 0.103s
RTI cycle took 0.102s
RTI cycle took 0.102s
Process mtscd:
Traceback (most recent call last):
  File "/usr/lib/python3.12/multiprocessing/process.py", line 314, in _bootstrap
    self.run()
  File "/usr/lib/python3.12/multiprocessing/process.py", line 108, in run
    self._target(*self._args, **self._kwargs)
  File "/data/openpilot/openpilot/system/manager/process.py", line 40, in launcher
    mod.main()
  File "/data/openpilot/sunnypilot/selfdrive/controls/mtsc/mtscd.py", line 424, in main
    config_realtime_process(5)
TypeError: config_realtime_process() missing 1 required positional argument: 'priority'
RTI cycle took 0.101s
RTI cycle took 0.104s
RTI cycle took 0.102s
RTI cycle took 0.057s
RTI cycle took 0.101s
RTI cycle took 0.102s
RTI cycle took 0.101s
RTI cycle took 0.101s
RTI cycle took 0.109s
RTI cycle took 0.101s
RTI cycle took 0.101s
RTI cycle took 0.102s
quectel setup done
modeld init
setting up CL context
CL context ready; loading model
models loaded, modeld starting
vision stream set up, main_wide_camera: False, use_extra_client: True
connected main cam with buffer size: 4804608 (1928 x 1208)
connected extra cam with buffer size: 4804608 (1928 x 1208)
skipping model eval. Dropped 92 frames
[32mloggerd[0m [32mencoderd[0m [32mlogmessaged[0m [32mcamerad[0m [32mlogcatd[0m [32mproclogd[0m [32mmicd[0m [32mtimed[0m [32mdmonitoringmodeld[0m [32msensord[0m [32mui[0m [32msoundd[0m [32mlocationd[0m [32mcalibrationd[0m [32mtorqued[0m [32mcontrolsd[0m [32mselfdrived[0m [32mcard[0m [32mdeleter[0m [32mdmonitoringd[0m [32mqcomgpsd[0m [32mpandad[0m [32mparamsd[0m [32mlagd[0m [32mplannerd[0m [32mradard[0m [32mhardwared[0m [32mtombstoned[0m [32muploader[0m [32mstatsd[0m [32mfeedbackd[0m [31mmodels_manager[0m [32mmodeld_tinygrad[0m [32mmapd[0m [32mmapd_manager[0m [32mmtscd[0m [32mrtid[0m
[32mloggerd[0m [32mencoderd[0m [32mlogmessaged[0m [32mcamerad[0m [32mlogcatd[0m [32mproclogd[0m [32mmicd[0m [32mtimed[0m [32mdmonitoringmodeld[0m [32msensord[0m [32mui[0m [32msoundd[0m [32mlocationd[0m [32mcalibrationd[0m [32mtorqued[0m [32mcontrolsd[0m [32mselfdrived[0m [32mcard[0m [32mdeleter[0m [32mdmonitoringd[0m [32mqcomgpsd[0m [32mpandad[0m [32mparamsd[0m [32mlagd[0m [32mplannerd[0m [32mradard[0m [32mhardwared[0m [32mtombstoned[0m [32muploader[0m [32mstatsd[0m [32mfeedbackd[0m [32mmodeld_tinygrad[0m [32mmapd[0m [32mmapd_manager[0m [32mmtscd[0m [32mrtid[0m
[32mloggerd[0m [32mencoderd[0m [32mlogmessaged[0m [32mcamerad[0m [32mlogcatd[0m [32mproclogd[0m [32mmicd[0m [32mtimed[0m [32mdmonitoringmodeld[0m [32msensord[0m [32mui[0m [32msoundd[0m [32mlocationd[0m [32mcalibrationd[0m [32mtorqued[0m [32mcontrolsd[0m [32mselfdrived[0m [32mcard[0m [32mdeleter[0m [32mdmonitoringd[0m [32mqcomgpsd[0m [32mpandad[0m [32mparamsd[0m [32mlagd[0m [32mplannerd[0m [32mradard[0m [32mhardwared[0m [32mtombstoned[0m [32muploader[0m [32mstatsd[0m [32mfeedbackd[0m [32mmodeld_tinygrad[0m [32mmapd[0m [32mmapd_manager[0m [32mmtscd[0m [32mrtid[0m
[32mloggerd[0m [32mencoderd[0m [32mlogmessaged[0m [32mcamerad[0m [32mlogcatd[0m [32mproclogd[0m [32mmicd[0m [32mtimed[0m [32mdmonitoringmodeld[0m [32msensord[0m [32mui[0m [32msoundd[0m [32mlocationd[0m [32mcalibrationd[0m [32mtorqued[0m [32mcontrolsd[0m [32mselfdrived[0m [32mcard[0m [32mdeleter[0m [32mdmonitoringd[0m [32mqcomgpsd[0m [32mpandad[0m [32mparamsd[0m [32mlagd[0m [32mplannerd[0m [32mradard[0m [32mhardwared[0m [32mtombstoned[0m [32muploader[0m [32mstatsd[0m [32mfeedbackd[0m [32mmodeld_tinygrad[0m [32mmapd[0m [32mmapd_manager[0m [32mmtscd[0m [32mrtid[0m
[32mloggerd[0m [32mencoderd[0m [32mlogmessaged[0m [32mcamerad[0m [32mlogcatd[0m [32mproclogd[0m [32mmicd[0m [32mtimed[0m [32mdmonitoringmodeld[0m [32msensord[0m [32mui[0m [32msoundd[0m [32mlocationd[0m [32mcalibrationd[0m [32mtorqued[0m [32mcontrolsd[0m [32mselfdrived[0m [32mcard[0m [32mdeleter[0m [32mdmonitoringd[0m [32mqcomgpsd[0m [32mpandad[0m [32mparamsd[0m [32mlagd[0m [32mplannerd[0m [32mradard[0m [32mhardwared[0m [32mtombstoned[0m [32muploader[0m [32mstatsd[0m [32mfeedbackd[0m [32mmodeld_tinygrad[0m [32mmapd[0m [32mmapd_manager[0m [31mmtscd[0m [32mrtid[0m
[32mloggerd[0m [32mencoderd[0m [32mlogmessaged[0m [32mcamerad[0m [32mlogcatd[0m [32mproclogd[0m [32mmicd[0m [32mtimed[0m [32mdmonitoringmodeld[0m [32msensord[0m [32mui[0m [32msoundd[0m [32mlocationd[0m [32mcalibrationd[0m [32mtorqued[0m [32mcontrolsd[0m [32mselfdrived[0m [32mcard[0m [32mdeleter[0m [32mdmonitoringd[0m [32mqcomgpsd[0m [32mpandad[0m [32mparamsd[0m [32mlagd[0m [32mplannerd[0m [32mradard[0m [32mhardwared[0m [32mtombstoned[0m [32muploader[0m [32mstatsd[0m [32mfeedbackd[0m [32mmodeld_tinygrad[0m [32mmapd[0m [32mmapd_manager[0m [31mmtscd[0m [32mrtid[0m
[32mloggerd[0m [32mencoderd[0m [32mlogmessaged[0m [32mcamerad[0m [32mlogcatd[0m [32mproclogd[0m [32mmicd[0m [32mtimed[0m [32mdmonitoringmodeld[0m [32msensord[0m [32mui[0m [32msoundd[0m [32mlocationd[0m [32mcalibrationd[0m [32mtorqued[0m [32mcontrolsd[0m [32mselfdrived[0m [32mcard[0m [32mdeleter[0m [32mdmonitoringd[0m [32mqcomgpsd[0m [32mpandad[0m [32mparamsd[0m [32mlagd[0m [32mplannerd[0m [32mradard[0m [32mhardwared[0m [32mtombstoned[0m [32muploader[0m [32mstatsd[0m [32mfeedbackd[0m [32mmodeld_tinygrad[0m [32mmapd[0m [32mmapd_manager[0m [31mmtscd[0m [32mrtid[0m
[32mloggerd[0m [32mencoderd[0m [32mlogmessaged[0m [32mcamerad[0m [32mlogcatd[0m [32mproclogd[0m [32mmicd[0m [32mtimed[0m [32mdmonitoringmodeld[0m [32msensord[0m [32mui[0m [32msoundd[0m [32mlocationd[0m [32mcalibrationd[0m [32mtorqued[0m [32mcontrolsd[0m [32mselfdrived[0m [32mcard[0m [32mdeleter[0m [32mdmonitoringd[0m [32mqcomgpsd[0m [32mpandad[0m [32mparamsd[0m [32mlagd[0m [32mplannerd[0m [32mradard[0m [32mhardwared[0m [32mtombstoned[0m [32muploader[0m [32mstatsd[0m [32mfeedbackd[0m [32mmodeld_tinygrad[0m [32mmapd[0m [32mmapd_manager[0m [31mmtscd[0m [32mrtid[0m
[32mloggerd[0m [32mencoderd[0m [32mlogmessaged[0m [32mcamerad[0m [32mlogcatd[0m [32mproclogd[0m [32mmicd[0m [32mtimed[0m [32mdmonitoringmodeld[0m [32msensord[0m [32mui[0m [32msoundd[0m [32mlocationd[0m [32mcalibrationd[0m [32mtorqued[0m [32mcontrolsd[0m [32mselfdrived[0m [32mcard[0m [32mdeleter[0m [32mdmonitoringd[0m [32mqcomgpsd[0m [32mpandad[0m [32mparamsd[0m [32mlagd[0m [32mplannerd[0m [32mradard[0m [32mhardwared[0m [32mtombstoned[0m [32muploader[0m [32mstatsd[0m [32mfeedbackd[0m [32mmodeld_tinygrad[0m [32mmapd[0m [32mmapd_manager[0m [31mmtscd[0m [32mrtid[0m
[32mloggerd[0m [32mencoderd[0m [32mlogmessaged[0m [32mcamerad[0m [32mlogcatd[0m [32mproclogd[0m [32mmicd[0m [32mtimed[0m [32mdmonitoringmodeld[0m [32msensord[0m [32mui[0m [32msoundd[0m [32mlocationd[0m [32mcalibrationd[0m [32mtorqued[0m [32mcontrolsd[0m [32mselfdrived[0m [32mcard[0m [32mdeleter[0m [32mdmonitoringd[0m [32mqcomgpsd[0m [32mpandad[0m [32mparamsd[0m [32mlagd[0m [32mplannerd[0m [32mradard[0m [32mhardwared[0m [32mtombstoned[0m [32muploader[0m [32mstatsd[0m [32mfeedbackd[0m [32mmodeld_tinygrad[0m [32mmapd[0m [32mmapd_manager[0m [31mmtscd[0m [32mrtid[0m
[32mloggerd[0m [32mencoderd[0m [32mlogmessaged[0m [32mcamerad[0m [32mlogcatd[0m [32mproclogd[0m [32mmicd[0m [32mtimed[0m [32mdmonitoringmodeld[0m [32msensord[0m [32mui[0m [32msoundd[0m [32mlocationd[0m [32mcalibrationd[0m [32mtorqued[0m [32mcontrolsd[0m [32mselfdrived[0m [32mcard[0m [32mdeleter[0m [32mdmonitoringd[0m [32mqcomgpsd[0m [32mpandad[0m [32mparamsd[0m [32mlagd[0m [32mplannerd[0m [32mradard[0m [32mhardwared[0m [32mtombstoned[0m [32muploader[0m [32mstatsd[0m [32mfeedbackd[0m [32mmodeld_tinygrad[0m [32mmapd[0m [32mmapd_manager[0m [31mmtscd[0m [32mrtid[0m
[32mloggerd[0m [32mencoderd[0m [32mlogmessaged[0m [32mcamerad[0m [32mlogcatd[0m [32mproclogd[0m [32mmicd[0m [32mtimed[0m [32mdmonitoringmodeld[0m [32msensord[0m [32mui[0m [32msoundd[0m [32mlocationd[0m [32mcalibrationd[0m [32mtorqued[0m [32mcontrolsd[0m [32mselfdrived[0m [32mcard[0m [32mdeleter[0m [32mdmonitoringd[0m [32mqcomgpsd[0m [32mpandad[0m [32mparamsd[0m [32mlagd[0m [32mplannerd[0m [32mradard[0m [32mhardwared[0m [32mtombstoned[0m [32muploader[0m [32mstatsd[0m [32mfeedbackd[0m [32mmodeld_tinygrad[0m [32mmapd[0m [32mmapd_manager[0m [31mmtscd[0m [32mrtid[0m
skipping model eval. Dropped 3 frames
{"event": "selfdrived.initialized", "dt": 4.83, "timeout": false, "canValid": true, "invalid": ["alertDebug", "gpsLocation"], "not_alive": ["alertDebug", "gpsLocation"], "not_freq_ok": ["alertDebug", "gpsLocation"], "error": true}
{"event": "process_not_running", "not_running": "{'mtscd'}", "error": true}
ecu disable ('0x730', None) ...
ecu disable ('0x730', None) ...
communication control disable tx/rx ...
communication control disable tx/rx ...
ecu disabled
ecu disabled
RTI cycle took 0.018s
selfdrive/pandad/panda_safety.cc: got 1440 bytes CarParams
selfdrive/pandad/panda_safety.cc: got 168 bytes CarParamsSP
selfdrive/pandad/panda_safety.cc: Panda 0: setting safety model: 28, param: 21, alternative experience: 1024, param_sp: 2
RTI cycle took 0.029s
RTI cycle took 0.019s
RTI cycle took 0.019s
RTI cycle took 0.015s
RTI cycle took 0.012s
[32mloggerd[0m [32mencoderd[0m [32mlogmessaged[0m [32mcamerad[0m [32mlogcatd[0m [32mproclogd[0m [32mmicd[0m [32mtimed[0m [32mdmonitoringmodeld[0m [32msensord[0m [32mui[0m [32msoundd[0m [32mlocationd[0m [32mcalibrationd[0m [32mtorqued[0m [32mcontrolsd[0m [32mselfdrived[0m [32mcard[0m [32mdeleter[0m [32mdmonitoringd[0m [32mqcomgpsd[0m [32mpandad[0m [32mparamsd[0m [32mlagd[0m [32mplannerd[0m [32mradard[0m [32mhardwared[0m [32mtombstoned[0m [32muploader[0m [32mstatsd[0m [32mfeedbackd[0m [32mmodeld_tinygrad[0m [32mmapd[0m [32mmapd_manager[0m [31mmtscd[0m [32mrtid[0m
[32mloggerd[0m [32mencoderd[0m [32mlogmessaged[0m [32mcamerad[0m [32mlogcatd[0m [32mproclogd[0m [32mmicd[0m [32mtimed[0m [32mdmonitoringmodeld[0m [32msensord[0m [32mui[0m [32msoundd[0m [32mlocationd[0m [32mcalibrationd[0m [32mtorqued[0m [32mcontrolsd[0m [32mselfdrived[0m [32mcard[0m [32mdeleter[0m [32mdmonitoringd[0m [32mqcomgpsd[0m [32mpandad[0m [32mparamsd[0m [32mlagd[0m [32mplannerd[0m [32mradard[0m [32mhardwared[0m [32mtombstoned[0m [32muploader[0m [32mstatsd[0m [32mfeedbackd[0m [32mmodeld_tinygrad[0m [32mmapd[0m [32mmapd_manager[0m [31mmtscd[0m [32mrtid[0m
[32mloggerd[0m [32mencoderd[0m [32mlogmessaged[0m [32mcamerad[0m [32mlogcatd[0m [32mproclogd[0m [32mmicd[0m [32mtimed[0m [32mdmonitoringmodeld[0m [32msensord[0m [32mui[0m [32msoundd[0m [32mlocationd[0m [32mcalibrationd[0m [32mtorqued[0m [32mcontrolsd[0m [32mselfdrived[0m [32mcard[0m [32mdeleter[0m [32mdmonitoringd[0m [32mqcomgpsd[0m [32mpandad[0m [32mparamsd[0m [32mlagd[0m [32mplannerd[0m [32mradard[0m [32mhardwared[0m [32mtombstoned[0m [32muploader[0m [32mstatsd[0m [32mfeedbackd[0m [32mmodeld_tinygrad[0m [32mmapd[0m [32mmapd_manager[0m [31mmtscd[0m [32mrtid[0m
[32mloggerd[0m [32mencoderd[0m [32mlogmessaged[0m [32mcamerad[0m [32mlogcatd[0m [32mproclogd[0m [32mmicd[0m [32mtimed[0m [32mdmonitoringmodeld[0m [32msensord[0m [32mui[0m [32msoundd[0m [32mlocationd[0m [32mcalibrationd[0m [32mtorqued[0m [32mcontrolsd[0m [32mselfdrived[0m [32mcard[0m [32mdeleter[0m [32mdmonitoringd[0m [32mqcomgpsd[0m [32mpandad[0m [32mparamsd[0m [32mlagd[0m [32mplannerd[0m [32mradard[0m [32mhardwared[0m [32mtombstoned[0m [32muploader[0m [32mstatsd[0m [32mfeedbackd[0m [32mmodeld_tinygrad[0m [32mmapd[0m [32mmapd_manager[0m [31mmtscd[0m [32mrtid[0m
[32mloggerd[0m [32mencoderd[0m [32mlogmessaged[0m [32mcamerad[0m [32mlogcatd[0m [32mproclogd[0m [32mmicd[0m [32mtimed[0m [32mdmonitoringmodeld[0m [32msensord[0m [32mui[0m [32msoundd[0m [32mlocationd[0m [32mcalibrationd[0m [32mtorqued[0m [32mcontrolsd[0m [32mselfdrived[0m [32mcard[0m [32mdeleter[0m [32mdmonitoringd[0m [32mqcomgpsd[0m [32mpandad[0m [32mparamsd[0m [32mlagd[0m [32mplannerd[0m [32mradard[0m [32mhardwared[0m [32mtombstoned[0m [32muploader[0m [32mstatsd[0m [32mfeedbackd[0m [32mmodeld_tinygrad[0m [32mmapd[0m [32mmapd_manager[0m [31mmtscd[0m [32mrtid[0m
[32mloggerd[0m [32mencoderd[0m [32mlogmessaged[0m [32mcamerad[0m [32mlogcatd[0m [32mproclogd[0m [32mmicd[0m [32mtimed[0m [32mdmonitoringmodeld[0m [32msensord[0m [32mui[0m [32msoundd[0m [32mlocationd[0m [32mcalibrationd[0m [32mtorqued[0m [32mcontrolsd[0m [32mselfdrived[0m [32mcard[0m [32mdeleter[0m [32mdmonitoringd[0m [32mqcomgpsd[0m [32mpandad[0m [32mparamsd[0m [32mlagd[0m [32mplannerd[0m [32mradard[0m [32mhardwared[0m [32mtombstoned[0m [32muploader[0m [32mstatsd[0m [32mfeedbackd[0m [32mmodeld_tinygrad[0m [32mmapd[0m [32mmapd_manager[0m [31mmtscd[0m [32mrtid[0m
[32mloggerd[0m [32mencoderd[0m [32mlogmessaged[0m [32mcamerad[0m [32mlogcatd[0m [32mproclogd[0m [32mmicd[0m [32mtimed[0m [32mdmonitoringmodeld[0m [32msensord[0m [32mui[0m [32msoundd[0m [32mlocationd[0m [32mcalibrationd[0m [32mtorqued[0m [32mcontrolsd[0m [32mselfdrived[0m [32mcard[0m [32mdeleter[0m [32mdmonitoringd[0m [32mqcomgpsd[0m [32mpandad[0m [32mparamsd[0m [32mlagd[0m [32mplannerd[0m [32mradard[0m [32mhardwared[0m [32mtombstoned[0m [32muploader[0m [32mstatsd[0m [32mfeedbackd[0m [32mmodeld_tinygrad[0m [32mmapd[0m [32mmapd_manager[0m [31mmtscd[0m [32mrtid[0m
[32mloggerd[0m [32mencoderd[0m [32mlogmessaged[0m [32mcamerad[0m [32mlogcatd[0m [32mproclogd[0m [32mmicd[0m [32mtimed[0m [32mdmonitoringmodeld[0m [32msensord[0m [32mui[0m [32msoundd[0m [32mlocationd[0m [32mcalibrationd[0m [32mtorqued[0m [32mcontrolsd[0m [32mselfdrived[0m [32mcard[0m [32mdeleter[0m [32mdmonitoringd[0m [32mqcomgpsd[0m [32mpandad[0m [32mparamsd[0m [32mlagd[0m [32mplannerd[0m [32mradard[0m [32mhardwared[0m [32mtombstoned[0m [32muploader[0m [32mstatsd[0m [32mfeedbackd[0m [32mmodeld_tinygrad[0m [32mmapd[0m [32mmapd_manager[0m [31mmtscd[0m [32mrtid[0m
[32mloggerd[0m [32mencoderd[0m [32mlogmessaged[0m [32mcamerad[0m [32mlogcatd[0m [32mproclogd[0m [32mmicd[0m [32mtimed[0m [32mdmonitoringmodeld[0m [32msensord[0m [32mui[0m [32msoundd[0m [32mlocationd[0m [32mcalibrationd[0m [32mtorqued[0m [32mcontrolsd[0m [32mselfdrived[0m [32mcard[0m [32mdeleter[0m [32mdmonitoringd[0m [32mqcomgpsd[0m [32mpandad[0m [32mparamsd[0m [32mlagd[0m [32mplannerd[0m [32mradard[0m [32mhardwared[0m [32mtombstoned[0m [32muploader[0m [32mstatsd[0m [32mfeedbackd[0m [32mmodeld_tinygrad[0m [32mmapd[0m [32mmapd_manager[0m [31mmtscd[0m [32mrtid[0m
[32mloggerd[0m [32mencoderd[0m [32mlogmessaged[0m [32mcamerad[0m [32mlogcatd[0m [32mproclogd[0m [32mmicd[0m [32mtimed[0m [32mdmonitoringmodeld[0m [32msensord[0m [32mui[0m [32msoundd[0m [32mlocationd[0m [32mcalibrationd[0m [32mtorqued[0m [32mcontrolsd[0m [32mselfdrived[0m [32mcard[0m [32mdeleter[0m [32mdmonitoringd[0m [32mqcomgpsd[0m [32mpandad[0m [32mparamsd[0m [32mlagd[0m [32mplannerd[0m [32mradard[0m [32mhardwared[0m [32mtombstoned[0m [32muploader[0m [32mstatsd[0m [32mfeedbackd[0m [32mmodeld_tinygrad[0m [32mmapd[0m [32mmapd_manager[0m [31mmtscd[0m [32mrtid[0m
[32mloggerd[0m [32mencoderd[0m [32mlogmessaged[0m [32mcamerad[0m [32mlogcatd[0m [32mproclogd[0m [32mmicd[0m [32mtimed[0m [32mdmonitoringmodeld[0m [32msensord[0m [32mui[0m [32msoundd[0m [32mlocationd[0m [32mcalibrationd[0m [32mtorqued[0m [32mcontrolsd[0m [32mselfdrived[0m [32mcard[0m [32mdeleter[0m [32mdmonitoringd[0m [32mqcomgpsd[0m [32mpandad[0m [32mparamsd[0m [32mlagd[0m [32mplannerd[0m [32mradard[0m [32mhardwared[0m [32mtombstoned[0m [32muploader[0m [32mstatsd[0m [32mfeedbackd[0m [32mmodeld_tinygrad[0m [32mmapd[0m [32mmapd_manager[0m [31mmtscd[0m [32mrtid[0m
[32mloggerd[0m [32mencoderd[0m [32mlogmessaged[0m [32mcamerad[0m [32mlogcatd[0m [32mproclogd[0m [32mmicd[0m [32mtimed[0m [32mdmonitoringmodeld[0m [32msensord[0m [32mui[0m [32msoundd[0m [32mlocationd[0m [32mcalibrationd[0m [32mtorqued[0m [32mcontrolsd[0m [32mselfdrived[0m [32mcard[0m [32mdeleter[0m [32mdmonitoringd[0m [32mqcomgpsd[0m [32mpandad[0m [32mparamsd[0m [32mlagd[0m [32mplannerd[0m [32mradard[0m [32mhardwared[0m [32mtombstoned[0m [32muploader[0m [32mstatsd[0m [32mfeedbackd[0m [32mmodeld_tinygrad[0m [32mmapd[0m [32mmapd_manager[0m [31mmtscd[0m [32mrtid[0m
[32mloggerd[0m [32mencoderd[0m [32mlogmessaged[0m [32mcamerad[0m [32mlogcatd[0m [32mproclogd[0m [32mmicd[0m [32mtimed[0m [32mdmonitoringmodeld[0m [32msensord[0m [32mui[0m [32msoundd[0m [32mlocationd[0m [32mcalibrationd[0m [32mtorqued[0m [32mcontrolsd[0m [32mselfdrived[0m [32mcard[0m [32mdeleter[0m [32mdmonitoringd[0m [32mqcomgpsd[0m [32mpandad[0m [32mparamsd[0m [32mlagd[0m [32mplannerd[0m [32mradard[0m [32mhardwared[0m [32mtombstoned[0m [32muploader[0m [32mstatsd[0m [32mfeedbackd[0m [32mmodeld_tinygrad[0m [32mmapd[0m [32mmapd_manager[0m [31mmtscd[0m [32mrtid[0m
[32mloggerd[0m [32mencoderd[0m [32mlogmessaged[0m [32mcamerad[0m [32mlogcatd[0m [32mproclogd[0m [32mmicd[0m [32mtimed[0m [32mdmonitoringmodeld[0m [32msensord[0m [32mui[0m [32msoundd[0m [32mlocationd[0m [32mcalibrationd[0m [32mtorqued[0m [32mcontrolsd[0m [32mselfdrived[0m [32mcard[0m [32mdeleter[0m [32mdmonitoringd[0m [32mqcomgpsd[0m [32mpandad[0m [32mparamsd[0m [32mlagd[0m [32mplannerd[0m [32mradard[0m [32mhardwared[0m [32mtombstoned[0m [32muploader[0m [32mstatsd[0m [32mfeedbackd[0m [32mmodeld_tinygrad[0m [32mmapd[0m [32mmapd_manager[0m [31mmtscd[0m [32mrtid[0m
[32mloggerd[0m [32mencoderd[0m [32mlogmessaged[0m [32mcamerad[0m [32mlogcatd[0m [32mproclogd[0m [32mmicd[0m [32mtimed[0m [32mdmonitoringmodeld[0m [32msensord[0m [32mui[0m [32msoundd[0m [32mlocationd[0m [32mcalibrationd[0m [32mtorqued[0m [32mcontrolsd[0m [32mselfdrived[0m [32mcard[0m [32mdeleter[0m [32mdmonitoringd[0m [32mqcomgpsd[0m [32mpandad[0m [32mparamsd[0m [32mlagd[0m [32mplannerd[0m [32mradard[0m [32mhardwared[0m [32mtombstoned[0m [32muploader[0m [32mstatsd[0m [32mfeedbackd[0m [32mmodeld_tinygrad[0m [32mmapd[0m [32mmapd_manager[0m [31mmtscd[0m [32mrtid[0m
[32mloggerd[0m [32mencoderd[0m [32mlogmessaged[0m [32mcamerad[0m [32mlogcatd[0m [32mproclogd[0m [32mmicd[0m [32mtimed[0m [32mdmonitoringmodeld[0m [32msensord[0m [32mui[0m [32msoundd[0m [32mlocationd[0m [32mcalibrationd[0m [32mtorqued[0m [32mcontrolsd[0m [32mselfdrived[0m [32mcard[0m [32mdeleter[0m [32mdmonitoringd[0m [32mqcomgpsd[0m [32mpandad[0m [32mparamsd[0m [32mlagd[0m [32mplannerd[0m [32mradard[0m [32mhardwared[0m [32mtombstoned[0m [32muploader[0m [32mstatsd[0m [32mfeedbackd[0m [32mmodeld_tinygrad[0m [32mmapd[0m [32mmapd_manager[0m [31mmtscd[0m [32mrtid[0m
[32mloggerd[0m [32mencoderd[0m [32mlogmessaged[0m [32mcamerad[0m [32mlogcatd[0m [32mproclogd[0m [32mmicd[0m [32mtimed[0m [32mdmonitoringmodeld[0m [32msensord[0m [32mui[0m [32msoundd[0m [32mlocationd[0m [32mcalibrationd[0m [32mtorqued[0m [32mcontrolsd[0m [32mselfdrived[0m [32mcard[0m [32mdeleter[0m [32mdmonitoringd[0m [32mqcomgpsd[0m [32mpandad[0m [32mparamsd[0m [32mlagd[0m [32mplannerd[0m [32mradard[0m [32mhardwared[0m [32mtombstoned[0m [32muploader[0m [32mstatsd[0m [32mfeedbackd[0m [32mmodeld_tinygrad[0m [32mmapd[0m [32mmapd_manager[0m [31mmtscd[0m [32mrtid[0m
[32mloggerd[0m [32mencoderd[0m [32mlogmessaged[0m [32mcamerad[0m [32mlogcatd[0m [32mproclogd[0m [32mmicd[0m [32mtimed[0m [32mdmonitoringmodeld[0m [32msensord[0m [32mui[0m [32msoundd[0m [32mlocationd[0m [32mcalibrationd[0m [32mtorqued[0m [32mcontrolsd[0m [32mselfdrived[0m [32mcard[0m [32mdeleter[0m [32mdmonitoringd[0m [32mqcomgpsd[0m [32mpandad[0m [32mparamsd[0m [32mlagd[0m [32mplannerd[0m [32mradard[0m [32mhardwared[0m [32mtombstoned[0m [32muploader[0m [32mstatsd[0m [32mfeedbackd[0m [32mmodeld_tinygrad[0m [32mmapd[0m [32mmapd_manager[0m [31mmtscd[0m [32mrtid[0m
[32mloggerd[0m [32mencoderd[0m [32mlogmessaged[0m [32mcamerad[0m [32mlogcatd[0m [32mproclogd[0m [32mmicd[0m [32mtimed[0m [32mdmonitoringmodeld[0m [32msensord[0m [32mui[0m [32msoundd[0m [32mlocationd[0m [32mcalibrationd[0m [32mtorqued[0m [32mcontrolsd[0m [32mselfdrived[0m [32mcard[0m [32mdeleter[0m [32mdmonitoringd[0m [32mqcomgpsd[0m [32mpandad[0m [32mparamsd[0m [32mlagd[0m [32mplannerd[0m [32mradard[0m [32mhardwared[0m [32mtombstoned[0m [32muploader[0m [32mstatsd[0m [32mfeedbackd[0m [32mmodeld_tinygrad[0m [32mmapd[0m [32mmapd_manager[0m [31mmtscd[0m [32mrtid[0m
[32mloggerd[0m [32mencoderd[0m [32mlogmessaged[0m [32mcamerad[0m [32mlogcatd[0m [32mproclogd[0m [32mmicd[0m [32mtimed[0m [32mdmonitoringmodeld[0m [32msensord[0m [32mui[0m [32msoundd[0m [32mlocationd[0m [32mcalibrationd[0m [32mtorqued[0m [32mcontrolsd[0m [32mselfdrived[0m [32mcard[0m [32mdeleter[0m [32mdmonitoringd[0m [32mqcomgpsd[0m [32mpandad[0m [32mparamsd[0m [32mlagd[0m [32mplannerd[0m [32mradard[0m [32mhardwared[0m [32mtombstoned[0m [32muploader[0m [32mstatsd[0m [32mfeedbackd[0m [32mmodeld_tinygrad[0m [32mmapd[0m [32mmapd_manager[0m [31mmtscd[0m [32mrtid[0m
[32mloggerd[0m [32mencoderd[0m [32mlogmessaged[0m [32mcamerad[0m [32mlogcatd[0m [32mproclogd[0m [32mmicd[0m [32mtimed[0m [32mdmonitoringmodeld[0m [32msensord[0m [32mui[0m [32msoundd[0m [32mlocationd[0m [32mcalibrationd[0m [32mtorqued[0m [32mcontrolsd[0m [32mselfdrived[0m [32mcard[0m [32mdeleter[0m [32mdmonitoringd[0m [32mqcomgpsd[0m [32mpandad[0m [32mparamsd[0m [32mlagd[0m [32mplannerd[0m [32mradard[0m [32mhardwared[0m [32mtombstoned[0m [32muploader[0m [32mstatsd[0m [32mfeedbackd[0m [32mmodeld_tinygrad[0m [32mmapd[0m [32mmapd_manager[0m [31mmtscd[0m [32mrtid[0m
[32mloggerd[0m [32mencoderd[0m [32mlogmessaged[0m [32mcamerad[0m [32mlogcatd[0m [32mproclogd[0m [32mmicd[0m [32mtimed[0m [32mdmonitoringmodeld[0m [32msensord[0m [32mui[0m [32msoundd[0m [32mlocationd[0m [32mcalibrationd[0m [32mtorqued[0m [32mcontrolsd[0m [32mselfdrived[0m [32mcard[0m [32mdeleter[0m [32mdmonitoringd[0m [32mqcomgpsd[0m [32mpandad[0m [32mparamsd[0m [32mlagd[0m [32mplannerd[0m [32mradard[0m [32mhardwared[0m [32mtombstoned[0m [32muploader[0m [32mstatsd[0m [32mfeedbackd[0m [32mmodeld_tinygrad[0m [32mmapd[0m [32mmapd_manager[0m [31mmtscd[0m [32mrtid[0m
[32mloggerd[0m [32mencoderd[0m [32mlogmessaged[0m [32mcamerad[0m [32mlogcatd[0m [32mproclogd[0m [32mmicd[0m [32mtimed[0m [32mdmonitoringmodeld[0m [32msensord[0m [32mui[0m [32msoundd[0m [32mlocationd[0m [32mcalibrationd[0m [32mtorqued[0m [32mcontrolsd[0m [32mselfdrived[0m [32mcard[0m [32mdeleter[0m [32mdmonitoringd[0m [32mqcomgpsd[0m [32mpandad[0m [32mparamsd[0m [32mlagd[0m [32mplannerd[0m [32mradard[0m [32mhardwared[0m [32mtombstoned[0m [32muploader[0m [32mstatsd[0m [32mfeedbackd[0m [32mmodeld_tinygrad[0m [32mmapd[0m [32mmapd_manager[0m [31mmtscd[0m [32mrtid[0m
[32mloggerd[0m [32mencoderd[0m [32mlogmessaged[0m [32mcamerad[0m [32mlogcatd[0m [32mproclogd[0m [32mmicd[0m [32mtimed[0m [32mdmonitoringmodeld[0m [32msensord[0m [32mui[0m [32msoundd[0m [32mlocationd[0m [32mcalibrationd[0m [32mtorqued[0m [32mcontrolsd[0m [32mselfdrived[0m [32mcard[0m [32mdeleter[0m [32mdmonitoringd[0m [32mqcomgpsd[0m [32mpandad[0m [32mparamsd[0m [32mlagd[0m [32mplannerd[0m [32mradard[0m [32mhardwared[0m [32mtombstoned[0m [32muploader[0m [32mstatsd[0m [32mfeedbackd[0m [32mmodeld_tinygrad[0m [32mmapd[0m [32mmapd_manager[0m [31mmtscd[0m [32mrtid[0m
RTI cycle took 7.346s
RTI cycle took 0.016s
RTI cycle took 0.024s
RTI cycle took 0.043s
RTI cycle took 0.015s
RTI cycle took 0.028s
RTI cycle took 0.035s
RTI cycle took 0.030s
RTI cycle took 0.041s
RTI cycle took 0.041s
RTI cycle took 0.015s
RTI cycle took 0.027s
RTI cycle took 0.023s
RTI cycle took 0.035s
RTI cycle took 0.026s
RTI cycle took 0.029s
RTI cycle took 0.034s
RTI cycle took 0.025s
RTI cycle took 0.022s
RTI cycle took 0.037s
RTI cycle took 0.027s
RTI cycle took 0.020s
RTI cycle took 0.028s
RTI cycle took 0.034s
RTI cycle took 0.034s
RTI cycle took 0.021s
RTI cycle took 0.017s
RTI cycle took 0.021s
RTI cycle took 0.029s
RTI cycle took 0.026s
RTI cycle took 0.032s
RTI cycle took 0.015s
RTI cycle took 0.027s
RTI cycle took 0.016s
RTI cycle took 0.029s
RTI cycle took 0.024s
RTI cycle took 0.032s
RTI cycle took 0.033s
RTI cycle took 0.015s
RTI cycle took 0.028s
RTI cycle took 0.035s
RTI cycle took 0.026s
RTI cycle took 0.034s
RTI cycle took 0.025s
RTI cycle took 0.026s
RTI cycle took 0.035s
RTI cycle took 0.040s
RTI cycle took 0.023s
RTI cycle took 0.041s
RTI cycle took 0.017s
RTI cycle took 0.035s
RTI cycle took 0.034s
RTI cycle took 0.016s
RTI cycle took 0.035s
RTI cycle took 0.042s
RTI cycle took 0.021s
RTI cycle took 0.032s
RTI cycle took 0.017s
RTI cycle took 0.019s
RTI cycle took 0.023s
RTI cycle took 0.040s
RTI cycle took 0.034s
RTI cycle took 0.022s
RTI cycle took 0.024s
RTI cycle took 0.025s
RTI cycle took 0.024s
RTI cycle took 0.040s
RTI cycle took 0.016s
RTI cycle took 0.029s
RTI cycle took 0.016s
RTI cycle took 0.027s
RTI cycle took 0.035s
RTI cycle took 0.040s
RTI cycle took 0.030s
RTI cycle took 0.041s
RTI cycle took 0.016s
RTI cycle took 0.015s
RTI cycle took 0.022s
RTI cycle took 0.035s
RTI cycle took 0.018s
RTI cycle took 0.039s
RTI cycle took 0.033s
RTI cycle took 0.033s
RTI cycle took 0.028s
RTI cycle took 0.018s
RTI cycle took 0.027s
RTI cycle took 0.031s
RTI cycle took 0.017s
RTI cycle took 0.030s
RTI cycle took 0.024s
RTI cycle took 0.040s
RTI cycle took 0.032s
RTI cycle took 0.015s
RTI cycle took 0.028s
RTI cycle took 0.024s
RTI cycle took 0.032s
RTI cycle took 0.027s
RTI cycle took 0.029s
RTI cycle took 0.039s
RTI cycle took 0.020s
RTI cycle took 0.031s
RTI cycle took 0.041s
RTI cycle took 0.024s
RTI cycle took 0.023s
RTI cycle took 0.025s
RTI cycle took 0.032s
RTI cycle took 0.039s
RTI cycle took 0.016s
RTI cycle took 0.029s
RTI cycle took 0.024s
RTI cycle took 0.032s
RTI cycle took 0.017s
RTI cycle took 0.028s
RTI cycle took 0.014s
RTI cycle took 0.022s
RTI cycle took 0.034s
RTI cycle took 0.027s
RTI cycle took 0.040s
RTI cycle took 0.042s
RTI cycle took 0.025s
RTI cycle took 0.040s
RTI cycle took 0.033s
RTI cycle took 0.025s
RTI cycle took 0.040s
RTI cycle took 0.031s
RTI cycle took 0.016s
RTI cycle took 0.030s
RTI cycle took 0.015s
RTI cycle took 0.028s
RTI cycle took 0.023s
RTI cycle took 0.033s
RTI cycle took 0.017s
RTI cycle took 0.016s
RTI cycle took 0.015s
RTI cycle took 0.026s
RTI cycle took 0.027s
RTI cycle took 0.027s
RTI cycle took 0.042s
RTI cycle took 0.027s
RTI cycle took 0.039s
RTI cycle took 0.038s
RTI cycle took 0.022s
RTI cycle took 0.027s
RTI cycle took 0.033s
RTI cycle took 0.015s
RTI cycle took 0.027s
RTI cycle took 0.015s
RTI cycle took 0.027s
RTI cycle took 0.026s
RTI cycle took 0.026s
RTI cycle took 0.018s
RTI cycle took 0.037s
RTI cycle took 0.033s
RTI cycle took 0.027s
RTI cycle took 0.038s
RTI cycle took 0.033s
RTI cycle took 0.015s
RTI cycle took 0.015s
RTI cycle took 0.020s
RTI cycle took 0.034s
RTI cycle took 0.036s
RTI cycle took 0.026s
RTI cycle took 0.039s
RTI cycle took 0.018s
RTI cycle took 0.029s
[32mloggerd[0m [32mencoderd[0m [32mlogmessaged[0m [32mcamerad[0m [32mlogcatd[0m [32mproclogd[0m [32mmicd[0m [32mtimed[0m [32mdmonitoringmodeld[0m [32msensord[0m [32mui[0m [32msoundd[0m [32mlocationd[0m [32mcalibrationd[0m [32mtorqued[0m [32mcontrolsd[0m [32mselfdrived[0m [32mcard[0m [32mdeleter[0m [32mdmonitoringd[0m [32mqcomgpsd[0m [32mpandad[0m [32mparamsd[0m [32mlagd[0m [32mplannerd[0m [32mradard[0m [32mhardwared[0m [32mtombstoned[0m [32muploader[0m [32mstatsd[0m [32mfeedbackd[0m [32mmodeld_tinygrad[0m [32mmapd[0m [32mmapd_manager[0m [31mmtscd[0m [32mrtid[0m
[32mloggerd[0m [32mencoderd[0m [32mlogmessaged[0m [32mcamerad[0m [32mlogcatd[0m [32mproclogd[0m [32mmicd[0m [32mtimed[0m [32mdmonitoringmodeld[0m [32msensord[0m [32mui[0m [32msoundd[0m [32mlocationd[0m [32mcalibrationd[0m [32mtorqued[0m [32mcontrolsd[0m [32mselfdrived[0m [32mcard[0m [32mdeleter[0m [32mdmonitoringd[0m [32mqcomgpsd[0m [32mpandad[0m [32mparamsd[0m [32mlagd[0m [32mplannerd[0m [32mradard[0m [32mhardwared[0m [32mtombstoned[0m [32muploader[0m [32mstatsd[0m [32mfeedbackd[0m [32mmodeld_tinygrad[0m [32mmapd[0m [32mmapd_manager[0m [31mmtscd[0m [32mrtid[0m
[32mloggerd[0m [32mencoderd[0m [32mlogmessaged[0m [32mcamerad[0m [32mlogcatd[0m [32mproclogd[0m [32mmicd[0m [32mtimed[0m [32mdmonitoringmodeld[0m [32msensord[0m [32mui[0m [32msoundd[0m [32mlocationd[0m [32mcalibrationd[0m [32mtorqued[0m [32mcontrolsd[0m [32mselfdrived[0m [32mcard[0m [32mdeleter[0m [32mdmonitoringd[0m [32mqcomgpsd[0m [32mpandad[0m [32mparamsd[0m [32mlagd[0m [32mplannerd[0m [32mradard[0m [32mhardwared[0m [32mtombstoned[0m [32muploader[0m [32mstatsd[0m [32mfeedbackd[0m [32mmodeld_tinygrad[0m [32mmapd[0m [32mmapd_manager[0m [31mmtscd[0m [32mrtid[0m
[32mloggerd[0m [32mencoderd[0m [32mlogmessaged[0m [32mcamerad[0m [32mlogcatd[0m [32mproclogd[0m [32mmicd[0m [32mtimed[0m [32mdmonitoringmodeld[0m [32msensord[0m [32mui[0m [32msoundd[0m [32mlocationd[0m [32mcalibrationd[0m [32mtorqued[0m [32mcontrolsd[0m [32mselfdrived[0m [32mcard[0m [32mdeleter[0m [32mdmonitoringd[0m [32mqcomgpsd[0m [32mpandad[0m [32mparamsd[0m [32mlagd[0m [32mplannerd[0m [32mradard[0m [32mhardwared[0m [32mtombstoned[0m [32muploader[0m [32mstatsd[0m [32mfeedbackd[0m [32mmodeld_tinygrad[0m [32mmapd[0m [32mmapd_manager[0m [31mmtscd[0m [32mrtid[0m
[32mloggerd[0m [32mencoderd[0m [32mlogmessaged[0m [32mcamerad[0m [32mlogcatd[0m [32mproclogd[0m [32mmicd[0m [32mtimed[0m [32mdmonitoringmodeld[0m [32msensord[0m [32mui[0m [32msoundd[0m [32mlocationd[0m [32mcalibrationd[0m [32mtorqued[0m [32mcontrolsd[0m [32mselfdrived[0m [32mcard[0m [32mdeleter[0m [32mdmonitoringd[0m [32mqcomgpsd[0m [32mpandad[0m [32mparamsd[0m [32mlagd[0m [32mplannerd[0m [32mradard[0m [32mhardwared[0m [32mtombstoned[0m [32muploader[0m [32mstatsd[0m [32mfeedbackd[0m [32mmodeld_tinygrad[0m [32mmapd[0m [32mmapd_manager[0m [31mmtscd[0m [32mrtid[0m
[32mloggerd[0m [32mencoderd[0m [32mlogmessaged[0m [32mcamerad[0m [32mlogcatd[0m [32mproclogd[0m [32mmicd[0m [32mtimed[0m [32mdmonitoringmodeld[0m [32msensord[0m [32mui[0m [32msoundd[0m [32mlocationd[0m [32mcalibrationd[0m [32mtorqued[0m [32mcontrolsd[0m [32mselfdrived[0m [32mcard[0m [32mdeleter[0m [32mdmonitoringd[0m [32mqcomgpsd[0m [32mpandad[0m [32mparamsd[0m [32mlagd[0m [32mplannerd[0m [32mradard[0m [32mhardwared[0m [32mtombstoned[0m [32muploader[0m [32mstatsd[0m [32mfeedbackd[0m [32mmodeld_tinygrad[0m [32mmapd[0m [32mmapd_manager[0m [31mmtscd[0m [32mrtid[0m
[32mloggerd[0m [32mencoderd[0m [32mlogmessaged[0m [32mcamerad[0m [32mlogcatd[0m [32mproclogd[0m [32mmicd[0m [32mtimed[0m [32mdmonitoringmodeld[0m [32msensord[0m [32mui[0m [32msoundd[0m [32mlocationd[0m [32mcalibrationd[0m [32mtorqued[0m [32mcontrolsd[0m [32mselfdrived[0m [32mcard[0m [32mdeleter[0m [32mdmonitoringd[0m [32mqcomgpsd[0m [32mpandad[0m [32mparamsd[0m [32mlagd[0m [32mplannerd[0m [32mradard[0m [32mhardwared[0m [32mtombstoned[0m [32muploader[0m [32mstatsd[0m [32mfeedbackd[0m [32mmodeld_tinygrad[0m [32mmapd[0m [32mmapd_manager[0m [31mmtscd[0m [32mrtid[0m
[32mloggerd[0m [32mencoderd[0m [32mlogmessaged[0m [32mcamerad[0m [32mlogcatd[0m [32mproclogd[0m [32mmicd[0m [32mtimed[0m [32mdmonitoringmodeld[0m [32msensord[0m [32mui[0m [32msoundd[0m [32mlocationd[0m [32mcalibrationd[0m [32mtorqued[0m [32mcontrolsd[0m [32mselfdrived[0m [32mcard[0m [32mdeleter[0m [32mdmonitoringd[0m [32mqcomgpsd[0m [32mpandad[0m [32mparamsd[0m [32mlagd[0m [32mplannerd[0m [32mradard[0m [32mhardwared[0m [32mtombstoned[0m [32muploader[0m [32mstatsd[0m [32mfeedbackd[0m [32mmodeld_tinygrad[0m [32mmapd[0m [32mmapd_manager[0m [31mmtscd[0m [32mrtid[0m
[32mloggerd[0m [32mencoderd[0m [32mlogmessaged[0m [32mcamerad[0m [32mlogcatd[0m [32mproclogd[0m [32mmicd[0m [32mtimed[0m [32mdmonitoringmodeld[0m [32msensord[0m [32mui[0m [32msoundd[0m [32mlocationd[0m [32mcalibrationd[0m [32mtorqued[0m [32mcontrolsd[0m [32mselfdrived[0m [32mcard[0m [32mdeleter[0m [32mdmonitoringd[0m [32mqcomgpsd[0m [32mpandad[0m [32mparamsd[0m [32mlagd[0m [32mplannerd[0m [32mradard[0m [32mhardwared[0m [32mtombstoned[0m [32muploader[0m [32mstatsd[0m [32mfeedbackd[0m [32mmodeld_tinygrad[0m [32mmapd[0m [32mmapd_manager[0m [31mmtscd[0m [32mrtid[0m
[32mloggerd[0m [32mencoderd[0m [32mlogmessaged[0m [32mcamerad[0m [32mlogcatd[0m [32mproclogd[0m [32mmicd[0m [32mtimed[0m [32mdmonitoringmodeld[0m [32msensord[0m [32mui[0m [32msoundd[0m [32mlocationd[0m [32mcalibrationd[0m [32mtorqued[0m [32mcontrolsd[0m [32mselfdrived[0m [32mcard[0m [32mdeleter[0m [32mdmonitoringd[0m [32mqcomgpsd[0m [32mpandad[0m [32mparamsd[0m [32mlagd[0m [32mplannerd[0m [32mradard[0m [32mhardwared[0m [32mtombstoned[0m [32muploader[0m [32mstatsd[0m [32mfeedbackd[0m [32mmodeld_tinygrad[0m [32mmapd[0m [32mmapd_manager[0m [31mmtscd[0m [32mrtid[0m
[32mloggerd[0m [32mencoderd[0m [32mlogmessaged[0m [32mcamerad[0m [32mlogcatd[0m [32mproclogd[0m [32mmicd[0m [32mtimed[0m [32mdmonitoringmodeld[0m [32msensord[0m [32mui[0m [32msoundd[0m [32mlocationd[0m [32mcalibrationd[0m [32mtorqued[0m [32mcontrolsd[0m [32mselfdrived[0m [32mcard[0m [32mdeleter[0m [32mdmonitoringd[0m [32mqcomgpsd[0m [32mpandad[0m [32mparamsd[0m [32mlagd[0m [32mplannerd[0m [32mradard[0m [32mhardwared[0m [32mtombstoned[0m [32muploader[0m [32mstatsd[0m [32mfeedbackd[0m [32mmodeld_tinygrad[0m [32mmapd[0m [32mmapd_manager[0m [31mmtscd[0m [32mrtid[0m
[32mloggerd[0m [32mencoderd[0m [32mlogmessaged[0m [32mcamerad[0m [32mlogcatd[0m [32mproclogd[0m [32mmicd[0m [32mtimed[0m [32mdmonitoringmodeld[0m [32msensord[0m [32mui[0m [32msoundd[0m [32mlocationd[0m [32mcalibrationd[0m [32mtorqued[0m [32mcontrolsd[0m [32mselfdrived[0m [32mcard[0m [32mdeleter[0m [32mdmonitoringd[0m [32mqcomgpsd[0m [32mpandad[0m [32mparamsd[0m [32mlagd[0m [32mplannerd[0m [32mradard[0m [32mhardwared[0m [32mtombstoned[0m [32muploader[0m [32mstatsd[0m [32mfeedbackd[0m [32mmodeld_tinygrad[0m [32mmapd[0m [32mmapd_manager[0m [31mmtscd[0m [32mrtid[0m
RTI cycle took 0.026s
RTI cycle took 0.031s
RTI cycle took 0.031s
RTI cycle took 0.028s
RTI cycle took 0.029s
RTI cycle took 0.017s
RTI cycle took 0.018s
RTI cycle took 0.036s
RTI cycle took 0.017s
RTI cycle took 0.029s
RTI cycle took 0.015s
RTI cycle took 0.029s
RTI cycle took 0.017s
RTI cycle took 0.034s
RTI cycle took 0.028s
RTI cycle took 0.027s
RTI cycle took 0.019s
RTI cycle took 0.026s
RTI cycle took 0.034s
RTI cycle took 0.024s
RTI cycle took 0.024s
RTI cycle took 0.025s
RTI cycle took 0.029s
RTI cycle took 0.017s
RTI cycle took 0.029s
RTI cycle took 0.043s
RTI cycle took 0.034s
RTI cycle took 0.028s
RTI cycle took 0.021s
RTI cycle took 0.028s
RTI cycle took 0.022s
RTI cycle took 0.025s
RTI cycle took 0.043s
RTI cycle took 0.016s
RTI cycle took 0.033s
RTI cycle took 0.037s
RTI cycle took 0.011s
RTI cycle took 0.027s
RTI cycle took 0.046s
RTI cycle took 0.018s
RTI cycle took 0.038s
RTI cycle took 0.032s
RTI cycle took 0.015s
RTI cycle took 0.027s
RTI cycle took 0.025s
RTI cycle took 0.017s
RTI cycle took 0.020s
RTI cycle took 0.039s
RTI cycle took 0.032s
RTI cycle took 0.024s
RTI cycle took 0.024s
RTI cycle took 0.025s
RTI cycle took 0.039s
RTI cycle took 0.041s
RTI cycle took 0.043s
RTI cycle took 0.021s
RTI cycle took 0.039s
RTI cycle took 0.025s
RTI cycle took 0.024s
RTI cycle took 0.040s
RTI cycle took 0.026s
RTI cycle took 0.020s
RTI cycle took 0.034s
RTI cycle took 0.024s
RTI cycle took 0.030s
RTI cycle took 0.019s
RTI cycle took 0.029s
RTI cycle took 0.033s
RTI cycle took 0.035s
RTI cycle took 0.040s
RTI cycle took 0.039s
RTI cycle took 0.032s
RTI cycle took 0.020s
RTI cycle took 0.030s
RTI cycle took 0.040s
RTI cycle took 0.028s
RTI cycle took 0.027s
RTI cycle took 0.019s
RTI cycle took 0.037s
RTI cycle took 0.031s
RTI cycle took 0.026s
RTI cycle took 0.030s
RTI cycle took 0.036s
RTI cycle took 0.032s
RTI cycle took 0.025s
RTI cycle took 0.044s
RTI cycle took 0.039s
RTI cycle took 0.025s
RTI cycle took 0.038s
RTI cycle took 0.033s
RTI cycle took 0.025s
RTI cycle took 0.027s
RTI cycle took 0.030s
RTI cycle took 0.016s
RTI cycle took 0.028s
RTI cycle took 0.023s
RTI cycle took 0.036s
RTI cycle took 0.037s
RTI cycle took 0.015s
RTI cycle took 0.041s
RTI cycle took 0.038s
RTI cycle took 0.022s
RTI cycle took 0.030s
RTI cycle took 0.019s
RTI cycle took 0.025s
RTI cycle took 0.059s
RTI cycle took 0.041s
RTI cycle took 0.023s
RTI cycle took 0.026s
RTI cycle took 0.041s
RTI cycle took 0.040s
RTI cycle took 0.024s
RTI cycle took 0.040s
RTI cycle took 0.019s
RTI cycle took 0.038s
RTI cycle took 0.028s
RTI cycle took 0.016s
RTI cycle took 0.034s
RTI cycle took 0.018s
RTI cycle took 0.027s
RTI cycle took 0.042s
RTI cycle took 0.038s
RTI cycle took 0.020s
RTI cycle took 0.019s
RTI cycle took 0.023s
RTI cycle took 0.030s
RTI cycle took 0.040s
RTI cycle took 0.013s
RTI cycle took 0.026s
RTI cycle took 0.040s
RTI cycle took 0.024s
RTI cycle took 0.032s
RTI cycle took 0.025s
RTI cycle took 0.030s
RTI cycle took 0.018s
RTI cycle took 0.027s
RTI cycle took 0.017s
RTI cycle took 0.024s
RTI cycle took 0.018s
RTI cycle took 0.026s
RTI cycle took 0.027s
RTI cycle took 0.029s
RTI cycle took 0.034s
RTI cycle took 0.015s
RTI cycle took 0.035s
RTI cycle took 0.027s
RTI cycle took 0.029s
RTI cycle took 0.042s
RTI cycle took 0.043s
RTI cycle took 0.022s
RTI cycle took 0.024s
RTI cycle took 0.026s
RTI cycle took 0.022s
RTI cycle took 0.026s
RTI cycle took 0.031s
RTI cycle took 0.041s
RTI cycle took 0.015s
RTI cycle took 0.016s
RTI cycle took 0.022s
RTI cycle took 0.035s
RTI cycle took 0.024s
RTI cycle took 0.031s
RTI cycle took 0.042s
RTI cycle took 0.027s
RTI cycle took 0.015s
RTI cycle took 0.014s
RTI cycle took 0.022s
RTI cycle took 0.042s
RTI cycle took 0.026s
RTI cycle took 0.030s
RTI cycle took 0.034s
RTI cycle took 0.015s
RTI cycle took 0.025s
RTI cycle took 0.017s
RTI cycle took 0.027s
RTI cycle took 0.018s
RTI cycle took 0.029s
RTI cycle took 0.016s
RTI cycle took 0.034s
RTI cycle took 0.033s
RTI cycle took 0.030s
RTI cycle took 0.026s
RTI cycle took 0.041s
RTI cycle took 0.013s
RTI cycle took 0.033s
RTI cycle took 0.037s
RTI cycle took 0.019s
RTI cycle took 0.039s
RTI cycle took 0.026s
RTI cycle took 0.030s
RTI cycle took 0.041s
RTI cycle took 0.018s
RTI cycle took 0.020s
RTI cycle took 0.023s
RTI cycle took 0.025s
[32mloggerd[0m [32mencoderd[0m [32mlogmessaged[0m [32mcamerad[0m [32mlogcatd[0m [32mproclogd[0m [32mmicd[0m [32mtimed[0m [32mdmonitoringmodeld[0m [32msensord[0m [32mui[0m [32msoundd[0m [32mlocationd[0m [32mcalibrationd[0m [32mtorqued[0m [32mcontrolsd[0m [32mselfdrived[0m [32mcard[0m [32mdeleter[0m [32mdmonitoringd[0m [32mqcomgpsd[0m [32mpandad[0m [32mparamsd[0m [32mlagd[0m [32mplannerd[0m [32mradard[0m [32mhardwared[0m [32mtombstoned[0m [32muploader[0m [32mstatsd[0m [32mfeedbackd[0m [32mmodeld_tinygrad[0m [32mmapd[0m [32mmapd_manager[0m [31mmtscd[0m [32mrtid[0m
[32mloggerd[0m [32mencoderd[0m [32mlogmessaged[0m [32mcamerad[0m [32mlogcatd[0m [32mproclogd[0m [32mmicd[0m [32mtimed[0m [32mdmonitoringmodeld[0m [32msensord[0m [32mui[0m [32msoundd[0m [32mlocationd[0m [32mcalibrationd[0m [32mtorqued[0m [32mcontrolsd[0m [32mselfdrived[0m [32mcard[0m [32mdeleter[0m [32mdmonitoringd[0m [32mqcomgpsd[0m [32mpandad[0m [32mparamsd[0m [32mlagd[0m [32mplannerd[0m [32mradard[0m [32mhardwared[0m [32mtombstoned[0m [32muploader[0m [32mstatsd[0m [32mfeedbackd[0m [32mmodeld_tinygrad[0m [32mmapd[0m [32mmapd_manager[0m [31mmtscd[0m [32mrtid[0m
[32mloggerd[0m [32mencoderd[0m [32mlogmessaged[0m [32mcamerad[0m [32mlogcatd[0m [32mproclogd[0m [32mmicd[0m [32mtimed[0m [32mdmonitoringmodeld[0m [32msensord[0m [32mui[0m [32msoundd[0m [32mlocationd[0m [32mcalibrationd[0m [32mtorqued[0m [32mcontrolsd[0m [32mselfdrived[0m [32mcard[0m [32mdeleter[0m [32mdmonitoringd[0m [32mqcomgpsd[0m [32mpandad[0m [32mparamsd[0m [32mlagd[0m [32mplannerd[0m [32mradard[0m [32mhardwared[0m [32mtombstoned[0m [32muploader[0m [32mstatsd[0m [32mfeedbackd[0m [32mmodeld_tinygrad[0m [32mmapd[0m [32mmapd_manager[0m [31mmtscd[0m [32mrtid[0m
[32mloggerd[0m [32mencoderd[0m [32mlogmessaged[0m [32mcamerad[0m [32mlogcatd[0m [32mproclogd[0m [32mmicd[0m [32mtimed[0m [32mdmonitoringmodeld[0m [32msensord[0m [32mui[0m [32msoundd[0m [32mlocationd[0m [32mcalibrationd[0m [32mtorqued[0m [32mcontrolsd[0m [32mselfdrived[0m [32mcard[0m [32mdeleter[0m [32mdmonitoringd[0m [32mqcomgpsd[0m [32mpandad[0m [32mparamsd[0m [32mlagd[0m [32mplannerd[0m [32mradard[0m [32mhardwared[0m [32mtombstoned[0m [32muploader[0m [32mstatsd[0m [32mfeedbackd[0m [32mmodeld_tinygrad[0m [32mmapd[0m [32mmapd_manager[0m [31mmtscd[0m [32mrtid[0m
[32mloggerd[0m [32mencoderd[0m [32mlogmessaged[0m [32mcamerad[0m [32mlogcatd[0m [32mproclogd[0m [32mmicd[0m [32mtimed[0m [32mdmonitoringmodeld[0m [32msensord[0m [32mui[0m [32msoundd[0m [32mlocationd[0m [32mcalibrationd[0m [32mtorqued[0m [32mcontrolsd[0m [32mselfdrived[0m [32mcard[0m [32mdeleter[0m [32mdmonitoringd[0m [32mqcomgpsd[0m [32mpandad[0m [32mparamsd[0m [32mlagd[0m [32mplannerd[0m [32mradard[0m [32mhardwared[0m [32mtombstoned[0m [32muploader[0m [32mstatsd[0m [32mfeedbackd[0m [32mmodeld_tinygrad[0m [32mmapd[0m [32mmapd_manager[0m [31mmtscd[0m [32mrtid[0m
[32mloggerd[0m [32mencoderd[0m [32mlogmessaged[0m [32mcamerad[0m [32mlogcatd[0m [32mproclogd[0m [32mmicd[0m [32mtimed[0m [32mdmonitoringmodeld[0m [32msensord[0m [32mui[0m [32msoundd[0m [32mlocationd[0m [32mcalibrationd[0m [32mtorqued[0m [32mcontrolsd[0m [32mselfdrived[0m [32mcard[0m [32mdeleter[0m [32mdmonitoringd[0m [32mqcomgpsd[0m [32mpandad[0m [32mparamsd[0m [32mlagd[0m [32mplannerd[0m [32mradard[0m [32mhardwared[0m [32mtombstoned[0m [32muploader[0m [32mstatsd[0m [32mfeedbackd[0m [32mmodeld_tinygrad[0m [32mmapd[0m [32mmapd_manager[0m [31mmtscd[0m [32mrtid[0m
[32mloggerd[0m [32mencoderd[0m [32mlogmessaged[0m [32mcamerad[0m [32mlogcatd[0m [32mproclogd[0m [32mmicd[0m [32mtimed[0m [32mdmonitoringmodeld[0m [32msensord[0m [32mui[0m [32msoundd[0m [32mlocationd[0m [32mcalibrationd[0m [32mtorqued[0m [32mcontrolsd[0m [32mselfdrived[0m [32mcard[0m [32mdeleter[0m [32mdmonitoringd[0m [32mqcomgpsd[0m [32mpandad[0m [32mparamsd[0m [32mlagd[0m [32mplannerd[0m [32mradard[0m [32mhardwared[0m [32mtombstoned[0m [32muploader[0m [32mstatsd[0m [32mfeedbackd[0m [32mmodeld_tinygrad[0m [32mmapd[0m [32mmapd_manager[0m [31mmtscd[0m [32mrtid[0m
[32mloggerd[0m [32mencoderd[0m [32mlogmessaged[0m [32mcamerad[0m [32mlogcatd[0m [32mproclogd[0m [32mmicd[0m [32mtimed[0m [32mdmonitoringmodeld[0m [32msensord[0m [32mui[0m [32msoundd[0m [32mlocationd[0m [32mcalibrationd[0m [32mtorqued[0m [32mcontrolsd[0m [32mselfdrived[0m [32mcard[0m [32mdeleter[0m [32mdmonitoringd[0m [32mqcomgpsd[0m [32mpandad[0m [32mparamsd[0m [32mlagd[0m [32mplannerd[0m [32mradard[0m [32mhardwared[0m [32mtombstoned[0m [32muploader[0m [32mstatsd[0m [32mfeedbackd[0m [32mmodeld_tinygrad[0m [32mmapd[0m [32mmapd_manager[0m [31mmtscd[0m [32mrtid[0m
[32mloggerd[0m [32mencoderd[0m [32mlogmessaged[0m [32mcamerad[0m [32mlogcatd[0m [32mproclogd[0m [32mmicd[0m [32mtimed[0m [32mdmonitoringmodeld[0m [32msensord[0m [32mui[0m [32msoundd[0m [32mlocationd[0m [32mcalibrationd[0m [32mtorqued[0m [32mcontrolsd[0m [32mselfdrived[0m [32mcard[0m [32mdeleter[0m [32mdmonitoringd[0m [32mqcomgpsd[0m [32mpandad[0m [32mparamsd[0m [32mlagd[0m [32mplannerd[0m [32mradard[0m [32mhardwared[0m [32mtombstoned[0m [32muploader[0m [32mstatsd[0m [32mfeedbackd[0m [32mmodeld_tinygrad[0m [32mmapd[0m [32mmapd_manager[0m [31mmtscd[0m [32mrtid[0m
[32mloggerd[0m [32mencoderd[0m [32mlogmessaged[0m [32mcamerad[0m [32mlogcatd[0m [32mproclogd[0m [32mmicd[0m [32mtimed[0m [32mdmonitoringmodeld[0m [32msensord[0m [32mui[0m [32msoundd[0m [32mlocationd[0m [32mcalibrationd[0m [32mtorqued[0m [32mcontrolsd[0m [32mselfdrived[0m [32mcard[0m [32mdeleter[0m [32mdmonitoringd[0m [32mqcomgpsd[0m [32mpandad[0m [32mparamsd[0m [32mlagd[0m [32mplannerd[0m [32mradard[0m [32mhardwared[0m [32mtombstoned[0m [32muploader[0m [32mstatsd[0m [32mfeedbackd[0m [32mmodeld_tinygrad[0m [32mmapd[0m [32mmapd_manager[0m [31mmtscd[0m [32mrtid[0m
[32mloggerd[0m [32mencoderd[0m [32mlogmessaged[0m [32mcamerad[0m [32mlogcatd[0m [32mproclogd[0m [32mmicd[0m [32mtimed[0m [32mdmonitoringmodeld[0m [32msensord[0m [32mui[0m [32msoundd[0m [32mlocationd[0m [32mcalibrationd[0m [32mtorqued[0m [32mcontrolsd[0m [32mselfdrived[0m [32mcard[0m [32mdeleter[0m [32mdmonitoringd[0m [32mqcomgpsd[0m [32mpandad[0m [32mparamsd[0m [32mlagd[0m [32mplannerd[0m [32mradard[0m [32mhardwared[0m [32mtombstoned[0m [32muploader[0m [32mstatsd[0m [32mfeedbackd[0m [32mmodeld_tinygrad[0m [32mmapd[0m [32mmapd_manager[0m [31mmtscd[0m [32mrtid[0m
[32mloggerd[0m [32mencoderd[0m [32mlogmessaged[0m [32mcamerad[0m [32mlogcatd[0m [32mproclogd[0m [32mmicd[0m [32mtimed[0m [32mdmonitoringmodeld[0m [32msensord[0m [32mui[0m [32msoundd[0m [32mlocationd[0m [32mcalibrationd[0m [32mtorqued[0m [32mcontrolsd[0m [32mselfdrived[0m [32mcard[0m [32mdeleter[0m [32mdmonitoringd[0m [32mqcomgpsd[0m [32mpandad[0m [32mparamsd[0m [32mlagd[0m [32mplannerd[0m [32mradard[0m [32mhardwared[0m [32mtombstoned[0m [32muploader[0m [32mstatsd[0m [32mfeedbackd[0m [32mmodeld_tinygrad[0m [32mmapd[0m [32mmapd_manager[0m [31mmtscd[0m [32mrtid[0m
RTI cycle took 0.035s
RTI cycle took 0.030s
RTI cycle took 0.043s
RTI cycle took 0.015s
RTI cycle took 0.025s
RTI cycle took 0.017s
RTI cycle took 0.028s
RTI cycle took 0.018s
RTI cycle took 0.020s
RTI cycle took 0.021s
RTI cycle took 0.032s
RTI cycle took 0.027s
RTI cycle took 0.030s
RTI cycle took 0.035s
RTI cycle took 0.023s
RTI cycle took 0.030s
RTI cycle took 0.041s
RTI cycle took 0.031s
RTI cycle took 0.026s
RTI cycle took 0.030s
RTI cycle took 0.026s
RTI cycle took 0.033s
RTI cycle took 0.032s
RTI cycle took 0.025s
RTI cycle took 0.027s
RTI cycle took 0.029s
RTI cycle took 0.042s
RTI cycle took 0.017s
RTI cycle took 0.029s
RTI cycle took 0.029s
RTI cycle took 0.028s
RTI cycle took 0.040s
RTI cycle took 0.028s
RTI cycle took 0.039s
RTI cycle took 0.031s
RTI cycle took 0.029s
RTI cycle took 0.027s
RTI cycle took 0.033s
RTI cycle took 0.024s
RTI cycle took 0.033s
RTI cycle took 0.025s
RTI cycle took 0.018s
RTI cycle took 0.016s
RTI cycle took 0.027s
RTI cycle took 0.026s
RTI cycle took 0.029s
RTI cycle took 0.043s
RTI cycle took 0.025s
RTI cycle took 0.038s
RTI cycle took 0.035s
RTI cycle took 0.038s
RTI cycle took 0.017s
RTI cycle took 0.027s
RTI cycle took 0.026s
RTI cycle took 0.023s
RTI cycle took 0.025s
RTI cycle took 0.032s
RTI cycle took 0.040s
RTI cycle took 0.024s
RTI cycle took 0.034s
RTI cycle took 0.038s
RTI cycle took 0.030s
RTI cycle took 0.026s
RTI cycle took 0.042s
RTI cycle took 0.022s
RTI cycle took 0.031s
RTI cycle took 0.035s
RTI cycle took 0.015s
RTI cycle took 0.028s
RTI cycle took 0.015s
RTI cycle took 0.026s
RTI cycle took 0.026s
RTI cycle took 0.019s
RTI cycle took 0.018s
RTI cycle took 0.028s
RTI cycle took 0.040s
RTI cycle took 0.025s
RTI cycle took 0.027s
RTI cycle took 0.040s
RTI cycle took 0.026s
RTI cycle took 0.020s
RTI cycle took 0.026s
RTI cycle took 0.028s
RTI cycle took 0.031s
RTI cycle took 0.026s
RTI cycle took 0.042s
RTI cycle took 0.041s
RTI cycle took 0.025s
RTI cycle took 0.027s
RTI cycle took 0.029s
RTI cycle took 0.028s
RTI cycle took 0.042s
RTI cycle took 0.040s
RTI cycle took 0.035s
RTI cycle took 0.030s
RTI cycle took 0.041s
RTI cycle took 0.042s
RTI cycle took 0.015s
RTI cycle took 0.032s
RTI cycle took 0.020s
RTI cycle took 0.033s
RTI cycle took 0.018s
RTI cycle took 0.025s
RTI cycle took 0.041s
RTI cycle took 0.015s
RTI cycle took 0.035s
RTI cycle took 0.017s
RTI cycle took 0.029s
RTI cycle took 0.033s
RTI cycle took 0.022s
RTI cycle took 0.034s
RTI cycle took 0.025s
RTI cycle took 0.031s
RTI cycle took 0.041s
RTI cycle took 0.015s
RTI cycle took 0.030s
RTI cycle took 0.033s
RTI cycle took 0.030s
RTI cycle took 0.041s
RTI cycle took 0.015s
RTI cycle took 0.018s
RTI cycle took 0.023s
RTI cycle took 0.033s
RTI cycle took 0.015s
RTI cycle took 0.033s
RTI cycle took 0.036s
RTI cycle took 0.024s
RTI cycle took 0.031s
RTI cycle took 0.040s
RTI cycle took 0.025s
RTI cycle took 0.039s
RTI cycle took 0.035s
RTI cycle took 0.013s
RTI cycle took 0.036s
RTI cycle took 0.039s
RTI cycle took 0.015s
RTI cycle took 0.035s
RTI cycle took 0.039s
RTI cycle took 0.017s
RTI cycle took 0.030s
RTI cycle took 0.022s
RTI cycle took 0.032s
RTI cycle took 0.041s
RTI cycle took 0.026s
RTI cycle took 0.028s
RTI cycle took 0.042s
RTI cycle took 0.038s
RTI cycle took 0.046s
RTI cycle took 0.030s
RTI cycle took 0.031s
RTI cycle took 0.038s
RTI cycle took 0.014s
RTI cycle took 0.040s
RTI cycle took 0.019s
RTI cycle took 0.032s
RTI cycle took 0.040s
RTI cycle took 0.035s
RTI cycle took 0.037s
RTI cycle took 0.033s
RTI cycle took 0.041s
RTI cycle took 0.025s
RTI cycle took 0.031s
RTI cycle took 0.016s
RTI cycle took 0.027s
RTI cycle took 0.018s
RTI cycle took 0.027s
RTI cycle took 0.018s
RTI cycle took 0.040s
RTI cycle took 0.029s
RTI cycle took 0.022s
RTI cycle took 0.041s
RTI cycle took 0.064s
RTI cycle took 0.025s
RTI cycle took 0.035s
RTI cycle took 0.023s
RTI cycle took 0.023s
RTI cycle took 0.050s
RTI cycle took 0.035s
RTI cycle took 0.043s
RTI cycle took 0.037s
RTI cycle took 0.035s
RTI cycle took 0.018s
RTI cycle took 0.035s
RTI cycle took 0.035s
RTI cycle took 0.039s
RTI cycle took 0.035s
RTI cycle took 0.018s
RTI cycle took 0.041s
RTI cycle took 0.036s
[32mloggerd[0m [32mencoderd[0m [32mlogmessaged[0m [32mcamerad[0m [32mlogcatd[0m [32mproclogd[0m [32mmicd[0m [32mtimed[0m [32mdmonitoringmodeld[0m [32msensord[0m [32mui[0m [32msoundd[0m [32mlocationd[0m [32mcalibrationd[0m [32mtorqued[0m [32mcontrolsd[0m [32mselfdrived[0m [32mcard[0m [32mdeleter[0m [32mdmonitoringd[0m [32mqcomgpsd[0m [32mpandad[0m [32mparamsd[0m [32mlagd[0m [32mplannerd[0m [32mradard[0m [32mhardwared[0m [32mtombstoned[0m [32muploader[0m [32mstatsd[0m [32mfeedbackd[0m [32mmodeld_tinygrad[0m [32mmapd[0m [32mmapd_manager[0m [31mmtscd[0m [32mrtid[0m
[32mloggerd[0m [32mencoderd[0m [32mlogmessaged[0m [32mcamerad[0m [32mlogcatd[0m [32mproclogd[0m [32mmicd[0m [32mtimed[0m [32mdmonitoringmodeld[0m [32msensord[0m [32mui[0m [32msoundd[0m [32mlocationd[0m [32mcalibrationd[0m [32mtorqued[0m [32mcontrolsd[0m [32mselfdrived[0m [32mcard[0m [32mdeleter[0m [32mdmonitoringd[0m [32mqcomgpsd[0m [32mpandad[0m [32mparamsd[0m [32mlagd[0m [32mplannerd[0m [32mradard[0m [32mhardwared[0m [32mtombstoned[0m [32muploader[0m [32mstatsd[0m [32mfeedbackd[0m [32mmodeld_tinygrad[0m [32mmapd[0m [32mmapd_manager[0m [31mmtscd[0m [32mrtid[0m
[32mloggerd[0m [32mencoderd[0m [32mlogmessaged[0m [32mcamerad[0m [32mlogcatd[0m [32mproclogd[0m [32mmicd[0m [32mtimed[0m [32mdmonitoringmodeld[0m [32msensord[0m [32mui[0m [32msoundd[0m [32mlocationd[0m [32mcalibrationd[0m [32mtorqued[0m [32mcontrolsd[0m [32mselfdrived[0m [32mcard[0m [32mdeleter[0m [32mdmonitoringd[0m [32mqcomgpsd[0m [32mpandad[0m [32mparamsd[0m [32mlagd[0m [32mplannerd[0m [32mradard[0m [32mhardwared[0m [32mtombstoned[0m [32muploader[0m [32mstatsd[0m [32mfeedbackd[0m [32mmodeld_tinygrad[0m [32mmapd[0m [32mmapd_manager[0m [31mmtscd[0m [32mrtid[0m
[32mloggerd[0m [32mencoderd[0m [32mlogmessaged[0m [32mcamerad[0m [32mlogcatd[0m [32mproclogd[0m [32mmicd[0m [32mtimed[0m [32mdmonitoringmodeld[0m [32msensord[0m [32mui[0m [32msoundd[0m [32mlocationd[0m [32mcalibrationd[0m [32mtorqued[0m [32mcontrolsd[0m [32mselfdrived[0m [32mcard[0m [32mdeleter[0m [32mdmonitoringd[0m [32mqcomgpsd[0m [32mpandad[0m [32mparamsd[0m [32mlagd[0m [32mplannerd[0m [32mradard[0m [32mhardwared[0m [32mtombstoned[0m [32muploader[0m [32mstatsd[0m [32mfeedbackd[0m [32mmodeld_tinygrad[0m [32mmapd[0m [32mmapd_manager[0m [31mmtscd[0m [32mrtid[0m
[32mloggerd[0m [32mencoderd[0m [32mlogmessaged[0m [32mcamerad[0m [32mlogcatd[0m [32mproclogd[0m [32mmicd[0m [32mtimed[0m [32mdmonitoringmodeld[0m [32msensord[0m [32mui[0m [32msoundd[0m [32mlocationd[0m [32mcalibrationd[0m [32mtorqued[0m [32mcontrolsd[0m [32mselfdrived[0m [32mcard[0m [32mdeleter[0m [32mdmonitoringd[0m [32mqcomgpsd[0m [32mpandad[0m [32mparamsd[0m [32mlagd[0m [32mplannerd[0m [32mradard[0m [32mhardwared[0m [32mtombstoned[0m [32muploader[0m [32mstatsd[0m [32mfeedbackd[0m [32mmodeld_tinygrad[0m [32mmapd[0m [32mmapd_manager[0m [31mmtscd[0m [32mrtid[0m
[32mloggerd[0m [32mencoderd[0m [32mlogmessaged[0m [32mcamerad[0m [32mlogcatd[0m [32mproclogd[0m [32mmicd[0m [32mtimed[0m [32mdmonitoringmodeld[0m [32msensord[0m [32mui[0m [32msoundd[0m [32mlocationd[0m [32mcalibrationd[0m [32mtorqued[0m [32mcontrolsd[0m [32mselfdrived[0m [32mcard[0m [32mdeleter[0m [32mdmonitoringd[0m [32mqcomgpsd[0m [32mpandad[0m [32mparamsd[0m [32mlagd[0m [32mplannerd[0m [32mradard[0m [32mhardwared[0m [32mtombstoned[0m [32muploader[0m [32mstatsd[0m [32mfeedbackd[0m [32mmodeld_tinygrad[0m [32mmapd[0m [32mmapd_manager[0m [31mmtscd[0m [32mrtid[0m
[32mloggerd[0m [32mencoderd[0m [32mlogmessaged[0m [32mcamerad[0m [32mlogcatd[0m [32mproclogd[0m [32mmicd[0m [32mtimed[0m [32mdmonitoringmodeld[0m [32msensord[0m [32mui[0m [32msoundd[0m [32mlocationd[0m [32mcalibrationd[0m [32mtorqued[0m [32mcontrolsd[0m [32mselfdrived[0m [32mcard[0m [32mdeleter[0m [32mdmonitoringd[0m [32mqcomgpsd[0m [32mpandad[0m [32mparamsd[0m [32mlagd[0m [32mplannerd[0m [32mradard[0m [32mhardwared[0m [32mtombstoned[0m [32muploader[0m [32mstatsd[0m [32mfeedbackd[0m [32mmodeld_tinygrad[0m [32mmapd[0m [32mmapd_manager[0m [31mmtscd[0m [32mrtid[0m
[32mloggerd[0m [32mencoderd[0m [32mlogmessaged[0m [32mcamerad[0m [32mlogcatd[0m [32mproclogd[0m [32mmicd[0m [32mtimed[0m [32mdmonitoringmodeld[0m [32msensord[0m [32mui[0m [32msoundd[0m [32mlocationd[0m [32mcalibrationd[0m [32mtorqued[0m [32mcontrolsd[0m [32mselfdrived[0m [32mcard[0m [32mdeleter[0m [32mdmonitoringd[0m [32mqcomgpsd[0m [32mpandad[0m [32mparamsd[0m [32mlagd[0m [32mplannerd[0m [32mradard[0m [32mhardwared[0m [32mtombstoned[0m [32muploader[0m [32mstatsd[0m [32mfeedbackd[0m [32mmodeld_tinygrad[0m [32mmapd[0m [32mmapd_manager[0m [31mmtscd[0m [32mrtid[0m
[32mloggerd[0m [32mencoderd[0m [32mlogmessaged[0m [32mcamerad[0m [32mlogcatd[0m [32mproclogd[0m [32mmicd[0m [32mtimed[0m [32mdmonitoringmodeld[0m [32msensord[0m [32mui[0m [32msoundd[0m [32mlocationd[0m [32mcalibrationd[0m [32mtorqued[0m [32mcontrolsd[0m [32mselfdrived[0m [32mcard[0m [32mdeleter[0m [32mdmonitoringd[0m [32mqcomgpsd[0m [32mpandad[0m [32mparamsd[0m [32mlagd[0m [32mplannerd[0m [32mradard[0m [32mhardwared[0m [32mtombstoned[0m [32muploader[0m [32mstatsd[0m [32mfeedbackd[0m [32mmodeld_tinygrad[0m [32mmapd[0m [32mmapd_manager[0m [31mmtscd[0m [32mrtid[0m
[32mloggerd[0m [32mencoderd[0m [32mlogmessaged[0m [32mcamerad[0m [32mlogcatd[0m [32mproclogd[0m [32mmicd[0m [32mtimed[0m [32mdmonitoringmodeld[0m [32msensord[0m [32mui[0m [32msoundd[0m [32mlocationd[0m [32mcalibrationd[0m [32mtorqued[0m [32mcontrolsd[0m [32mselfdrived[0m [32mcard[0m [32mdeleter[0m [32mdmonitoringd[0m [32mqcomgpsd[0m [32mpandad[0m [32mparamsd[0m [32mlagd[0m [32mplannerd[0m [32mradard[0m [32mhardwared[0m [32mtombstoned[0m [32muploader[0m [32mstatsd[0m [32mfeedbackd[0m [32mmodeld_tinygrad[0m [32mmapd[0m [32mmapd_manager[0m [31mmtscd[0m [32mrtid[0m
[32mloggerd[0m [32mencoderd[0m [32mlogmessaged[0m [32mcamerad[0m [32mlogcatd[0m [32mproclogd[0m [32mmicd[0m [32mtimed[0m [32mdmonitoringmodeld[0m [32msensord[0m [32mui[0m [32msoundd[0m [32mlocationd[0m [32mcalibrationd[0m [32mtorqued[0m [32mcontrolsd[0m [32mselfdrived[0m [32mcard[0m [32mdeleter[0m [32mdmonitoringd[0m [32mqcomgpsd[0m [32mpandad[0m [32mparamsd[0m [32mlagd[0m [32mplannerd[0m [32mradard[0m [32mhardwared[0m [32mtombstoned[0m [32muploader[0m [32mstatsd[0m [32mfeedbackd[0m [32mmodeld_tinygrad[0m [32mmapd[0m [32mmapd_manager[0m [31mmtscd[0m [32mrtid[0m
[32mloggerd[0m [32mencoderd[0m [32mlogmessaged[0m [32mcamerad[0m [32mlogcatd[0m [32mproclogd[0m [32mmicd[0m [32mtimed[0m [32mdmonitoringmodeld[0m [32msensord[0m [32mui[0m [32msoundd[0m [32mlocationd[0m [32mcalibrationd[0m [32mtorqued[0m [32mcontrolsd[0m [32mselfdrived[0m [32mcard[0m [32mdeleter[0m [32mdmonitoringd[0m [32mqcomgpsd[0m [32mpandad[0m [32mparamsd[0m [32mlagd[0m [32mplannerd[0m [32mradard[0m [32mhardwared[0m [32mtombstoned[0m [32muploader[0m [32mstatsd[0m [32mfeedbackd[0m [32mmodeld_tinygrad[0m [32mmapd[0m [32mmapd_manager[0m [31mmtscd[0m [32mrtid[0m
RTI cycle took 0.039s
RTI cycle took 0.034s
RTI cycle took 0.040s
RTI cycle took 0.017s
RTI cycle took 0.037s
RTI cycle took 0.040s
RTI cycle took 0.035s
RTI cycle took 0.043s
RTI cycle took 0.026s
RTI cycle took 0.023s
RTI cycle took 0.018s
RTI cycle took 0.034s
RTI cycle took 0.039s
RTI cycle took 0.041s
RTI cycle took 0.042s
RTI cycle took 0.041s
RTI cycle took 0.038s
RTI cycle took 0.023s
RTI cycle took 0.026s
RTI cycle took 0.042s
RTI cycle took 0.034s
RTI cycle took 0.018s
RTI cycle took 0.027s
RTI cycle took 0.051s
RTI cycle took 0.029s
RTI cycle took 0.023s
RTI cycle took 0.033s
RTI cycle took 0.026s
RTI cycle took 0.030s
RTI cycle took 0.039s
RTI cycle took 0.017s
RTI cycle took 0.029s
RTI cycle took 0.016s
RTI cycle took 0.025s
RTI cycle took 0.050s
RTI cycle took 0.017s
RTI cycle took 0.025s
RTI cycle took 0.033s
RTI cycle took 0.033s
RTI cycle took 0.040s
RTI cycle took 0.019s
RTI cycle took 0.027s
RTI cycle took 0.035s
RTI cycle took 0.023s
RTI cycle took 0.024s
RTI cycle took 0.037s
RTI cycle took 0.037s
RTI cycle took 0.030s
RTI cycle took 0.018s
RTI cycle took 0.036s
RTI cycle took 0.020s
RTI cycle took 0.027s
RTI cycle took 0.042s
RTI cycle took 0.016s
RTI cycle took 0.036s
RTI cycle took 0.055s
RTI cycle took 0.023s
RTI cycle took 0.041s
RTI cycle took 0.026s
RTI cycle took 0.028s
RTI cycle took 0.027s
RTI cycle took 0.033s
RTI cycle took 0.013s
RTI cycle took 0.032s
RTI cycle took 0.018s
RTI cycle took 0.020s
RTI cycle took 0.017s
RTI cycle took 0.032s
RTI cycle took 0.037s
RTI cycle took 0.020s
RTI cycle took 0.039s
RTI cycle took 0.019s
RTI cycle took 0.028s
RTI cycle took 0.041s
RTI cycle took 0.046s
RTI cycle took 0.014s
RTI cycle took 0.030s
RTI cycle took 0.042s
RTI cycle took 0.014s
RTI cycle took 0.035s
RTI cycle took 0.041s
RTI cycle took 0.026s
RTI cycle took 0.039s
RTI cycle took 0.033s
RTI cycle took 0.025s
RTI cycle took 0.026s
RTI cycle took 0.041s
RTI cycle took 0.014s
RTI cycle took 0.015s
RTI cycle took 0.022s
RTI cycle took 0.034s
RTI cycle took 0.025s
RTI cycle took 0.031s
RTI cycle took 0.032s
RTI cycle took 0.017s
RTI cycle took 0.023s
RTI cycle took 0.029s
RTI cycle took 0.041s
RTI cycle took 0.019s
RTI cycle took 0.028s
RTI cycle took 0.042s
RTI cycle took 0.023s
RTI cycle took 0.032s
RTI cycle took 0.040s
RTI cycle took 0.017s
RTI cycle took 0.030s
RTI cycle took 0.025s
RTI cycle took 0.029s
RTI cycle took 0.046s
RTI cycle took 0.022s
RTI cycle took 0.042s
RTI cycle took 0.016s
RTI cycle took 0.023s
RTI cycle took 0.034s
RTI cycle took 0.024s
RTI cycle took 0.027s
RTI cycle took 0.029s
RTI cycle took 0.027s
RTI cycle took 0.022s
RTI cycle took 0.027s
RTI cycle took 0.021s
RTI cycle took 0.029s
RTI cycle took 0.016s
RTI cycle took 0.024s
RTI cycle took 0.034s
RTI cycle took 0.024s
RTI cycle took 0.032s
RTI cycle took 0.018s
RTI cycle took 0.026s
RTI cycle took 0.046s
RTI cycle took 0.030s
RTI cycle took 0.030s
RTI cycle took 0.033s
RTI cycle took 0.014s
RTI cycle took 0.035s
RTI cycle took 0.019s
RTI cycle took 0.028s
RTI cycle took 0.045s
RTI cycle took 0.014s
RTI cycle took 0.030s
RTI cycle took 0.043s
RTI cycle took 0.018s
RTI cycle took 0.034s
RTI cycle took 0.043s
RTI cycle took 0.014s
RTI cycle took 0.034s
RTI cycle took 0.042s
RTI cycle took 0.014s
RTI cycle took 0.029s
RTI cycle took 0.024s
RTI cycle took 0.024s
RTI cycle took 0.023s
RTI cycle took 0.033s
RTI cycle took 0.045s
RTI cycle took 0.023s
RTI cycle took 0.037s
RTI cycle took 0.033s
RTI cycle took 0.016s
RTI cycle took 0.027s
RTI cycle took 0.037s
RTI cycle took 0.028s
RTI cycle took 0.041s
RTI cycle took 0.029s
RTI cycle took 0.027s
RTI cycle took 0.042s
RTI cycle took 0.026s
RTI cycle took 0.030s
RTI cycle took 0.032s
RTI cycle took 0.026s
RTI cycle took 0.041s
RTI cycle took 0.037s
RTI cycle took 0.030s
RTI cycle took 0.018s
RTI cycle took 0.027s
RTI cycle took 0.029s
RTI cycle took 0.044s
RTI cycle took 0.024s
RTI cycle took 0.028s
RTI cycle took 0.033s
RTI cycle took 0.025s
RTI cycle took 0.039s
RTI cycle took 0.023s
RTI cycle took 0.025s
RTI cycle took 0.020s
RTI cycle took 0.029s
RTI cycle took 0.030s
RTI cycle took 0.023s
RTI cycle took 0.037s
RTI cycle took 0.034s
RTI cycle took 0.024s
RTI cycle took 0.025s
[32mloggerd[0m [32mencoderd[0m [32mlogmessaged[0m [32mcamerad[0m [32mlogcatd[0m [32mproclogd[0m [32mmicd[0m [32mtimed[0m [32mdmonitoringmodeld[0m [32msensord[0m [32mui[0m [32msoundd[0m [32mlocationd[0m [32mcalibrationd[0m [32mtorqued[0m [32mcontrolsd[0m [32mselfdrived[0m [32mcard[0m [32mdeleter[0m [32mdmonitoringd[0m [32mqcomgpsd[0m [32mpandad[0m [32mparamsd[0m [32mlagd[0m [32mplannerd[0m [32mradard[0m [32mhardwared[0m [32mtombstoned[0m [32muploader[0m [32mstatsd[0m [32mfeedbackd[0m [32mmodeld_tinygrad[0m [32mmapd[0m [32mmapd_manager[0m [31mmtscd[0m [32mrtid[0m
[32mloggerd[0m [32mencoderd[0m [32mlogmessaged[0m [32mcamerad[0m [32mlogcatd[0m [32mproclogd[0m [32mmicd[0m [32mtimed[0m [32mdmonitoringmodeld[0m [32msensord[0m [32mui[0m [32msoundd[0m [32mlocationd[0m [32mcalibrationd[0m [32mtorqued[0m [32mcontrolsd[0m [32mselfdrived[0m [32mcard[0m [32mdeleter[0m [32mdmonitoringd[0m [32mqcomgpsd[0m [32mpandad[0m [32mparamsd[0m [32mlagd[0m [32mplannerd[0m [32mradard[0m [32mhardwared[0m [32mtombstoned[0m [32muploader[0m [32mstatsd[0m [32mfeedbackd[0m [32mmodeld_tinygrad[0m [32mmapd[0m [32mmapd_manager[0m [31mmtscd[0m [32mrtid[0m
[32mloggerd[0m [32mencoderd[0m [32mlogmessaged[0m [32mcamerad[0m [32mlogcatd[0m [32mproclogd[0m [32mmicd[0m [32mtimed[0m [32mdmonitoringmodeld[0m [32msensord[0m [32mui[0m [32msoundd[0m [32mlocationd[0m [32mcalibrationd[0m [32mtorqued[0m [32mcontrolsd[0m [32mselfdrived[0m [32mcard[0m [32mdeleter[0m [32mdmonitoringd[0m [32mqcomgpsd[0m [32mpandad[0m [32mparamsd[0m [32mlagd[0m [32mplannerd[0m [32mradard[0m [32mhardwared[0m [32mtombstoned[0m [32muploader[0m [32mstatsd[0m [32mfeedbackd[0m [32mmodeld_tinygrad[0m [32mmapd[0m [32mmapd_manager[0m [31mmtscd[0m [32mrtid[0m
[32mloggerd[0m [32mencoderd[0m [32mlogmessaged[0m [32mcamerad[0m [32mlogcatd[0m [32mproclogd[0m [32mmicd[0m [32mtimed[0m [32mdmonitoringmodeld[0m [32msensord[0m [32mui[0m [32msoundd[0m [32mlocationd[0m [32mcalibrationd[0m [32mtorqued[0m [32mcontrolsd[0m [32mselfdrived[0m [32mcard[0m [32mdeleter[0m [32mdmonitoringd[0m [32mqcomgpsd[0m [32mpandad[0m [32mparamsd[0m [32mlagd[0m [32mplannerd[0m [32mradard[0m [32mhardwared[0m [32mtombstoned[0m [32muploader[0m [32mstatsd[0m [32mfeedbackd[0m [32mmodeld_tinygrad[0m [32mmapd[0m [32mmapd_manager[0m [31mmtscd[0m [32mrtid[0m
[32mloggerd[0m [32mencoderd[0m [32mlogmessaged[0m [32mcamerad[0m [32mlogcatd[0m [32mproclogd[0m [32mmicd[0m [32mtimed[0m [32mdmonitoringmodeld[0m [32msensord[0m [32mui[0m [32msoundd[0m [32mlocationd[0m [32mcalibrationd[0m [32mtorqued[0m [32mcontrolsd[0m [32mselfdrived[0m [32mcard[0m [32mdeleter[0m [32mdmonitoringd[0m [32mqcomgpsd[0m [32mpandad[0m [32mparamsd[0m [32mlagd[0m [32mplannerd[0m [32mradard[0m [32mhardwared[0m [32mtombstoned[0m [32muploader[0m [32mstatsd[0m [32mfeedbackd[0m [32mmodeld_tinygrad[0m [32mmapd[0m [32mmapd_manager[0m [31mmtscd[0m [32mrtid[0m
[32mloggerd[0m [32mencoderd[0m [32mlogmessaged[0m [32mcamerad[0m [32mlogcatd[0m [32mproclogd[0m [32mmicd[0m [32mtimed[0m [32mdmonitoringmodeld[0m [32msensord[0m [32mui[0m [32msoundd[0m [32mlocationd[0m [32mcalibrationd[0m [32mtorqued[0m [32mcontrolsd[0m [32mselfdrived[0m [32mcard[0m [32mdeleter[0m [32mdmonitoringd[0m [32mqcomgpsd[0m [32mpandad[0m [32mparamsd[0m [32mlagd[0m [32mplannerd[0m [32mradard[0m [32mhardwared[0m [32mtombstoned[0m [32muploader[0m [32mstatsd[0m [32mfeedbackd[0m [32mmodeld_tinygrad[0m [32mmapd[0m [32mmapd_manager[0m [31mmtscd[0m [32mrtid[0m
[32mloggerd[0m [32mencoderd[0m [32mlogmessaged[0m [32mcamerad[0m [32mlogcatd[0m [32mproclogd[0m [32mmicd[0m [32mtimed[0m [32mdmonitoringmodeld[0m [32msensord[0m [32mui[0m [32msoundd[0m [32mlocationd[0m [32mcalibrationd[0m [32mtorqued[0m [32mcontrolsd[0m [32mselfdrived[0m [32mcard[0m [32mdeleter[0m [32mdmonitoringd[0m [32mqcomgpsd[0m [32mpandad[0m [32mparamsd[0m [32mlagd[0m [32mplannerd[0m [32mradard[0m [32mhardwared[0m [32mtombstoned[0m [32muploader[0m [32mstatsd[0m [32mfeedbackd[0m [32mmodeld_tinygrad[0m [32mmapd[0m [32mmapd_manager[0m [31mmtscd[0m [32mrtid[0m
[32mloggerd[0m [32mencoderd[0m [32mlogmessaged[0m [32mcamerad[0m [32mlogcatd[0m [32mproclogd[0m [32mmicd[0m [32mtimed[0m [32mdmonitoringmodeld[0m [32msensord[0m [32mui[0m [32msoundd[0m [32mlocationd[0m [32mcalibrationd[0m [32mtorqued[0m [32mcontrolsd[0m [32mselfdrived[0m [32mcard[0m [32mdeleter[0m [32mdmonitoringd[0m [32mqcomgpsd[0m [32mpandad[0m [32mparamsd[0m [32mlagd[0m [32mplannerd[0m [32mradard[0m [32mhardwared[0m [32mtombstoned[0m [32muploader[0m [32mstatsd[0m [32mfeedbackd[0m [32mmodeld_tinygrad[0m [32mmapd[0m [32mmapd_manager[0m [31mmtscd[0m [32mrtid[0m
[32mloggerd[0m [32mencoderd[0m [32mlogmessaged[0m [32mcamerad[0m [32mlogcatd[0m [32mproclogd[0m [32mmicd[0m [32mtimed[0m [32mdmonitoringmodeld[0m [32msensord[0m [32mui[0m [32msoundd[0m [32mlocationd[0m [32mcalibrationd[0m [32mtorqued[0m [32mcontrolsd[0m [32mselfdrived[0m [32mcard[0m [32mdeleter[0m [32mdmonitoringd[0m [32mqcomgpsd[0m [32mpandad[0m [32mparamsd[0m [32mlagd[0m [32mplannerd[0m [32mradard[0m [32mhardwared[0m [32mtombstoned[0m [32muploader[0m [32mstatsd[0m [32mfeedbackd[0m [32mmodeld_tinygrad[0m [32mmapd[0m [32mmapd_manager[0m [31mmtscd[0m [32mrtid[0m
[32mloggerd[0m [32mencoderd[0m [32mlogmessaged[0m [32mcamerad[0m [32mlogcatd[0m [32mproclogd[0m [32mmicd[0m [32mtimed[0m [32mdmonitoringmodeld[0m [32msensord[0m [32mui[0m [32msoundd[0m [32mlocationd[0m [32mcalibrationd[0m [32mtorqued[0m [32mcontrolsd[0m [32mselfdrived[0m [32mcard[0m [32mdeleter[0m [32mdmonitoringd[0m [32mqcomgpsd[0m [32mpandad[0m [32mparamsd[0m [32mlagd[0m [32mplannerd[0m [32mradard[0m [32mhardwared[0m [32mtombstoned[0m [32muploader[0m [32mstatsd[0m [32mfeedbackd[0m [32mmodeld_tinygrad[0m [32mmapd[0m [32mmapd_manager[0m [31mmtscd[0m [32mrtid[0m
[32mloggerd[0m [32mencoderd[0m [32mlogmessaged[0m [32mcamerad[0m [32mlogcatd[0m [32mproclogd[0m [32mmicd[0m [32mtimed[0m [32mdmonitoringmodeld[0m [32msensord[0m [32mui[0m [32msoundd[0m [32mlocationd[0m [32mcalibrationd[0m [32mtorqued[0m [32mcontrolsd[0m [32mselfdrived[0m [32mcard[0m [32mdeleter[0m [32mdmonitoringd[0m [32mqcomgpsd[0m [32mpandad[0m [32mparamsd[0m [32mlagd[0m [32mplannerd[0m [32mradard[0m [32mhardwared[0m [32mtombstoned[0m [32muploader[0m [32mstatsd[0m [32mfeedbackd[0m [32mmodeld_tinygrad[0m [32mmapd[0m [32mmapd_manager[0m [31mmtscd[0m [32mrtid[0m
[32mloggerd[0m [32mencoderd[0m [32mlogmessaged[0m [32mcamerad[0m [32mlogcatd[0m [32mproclogd[0m [32mmicd[0m [32mtimed[0m [32mdmonitoringmodeld[0m [32msensord[0m [32mui[0m [32msoundd[0m [32mlocationd[0m [32mcalibrationd[0m [32mtorqued[0m [32mcontrolsd[0m [32mselfdrived[0m [32mcard[0m [32mdeleter[0m [32mdmonitoringd[0m [32mqcomgpsd[0m [32mpandad[0m [32mparamsd[0m [32mlagd[0m [32mplannerd[0m [32mradard[0m [32mhardwared[0m [32mtombstoned[0m [32muploader[0m [32mstatsd[0m [32mfeedbackd[0m [32mmodeld_tinygrad[0m [32mmapd[0m [32mmapd_manager[0m [31mmtscd[0m [32mrtid[0m
RTI cycle took 0.041s
RTI cycle took 0.015s
RTI cycle took 0.035s
RTI cycle took 0.046s
RTI cycle took 0.020s
RTI cycle took 0.021s
RTI cycle took 0.015s
RTI cycle took 0.020s
RTI cycle took 0.043s
RTI cycle took 0.022s
RTI cycle took 0.044s
RTI cycle took 0.027s
RTI cycle took 0.015s
RTI cycle took 0.034s
RTI cycle took 0.047s
RTI cycle took 0.022s
RTI cycle took 0.027s
RTI cycle took 0.042s
RTI cycle took 0.015s
RTI cycle took 0.034s
RTI cycle took 0.018s
RTI cycle took 0.027s
RTI cycle took 0.027s
RTI cycle took 0.029s
RTI cycle took 0.043s
RTI cycle took 0.019s
RTI cycle took 0.027s
RTI cycle took 0.033s
RTI cycle took 0.015s
RTI cycle took 0.035s
RTI cycle took 0.030s
RTI cycle took 0.035s
RTI cycle took 0.035s
RTI cycle took 0.013s
RTI cycle took 0.034s
RTI cycle took 0.017s
RTI cycle took 0.027s
RTI cycle took 0.043s
RTI cycle took 0.034s
RTI cycle took 0.028s
RTI cycle took 0.034s
RTI cycle took 0.024s
RTI cycle took 0.032s
RTI cycle took 0.018s
RTI cycle took 0.019s
RTI cycle took 0.025s
RTI cycle took 0.042s
RTI cycle took 0.017s
RTI cycle took 0.024s
RTI cycle took 0.031s
RTI cycle took 0.023s
RTI cycle took 0.041s
RTI cycle took 0.033s
RTI cycle took 0.014s
RTI cycle took 0.027s
RTI cycle took 0.015s
RTI cycle took 0.026s
RTI cycle took 0.026s
RTI cycle took 0.037s
RTI cycle took 0.038s
RTI cycle took 0.017s
RTI cycle took 0.037s
RTI cycle took 0.029s
RTI cycle took 0.025s
RTI cycle took 0.031s
RTI cycle took 0.044s
RTI cycle took 0.023s
RTI cycle took 0.039s
RTI cycle took 0.036s
RTI cycle took 0.014s
RTI cycle took 0.032s
RTI cycle took 0.045s
RTI cycle took 0.015s
RTI cycle took 0.024s
RTI cycle took 0.028s
RTI cycle took 0.028s
RTI cycle took 0.050s
RTI cycle took 0.045s
RTI cycle took 0.014s
RTI cycle took 0.029s
RTI cycle took 0.027s
RTI cycle took 0.028s
RTI cycle took 0.039s
RTI cycle took 0.021s
RTI cycle took 0.024s
RTI cycle took 0.023s
RTI cycle took 0.031s
RTI cycle took 0.045s
RTI cycle took 0.021s
RTI cycle took 0.040s
RTI cycle took 0.035s
RTI cycle took 0.022s
RTI cycle took 0.028s
RTI cycle took 0.033s
RTI cycle took 0.040s
RTI cycle took 0.036s
RTI cycle took 0.038s
RTI cycle took 0.011s
RTI cycle took 0.029s
RTI cycle took 0.040s
RTI cycle took 0.031s
RTI cycle took 0.033s
RTI cycle took 0.034s
RTI cycle took 0.014s
RTI cycle took 0.027s
RTI cycle took 0.027s
RTI cycle took 0.028s
RTI cycle took 0.028s
RTI cycle took 0.030s
RTI cycle took 0.032s
RTI cycle took 0.036s
RTI cycle took 0.029s
RTI cycle took 0.041s
RTI cycle took 0.041s
RTI cycle took 0.012s
RTI cycle took 0.023s
RTI cycle took 0.023s
RTI cycle took 0.038s
RTI cycle took 0.034s
RTI cycle took 0.024s
RTI cycle took 0.032s
RTI cycle took 0.045s
RTI cycle took 0.031s
RTI cycle took 0.029s
RTI cycle took 0.035s
RTI cycle took 0.015s
RTI cycle took 0.030s
RTI cycle took 0.023s
RTI cycle took 0.028s
RTI cycle took 0.017s
RTI cycle took 0.028s
RTI cycle took 0.042s
RTI cycle took 0.026s
RTI cycle took 0.035s
RTI cycle took 0.034s
RTI cycle took 0.029s
RTI cycle took 0.036s
RTI cycle took 0.021s
RTI cycle took 0.030s
RTI cycle took 0.031s
RTI cycle took 0.025s
RTI cycle took 0.031s
RTI cycle took 0.027s
RTI cycle took 0.030s
RTI cycle took 0.041s
RTI cycle took 0.045s
RTI cycle took 0.021s
RTI cycle took 0.029s
RTI cycle took 0.029s
RTI cycle took 0.026s
RTI cycle took 0.025s
RTI cycle took 0.015s
RTI cycle took 0.028s
RTI cycle took 0.023s
RTI cycle took 0.040s
RTI cycle took 0.032s
RTI cycle took 0.035s
RTI cycle took 0.028s
RTI cycle took 0.037s
RTI cycle took 0.045s
RTI cycle took 0.014s
RTI cycle took 0.027s
RTI cycle took 0.039s
RTI cycle took 0.016s
RTI cycle took 0.037s
RTI cycle took 0.040s
RTI cycle took 0.025s
RTI cycle took 0.037s
RTI cycle took 0.034s
RTI cycle took 0.025s
RTI cycle took 0.036s
RTI cycle took 0.033s
RTI cycle took 0.016s
RTI cycle took 0.035s
RTI cycle took 0.039s
RTI cycle took 0.014s
RTI cycle took 0.034s
RTI cycle took 0.040s
RTI cycle took 0.016s
RTI cycle took 0.026s
RTI cycle took 0.036s
RTI cycle took 0.029s
RTI cycle took 0.042s
RTI cycle took 0.016s
RTI cycle took 0.024s
RTI cycle took 0.043s
RTI cycle took 0.023s
RTI cycle took 0.032s
RTI cycle took 0.043s
RTI cycle took 0.024s
[32mloggerd[0m [32mencoderd[0m [32mlogmessaged[0m [32mcamerad[0m [32mlogcatd[0m [32mproclogd[0m [32mmicd[0m [32mtimed[0m [32mdmonitoringmodeld[0m [32msensord[0m [32mui[0m [32msoundd[0m [32mlocationd[0m [32mcalibrationd[0m [32mtorqued[0m [32mcontrolsd[0m [32mselfdrived[0m [32mcard[0m [32mdeleter[0m [32mdmonitoringd[0m [32mqcomgpsd[0m [32mpandad[0m [32mparamsd[0m [32mlagd[0m [32mplannerd[0m [32mradard[0m [32mhardwared[0m [32mtombstoned[0m [32muploader[0m [32mstatsd[0m [32mfeedbackd[0m [32mmodeld_tinygrad[0m [32mmapd[0m [32mmapd_manager[0m [31mmtscd[0m [32mrtid[0m
[32mloggerd[0m [32mencoderd[0m [32mlogmessaged[0m [32mcamerad[0m [32mlogcatd[0m [32mproclogd[0m [32mmicd[0m [32mtimed[0m [32mdmonitoringmodeld[0m [32msensord[0m [32mui[0m [32msoundd[0m [32mlocationd[0m [32mcalibrationd[0m [32mtorqued[0m [32mcontrolsd[0m [32mselfdrived[0m [32mcard[0m [32mdeleter[0m [32mdmonitoringd[0m [32mqcomgpsd[0m [32mpandad[0m [32mparamsd[0m [32mlagd[0m [32mplannerd[0m [32mradard[0m [32mhardwared[0m [32mtombstoned[0m [32muploader[0m [32mstatsd[0m [32mfeedbackd[0m [32mmodeld_tinygrad[0m [32mmapd[0m [32mmapd_manager[0m [31mmtscd[0m [32mrtid[0m
[32mloggerd[0m [32mencoderd[0m [32mlogmessaged[0m [32mcamerad[0m [32mlogcatd[0m [32mproclogd[0m [32mmicd[0m [32mtimed[0m [32mdmonitoringmodeld[0m [32msensord[0m [32mui[0m [32msoundd[0m [32mlocationd[0m [32mcalibrationd[0m [32mtorqued[0m [32mcontrolsd[0m [32mselfdrived[0m [32mcard[0m [32mdeleter[0m [32mdmonitoringd[0m [32mqcomgpsd[0m [32mpandad[0m [32mparamsd[0m [32mlagd[0m [32mplannerd[0m [32mradard[0m [32mhardwared[0m [32mtombstoned[0m [32muploader[0m [32mstatsd[0m [32mfeedbackd[0m [32mmodeld_tinygrad[0m [32mmapd[0m [32mmapd_manager[0m [31mmtscd[0m [32mrtid[0m
[32mloggerd[0m [32mencoderd[0m [32mlogmessaged[0m [32mcamerad[0m [32mlogcatd[0m [32mproclogd[0m [32mmicd[0m [32mtimed[0m [32mdmonitoringmodeld[0m [32msensord[0m [32mui[0m [32msoundd[0m [32mlocationd[0m [32mcalibrationd[0m [32mtorqued[0m [32mcontrolsd[0m [32mselfdrived[0m [32mcard[0m [32mdeleter[0m [32mdmonitoringd[0m [32mqcomgpsd[0m [32mpandad[0m [32mparamsd[0m [32mlagd[0m [32mplannerd[0m [32mradard[0m [32mhardwared[0m [32mtombstoned[0m [32muploader[0m [32mstatsd[0m [32mfeedbackd[0m [32mmodeld_tinygrad[0m [32mmapd[0m [32mmapd_manager[0m [31mmtscd[0m [32mrtid[0m
[32mloggerd[0m [32mencoderd[0m [32mlogmessaged[0m [32mcamerad[0m [32mlogcatd[0m [32mproclogd[0m [32mmicd[0m [32mtimed[0m [32mdmonitoringmodeld[0m [32msensord[0m [32mui[0m [32msoundd[0m [32mlocationd[0m [32mcalibrationd[0m [32mtorqued[0m [32mcontrolsd[0m [32mselfdrived[0m [32mcard[0m [32mdeleter[0m [32mdmonitoringd[0m [32mqcomgpsd[0m [32mpandad[0m [32mparamsd[0m [32mlagd[0m [32mplannerd[0m [32mradard[0m [32mhardwared[0m [32mtombstoned[0m [32muploader[0m [32mstatsd[0m [32mfeedbackd[0m [32mmodeld_tinygrad[0m [32mmapd[0m [32mmapd_manager[0m [31mmtscd[0m [32mrtid[0m
[32mloggerd[0m [32mencoderd[0m [32mlogmessaged[0m [32mcamerad[0m [32mlogcatd[0m [32mproclogd[0m [32mmicd[0m [32mtimed[0m [32mdmonitoringmodeld[0m [32msensord[0m [32mui[0m [32msoundd[0m [32mlocationd[0m [32mcalibrationd[0m [32mtorqued[0m [32mcontrolsd[0m [32mselfdrived[0m [32mcard[0m [32mdeleter[0m [32mdmonitoringd[0m [32mqcomgpsd[0m [32mpandad[0m [32mparamsd[0m [32mlagd[0m [32mplannerd[0m [32mradard[0m [32mhardwared[0m [32mtombstoned[0m [32muploader[0m [32mstatsd[0m [32mfeedbackd[0m [32mmodeld_tinygrad[0m [32mmapd[0m [32mmapd_manager[0m [31mmtscd[0m [32mrtid[0m
[32mloggerd[0m [32mencoderd[0m [32mlogmessaged[0m [32mcamerad[0m [32mlogcatd[0m [32mproclogd[0m [32mmicd[0m [32mtimed[0m [32mdmonitoringmodeld[0m [32msensord[0m [32mui[0m [32msoundd[0m [32mlocationd[0m [32mcalibrationd[0m [32mtorqued[0m [32mcontrolsd[0m [32mselfdrived[0m [32mcard[0m [32mdeleter[0m [32mdmonitoringd[0m [32mqcomgpsd[0m [32mpandad[0m [32mparamsd[0m [32mlagd[0m [32mplannerd[0m [32mradard[0m [32mhardwared[0m [32mtombstoned[0m [32muploader[0m [32mstatsd[0m [32mfeedbackd[0m [32mmodeld_tinygrad[0m [32mmapd[0m [32mmapd_manager[0m [31mmtscd[0m [32mrtid[0m
[32mloggerd[0m [32mencoderd[0m [32mlogmessaged[0m [32mcamerad[0m [32mlogcatd[0m [32mproclogd[0m [32mmicd[0m [32mtimed[0m [32mdmonitoringmodeld[0m [32msensord[0m [32mui[0m [32msoundd[0m [32mlocationd[0m [32mcalibrationd[0m [32mtorqued[0m [32mcontrolsd[0m [32mselfdrived[0m [32mcard[0m [32mdeleter[0m [32mdmonitoringd[0m [32mqcomgpsd[0m [32mpandad[0m [32mparamsd[0m [32mlagd[0m [32mplannerd[0m [32mradard[0m [32mhardwared[0m [32mtombstoned[0m [32muploader[0m [32mstatsd[0m [32mfeedbackd[0m [32mmodeld_tinygrad[0m [32mmapd[0m [32mmapd_manager[0m [31mmtscd[0m [32mrtid[0m
[32mloggerd[0m [32mencoderd[0m [32mlogmessaged[0m [32mcamerad[0m [32mlogcatd[0m [32mproclogd[0m [32mmicd[0m [32mtimed[0m [32mdmonitoringmodeld[0m [32msensord[0m [32mui[0m [32msoundd[0m [32mlocationd[0m [32mcalibrationd[0m [32mtorqued[0m [32mcontrolsd[0m [32mselfdrived[0m [32mcard[0m [32mdeleter[0m [32mdmonitoringd[0m [32mqcomgpsd[0m [32mpandad[0m [32mparamsd[0m [32mlagd[0m [32mplannerd[0m [32mradard[0m [32mhardwared[0m [32mtombstoned[0m [32muploader[0m [32mstatsd[0m [32mfeedbackd[0m [32mmodeld_tinygrad[0m [32mmapd[0m [32mmapd_manager[0m [31mmtscd[0m [32mrtid[0m
[32mloggerd[0m [32mencoderd[0m [32mlogmessaged[0m [32mcamerad[0m [32mlogcatd[0m [32mproclogd[0m [32mmicd[0m [32mtimed[0m [32mdmonitoringmodeld[0m [32msensord[0m [32mui[0m [32msoundd[0m [32mlocationd[0m [32mcalibrationd[0m [32mtorqued[0m [32mcontrolsd[0m [32mselfdrived[0m [32mcard[0m [32mdeleter[0m [32mdmonitoringd[0m [32mqcomgpsd[0m [32mpandad[0m [32mparamsd[0m [32mlagd[0m [32mplannerd[0m [32mradard[0m [32mhardwared[0m [32mtombstoned[0m [32muploader[0m [32mstatsd[0m [32mfeedbackd[0m [32mmodeld_tinygrad[0m [32mmapd[0m [32mmapd_manager[0m [31mmtscd[0m [32mrtid[0m
[32mloggerd[0m [32mencoderd[0m [32mlogmessaged[0m [32mcamerad[0m [32mlogcatd[0m [32mproclogd[0m [32mmicd[0m [32mtimed[0m [32mdmonitoringmodeld[0m [32msensord[0m [32mui[0m [32msoundd[0m [32mlocationd[0m [32mcalibrationd[0m [32mtorqued[0m [32mcontrolsd[0m [32mselfdrived[0m [32mcard[0m [32mdeleter[0m [32mdmonitoringd[0m [32mqcomgpsd[0m [32mpandad[0m [32mparamsd[0m [32mlagd[0m [32mplannerd[0m [32mradard[0m [32mhardwared[0m [32mtombstoned[0m [32muploader[0m [32mstatsd[0m [32mfeedbackd[0m [32mmodeld_tinygrad[0m [32mmapd[0m [32mmapd_manager[0m [31mmtscd[0m [32mrtid[0m
[32mloggerd[0m [32mencoderd[0m [32mlogmessaged[0m [32mcamerad[0m [32mlogcatd[0m [32mproclogd[0m [32mmicd[0m [32mtimed[0m [32mdmonitoringmodeld[0m [32msensord[0m [32mui[0m [32msoundd[0m [32mlocationd[0m [32mcalibrationd[0m [32mtorqued[0m [32mcontrolsd[0m [32mselfdrived[0m [32mcard[0m [32mdeleter[0m [32mdmonitoringd[0m [32mqcomgpsd[0m [32mpandad[0m [32mparamsd[0m [32mlagd[0m [32mplannerd[0m [32mradard[0m [32mhardwared[0m [32mtombstoned[0m [32muploader[0m [32mstatsd[0m [32mfeedbackd[0m [32mmodeld_tinygrad[0m [32mmapd[0m [32mmapd_manager[0m [31mmtscd[0m [32mrtid[0m
RTI cycle took 0.038s
RTI cycle took 0.035s
RTI cycle took 0.023s
RTI cycle took 0.032s
RTI cycle took 0.044s
RTI cycle took 0.032s
RTI cycle took 0.027s
RTI cycle took 0.040s
RTI cycle took 0.046s
RTI cycle took 0.032s
RTI cycle took 0.036s
RTI cycle took 0.018s
RTI cycle took 0.039s
RTI cycle took 0.116s
RTI cycle took 0.039s
RTI cycle took 0.034s
RTI cycle took 0.024s
RTI cycle took 0.038s
RTI cycle took 0.045s
RTI cycle took 0.036s
RTI cycle took 0.025s
RTI cycle took 0.035s
RTI cycle took 0.021s
RTI cycle took 0.029s
RTI cycle took 0.040s
RTI cycle took 0.016s
RTI cycle took 0.032s
RTI cycle took 0.020s
RTI cycle took 0.040s
RTI cycle took 0.033s
RTI cycle took 0.024s
RTI cycle took 0.030s
RTI cycle took 0.041s
RTI cycle took 0.025s
RTI cycle took 0.032s
RTI cycle took 0.040s
RTI cycle took 0.025s
RTI cycle took 0.040s
RTI cycle took 0.030s
RTI cycle took 0.015s
RTI cycle took 0.037s
RTI cycle took 0.038s
RTI cycle took 0.036s
RTI cycle took 0.037s
RTI cycle took 0.032s
RTI cycle took 0.044s
RTI cycle took 0.019s
RTI cycle took 0.023s
RTI cycle took 0.026s
RTI cycle took 0.032s
RTI cycle took 0.040s
RTI cycle took 0.015s
RTI cycle took 0.028s
RTI cycle took 0.015s
RTI cycle took 0.036s
RTI cycle took 0.042s
RTI cycle took 0.025s
RTI cycle took 0.030s
RTI cycle took 0.043s
RTI cycle took 0.021s
RTI cycle took 0.031s
RTI cycle took 0.027s
RTI cycle took 0.030s
RTI cycle took 0.042s
RTI cycle took 0.041s
RTI cycle took 0.026s
RTI cycle took 0.030s
RTI cycle took 0.028s
RTI cycle took 0.030s
RTI cycle took 0.034s
RTI cycle took 0.025s
RTI cycle took 0.030s
RTI cycle took 0.018s
RTI cycle took 0.027s
RTI cycle took 0.040s
RTI cycle took 0.026s
RTI cycle took 0.039s
RTI cycle took 0.034s
RTI cycle took 0.015s
RTI cycle took 0.014s
RTI cycle took 0.020s
RTI cycle took 0.034s
RTI cycle took 0.026s
RTI cycle took 0.038s
RTI cycle took 0.033s
RTI cycle took 0.016s
RTI cycle took 0.028s
RTI cycle took 0.026s
RTI cycle took 0.037s
RTI cycle took 0.036s
RTI cycle took 0.024s
RTI cycle took 0.040s
RTI cycle took 0.021s
RTI cycle took 0.019s
RTI cycle took 0.024s
RTI cycle took 0.020s
RTI cycle took 0.029s
RTI cycle took 0.029s
RTI cycle took 0.033s
RTI cycle took 0.035s
RTI cycle took 0.029s
RTI cycle took 0.040s
RTI cycle took 0.029s
RTI cycle took 0.031s
RTI cycle took 0.029s
RTI cycle took 0.025s
RTI cycle took 0.039s
RTI cycle took 0.034s
RTI cycle took 0.024s
RTI cycle took 0.040s
RTI cycle took 0.019s
RTI cycle took 0.027s
RTI cycle took 0.041s
RTI cycle took 0.019s
RTI cycle took 0.036s
RTI cycle took 0.033s
RTI cycle took 0.026s
RTI cycle took 0.030s
RTI cycle took 0.028s
RTI cycle took 0.029s
RTI cycle took 0.040s
RTI cycle took 0.042s
RTI cycle took 0.013s
RTI cycle took 0.029s
RTI cycle took 0.023s
RTI cycle took 0.035s
RTI cycle took 0.014s
RTI cycle took 0.017s
RTI cycle took 0.021s
RTI cycle took 0.031s
RTI cycle took 0.045s
RTI cycle took 0.024s
RTI cycle took 0.029s
RTI cycle took 0.041s
RTI cycle took 0.025s
RTI cycle took 0.042s
RTI cycle took 0.017s
RTI cycle took 0.024s
RTI cycle took 0.037s
RTI cycle took 0.022s
RTI cycle took 0.037s
RTI cycle took 0.034s
RTI cycle took 0.027s
RTI cycle took 0.035s
RTI cycle took 0.022s
RTI cycle took 0.030s
RTI cycle took 0.031s
RTI cycle took 0.015s
RTI cycle took 0.014s
RTI cycle took 0.021s
RTI cycle took 0.038s
RTI cycle took 0.022s
RTI cycle took 0.029s
RTI cycle took 0.041s
RTI cycle took 0.024s
RTI cycle took 0.036s
RTI cycle took 0.038s
RTI cycle took 0.024s
RTI cycle took 0.031s
RTI cycle took 0.018s
RTI cycle took 0.020s
RTI cycle took 0.015s
RTI cycle took 0.036s
RTI cycle took 0.015s
RTI cycle took 0.034s
RTI cycle took 0.031s
RTI cycle took 0.025s
RTI cycle took 0.023s
RTI cycle took 0.026s
RTI cycle took 0.038s
RTI cycle took 0.033s
RTI cycle took 0.021s
RTI cycle took 0.027s
RTI cycle took 0.016s
RTI cycle took 0.014s
RTI cycle took 0.022s
RTI cycle took 0.038s
RTI cycle took 0.022s
RTI cycle took 0.029s
RTI cycle took 0.042s
RTI cycle took 0.016s
RTI cycle took 0.036s
RTI cycle took 0.040s
RTI cycle took 0.025s
RTI cycle took 0.032s
RTI cycle took 0.018s
RTI cycle took 0.023s
RTI cycle took 0.043s
RTI cycle took 0.015s
[32mloggerd[0m [32mencoderd[0m [32mlogmessaged[0m [32mcamerad[0m [32mlogcatd[0m [32mproclogd[0m [32mmicd[0m [32mtimed[0m [32mdmonitoringmodeld[0m [32msensord[0m [32mui[0m [32msoundd[0m [32mlocationd[0m [32mcalibrationd[0m [32mtorqued[0m [32mcontrolsd[0m [32mselfdrived[0m [32mcard[0m [32mdeleter[0m [32mdmonitoringd[0m [32mqcomgpsd[0m [32mpandad[0m [32mparamsd[0m [32mlagd[0m [32mplannerd[0m [32mradard[0m [32mhardwared[0m [32mtombstoned[0m [32muploader[0m [32mstatsd[0m [32mfeedbackd[0m [32mmodeld_tinygrad[0m [32mmapd[0m [32mmapd_manager[0m [31mmtscd[0m [32mrtid[0m
[32mloggerd[0m [32mencoderd[0m [32mlogmessaged[0m [32mcamerad[0m [32mlogcatd[0m [32mproclogd[0m [32mmicd[0m [32mtimed[0m [32mdmonitoringmodeld[0m [32msensord[0m [32mui[0m [32msoundd[0m [32mlocationd[0m [32mcalibrationd[0m [32mtorqued[0m [32mcontrolsd[0m [32mselfdrived[0m [32mcard[0m [32mdeleter[0m [32mdmonitoringd[0m [32mqcomgpsd[0m [32mpandad[0m [32mparamsd[0m [32mlagd[0m [32mplannerd[0m [32mradard[0m [32mhardwared[0m [32mtombstoned[0m [32muploader[0m [32mstatsd[0m [32mfeedbackd[0m [32mmodeld_tinygrad[0m [32mmapd[0m [32mmapd_manager[0m [31mmtscd[0m [32mrtid[0m
[32mloggerd[0m [32mencoderd[0m [32mlogmessaged[0m [32mcamerad[0m [32mlogcatd[0m [32mproclogd[0m [32mmicd[0m [32mtimed[0m [32mdmonitoringmodeld[0m [32msensord[0m [32mui[0m [32msoundd[0m [32mlocationd[0m [32mcalibrationd[0m [32mtorqued[0m [32mcontrolsd[0m [32mselfdrived[0m [32mcard[0m [32mdeleter[0m [32mdmonitoringd[0m [32mqcomgpsd[0m [32mpandad[0m [32mparamsd[0m [32mlagd[0m [32mplannerd[0m [32mradard[0m [32mhardwared[0m [32mtombstoned[0m [32muploader[0m [32mstatsd[0m [32mfeedbackd[0m [32mmodeld_tinygrad[0m [32mmapd[0m [32mmapd_manager[0m [31mmtscd[0m [32mrtid[0m
[32mloggerd[0m [32mencoderd[0m [32mlogmessaged[0m [32mcamerad[0m [32mlogcatd[0m [32mproclogd[0m [32mmicd[0m [32mtimed[0m [32mdmonitoringmodeld[0m [32msensord[0m [32mui[0m [32msoundd[0m [32mlocationd[0m [32mcalibrationd[0m [32mtorqued[0m [32mcontrolsd[0m [32mselfdrived[0m [32mcard[0m [32mdeleter[0m [32mdmonitoringd[0m [32mqcomgpsd[0m [32mpandad[0m [32mparamsd[0m [32mlagd[0m [32mplannerd[0m [32mradard[0m [32mhardwared[0m [32mtombstoned[0m [32muploader[0m [32mstatsd[0m [32mfeedbackd[0m [32mmodeld_tinygrad[0m [32mmapd[0m [32mmapd_manager[0m [31mmtscd[0m [32mrtid[0m
[32mloggerd[0m [32mencoderd[0m [32mlogmessaged[0m [32mcamerad[0m [32mlogcatd[0m [32mproclogd[0m [32mmicd[0m [32mtimed[0m [32mdmonitoringmodeld[0m [32msensord[0m [32mui[0m [32msoundd[0m [32mlocationd[0m [32mcalibrationd[0m [32mtorqued[0m [32mcontrolsd[0m [32mselfdrived[0m [32mcard[0m [32mdeleter[0m [32mdmonitoringd[0m [32mqcomgpsd[0m [32mpandad[0m [32mparamsd[0m [32mlagd[0m [32mplannerd[0m [32mradard[0m [32mhardwared[0m [32mtombstoned[0m [32muploader[0m [32mstatsd[0m [32mfeedbackd[0m [32mmodeld_tinygrad[0m [32mmapd[0m [32mmapd_manager[0m [31mmtscd[0m [32mrtid[0m
[32mloggerd[0m [32mencoderd[0m [32mlogmessaged[0m [32mcamerad[0m [32mlogcatd[0m [32mproclogd[0m [32mmicd[0m [32mtimed[0m [32mdmonitoringmodeld[0m [32msensord[0m [32mui[0m [32msoundd[0m [32mlocationd[0m [32mcalibrationd[0m [32mtorqued[0m [32mcontrolsd[0m [32mselfdrived[0m [32mcard[0m [32mdeleter[0m [32mdmonitoringd[0m [32mqcomgpsd[0m [32mpandad[0m [32mparamsd[0m [32mlagd[0m [32mplannerd[0m [32mradard[0m [32mhardwared[0m [32mtombstoned[0m [32muploader[0m [32mstatsd[0m [32mfeedbackd[0m [32mmodeld_tinygrad[0m [32mmapd[0m [32mmapd_manager[0m [31mmtscd[0m [32mrtid[0m
[32mloggerd[0m [32mencoderd[0m [32mlogmessaged[0m [32mcamerad[0m [32mlogcatd[0m [32mproclogd[0m [32mmicd[0m [32mtimed[0m [32mdmonitoringmodeld[0m [32msensord[0m [32mui[0m [32msoundd[0m [32mlocationd[0m [32mcalibrationd[0m [32mtorqued[0m [32mcontrolsd[0m [32mselfdrived[0m [32mcard[0m [32mdeleter[0m [32mdmonitoringd[0m [32mqcomgpsd[0m [32mpandad[0m [32mparamsd[0m [32mlagd[0m [32mplannerd[0m [32mradard[0m [32mhardwared[0m [32mtombstoned[0m [32muploader[0m [32mstatsd[0m [32mfeedbackd[0m [32mmodeld_tinygrad[0m [32mmapd[0m [32mmapd_manager[0m [31mmtscd[0m [32mrtid[0m
[32mloggerd[0m [32mencoderd[0m [32mlogmessaged[0m [32mcamerad[0m [32mlogcatd[0m [32mproclogd[0m [32mmicd[0m [32mtimed[0m [32mdmonitoringmodeld[0m [32msensord[0m [32mui[0m [32msoundd[0m [32mlocationd[0m [32mcalibrationd[0m [32mtorqued[0m [32mcontrolsd[0m [32mselfdrived[0m [32mcard[0m [32mdeleter[0m [32mdmonitoringd[0m [32mqcomgpsd[0m [32mpandad[0m [32mparamsd[0m [32mlagd[0m [32mplannerd[0m [32mradard[0m [32mhardwared[0m [32mtombstoned[0m [32muploader[0m [32mstatsd[0m [32mfeedbackd[0m [32mmodeld_tinygrad[0m [32mmapd[0m [32mmapd_manager[0m [31mmtscd[0m [32mrtid[0m
[32mloggerd[0m [32mencoderd[0m [32mlogmessaged[0m [32mcamerad[0m [32mlogcatd[0m [32mproclogd[0m [32mmicd[0m [32mtimed[0m [32mdmonitoringmodeld[0m [32msensord[0m [32mui[0m [32msoundd[0m [32mlocationd[0m [32mcalibrationd[0m [32mtorqued[0m [32mcontrolsd[0m [32mselfdrived[0m [32mcard[0m [32mdeleter[0m [32mdmonitoringd[0m [32mqcomgpsd[0m [32mpandad[0m [32mparamsd[0m [32mlagd[0m [32mplannerd[0m [32mradard[0m [32mhardwared[0m [32mtombstoned[0m [32muploader[0m [32mstatsd[0m [32mfeedbackd[0m [32mmodeld_tinygrad[0m [32mmapd[0m [32mmapd_manager[0m [31mmtscd[0m [32mrtid[0m
[32mloggerd[0m [32mencoderd[0m [32mlogmessaged[0m [32mcamerad[0m [32mlogcatd[0m [32mproclogd[0m [32mmicd[0m [32mtimed[0m [32mdmonitoringmodeld[0m [32msensord[0m [32mui[0m [32msoundd[0m [32mlocationd[0m [32mcalibrationd[0m [32mtorqued[0m [32mcontrolsd[0m [32mselfdrived[0m [32mcard[0m [32mdeleter[0m [32mdmonitoringd[0m [32mqcomgpsd[0m [32mpandad[0m [32mparamsd[0m [32mlagd[0m [32mplannerd[0m [32mradard[0m [32mhardwared[0m [32mtombstoned[0m [32muploader[0m [32mstatsd[0m [32mfeedbackd[0m [32mmodeld_tinygrad[0m [32mmapd[0m [32mmapd_manager[0m [31mmtscd[0m [32mrtid[0m
[32mloggerd[0m [32mencoderd[0m [32mlogmessaged[0m [32mcamerad[0m [32mlogcatd[0m [32mproclogd[0m [32mmicd[0m [32mtimed[0m [32mdmonitoringmodeld[0m [32msensord[0m [32mui[0m [32msoundd[0m [32mlocationd[0m [32mcalibrationd[0m [32mtorqued[0m [32mcontrolsd[0m [32mselfdrived[0m [32mcard[0m [32mdeleter[0m [32mdmonitoringd[0m [32mqcomgpsd[0m [32mpandad[0m [32mparamsd[0m [32mlagd[0m [32mplannerd[0m [32mradard[0m [32mhardwared[0m [32mtombstoned[0m [32muploader[0m [32mstatsd[0m [32mfeedbackd[0m [32mmodeld_tinygrad[0m [32mmapd[0m [32mmapd_manager[0m [31mmtscd[0m [32mrtid[0m
[32mloggerd[0m [32mencoderd[0m [32mlogmessaged[0m [32mcamerad[0m [32mlogcatd[0m [32mproclogd[0m [32mmicd[0m [32mtimed[0m [32mdmonitoringmodeld[0m [32msensord[0m [32mui[0m [32msoundd[0m [32mlocationd[0m [32mcalibrationd[0m [32mtorqued[0m [32mcontrolsd[0m [32mselfdrived[0m [32mcard[0m [32mdeleter[0m [32mdmonitoringd[0m [32mqcomgpsd[0m [32mpandad[0m [32mparamsd[0m [32mlagd[0m [32mplannerd[0m [32mradard[0m [32mhardwared[0m [32mtombstoned[0m [32muploader[0m [32mstatsd[0m [32mfeedbackd[0m [32mmodeld_tinygrad[0m [32mmapd[0m [32mmapd_manager[0m [31mmtscd[0m [32mrtid[0m
RTI cycle took 0.032s
RTI cycle took 0.015s
RTI cycle took 0.022s
RTI cycle took 0.025s
RTI cycle took 0.029s
RTI cycle took 0.029s
RTI cycle took 0.028s
RTI cycle took 0.046s
RTI cycle took 0.037s
RTI cycle took 0.034s
RTI cycle took 0.020s
RTI cycle took 0.011s
RTI cycle took 0.022s
RTI cycle took 0.024s
RTI cycle took 0.031s
RTI cycle took 0.028s
RTI cycle took 0.029s
RTI cycle took 0.037s
RTI cycle took 0.017s
RTI cycle took 0.028s
RTI cycle took 0.028s
RTI cycle took 0.021s
RTI cycle took 0.046s
RTI cycle took 0.022s
RTI cycle took 0.038s
RTI cycle took 0.038s
RTI cycle took 0.011s
RTI cycle took 0.029s
RTI cycle took 0.029s
RTI cycle took 0.031s
RTI cycle took 0.038s
RTI cycle took 0.018s
RTI cycle took 0.029s
RTI cycle took 0.040s
RTI cycle took 0.027s
RTI cycle took 0.038s
RTI cycle took 0.033s
RTI cycle took 0.025s
RTI cycle took 0.039s
RTI cycle took 0.034s
RTI cycle took 0.014s
RTI cycle took 0.036s
RTI cycle took 0.017s
RTI cycle took 0.027s
RTI cycle took 0.016s
RTI cycle took 0.024s
RTI cycle took 0.028s
RTI cycle took 0.029s
RTI cycle took 0.032s
RTI cycle took 0.015s
RTI cycle took 0.037s
RTI cycle took 0.025s
RTI cycle took 0.021s
RTI cycle took 0.027s
RTI cycle took 0.029s
RTI cycle took 0.032s
RTI cycle took 0.026s
RTI cycle took 0.026s
RTI cycle took 0.019s
RTI cycle took 0.029s
RTI cycle took 0.017s
RTI cycle took 0.032s
RTI cycle took 0.037s
RTI cycle took 0.027s
RTI cycle took 0.038s
RTI cycle took 0.034s
RTI cycle took 0.014s
RTI cycle took 0.029s
RTI cycle took 0.018s
RTI cycle took 0.027s
RTI cycle took 0.025s
RTI cycle took 0.035s
RTI cycle took 0.026s
RTI cycle took 0.028s
RTI cycle took 0.040s
RTI cycle took 0.029s
RTI cycle took 0.029s
RTI cycle took 0.032s
RTI cycle took 0.025s
RTI cycle took 0.041s
RTI cycle took 0.037s
RTI cycle took 0.014s
RTI cycle took 0.032s
RTI cycle took 0.028s
RTI cycle took 0.029s
RTI cycle took 0.038s
RTI cycle took 0.021s
RTI cycle took 0.035s
RTI cycle took 0.038s
RTI cycle took 0.025s
RTI cycle took 0.030s
RTI cycle took 0.029s
RTI cycle took 0.025s
RTI cycle took 0.040s
RTI cycle took 0.018s
RTI cycle took 0.037s
RTI cycle took 0.033s
RTI cycle took 0.014s
RTI cycle took 0.035s
RTI cycle took 0.046s
RTI cycle took 0.026s
RTI cycle took 0.019s
RTI cycle took 0.023s
RTI cycle took 0.030s
RTI cycle took 0.029s
RTI cycle took 0.030s
RTI cycle took 0.032s
RTI cycle took 0.026s
RTI cycle took 0.030s
RTI cycle took 0.028s
RTI cycle took 0.028s
RTI cycle took 0.038s
RTI cycle took 0.011s
RTI cycle took 0.030s
RTI cycle took 0.042s
RTI cycle took 0.035s
RTI cycle took 0.029s
RTI cycle took 0.034s
RTI cycle took 0.025s
RTI cycle took 0.030s
RTI cycle took 0.029s
RTI cycle took 0.020s
RTI cycle took 0.040s
RTI cycle took 0.016s
RTI cycle took 0.033s
RTI cycle took 0.013s
RTI cycle took 0.017s
RTI cycle took 0.025s
RTI cycle took 0.029s
RTI cycle took 0.028s
RTI cycle took 0.029s
RTI cycle took 0.032s
RTI cycle took 0.027s
RTI cycle took 0.030s
RTI cycle took 0.026s
RTI cycle took 0.031s
RTI cycle took 0.034s
RTI cycle took 0.016s
RTI cycle took 0.035s
RTI cycle took 0.043s
RTI cycle took 0.015s
RTI cycle took 0.031s
RTI cycle took 0.013s
RTI cycle took 0.030s
RTI cycle took 0.018s
RTI cycle took 0.021s
RTI cycle took 0.025s
RTI cycle took 0.031s
RTI cycle took 0.029s
RTI cycle took 0.028s
RTI cycle took 0.036s
RTI cycle took 0.017s
RTI cycle took 0.026s
RTI cycle took 0.041s
RTI cycle took 0.026s
RTI cycle took 0.039s
RTI cycle took 0.032s
RTI cycle took 0.016s
RTI cycle took 0.029s
RTI cycle took 0.025s
RTI cycle took 0.031s
RTI cycle took 0.018s
RTI cycle took 0.037s
RTI cycle took 0.032s
RTI cycle took 0.025s
RTI cycle took 0.039s
RTI cycle took 0.020s
RTI cycle took 0.028s
RTI cycle took 0.017s
RTI cycle took 0.017s
RTI cycle took 0.015s
RTI cycle took 0.035s
RTI cycle took 0.030s
RTI cycle took 0.015s
RTI cycle took 0.035s
RTI cycle took 0.018s
RTI cycle took 0.029s
RTI cycle took 0.041s
RTI cycle took 0.022s
RTI cycle took 0.040s
RTI cycle took 0.033s
stats dir full
RTI cycle took 0.016s
RTI cycle took 0.033s
RTI cycle took 0.029s
RTI cycle took 0.020s
RTI cycle took 0.035s
RTI cycle took 0.021s
RTI cycle took 0.030s
RTI cycle took 0.025s
RTI cycle took 0.038s
RTI cycle took 0.033s
RTI cycle took 0.027s
RTI cycle took 0.030s
RTI cycle took 0.029s
RTI cycle took 0.027s
RTI cycle took 0.020s
RTI cycle took 0.025s
RTI cycle took 0.034s
RTI cycle took 0.031s
RTI cycle took 0.024s
[32mloggerd[0m [32mencoderd[0m [32mlogmessaged[0m [32mcamerad[0m [32mlogcatd[0m [32mproclogd[0m [32mmicd[0m [32mtimed[0m [32mdmonitoringmodeld[0m [32msensord[0m [32mui[0m [32msoundd[0m [32mlocationd[0m [32mcalibrationd[0m [32mtorqued[0m [32mcontrolsd[0m [32mselfdrived[0m [32mcard[0m [32mdeleter[0m [32mdmonitoringd[0m [32mqcomgpsd[0m [32mpandad[0m [32mparamsd[0m [32mlagd[0m [32mplannerd[0m [32mradard[0m [32mhardwared[0m [32mtombstoned[0m [32muploader[0m [32mstatsd[0m [32mfeedbackd[0m [32mmodeld_tinygrad[0m [32mmapd[0m [32mmapd_manager[0m [31mmtscd[0m [32mrtid[0m
[32mloggerd[0m [32mencoderd[0m [32mlogmessaged[0m [32mcamerad[0m [32mlogcatd[0m [32mproclogd[0m [32mmicd[0m [32mtimed[0m [32mdmonitoringmodeld[0m [32msensord[0m [32mui[0m [32msoundd[0m [32mlocationd[0m [32mcalibrationd[0m [32mtorqued[0m [32mcontrolsd[0m [32mselfdrived[0m [32mcard[0m [32mdeleter[0m [32mdmonitoringd[0m [32mqcomgpsd[0m [32mpandad[0m [32mparamsd[0m [32mlagd[0m [32mplannerd[0m [32mradard[0m [32mhardwared[0m [32mtombstoned[0m [32muploader[0m [32mstatsd[0m [32mfeedbackd[0m [32mmodeld_tinygrad[0m [32mmapd[0m [32mmapd_manager[0m [31mmtscd[0m [32mrtid[0m
[32mloggerd[0m [32mencoderd[0m [32mlogmessaged[0m [32mcamerad[0m [32mlogcatd[0m [32mproclogd[0m [32mmicd[0m [32mtimed[0m [32mdmonitoringmodeld[0m [32msensord[0m [32mui[0m [32msoundd[0m [32mlocationd[0m [32mcalibrationd[0m [32mtorqued[0m [32mcontrolsd[0m [32mselfdrived[0m [32mcard[0m [32mdeleter[0m [32mdmonitoringd[0m [32mqcomgpsd[0m [32mpandad[0m [32mparamsd[0m [32mlagd[0m [32mplannerd[0m [32mradard[0m [32mhardwared[0m [32mtombstoned[0m [32muploader[0m [32mstatsd[0m [32mfeedbackd[0m [32mmodeld_tinygrad[0m [32mmapd[0m [32mmapd_manager[0m [31mmtscd[0m [32mrtid[0m
[32mloggerd[0m [32mencoderd[0m [32mlogmessaged[0m [32mcamerad[0m [32mlogcatd[0m [32mproclogd[0m [32mmicd[0m [32mtimed[0m [32mdmonitoringmodeld[0m [32msensord[0m [32mui[0m [32msoundd[0m [32mlocationd[0m [32mcalibrationd[0m [32mtorqued[0m [32mcontrolsd[0m [32mselfdrived[0m [32mcard[0m [32mdeleter[0m [32mdmonitoringd[0m [32mqcomgpsd[0m [32mpandad[0m [32mparamsd[0m [32mlagd[0m [32mplannerd[0m [32mradard[0m [32mhardwared[0m [32mtombstoned[0m [32muploader[0m [32mstatsd[0m [32mfeedbackd[0m [32mmodeld_tinygrad[0m [32mmapd[0m [32mmapd_manager[0m [31mmtscd[0m [32mrtid[0m
[32mloggerd[0m [32mencoderd[0m [32mlogmessaged[0m [32mcamerad[0m [32mlogcatd[0m [32mproclogd[0m [32mmicd[0m [32mtimed[0m [32mdmonitoringmodeld[0m [32msensord[0m [32mui[0m [32msoundd[0m [32mlocationd[0m [32mcalibrationd[0m [32mtorqued[0m [32mcontrolsd[0m [32mselfdrived[0m [32mcard[0m [32mdeleter[0m [32mdmonitoringd[0m [32mqcomgpsd[0m [32mpandad[0m [32mparamsd[0m [32mlagd[0m [32mplannerd[0m [32mradard[0m [32mhardwared[0m [32mtombstoned[0m [32muploader[0m [32mstatsd[0m [32mfeedbackd[0m [32mmodeld_tinygrad[0m [32mmapd[0m [32mmapd_manager[0m [31mmtscd[0m [32mrtid[0m
[32mloggerd[0m [32mencoderd[0m [32mlogmessaged[0m [32mcamerad[0m [32mlogcatd[0m [32mproclogd[0m [32mmicd[0m [32mtimed[0m [32mdmonitoringmodeld[0m [32msensord[0m [32mui[0m [32msoundd[0m [32mlocationd[0m [32mcalibrationd[0m [32mtorqued[0m [32mcontrolsd[0m [32mselfdrived[0m [32mcard[0m [32mdeleter[0m [32mdmonitoringd[0m [32mqcomgpsd[0m [32mpandad[0m [32mparamsd[0m [32mlagd[0m [32mplannerd[0m [32mradard[0m [32mhardwared[0m [32mtombstoned[0m [32muploader[0m [32mstatsd[0m [32mfeedbackd[0m [32mmodeld_tinygrad[0m [32mmapd[0m [32mmapd_manager[0m [31mmtscd[0m [32mrtid[0m
[32mloggerd[0m [32mencoderd[0m [32mlogmessaged[0m [32mcamerad[0m [32mlogcatd[0m [32mproclogd[0m [32mmicd[0m [32mtimed[0m [32mdmonitoringmodeld[0m [32msensord[0m [32mui[0m [32msoundd[0m [32mlocationd[0m [32mcalibrationd[0m [32mtorqued[0m [32mcontrolsd[0m [32mselfdrived[0m [32mcard[0m [32mdeleter[0m [32mdmonitoringd[0m [32mqcomgpsd[0m [32mpandad[0m [32mparamsd[0m [32mlagd[0m [32mplannerd[0m [32mradard[0m [32mhardwared[0m [32mtombstoned[0m [32muploader[0m [32mstatsd[0m [32mfeedbackd[0m [32mmodeld_tinygrad[0m [32mmapd[0m [32mmapd_manager[0m [31mmtscd[0m [32mrtid[0m
[32mloggerd[0m [32mencoderd[0m [32mlogmessaged[0m [32mcamerad[0m [32mlogcatd[0m [32mproclogd[0m [32mmicd[0m [32mtimed[0m [32mdmonitoringmodeld[0m [32msensord[0m [32mui[0m [32msoundd[0m [32mlocationd[0m [32mcalibrationd[0m [32mtorqued[0m [32mcontrolsd[0m [32mselfdrived[0m [32mcard[0m [32mdeleter[0m [32mdmonitoringd[0m [32mqcomgpsd[0m [32mpandad[0m [32mparamsd[0m [32mlagd[0m [32mplannerd[0m [32mradard[0m [32mhardwared[0m [32mtombstoned[0m [32muploader[0m [32mstatsd[0m [32mfeedbackd[0m [32mmodeld_tinygrad[0m [32mmapd[0m [32mmapd_manager[0m [31mmtscd[0m [32mrtid[0m
[32mloggerd[0m [32mencoderd[0m [32mlogmessaged[0m [32mcamerad[0m [32mlogcatd[0m [32mproclogd[0m [32mmicd[0m [32mtimed[0m [32mdmonitoringmodeld[0m [32msensord[0m [32mui[0m [32msoundd[0m [32mlocationd[0m [32mcalibrationd[0m [32mtorqued[0m [32mcontrolsd[0m [32mselfdrived[0m [32mcard[0m [32mdeleter[0m [32mdmonitoringd[0m [32mqcomgpsd[0m [32mpandad[0m [32mparamsd[0m [32mlagd[0m [32mplannerd[0m [32mradard[0m [32mhardwared[0m [32mtombstoned[0m [32muploader[0m [32mstatsd[0m [32mfeedbackd[0m [32mmodeld_tinygrad[0m [32mmapd[0m [32mmapd_manager[0m [31mmtscd[0m [32mrtid[0m
[32mloggerd[0m [32mencoderd[0m [32mlogmessaged[0m [32mcamerad[0m [32mlogcatd[0m [32mproclogd[0m [32mmicd[0m [32mtimed[0m [32mdmonitoringmodeld[0m [32msensord[0m [32mui[0m [32msoundd[0m [32mlocationd[0m [32mcalibrationd[0m [32mtorqued[0m [32mcontrolsd[0m [32mselfdrived[0m [32mcard[0m [32mdeleter[0m [32mdmonitoringd[0m [32mqcomgpsd[0m [32mpandad[0m [32mparamsd[0m [32mlagd[0m [32mplannerd[0m [32mradard[0m [32mhardwared[0m [32mtombstoned[0m [32muploader[0m [32mstatsd[0m [32mfeedbackd[0m [32mmodeld_tinygrad[0m [32mmapd[0m [32mmapd_manager[0m [31mmtscd[0m [32mrtid[0m
[32mloggerd[0m [32mencoderd[0m [32mlogmessaged[0m [32mcamerad[0m [32mlogcatd[0m [32mproclogd[0m [32mmicd[0m [32mtimed[0m [32mdmonitoringmodeld[0m [32msensord[0m [32mui[0m [32msoundd[0m [32mlocationd[0m [32mcalibrationd[0m [32mtorqued[0m [32mcontrolsd[0m [32mselfdrived[0m [32mcard[0m [32mdeleter[0m [32mdmonitoringd[0m [32mqcomgpsd[0m [32mpandad[0m [32mparamsd[0m [32mlagd[0m [32mplannerd[0m [32mradard[0m [32mhardwared[0m [32mtombstoned[0m [32muploader[0m [32mstatsd[0m [32mfeedbackd[0m [32mmodeld_tinygrad[0m [32mmapd[0m [32mmapd_manager[0m [31mmtscd[0m [32mrtid[0m
[32mloggerd[0m [32mencoderd[0m [32mlogmessaged[0m [32mcamerad[0m [32mlogcatd[0m [32mproclogd[0m [32mmicd[0m [32mtimed[0m [32mdmonitoringmodeld[0m [32msensord[0m [32mui[0m [32msoundd[0m [32mlocationd[0m [32mcalibrationd[0m [32mtorqued[0m [32mcontrolsd[0m [32mselfdrived[0m [32mcard[0m [32mdeleter[0m [32mdmonitoringd[0m [32mqcomgpsd[0m [32mpandad[0m [32mparamsd[0m [32mlagd[0m [32mplannerd[0m [32mradard[0m [32mhardwared[0m [32mtombstoned[0m [32muploader[0m [32mstatsd[0m [32mfeedbackd[0m [32mmodeld_tinygrad[0m [32mmapd[0m [32mmapd_manager[0m [31mmtscd[0m [32mrtid[0m
RTI cycle took 0.043s
RTI cycle took 0.015s
RTI cycle took 0.029s
RTI cycle took 0.022s
RTI cycle took 0.028s
RTI cycle took 0.018s
RTI cycle took 0.036s
RTI cycle took 0.033s
RTI cycle took 0.026s
RTI cycle took 0.038s
RTI cycle took 0.032s
RTI cycle took 0.016s
RTI cycle took 0.015s
RTI cycle took 0.023s
RTI cycle took 0.032s
RTI cycle took 0.015s
RTI cycle took 0.014s
RTI cycle took 0.021s
RTI cycle took 0.044s
RTI cycle took 0.015s
RTI cycle took 0.033s
RTI cycle took 0.032s
RTI cycle took 0.025s
RTI cycle took 0.029s
RTI cycle took 0.045s
RTI cycle took 0.031s
RTI cycle took 0.028s
RTI cycle took 0.031s
RTI cycle took 0.022s
RTI cycle took 0.041s
RTI cycle took 0.031s
RTI cycle took 0.022s
RTI cycle took 0.041s
RTI cycle took 0.034s
RTI cycle took 0.015s
RTI cycle took 0.033s
RTI cycle took 0.043s
RTI cycle took 0.025s
RTI cycle took 0.027s
RTI cycle took 0.018s
RTI cycle took 0.029s
RTI cycle took 0.041s
RTI cycle took 0.015s
RTI cycle took 0.034s
RTI cycle took 0.044s
RTI cycle took 0.018s
RTI cycle took 0.019s
RTI cycle took 0.031s
system/loggerd/loggerd.cc: rotated to /data/media/0/realdata/00000062--5fe8af6682--1
RTI cycle took 0.021s
RTI cycle took 0.037s
RTI cycle took 0.024s
RTI cycle took 0.029s
RTI cycle took 0.034s
RTI cycle took 0.032s
RTI cycle took 0.024s
RTI cycle took 0.042s
RTI cycle took 0.015s
RTI cycle took 0.025s
RTI cycle took 0.029s
RTI cycle took 0.025s
RTI cycle took 0.019s
RTI cycle took 0.038s
RTI cycle took 0.026s
RTI cycle took 0.023s
RTI cycle took 0.037s
RTI cycle took 0.019s
RTI cycle took 0.018s
RTI cycle took 0.030s
RTI cycle took 0.036s
RTI cycle took 0.031s
RTI cycle took 0.027s
RTI cycle took 0.030s
RTI cycle took 0.036s
RTI cycle took 0.023s
RTI cycle took 0.038s
RTI cycle took 0.021s
RTI cycle took 0.027s
RTI cycle took 0.040s
RTI cycle took 0.042s
RTI cycle took 0.015s
RTI cycle took 0.026s
RTI cycle took 0.039s
RTI cycle took 0.016s
RTI cycle took 0.036s
RTI cycle took 0.035s
RTI cycle took 0.050s
RTI cycle took 0.025s
RTI cycle took 0.030s
RTI cycle took 0.038s
RTI cycle took 0.049s
RTI cycle took 0.012s
RTI cycle took 0.032s
RTI cycle took 0.051s
RTI cycle took 0.041s
RTI cycle took 0.022s
RTI cycle took 0.015s
RTI cycle took 0.020s
RTI cycle took 0.037s
RTI cycle took 0.033s
RTI cycle took 0.023s
RTI cycle took 0.037s
RTI cycle took 0.033s
RTI cycle took 0.024s
RTI cycle took 0.041s
RTI cycle took 0.034s
RTI cycle took 0.021s
RTI cycle took 0.040s
RTI cycle took 0.044s
RTI cycle took 0.039s
RTI cycle took 0.039s
RTI cycle took 0.023s
RTI cycle took 0.042s
RTI cycle took 0.042s
RTI cycle took 0.014s
RTI cycle took 0.025s
RTI cycle took 0.026s
RTI cycle took 0.038s
RTI cycle took 0.030s
RTI cycle took 0.046s
RTI cycle took 0.021s
RTI cycle took 0.031s
RTI cycle took 0.026s
RTI cycle took 0.035s
RTI cycle took 0.036s
RTI cycle took 0.015s
RTI cycle took 0.041s
RTI cycle took 0.031s
RTI cycle took 0.017s
RTI cycle took 0.033s
RTI cycle took 0.014s
RTI cycle took 0.020s
RTI cycle took 0.031s
RTI cycle took 0.023s
RTI cycle took 0.017s
RTI cycle took 0.034s
RTI cycle took 0.033s
RTI cycle took 0.015s
RTI cycle took 0.035s
RTI cycle took 0.039s
RTI cycle took 0.040s
RTI cycle took 0.038s
RTI cycle took 0.020s
RTI cycle took 0.036s
RTI cycle took 0.026s
RTI cycle took 0.032s
RTI cycle took 0.029s
RTI cycle took 0.042s
RTI cycle took 0.015s
RTI cycle took 0.016s
RTI cycle took 0.033s
RTI cycle took 0.029s
RTI cycle took 0.030s
RTI cycle took 0.028s
RTI cycle took 0.036s
RTI cycle took 0.022s
RTI cycle took 0.031s
RTI cycle took 0.041s
RTI cycle took 0.014s
RTI cycle took 0.023s
RTI cycle took 0.016s
RTI cycle took 0.033s
RTI cycle took 0.031s
RTI cycle took 0.035s
RTI cycle took 0.030s
RTI cycle took 0.017s
RTI cycle took 0.036s
RTI cycle took 0.032s
RTI cycle took 0.016s
RTI cycle took 0.038s
RTI cycle took 0.039s
RTI cycle took 0.015s
RTI cycle took 0.015s
RTI cycle took 0.031s
RTI cycle took 0.028s
RTI cycle took 0.033s
RTI cycle took 0.044s
RTI cycle took 0.022s
RTI cycle took 0.040s
RTI cycle took 0.033s
RTI cycle took 0.017s
RTI cycle took 0.033s
RTI cycle took 0.017s
RTI cycle took 0.028s
RTI cycle took 0.026s
RTI cycle took 0.038s
RTI cycle took 0.028s
RTI cycle took 0.022s
RTI cycle took 0.038s
RTI cycle took 0.023s
[32mloggerd[0m [32mencoderd[0m [32mlogmessaged[0m [32mcamerad[0m [32mlogcatd[0m [32mproclogd[0m [32mmicd[0m [32mtimed[0m [32mdmonitoringmodeld[0m [32msensord[0m [32mui[0m [32msoundd[0m [32mlocationd[0m [32mcalibrationd[0m [32mtorqued[0m [32mcontrolsd[0m [32mselfdrived[0m [32mcard[0m [32mdeleter[0m [32mdmonitoringd[0m [32mqcomgpsd[0m [32mpandad[0m [32mparamsd[0m [32mlagd[0m [32mplannerd[0m [32mradard[0m [32mhardwared[0m [32mtombstoned[0m [32muploader[0m [32mstatsd[0m [32mfeedbackd[0m [32mmodeld_tinygrad[0m [32mmapd[0m [32mmapd_manager[0m [31mmtscd[0m [32mrtid[0m
[32mloggerd[0m [32mencoderd[0m [32mlogmessaged[0m [32mcamerad[0m [32mlogcatd[0m [32mproclogd[0m [32mmicd[0m [32mtimed[0m [32mdmonitoringmodeld[0m [32msensord[0m [32mui[0m [32msoundd[0m [32mlocationd[0m [32mcalibrationd[0m [32mtorqued[0m [32mcontrolsd[0m [32mselfdrived[0m [32mcard[0m [32mdeleter[0m [32mdmonitoringd[0m [32mqcomgpsd[0m [32mpandad[0m [32mparamsd[0m [32mlagd[0m [32mplannerd[0m [32mradard[0m [32mhardwared[0m [32mtombstoned[0m [32muploader[0m [32mstatsd[0m [32mfeedbackd[0m [32mmodeld_tinygrad[0m [32mmapd[0m [32mmapd_manager[0m [31mmtscd[0m [32mrtid[0m
[32mloggerd[0m [32mencoderd[0m [32mlogmessaged[0m [32mcamerad[0m [32mlogcatd[0m [32mproclogd[0m [32mmicd[0m [32mtimed[0m [32mdmonitoringmodeld[0m [32msensord[0m [32mui[0m [32msoundd[0m [32mlocationd[0m [32mcalibrationd[0m [32mtorqued[0m [32mcontrolsd[0m [32mselfdrived[0m [32mcard[0m [32mdeleter[0m [32mdmonitoringd[0m [32mqcomgpsd[0m [32mpandad[0m [32mparamsd[0m [32mlagd[0m [32mplannerd[0m [32mradard[0m [32mhardwared[0m [32mtombstoned[0m [32muploader[0m [32mstatsd[0m [32mfeedbackd[0m [32mmodeld_tinygrad[0m [32mmapd[0m [32mmapd_manager[0m [31mmtscd[0m [32mrtid[0m
[32mloggerd[0m [32mencoderd[0m [32mlogmessaged[0m [32mcamerad[0m [32mlogcatd[0m [32mproclogd[0m [32mmicd[0m [32mtimed[0m [32mdmonitoringmodeld[0m [32msensord[0m [32mui[0m [32msoundd[0m [32mlocationd[0m [32mcalibrationd[0m [32mtorqued[0m [32mcontrolsd[0m [32mselfdrived[0m [32mcard[0m [32mdeleter[0m [32mdmonitoringd[0m [32mqcomgpsd[0m [32mpandad[0m [32mparamsd[0m [32mlagd[0m [32mplannerd[0m [32mradard[0m [32mhardwared[0m [32mtombstoned[0m [32muploader[0m [32mstatsd[0m [32mfeedbackd[0m [32mmodeld_tinygrad[0m [32mmapd[0m [32mmapd_manager[0m [31mmtscd[0m [32mrtid[0m
[32mloggerd[0m [32mencoderd[0m [32mlogmessaged[0m [32mcamerad[0m [32mlogcatd[0m [32mproclogd[0m [32mmicd[0m [32mtimed[0m [32mdmonitoringmodeld[0m [32msensord[0m [32mui[0m [32msoundd[0m [32mlocationd[0m [32mcalibrationd[0m [32mtorqued[0m [32mcontrolsd[0m [32mselfdrived[0m [32mcard[0m [32mdeleter[0m [32mdmonitoringd[0m [32mqcomgpsd[0m [32mpandad[0m [32mparamsd[0m [32mlagd[0m [32mplannerd[0m [32mradard[0m [32mhardwared[0m [32mtombstoned[0m [32muploader[0m [32mstatsd[0m [32mfeedbackd[0m [32mmodeld_tinygrad[0m [32mmapd[0m [32mmapd_manager[0m [31mmtscd[0m [32mrtid[0m
[32mloggerd[0m [32mencoderd[0m [32mlogmessaged[0m [32mcamerad[0m [32mlogcatd[0m [32mproclogd[0m [32mmicd[0m [32mtimed[0m [32mdmonitoringmodeld[0m [32msensord[0m [32mui[0m [32msoundd[0m [32mlocationd[0m [32mcalibrationd[0m [32mtorqued[0m [32mcontrolsd[0m [32mselfdrived[0m [32mcard[0m [32mdeleter[0m [32mdmonitoringd[0m [32mqcomgpsd[0m [32mpandad[0m [32mparamsd[0m [32mlagd[0m [32mplannerd[0m [32mradard[0m [32mhardwared[0m [32mtombstoned[0m [32muploader[0m [32mstatsd[0m [32mfeedbackd[0m [32mmodeld_tinygrad[0m [32mmapd[0m [32mmapd_manager[0m [31mmtscd[0m [32mrtid[0m
[32mloggerd[0m [32mencoderd[0m [32mlogmessaged[0m [32mcamerad[0m [32mlogcatd[0m [32mproclogd[0m [32mmicd[0m [32mtimed[0m [32mdmonitoringmodeld[0m [32msensord[0m [32mui[0m [32msoundd[0m [32mlocationd[0m [32mcalibrationd[0m [32mtorqued[0m [32mcontrolsd[0m [32mselfdrived[0m [32mcard[0m [32mdeleter[0m [32mdmonitoringd[0m [32mqcomgpsd[0m [32mpandad[0m [32mparamsd[0m [32mlagd[0m [32mplannerd[0m [32mradard[0m [32mhardwared[0m [32mtombstoned[0m [32muploader[0m [32mstatsd[0m [32mfeedbackd[0m [32mmodeld_tinygrad[0m [32mmapd[0m [32mmapd_manager[0m [31mmtscd[0m [32mrtid[0m
[32mloggerd[0m [32mencoderd[0m [32mlogmessaged[0m [32mcamerad[0m [32mlogcatd[0m [32mproclogd[0m [32mmicd[0m [32mtimed[0m [32mdmonitoringmodeld[0m [32msensord[0m [32mui[0m [32msoundd[0m [32mlocationd[0m [32mcalibrationd[0m [32mtorqued[0m [32mcontrolsd[0m [32mselfdrived[0m [32mcard[0m [32mdeleter[0m [32mdmonitoringd[0m [32mqcomgpsd[0m [32mpandad[0m [32mparamsd[0m [32mlagd[0m [32mplannerd[0m [32mradard[0m [32mhardwared[0m [32mtombstoned[0m [32muploader[0m [32mstatsd[0m [32mfeedbackd[0m [32mmodeld_tinygrad[0m [32mmapd[0m [32mmapd_manager[0m [31mmtscd[0m [32mrtid[0m
[32mloggerd[0m [32mencoderd[0m [32mlogmessaged[0m [32mcamerad[0m [32mlogcatd[0m [32mproclogd[0m [32mmicd[0m [32mtimed[0m [32mdmonitoringmodeld[0m [32msensord[0m [32mui[0m [32msoundd[0m [32mlocationd[0m [32mcalibrationd[0m [32mtorqued[0m [32mcontrolsd[0m [32mselfdrived[0m [32mcard[0m [32mdeleter[0m [32mdmonitoringd[0m [32mqcomgpsd[0m [32mpandad[0m [32mparamsd[0m [32mlagd[0m [32mplannerd[0m [32mradard[0m [32mhardwared[0m [32mtombstoned[0m [32muploader[0m [32mstatsd[0m [32mfeedbackd[0m [32mmodeld_tinygrad[0m [32mmapd[0m [32mmapd_manager[0m [31mmtscd[0m [32mrtid[0m
[32mloggerd[0m [32mencoderd[0m [32mlogmessaged[0m [32mcamerad[0m [32mlogcatd[0m [32mproclogd[0m [32mmicd[0m [32mtimed[0m [32mdmonitoringmodeld[0m [32msensord[0m [32mui[0m [32msoundd[0m [32mlocationd[0m [32mcalibrationd[0m [32mtorqued[0m [32mcontrolsd[0m [32mselfdrived[0m [32mcard[0m [32mdeleter[0m [32mdmonitoringd[0m [32mqcomgpsd[0m [32mpandad[0m [32mparamsd[0m [32mlagd[0m [32mplannerd[0m [32mradard[0m [32mhardwared[0m [32mtombstoned[0m [32muploader[0m [32mstatsd[0m [32mfeedbackd[0m [32mmodeld_tinygrad[0m [32mmapd[0m [32mmapd_manager[0m [31mmtscd[0m [32mrtid[0m
[32mloggerd[0m [32mencoderd[0m [32mlogmessaged[0m [32mcamerad[0m [32mlogcatd[0m [32mproclogd[0m [32mmicd[0m [32mtimed[0m [32mdmonitoringmodeld[0m [32msensord[0m [32mui[0m [32msoundd[0m [32mlocationd[0m [32mcalibrationd[0m [32mtorqued[0m [32mcontrolsd[0m [32mselfdrived[0m [32mcard[0m [32mdeleter[0m [32mdmonitoringd[0m [32mqcomgpsd[0m [32mpandad[0m [32mparamsd[0m [32mlagd[0m [32mplannerd[0m [32mradard[0m [32mhardwared[0m [32mtombstoned[0m [32muploader[0m [32mstatsd[0m [32mfeedbackd[0m [32mmodeld_tinygrad[0m [32mmapd[0m [32mmapd_manager[0m [31mmtscd[0m [32mrtid[0m
[32mloggerd[0m [32mencoderd[0m [32mlogmessaged[0m [32mcamerad[0m [32mlogcatd[0m [32mproclogd[0m [32mmicd[0m [32mtimed[0m [32mdmonitoringmodeld[0m [32msensord[0m [32mui[0m [32msoundd[0m [32mlocationd[0m [32mcalibrationd[0m [32mtorqued[0m [32mcontrolsd[0m [32mselfdrived[0m [32mcard[0m [32mdeleter[0m [32mdmonitoringd[0m [32mqcomgpsd[0m [32mpandad[0m [32mparamsd[0m [32mlagd[0m [32mplannerd[0m [32mradard[0m [32mhardwared[0m [32mtombstoned[0m [32muploader[0m [32mstatsd[0m [32mfeedbackd[0m [32mmodeld_tinygrad[0m [32mmapd[0m [32mmapd_manager[0m [31mmtscd[0m [32mrtid[0m
RTI cycle took 0.026s
RTI cycle took 0.028s
RTI cycle took 0.064s
RTI cycle took 0.048s
RTI cycle took 0.043s
RTI cycle took 0.022s
RTI cycle took 0.039s
RTI cycle took 0.032s
RTI cycle took 0.025s
RTI cycle took 0.037s
RTI cycle took 0.020s
RTI cycle took 0.040s
RTI cycle took 0.032s
RTI cycle took 0.029s
RTI cycle took 0.027s
RTI cycle took 0.018s
RTI cycle took 0.023s
RTI cycle took 0.046s
RTI cycle took 0.012s
RTI cycle took 0.017s
RTI cycle took 0.019s
RTI cycle took 0.030s
RTI cycle took 0.018s
RTI cycle took 0.034s
RTI cycle took 0.031s
RTI cycle took 0.020s
RTI cycle took 0.030s
RTI cycle took 0.036s
RTI cycle took 0.022s
RTI cycle took 0.036s
RTI cycle took 0.012s
RTI cycle took 0.023s
RTI cycle took 0.033s
RTI cycle took 0.028s
RTI cycle took 0.035s
RTI cycle took 0.023s
RTI cycle took 0.027s
RTI cycle took 0.036s
RTI cycle took 0.022s
RTI cycle took 0.033s
RTI cycle took 0.035s
RTI cycle took 0.037s
RTI cycle took 0.039s
RTI cycle took 0.036s
RTI cycle took 0.021s
RTI cycle took 0.033s
RTI cycle took 0.067s
RTI cycle took 0.052s
RTI cycle took 0.026s
RTI cycle took 0.042s
RTI cycle took 0.041s
RTI cycle took 0.044s
RTI cycle took 0.025s
RTI cycle took 0.033s
RTI cycle took 0.043s
RTI cycle took 0.022s
RTI cycle took 0.033s
RTI cycle took 0.043s
RTI cycle took 0.039s
RTI cycle took 0.015s
RTI cycle took 0.022s
RTI cycle took 0.029s
RTI cycle took 0.031s
RTI cycle took 0.027s
RTI cycle took 0.029s
RTI cycle took 0.018s
RTI cycle took 0.024s
RTI cycle took 0.023s
RTI cycle took 0.030s
RTI cycle took 0.044s
RTI cycle took 0.023s
RTI cycle took 0.034s
RTI cycle took 0.014s
RTI cycle took 0.032s
RTI cycle took 0.028s
RTI cycle took 0.024s
RTI cycle took 0.036s
RTI cycle took 0.044s
RTI cycle took 0.023s
RTI cycle took 0.035s
RTI cycle took 0.041s
RTI cycle took 0.024s
RTI cycle took 0.030s
RTI cycle took 0.019s
RTI cycle took 0.038s
RTI cycle took 0.021s
RTI cycle took 0.027s
RTI cycle took 0.036s
RTI cycle took 0.020s
RTI cycle took 0.042s
RTI cycle took 0.025s
RTI cycle took 0.032s
RTI cycle took 0.029s
RTI cycle took 0.020s
RTI cycle took 0.028s
RTI cycle took 0.019s
RTI cycle took 0.032s
RTI cycle took 0.018s
RTI cycle took 0.035s
RTI cycle took 0.020s
RTI cycle took 0.027s
RTI cycle took 0.036s
RTI cycle took 0.021s
RTI cycle took 0.030s
RTI cycle took 0.019s
RTI cycle took 0.038s
RTI cycle took 0.032s
RTI cycle took 0.040s
RTI cycle took 0.025s
RTI cycle took 0.031s
RTI cycle took 0.038s
RTI cycle took 0.029s
RTI cycle took 0.031s
RTI cycle took 0.016s
RTI cycle took 0.032s
RTI cycle took 0.024s
RTI cycle took 0.021s
RTI cycle took 0.020s
RTI cycle took 0.029s
RTI cycle took 0.041s
RTI cycle took 0.027s
RTI cycle took 0.038s
RTI cycle took 0.021s
RTI cycle took 0.029s
RTI cycle took 0.030s
RTI cycle took 0.032s
RTI cycle took 0.035s
RTI cycle took 0.036s
RTI cycle took 0.014s
RTI cycle took 0.024s
RTI cycle took 0.027s
RTI cycle took 0.039s
RTI cycle took 0.033s
RTI cycle took 0.044s
RTI cycle took 0.024s
RTI cycle took 0.037s
RTI cycle took 0.043s
RTI cycle took 0.038s
RTI cycle took 0.017s
RTI cycle took 0.026s
RTI cycle took 0.027s
RTI cycle took 0.033s
RTI cycle took 0.027s
RTI cycle took 0.032s
RTI cycle took 0.016s
RTI cycle took 0.027s
RTI cycle took 0.026s
RTI cycle took 0.027s
RTI cycle took 0.032s
RTI cycle took 0.020s
RTI cycle took 0.029s
RTI cycle took 0.031s
RTI cycle took 0.029s
RTI cycle took 0.029s
RTI cycle took 0.029s
RTI cycle took 0.022s
RTI cycle took 0.043s
RTI cycle took 0.032s
RTI cycle took 0.023s
RTI cycle took 0.044s
RTI cycle took 0.015s
RTI cycle took 0.026s
RTI cycle took 0.017s
RTI cycle took 0.012s
RTI cycle took 0.020s
RTI cycle took 0.032s
RTI cycle took 0.027s
RTI cycle took 0.038s
RTI cycle took 0.023s
RTI cycle took 0.026s
RTI cycle took 0.032s
RTI cycle took 0.017s
RTI cycle took 0.028s
RTI cycle took 0.017s
RTI cycle took 0.027s
RTI cycle took 0.039s
RTI cycle took 0.027s
RTI cycle took 0.021s
RTI cycle took 0.028s
RTI cycle took 0.032s
RTI cycle took 0.025s
RTI cycle took 0.023s
RTI cycle took 0.026s
RTI cycle took 0.031s
RTI cycle took 0.042s
RTI cycle took 0.015s
RTI cycle took 0.026s
RTI cycle took 0.027s
RTI cycle took 0.039s
RTI cycle took 0.031s
RTI cycle took 0.037s
RTI cycle took 0.030s
[32mloggerd[0m [32mencoderd[0m [32mlogmessaged[0m [32mcamerad[0m [32mlogcatd[0m [32mproclogd[0m [32mmicd[0m [32mtimed[0m [32mdmonitoringmodeld[0m [32msensord[0m [32mui[0m [32msoundd[0m [32mlocationd[0m [32mcalibrationd[0m [32mtorqued[0m [32mcontrolsd[0m [32mselfdrived[0m [32mcard[0m [32mdeleter[0m [32mdmonitoringd[0m [32mqcomgpsd[0m [32mpandad[0m [32mparamsd[0m [32mlagd[0m [32mplannerd[0m [32mradard[0m [32mhardwared[0m [32mtombstoned[0m [32muploader[0m [32mstatsd[0m [32mfeedbackd[0m [32mmodeld_tinygrad[0m [32mmapd[0m [32mmapd_manager[0m [31mmtscd[0m [32mrtid[0m
[32mloggerd[0m [32mencoderd[0m [32mlogmessaged[0m [32mcamerad[0m [32mlogcatd[0m [32mproclogd[0m [32mmicd[0m [32mtimed[0m [32mdmonitoringmodeld[0m [32msensord[0m [32mui[0m [32msoundd[0m [32mlocationd[0m [32mcalibrationd[0m [32mtorqued[0m [32mcontrolsd[0m [32mselfdrived[0m [32mcard[0m [32mdeleter[0m [32mdmonitoringd[0m [32mqcomgpsd[0m [32mpandad[0m [32mparamsd[0m [32mlagd[0m [32mplannerd[0m [32mradard[0m [32mhardwared[0m [32mtombstoned[0m [32muploader[0m [32mstatsd[0m [32mfeedbackd[0m [32mmodeld_tinygrad[0m [32mmapd[0m [32mmapd_manager[0m [31mmtscd[0m [32mrtid[0m
[32mloggerd[0m [32mencoderd[0m [32mlogmessaged[0m [32mcamerad[0m [32mlogcatd[0m [32mproclogd[0m [32mmicd[0m [32mtimed[0m [32mdmonitoringmodeld[0m [32msensord[0m [32mui[0m [32msoundd[0m [32mlocationd[0m [32mcalibrationd[0m [32mtorqued[0m [32mcontrolsd[0m [32mselfdrived[0m [32mcard[0m [32mdeleter[0m [32mdmonitoringd[0m [32mqcomgpsd[0m [32mpandad[0m [32mparamsd[0m [32mlagd[0m [32mplannerd[0m [32mradard[0m [32mhardwared[0m [32mtombstoned[0m [32muploader[0m [32mstatsd[0m [32mfeedbackd[0m [32mmodeld_tinygrad[0m [32mmapd[0m [32mmapd_manager[0m [31mmtscd[0m [32mrtid[0m
[32mloggerd[0m [32mencoderd[0m [32mlogmessaged[0m [32mcamerad[0m [32mlogcatd[0m [32mproclogd[0m [32mmicd[0m [32mtimed[0m [32mdmonitoringmodeld[0m [32msensord[0m [32mui[0m [32msoundd[0m [32mlocationd[0m [32mcalibrationd[0m [32mtorqued[0m [32mcontrolsd[0m [32mselfdrived[0m [32mcard[0m [32mdeleter[0m [32mdmonitoringd[0m [32mqcomgpsd[0m [32mpandad[0m [32mparamsd[0m [32mlagd[0m [32mplannerd[0m [32mradard[0m [32mhardwared[0m [32mtombstoned[0m [32muploader[0m [32mstatsd[0m [32mfeedbackd[0m [32mmodeld_tinygrad[0m [32mmapd[0m [32mmapd_manager[0m [31mmtscd[0m [32mrtid[0m
[32mloggerd[0m [32mencoderd[0m [32mlogmessaged[0m [32mcamerad[0m [32mlogcatd[0m [32mproclogd[0m [32mmicd[0m [32mtimed[0m [32mdmonitoringmodeld[0m [32msensord[0m [32mui[0m [32msoundd[0m [32mlocationd[0m [32mcalibrationd[0m [32mtorqued[0m [32mcontrolsd[0m [32mselfdrived[0m [32mcard[0m [32mdeleter[0m [32mdmonitoringd[0m [32mqcomgpsd[0m [32mpandad[0m [32mparamsd[0m [32mlagd[0m [32mplannerd[0m [32mradard[0m [32mhardwared[0m [32mtombstoned[0m [32muploader[0m [32mstatsd[0m [32mfeedbackd[0m [32mmodeld_tinygrad[0m [32mmapd[0m [32mmapd_manager[0m [31mmtscd[0m [32mrtid[0m
[32mloggerd[0m [32mencoderd[0m [32mlogmessaged[0m [32mcamerad[0m [32mlogcatd[0m [32mproclogd[0m [32mmicd[0m [32mtimed[0m [32mdmonitoringmodeld[0m [32msensord[0m [32mui[0m [32msoundd[0m [32mlocationd[0m [32mcalibrationd[0m [32mtorqued[0m [32mcontrolsd[0m [32mselfdrived[0m [32mcard[0m [32mdeleter[0m [32mdmonitoringd[0m [32mqcomgpsd[0m [32mpandad[0m [32mparamsd[0m [32mlagd[0m [32mplannerd[0m [32mradard[0m [32mhardwared[0m [32mtombstoned[0m [32muploader[0m [32mstatsd[0m [32mfeedbackd[0m [32mmodeld_tinygrad[0m [32mmapd[0m [32mmapd_manager[0m [31mmtscd[0m [32mrtid[0m
[32mloggerd[0m [32mencoderd[0m [32mlogmessaged[0m [32mcamerad[0m [32mlogcatd[0m [32mproclogd[0m [32mmicd[0m [32mtimed[0m [32mdmonitoringmodeld[0m [32msensord[0m [32mui[0m [32msoundd[0m [32mlocationd[0m [32mcalibrationd[0m [32mtorqued[0m [32mcontrolsd[0m [32mselfdrived[0m [32mcard[0m [32mdeleter[0m [32mdmonitoringd[0m [32mqcomgpsd[0m [32mpandad[0m [32mparamsd[0m [32mlagd[0m [32mplannerd[0m [32mradard[0m [32mhardwared[0m [32mtombstoned[0m [32muploader[0m [32mstatsd[0m [32mfeedbackd[0m [32mmodeld_tinygrad[0m [32mmapd[0m [32mmapd_manager[0m [31mmtscd[0m [32mrtid[0m
[32mloggerd[0m [32mencoderd[0m [32mlogmessaged[0m [32mcamerad[0m [32mlogcatd[0m [32mproclogd[0m [32mmicd[0m [32mtimed[0m [32mdmonitoringmodeld[0m [32msensord[0m [32mui[0m [32msoundd[0m [32mlocationd[0m [32mcalibrationd[0m [32mtorqued[0m [32mcontrolsd[0m [32mselfdrived[0m [32mcard[0m [32mdeleter[0m [32mdmonitoringd[0m [32mqcomgpsd[0m [32mpandad[0m [32mparamsd[0m [32mlagd[0m [32mplannerd[0m [32mradard[0m [32mhardwared[0m [32mtombstoned[0m [32muploader[0m [32mstatsd[0m [32mfeedbackd[0m [32mmodeld_tinygrad[0m [32mmapd[0m [32mmapd_manager[0m [31mmtscd[0m [32mrtid[0m
[32mloggerd[0m [32mencoderd[0m [32mlogmessaged[0m [32mcamerad[0m [32mlogcatd[0m [32mproclogd[0m [32mmicd[0m [32mtimed[0m [32mdmonitoringmodeld[0m [32msensord[0m [32mui[0m [32msoundd[0m [32mlocationd[0m [32mcalibrationd[0m [32mtorqued[0m [32mcontrolsd[0m [32mselfdrived[0m [32mcard[0m [32mdeleter[0m [32mdmonitoringd[0m [32mqcomgpsd[0m [32mpandad[0m [32mparamsd[0m [32mlagd[0m [32mplannerd[0m [32mradard[0m [32mhardwared[0m [32mtombstoned[0m [32muploader[0m [32mstatsd[0m [32mfeedbackd[0m [32mmodeld_tinygrad[0m [32mmapd[0m [32mmapd_manager[0m [31mmtscd[0m [32mrtid[0m
[32mloggerd[0m [32mencoderd[0m [32mlogmessaged[0m [32mcamerad[0m [32mlogcatd[0m [32mproclogd[0m [32mmicd[0m [32mtimed[0m [32mdmonitoringmodeld[0m [32msensord[0m [32mui[0m [32msoundd[0m [32mlocationd[0m [32mcalibrationd[0m [32mtorqued[0m [32mcontrolsd[0m [32mselfdrived[0m [32mcard[0m [32mdeleter[0m [32mdmonitoringd[0m [32mqcomgpsd[0m [32mpandad[0m [32mparamsd[0m [32mlagd[0m [32mplannerd[0m [32mradard[0m [32mhardwared[0m [32mtombstoned[0m [32muploader[0m [32mstatsd[0m [32mfeedbackd[0m [32mmodeld_tinygrad[0m [32mmapd[0m [32mmapd_manager[0m [31mmtscd[0m [32mrtid[0m
[32mloggerd[0m [32mencoderd[0m [32mlogmessaged[0m [32mcamerad[0m [32mlogcatd[0m [32mproclogd[0m [32mmicd[0m [32mtimed[0m [32mdmonitoringmodeld[0m [32msensord[0m [32mui[0m [32msoundd[0m [32mlocationd[0m [32mcalibrationd[0m [32mtorqued[0m [32mcontrolsd[0m [32mselfdrived[0m [32mcard[0m [32mdeleter[0m [32mdmonitoringd[0m [32mqcomgpsd[0m [32mpandad[0m [32mparamsd[0m [32mlagd[0m [32mplannerd[0m [32mradard[0m [32mhardwared[0m [32mtombstoned[0m [32muploader[0m [32mstatsd[0m [32mfeedbackd[0m [32mmodeld_tinygrad[0m [32mmapd[0m [32mmapd_manager[0m [31mmtscd[0m [32mrtid[0m
[32mloggerd[0m [32mencoderd[0m [32mlogmessaged[0m [32mcamerad[0m [32mlogcatd[0m [32mproclogd[0m [32mmicd[0m [32mtimed[0m [32mdmonitoringmodeld[0m [32msensord[0m [32mui[0m [32msoundd[0m [32mlocationd[0m [32mcalibrationd[0m [32mtorqued[0m [32mcontrolsd[0m [32mselfdrived[0m [32mcard[0m [32mdeleter[0m [32mdmonitoringd[0m [32mqcomgpsd[0m [32mpandad[0m [32mparamsd[0m [32mlagd[0m [32mplannerd[0m [32mradard[0m [32mhardwared[0m [32mtombstoned[0m [32muploader[0m [32mstatsd[0m [32mfeedbackd[0m [32mmodeld_tinygrad[0m [32mmapd[0m [32mmapd_manager[0m [31mmtscd[0m [32mrtid[0m
RTI cycle took 0.032s
RTI cycle took 0.035s
RTI cycle took 0.019s
RTI cycle took 0.043s
RTI cycle took 0.023s
RTI cycle took 0.029s
RTI cycle took 0.042s
RTI cycle took 0.026s
RTI cycle took 0.021s
RTI cycle took 0.019s
RTI cycle took 0.025s
RTI cycle took 0.019s
RTI cycle took 0.027s
RTI cycle took 0.030s
RTI cycle took 0.027s
RTI cycle took 0.032s
RTI cycle took 0.038s
RTI cycle took 0.027s
RTI cycle took 0.034s
RTI cycle took 0.021s
RTI cycle took 0.030s
RTI cycle took 0.030s
RTI cycle took 0.028s
RTI cycle took 0.027s
RTI cycle took 0.018s
RTI cycle took 0.017s
RTI cycle took 0.023s
RTI cycle took 0.022s
RTI cycle took 0.026s
RTI cycle took 0.032s
RTI cycle took 0.017s
RTI cycle took 0.036s
RTI cycle took 0.018s
RTI cycle took 0.025s
RTI cycle took 0.043s
RTI cycle took 0.022s
RTI cycle took 0.028s
RTI cycle took 0.045s
RTI cycle took 0.015s
RTI cycle took 0.033s
RTI cycle took 0.039s
RTI cycle took 0.017s
RTI cycle took 0.019s
RTI cycle took 0.024s
RTI cycle took 0.036s
RTI cycle took 0.021s
RTI cycle took 0.020s
RTI cycle took 0.030s
RTI cycle took 0.036s
RTI cycle took 0.020s
RTI cycle took 0.027s
RTI cycle took 0.032s
RTI cycle took 0.038s
RTI cycle took 0.027s
RTI cycle took 0.033s
RTI cycle took 0.016s
RTI cycle took 0.027s
RTI cycle took 0.016s
RTI cycle took 0.029s
RTI cycle took 0.016s
RTI cycle took 0.032s
RTI cycle took 0.023s
RTI cycle took 0.028s
RTI cycle took 0.048s
RTI cycle took 0.034s
RTI cycle took 0.025s
RTI cycle took 0.034s
RTI cycle took 0.015s
RTI cycle took 0.039s
RTI cycle took 0.031s
RTI cycle took 0.043s
RTI cycle took 0.023s
RTI cycle took 0.040s
RTI cycle took 0.031s
RTI cycle took 0.038s
RTI cycle took 0.028s
RTI cycle took 0.032s
RTI cycle took 0.027s
RTI cycle took 0.031s
RTI cycle took 0.040s
RTI cycle took 0.038s
RTI cycle took 0.038s
RTI cycle took 0.028s
RTI cycle took 0.040s
RTI cycle took 0.027s
RTI cycle took 0.031s
RTI cycle took 0.041s
RTI cycle took 0.028s
RTI cycle took 0.040s
RTI cycle took 0.032s
RTI cycle took 0.014s
RTI cycle took 0.032s
RTI cycle took 0.019s
RTI cycle took 0.037s
RTI cycle took 0.032s
RTI cycle took 0.027s
RTI cycle took 0.029s
RTI cycle took 0.031s
RTI cycle took 0.027s
RTI cycle took 0.034s
RTI cycle took 0.026s
RTI cycle took 0.029s
RTI cycle took 0.020s
RTI cycle took 0.037s
RTI cycle took 0.033s
RTI cycle took 0.026s
RTI cycle took 0.039s
RTI cycle took 0.031s
RTI cycle took 0.014s
RTI cycle took 0.017s
RTI cycle took 0.019s
RTI cycle took 0.029s
RTI cycle took 0.039s
RTI cycle took 0.037s
RTI cycle took 0.028s
RTI cycle took 0.042s
RTI cycle took 0.037s
RTI cycle took 0.026s
RTI cycle took 0.033s
RTI cycle took 0.024s
RTI cycle took 0.040s
RTI cycle took 0.020s
RTI cycle took 0.029s
RTI cycle took 0.031s
RTI cycle took 0.016s
RTI cycle took 0.026s
RTI cycle took 0.017s
RTI cycle took 0.040s
RTI cycle took 0.022s
RTI cycle took 0.027s
RTI cycle took 0.033s
RTI cycle took 0.029s
RTI cycle took 0.035s
RTI cycle took 0.031s
RTI cycle took 0.028s
RTI cycle took 0.028s
RTI cycle took 0.042s
RTI cycle took 0.027s
RTI cycle took 0.029s
RTI cycle took 0.037s
RTI cycle took 0.023s
RTI cycle took 0.039s
RTI cycle took 0.040s
RTI cycle took 0.018s
RTI cycle took 0.036s
RTI cycle took 0.040s
RTI cycle took 0.028s
RTI cycle took 0.029s
RTI cycle took 0.018s
RTI cycle took 0.027s
RTI cycle took 0.029s
RTI cycle took 0.027s
RTI cycle took 0.031s
RTI cycle took 0.027s
RTI cycle took 0.031s
RTI cycle took 0.027s
RTI cycle took 0.037s
RTI cycle took 0.030s
RTI cycle took 0.047s
RTI cycle took 0.015s
RTI cycle took 0.030s
RTI cycle took 0.038s
RTI cycle took 0.020s
RTI cycle took 0.034s
RTI cycle took 0.021s
RTI cycle took 0.034s
RTI cycle took 0.038s
RTI cycle took 0.027s
RTI cycle took 0.024s
RTI cycle took 0.019s
RTI cycle took 0.037s
RTI cycle took 0.036s
RTI cycle took 0.023s
RTI cycle took 0.030s
RTI cycle took 0.041s
RTI cycle took 0.027s
RTI cycle took 0.061s
RTI cycle took 0.027s
RTI cycle took 0.029s
RTI cycle took 0.029s
RTI cycle took 0.035s
RTI cycle took 0.031s
RTI cycle took 0.047s
RTI cycle took 0.021s
RTI cycle took 0.021s
RTI cycle took 0.026s
RTI cycle took 0.031s
RTI cycle took 0.033s
RTI cycle took 0.019s
RTI cycle took 0.030s
RTI cycle took 0.015s
RTI cycle took 0.031s
[32mloggerd[0m [32mencoderd[0m [32mlogmessaged[0m [32mcamerad[0m [32mlogcatd[0m [32mproclogd[0m [32mmicd[0m [32mtimed[0m [32mdmonitoringmodeld[0m [32msensord[0m [32mui[0m [32msoundd[0m [32mlocationd[0m [32mcalibrationd[0m [32mtorqued[0m [32mcontrolsd[0m [32mselfdrived[0m [32mcard[0m [32mdeleter[0m [32mdmonitoringd[0m [32mqcomgpsd[0m [32mpandad[0m [32mparamsd[0m [32mlagd[0m [32mplannerd[0m [32mradard[0m [32mhardwared[0m [32mtombstoned[0m [32muploader[0m [32mstatsd[0m [32mfeedbackd[0m [32mmodeld_tinygrad[0m [32mmapd[0m [32mmapd_manager[0m [31mmtscd[0m [32mrtid[0m
[32mloggerd[0m [32mencoderd[0m [32mlogmessaged[0m [32mcamerad[0m [32mlogcatd[0m [32mproclogd[0m [32mmicd[0m [32mtimed[0m [32mdmonitoringmodeld[0m [32msensord[0m [32mui[0m [32msoundd[0m [32mlocationd[0m [32mcalibrationd[0m [32mtorqued[0m [32mcontrolsd[0m [32mselfdrived[0m [32mcard[0m [32mdeleter[0m [32mdmonitoringd[0m [32mqcomgpsd[0m [32mpandad[0m [32mparamsd[0m [32mlagd[0m [32mplannerd[0m [32mradard[0m [32mhardwared[0m [32mtombstoned[0m [32muploader[0m [32mstatsd[0m [32mfeedbackd[0m [32mmodeld_tinygrad[0m [32mmapd[0m [32mmapd_manager[0m [31mmtscd[0m [32mrtid[0m
[32mloggerd[0m [32mencoderd[0m [32mlogmessaged[0m [32mcamerad[0m [32mlogcatd[0m [32mproclogd[0m [32mmicd[0m [32mtimed[0m [32mdmonitoringmodeld[0m [32msensord[0m [32mui[0m [32msoundd[0m [32mlocationd[0m [32mcalibrationd[0m [32mtorqued[0m [32mcontrolsd[0m [32mselfdrived[0m [32mcard[0m [32mdeleter[0m [32mdmonitoringd[0m [32mqcomgpsd[0m [32mpandad[0m [32mparamsd[0m [32mlagd[0m [32mplannerd[0m [32mradard[0m [32mhardwared[0m [32mtombstoned[0m [32muploader[0m [32mstatsd[0m [32mfeedbackd[0m [32mmodeld_tinygrad[0m [32mmapd[0m [32mmapd_manager[0m [31mmtscd[0m [32mrtid[0m
[32mloggerd[0m [32mencoderd[0m [32mlogmessaged[0m [32mcamerad[0m [32mlogcatd[0m [32mproclogd[0m [32mmicd[0m [32mtimed[0m [32mdmonitoringmodeld[0m [32msensord[0m [32mui[0m [32msoundd[0m [32mlocationd[0m [32mcalibrationd[0m [32mtorqued[0m [32mcontrolsd[0m [32mselfdrived[0m [32mcard[0m [32mdeleter[0m [32mdmonitoringd[0m [32mqcomgpsd[0m [32mpandad[0m [32mparamsd[0m [32mlagd[0m [32mplannerd[0m [32mradard[0m [32mhardwared[0m [32mtombstoned[0m [32muploader[0m [32mstatsd[0m [32mfeedbackd[0m [32mmodeld_tinygrad[0m [32mmapd[0m [32mmapd_manager[0m [31mmtscd[0m [32mrtid[0m
[32mloggerd[0m [32mencoderd[0m [32mlogmessaged[0m [32mcamerad[0m [32mlogcatd[0m [32mproclogd[0m [32mmicd[0m [32mtimed[0m [32mdmonitoringmodeld[0m [32msensord[0m [32mui[0m [32msoundd[0m [32mlocationd[0m [32mcalibrationd[0m [32mtorqued[0m [32mcontrolsd[0m [32mselfdrived[0m [32mcard[0m [32mdeleter[0m [32mdmonitoringd[0m [32mqcomgpsd[0m [32mpandad[0m [32mparamsd[0m [32mlagd[0m [32mplannerd[0m [32mradard[0m [32mhardwared[0m [32mtombstoned[0m [32muploader[0m [32mstatsd[0m [32mfeedbackd[0m [32mmodeld_tinygrad[0m [32mmapd[0m [32mmapd_manager[0m [31mmtscd[0m [32mrtid[0m
[32mloggerd[0m [32mencoderd[0m [32mlogmessaged[0m [32mcamerad[0m [32mlogcatd[0m [32mproclogd[0m [32mmicd[0m [32mtimed[0m [32mdmonitoringmodeld[0m [32msensord[0m [32mui[0m [32msoundd[0m [32mlocationd[0m [32mcalibrationd[0m [32mtorqued[0m [32mcontrolsd[0m [32mselfdrived[0m [32mcard[0m [32mdeleter[0m [32mdmonitoringd[0m [32mqcomgpsd[0m [32mpandad[0m [32mparamsd[0m [32mlagd[0m [32mplannerd[0m [32mradard[0m [32mhardwared[0m [32mtombstoned[0m [32muploader[0m [32mstatsd[0m [32mfeedbackd[0m [32mmodeld_tinygrad[0m [32mmapd[0m [32mmapd_manager[0m [31mmtscd[0m [32mrtid[0m
[32mloggerd[0m [32mencoderd[0m [32mlogmessaged[0m [32mcamerad[0m [32mlogcatd[0m [32mproclogd[0m [32mmicd[0m [32mtimed[0m [32mdmonitoringmodeld[0m [32msensord[0m [32mui[0m [32msoundd[0m [32mlocationd[0m [32mcalibrationd[0m [32mtorqued[0m [32mcontrolsd[0m [32mselfdrived[0m [32mcard[0m [32mdeleter[0m [32mdmonitoringd[0m [32mqcomgpsd[0m [32mpandad[0m [32mparamsd[0m [32mlagd[0m [32mplannerd[0m [32mradard[0m [32mhardwared[0m [32mtombstoned[0m [32muploader[0m [32mstatsd[0m [32mfeedbackd[0m [32mmodeld_tinygrad[0m [32mmapd[0m [32mmapd_manager[0m [31mmtscd[0m [32mrtid[0m
[32mloggerd[0m [32mencoderd[0m [32mlogmessaged[0m [32mcamerad[0m [32mlogcatd[0m [32mproclogd[0m [32mmicd[0m [32mtimed[0m [32mdmonitoringmodeld[0m [32msensord[0m [32mui[0m [32msoundd[0m [32mlocationd[0m [32mcalibrationd[0m [32mtorqued[0m [32mcontrolsd[0m [32mselfdrived[0m [32mcard[0m [32mdeleter[0m [32mdmonitoringd[0m [32mqcomgpsd[0m [32mpandad[0m [32mparamsd[0m [32mlagd[0m [32mplannerd[0m [32mradard[0m [32mhardwared[0m [32mtombstoned[0m [32muploader[0m [32mstatsd[0m [32mfeedbackd[0m [32mmodeld_tinygrad[0m [32mmapd[0m [32mmapd_manager[0m [31mmtscd[0m [32mrtid[0m
[32mloggerd[0m [32mencoderd[0m [32mlogmessaged[0m [32mcamerad[0m [32mlogcatd[0m [32mproclogd[0m [32mmicd[0m [32mtimed[0m [32mdmonitoringmodeld[0m [32msensord[0m [32mui[0m [32msoundd[0m [32mlocationd[0m [32mcalibrationd[0m [32mtorqued[0m [32mcontrolsd[0m [32mselfdrived[0m [32mcard[0m [32mdeleter[0m [32mdmonitoringd[0m [32mqcomgpsd[0m [32mpandad[0m [32mparamsd[0m [32mlagd[0m [32mplannerd[0m [32mradard[0m [32mhardwared[0m [32mtombstoned[0m [32muploader[0m [32mstatsd[0m [32mfeedbackd[0m [32mmodeld_tinygrad[0m [32mmapd[0m [32mmapd_manager[0m [31mmtscd[0m [32mrtid[0m
[32mloggerd[0m [32mencoderd[0m [32mlogmessaged[0m [32mcamerad[0m [32mlogcatd[0m [32mproclogd[0m [32mmicd[0m [32mtimed[0m [32mdmonitoringmodeld[0m [32msensord[0m [32mui[0m [32msoundd[0m [32mlocationd[0m [32mcalibrationd[0m [32mtorqued[0m [32mcontrolsd[0m [32mselfdrived[0m [32mcard[0m [32mdeleter[0m [32mdmonitoringd[0m [32mqcomgpsd[0m [32mpandad[0m [32mparamsd[0m [32mlagd[0m [32mplannerd[0m [32mradard[0m [32mhardwared[0m [32mtombstoned[0m [32muploader[0m [32mstatsd[0m [32mfeedbackd[0m [32mmodeld_tinygrad[0m [32mmapd[0m [32mmapd_manager[0m [31mmtscd[0m [32mrtid[0m
[32mloggerd[0m [32mencoderd[0m [32mlogmessaged[0m [32mcamerad[0m [32mlogcatd[0m [32mproclogd[0m [32mmicd[0m [32mtimed[0m [32mdmonitoringmodeld[0m [32msensord[0m [32mui[0m [32msoundd[0m [32mlocationd[0m [32mcalibrationd[0m [32mtorqued[0m [32mcontrolsd[0m [32mselfdrived[0m [32mcard[0m [32mdeleter[0m [32mdmonitoringd[0m [32mqcomgpsd[0m [32mpandad[0m [32mparamsd[0m [32mlagd[0m [32mplannerd[0m [32mradard[0m [32mhardwared[0m [32mtombstoned[0m [32muploader[0m [32mstatsd[0m [32mfeedbackd[0m [32mmodeld_tinygrad[0m [32mmapd[0m [32mmapd_manager[0m [31mmtscd[0m [32mrtid[0m
[32mloggerd[0m [32mencoderd[0m [32mlogmessaged[0m [32mcamerad[0m [32mlogcatd[0m [32mproclogd[0m [32mmicd[0m [32mtimed[0m [32mdmonitoringmodeld[0m [32msensord[0m [32mui[0m [32msoundd[0m [32mlocationd[0m [32mcalibrationd[0m [32mtorqued[0m [32mcontrolsd[0m [32mselfdrived[0m [32mcard[0m [32mdeleter[0m [32mdmonitoringd[0m [32mqcomgpsd[0m [32mpandad[0m [32mparamsd[0m [32mlagd[0m [32mplannerd[0m [32mradard[0m [32mhardwared[0m [32mtombstoned[0m [32muploader[0m [32mstatsd[0m [32mfeedbackd[0m [32mmodeld_tinygrad[0m [32mmapd[0m [32mmapd_manager[0m [31mmtscd[0m [32mrtid[0m
RTI cycle took 0.040s
RTI cycle took 0.027s
RTI cycle took 0.046s
RTI cycle took 0.019s
RTI cycle took 0.031s
RTI cycle took 0.025s
RTI cycle took 0.030s
RTI cycle took 0.018s
RTI cycle took 0.027s
RTI cycle took 0.029s
RTI cycle took 0.026s
RTI cycle took 0.034s
RTI cycle took 0.023s
RTI cycle took 0.038s
RTI cycle took 0.048s
RTI cycle took 0.049s
RTI cycle took 0.028s
RTI cycle took 0.049s
RTI cycle took 0.018s
RTI cycle took 0.061s
RTI cycle took 0.031s
RTI cycle took 0.031s
RTI cycle took 0.018s
RTI cycle took 0.037s
RTI cycle took 0.029s
RTI cycle took 0.035s
RTI cycle took 0.053s
RTI cycle took 0.024s
RTI cycle took 0.043s
RTI cycle took 0.024s
RTI cycle took 0.036s
RTI cycle took 0.030s
RTI cycle took 0.028s
RTI cycle took 0.043s
RTI cycle took 0.039s
RTI cycle took 0.040s
RTI cycle took 0.022s
RTI cycle took 0.038s
RTI cycle took 0.033s
RTI cycle took 0.027s
RTI cycle took 0.029s
RTI cycle took 0.040s
RTI cycle took 0.018s
RTI cycle took 0.027s
RTI cycle took 0.015s
RTI cycle took 0.028s
RTI cycle took 0.025s
RTI cycle took 0.025s
RTI cycle took 0.029s
RTI cycle took 0.022s
RTI cycle took 0.031s
RTI cycle took 0.035s
RTI cycle took 0.024s
RTI cycle took 0.031s
RTI cycle took 0.029s
RTI cycle took 0.026s
RTI cycle took 0.046s
RTI cycle took 0.023s
RTI cycle took 0.039s
RTI cycle took 0.039s
RTI cycle took 0.025s
RTI cycle took 0.025s
RTI cycle took 0.019s
RTI cycle took 0.034s
RTI cycle took 0.029s
RTI cycle took 0.016s
RTI cycle took 0.016s
RTI cycle took 0.021s
RTI cycle took 0.032s
RTI cycle took 0.024s
RTI cycle took 0.043s
RTI cycle took 0.029s
RTI cycle took 0.038s
RTI cycle took 0.019s
RTI cycle took 0.038s
RTI cycle took 0.044s
RTI cycle took 0.019s
RTI cycle took 0.031s
RTI cycle took 0.028s
RTI cycle took 0.035s
RTI cycle took 0.032s
RTI cycle took 0.026s
RTI cycle took 0.033s
RTI cycle took 0.038s
RTI cycle took 0.017s
RTI cycle took 0.036s
RTI cycle took 0.021s
RTI cycle took 0.023s
RTI cycle took 0.021s
RTI cycle took 0.033s
RTI cycle took 0.037s
RTI cycle took 0.038s
RTI cycle took 0.015s
RTI cycle took 0.034s
RTI cycle took 0.027s
RTI cycle took 0.033s
RTI cycle took 0.027s
RTI cycle took 0.036s
RTI cycle took 0.039s
RTI cycle took 0.037s
RTI cycle took 0.022s
RTI cycle took 0.032s
RTI cycle took 0.028s
RTI cycle took 0.019s
RTI cycle took 0.037s
RTI cycle took 0.017s
RTI cycle took 0.027s
RTI cycle took 0.029s
RTI cycle took 0.038s
RTI cycle took 0.031s
RTI cycle took 0.028s
RTI cycle took 0.027s
RTI cycle took 0.025s
RTI cycle took 0.023s
RTI cycle took 0.018s
RTI cycle took 0.032s
RTI cycle took 0.026s
RTI cycle took 0.028s
RTI cycle took 0.032s
RTI cycle took 0.027s
RTI cycle took 0.040s
RTI cycle took 0.033s
RTI cycle took 0.026s
RTI cycle took 0.030s
RTI cycle took 0.030s
RTI cycle took 0.019s
RTI cycle took 0.027s
RTI cycle took 0.028s
RTI cycle took 0.031s
RTI cycle took 0.017s
RTI cycle took 0.028s
RTI cycle took 0.017s
RTI cycle took 0.036s
RTI cycle took 0.018s
RTI cycle took 0.025s
RTI cycle took 0.042s
RTI cycle took 0.038s
RTI cycle took 0.028s
RTI cycle took 0.032s
RTI cycle took 0.027s
RTI cycle took 0.028s
RTI cycle took 0.033s
RTI cycle took 0.025s
RTI cycle took 0.039s
RTI cycle took 0.030s
RTI cycle took 0.027s
RTI cycle took 0.032s
RTI cycle took 0.025s
RTI cycle took 0.033s
RTI cycle took 0.037s
RTI cycle took 0.016s
RTI cycle took 0.037s
RTI cycle took 0.018s
RTI cycle took 0.020s
RTI cycle took 0.024s
RTI cycle took 0.032s
RTI cycle took 0.038s
RTI cycle took 0.028s
RTI cycle took 0.026s
RTI cycle took 0.041s
RTI cycle took 0.014s
RTI cycle took 0.030s
RTI cycle took 0.022s
RTI cycle took 0.031s
RTI cycle took 0.044s
RTI cycle took 0.022s
RTI cycle took 0.030s
RTI cycle took 0.030s
RTI cycle took 0.019s
RTI cycle took 0.039s
RTI cycle took 0.017s
RTI cycle took 0.028s
RTI cycle took 0.015s
RTI cycle took 0.028s
RTI cycle took 0.017s
RTI cycle took 0.028s
RTI cycle took 0.026s
RTI cycle took 0.029s
RTI cycle took 0.018s
RTI cycle took 0.028s
RTI cycle took 0.019s
RTI cycle took 0.028s
RTI cycle took 0.018s
RTI cycle took 0.042s
RTI cycle took 0.027s
RTI cycle took 0.015s
RTI cycle took 0.034s
RTI cycle took 0.041s
RTI cycle took 0.017s
RTI cycle took 0.025s
RTI cycle took 0.022s
RTI cycle took 0.022s
[32mloggerd[0m [32mencoderd[0m [32mlogmessaged[0m [32mcamerad[0m [32mlogcatd[0m [32mproclogd[0m [32mmicd[0m [32mtimed[0m [32mdmonitoringmodeld[0m [32msensord[0m [32mui[0m [32msoundd[0m [32mlocationd[0m [32mcalibrationd[0m [32mtorqued[0m [32mcontrolsd[0m [32mselfdrived[0m [32mcard[0m [32mdeleter[0m [32mdmonitoringd[0m [32mqcomgpsd[0m [32mpandad[0m [32mparamsd[0m [32mlagd[0m [32mplannerd[0m [32mradard[0m [32mhardwared[0m [32mtombstoned[0m [32muploader[0m [32mstatsd[0m [32mfeedbackd[0m [32mmodeld_tinygrad[0m [32mmapd[0m [32mmapd_manager[0m [31mmtscd[0m [32mrtid[0m
[32mloggerd[0m [32mencoderd[0m [32mlogmessaged[0m [32mcamerad[0m [32mlogcatd[0m [32mproclogd[0m [32mmicd[0m [32mtimed[0m [32mdmonitoringmodeld[0m [32msensord[0m [32mui[0m [32msoundd[0m [32mlocationd[0m [32mcalibrationd[0m [32mtorqued[0m [32mcontrolsd[0m [32mselfdrived[0m [32mcard[0m [32mdeleter[0m [32mdmonitoringd[0m [32mqcomgpsd[0m [32mpandad[0m [32mparamsd[0m [32mlagd[0m [32mplannerd[0m [32mradard[0m [32mhardwared[0m [32mtombstoned[0m [32muploader[0m [32mstatsd[0m [32mfeedbackd[0m [32mmodeld_tinygrad[0m [32mmapd[0m [32mmapd_manager[0m [31mmtscd[0m [32mrtid[0m
[32mloggerd[0m [32mencoderd[0m [32mlogmessaged[0m [32mcamerad[0m [32mlogcatd[0m [32mproclogd[0m [32mmicd[0m [32mtimed[0m [32mdmonitoringmodeld[0m [32msensord[0m [32mui[0m [32msoundd[0m [32mlocationd[0m [32mcalibrationd[0m [32mtorqued[0m [32mcontrolsd[0m [32mselfdrived[0m [32mcard[0m [32mdeleter[0m [32mdmonitoringd[0m [32mqcomgpsd[0m [32mpandad[0m [32mparamsd[0m [32mlagd[0m [32mplannerd[0m [32mradard[0m [32mhardwared[0m [32mtombstoned[0m [32muploader[0m [32mstatsd[0m [32mfeedbackd[0m [32mmodeld_tinygrad[0m [32mmapd[0m [32mmapd_manager[0m [31mmtscd[0m [32mrtid[0m
[32mloggerd[0m [32mencoderd[0m [32mlogmessaged[0m [32mcamerad[0m [32mlogcatd[0m [32mproclogd[0m [32mmicd[0m [32mtimed[0m [32mdmonitoringmodeld[0m [32msensord[0m [32mui[0m [32msoundd[0m [32mlocationd[0m [32mcalibrationd[0m [32mtorqued[0m [32mcontrolsd[0m [32mselfdrived[0m [32mcard[0m [32mdeleter[0m [32mdmonitoringd[0m [32mqcomgpsd[0m [32mpandad[0m [32mparamsd[0m [32mlagd[0m [32mplannerd[0m [32mradard[0m [32mhardwared[0m [32mtombstoned[0m [32muploader[0m [32mstatsd[0m [32mfeedbackd[0m [32mmodeld_tinygrad[0m [32mmapd[0m [32mmapd_manager[0m [31mmtscd[0m [32mrtid[0m
[32mloggerd[0m [32mencoderd[0m [32mlogmessaged[0m [32mcamerad[0m [32mlogcatd[0m [32mproclogd[0m [32mmicd[0m [32mtimed[0m [32mdmonitoringmodeld[0m [32msensord[0m [32mui[0m [32msoundd[0m [32mlocationd[0m [32mcalibrationd[0m [32mtorqued[0m [32mcontrolsd[0m [32mselfdrived[0m [32mcard[0m [32mdeleter[0m [32mdmonitoringd[0m [32mqcomgpsd[0m [32mpandad[0m [32mparamsd[0m [32mlagd[0m [32mplannerd[0m [32mradard[0m [32mhardwared[0m [32mtombstoned[0m [32muploader[0m [32mstatsd[0m [32mfeedbackd[0m [32mmodeld_tinygrad[0m [32mmapd[0m [32mmapd_manager[0m [31mmtscd[0m [32mrtid[0m
[32mloggerd[0m [32mencoderd[0m [32mlogmessaged[0m [32mcamerad[0m [32mlogcatd[0m [32mproclogd[0m [32mmicd[0m [32mtimed[0m [32mdmonitoringmodeld[0m [32msensord[0m [32mui[0m [32msoundd[0m [32mlocationd[0m [32mcalibrationd[0m [32mtorqued[0m [32mcontrolsd[0m [32mselfdrived[0m [32mcard[0m [32mdeleter[0m [32mdmonitoringd[0m [32mqcomgpsd[0m [32mpandad[0m [32mparamsd[0m [32mlagd[0m [32mplannerd[0m [32mradard[0m [32mhardwared[0m [32mtombstoned[0m [32muploader[0m [32mstatsd[0m [32mfeedbackd[0m [32mmodeld_tinygrad[0m [32mmapd[0m [32mmapd_manager[0m [31mmtscd[0m [32mrtid[0m
[32mloggerd[0m [32mencoderd[0m [32mlogmessaged[0m [32mcamerad[0m [32mlogcatd[0m [32mproclogd[0m [32mmicd[0m [32mtimed[0m [32mdmonitoringmodeld[0m [32msensord[0m [32mui[0m [32msoundd[0m [32mlocationd[0m [32mcalibrationd[0m [32mtorqued[0m [32mcontrolsd[0m [32mselfdrived[0m [32mcard[0m [32mdeleter[0m [32mdmonitoringd[0m [32mqcomgpsd[0m [32mpandad[0m [32mparamsd[0m [32mlagd[0m [32mplannerd[0m [32mradard[0m [32mhardwared[0m [32mtombstoned[0m [32muploader[0m [32mstatsd[0m [32mfeedbackd[0m [32mmodeld_tinygrad[0m [32mmapd[0m [32mmapd_manager[0m [31mmtscd[0m [32mrtid[0m
[32mloggerd[0m [32mencoderd[0m [32mlogmessaged[0m [32mcamerad[0m [32mlogcatd[0m [32mproclogd[0m [32mmicd[0m [32mtimed[0m [32mdmonitoringmodeld[0m [32msensord[0m [32mui[0m [32msoundd[0m [32mlocationd[0m [32mcalibrationd[0m [32mtorqued[0m [32mcontrolsd[0m [32mselfdrived[0m [32mcard[0m [32mdeleter[0m [32mdmonitoringd[0m [32mqcomgpsd[0m [32mpandad[0m [32mparamsd[0m [32mlagd[0m [32mplannerd[0m [32mradard[0m [32mhardwared[0m [32mtombstoned[0m [32muploader[0m [32mstatsd[0m [32mfeedbackd[0m [32mmodeld_tinygrad[0m [32mmapd[0m [32mmapd_manager[0m [31mmtscd[0m [32mrtid[0m
[32mloggerd[0m [32mencoderd[0m [32mlogmessaged[0m [32mcamerad[0m [32mlogcatd[0m [32mproclogd[0m [32mmicd[0m [32mtimed[0m [32mdmonitoringmodeld[0m [32msensord[0m [32mui[0m [32msoundd[0m [32mlocationd[0m [32mcalibrationd[0m [32mtorqued[0m [32mcontrolsd[0m [32mselfdrived[0m [32mcard[0m [32mdeleter[0m [32mdmonitoringd[0m [32mqcomgpsd[0m [32mpandad[0m [32mparamsd[0m [32mlagd[0m [32mplannerd[0m [32mradard[0m [32mhardwared[0m [32mtombstoned[0m [32muploader[0m [32mstatsd[0m [32mfeedbackd[0m [32mmodeld_tinygrad[0m [32mmapd[0m [32mmapd_manager[0m [31mmtscd[0m [32mrtid[0m
[32mloggerd[0m [32mencoderd[0m [32mlogmessaged[0m [32mcamerad[0m [32mlogcatd[0m [32mproclogd[0m [32mmicd[0m [32mtimed[0m [32mdmonitoringmodeld[0m [32msensord[0m [32mui[0m [32msoundd[0m [32mlocationd[0m [32mcalibrationd[0m [32mtorqued[0m [32mcontrolsd[0m [32mselfdrived[0m [32mcard[0m [32mdeleter[0m [32mdmonitoringd[0m [32mqcomgpsd[0m [32mpandad[0m [32mparamsd[0m [32mlagd[0m [32mplannerd[0m [32mradard[0m [32mhardwared[0m [32mtombstoned[0m [32muploader[0m [32mstatsd[0m [32mfeedbackd[0m [32mmodeld_tinygrad[0m [32mmapd[0m [32mmapd_manager[0m [31mmtscd[0m [32mrtid[0m
[32mloggerd[0m [32mencoderd[0m [32mlogmessaged[0m [32mcamerad[0m [32mlogcatd[0m [32mproclogd[0m [32mmicd[0m [32mtimed[0m [32mdmonitoringmodeld[0m [32msensord[0m [32mui[0m [32msoundd[0m [32mlocationd[0m [32mcalibrationd[0m [32mtorqued[0m [32mcontrolsd[0m [32mselfdrived[0m [32mcard[0m [32mdeleter[0m [32mdmonitoringd[0m [32mqcomgpsd[0m [32mpandad[0m [32mparamsd[0m [32mlagd[0m [32mplannerd[0m [32mradard[0m [32mhardwared[0m [32mtombstoned[0m [32muploader[0m [32mstatsd[0m [32mfeedbackd[0m [32mmodeld_tinygrad[0m [32mmapd[0m [32mmapd_manager[0m [31mmtscd[0m [32mrtid[0m
[32mloggerd[0m [32mencoderd[0m [32mlogmessaged[0m [32mcamerad[0m [32mlogcatd[0m [32mproclogd[0m [32mmicd[0m [32mtimed[0m [32mdmonitoringmodeld[0m [32msensord[0m [32mui[0m [32msoundd[0m [32mlocationd[0m [32mcalibrationd[0m [32mtorqued[0m [32mcontrolsd[0m [32mselfdrived[0m [32mcard[0m [32mdeleter[0m [32mdmonitoringd[0m [32mqcomgpsd[0m [32mpandad[0m [32mparamsd[0m [32mlagd[0m [32mplannerd[0m [32mradard[0m [32mhardwared[0m [32mtombstoned[0m [32muploader[0m [32mstatsd[0m [32mfeedbackd[0m [32mmodeld_tinygrad[0m [32mmapd[0m [32mmapd_manager[0m [31mmtscd[0m [32mrtid[0m
RTI cycle took 0.031s
RTI cycle took 0.023s
RTI cycle took 0.017s
RTI cycle took 0.017s
RTI cycle took 0.012s
RTI cycle took 0.029s
RTI cycle took 0.022s
RTI cycle took 0.029s
RTI cycle took 0.019s
RTI cycle took 0.018s
RTI cycle took 0.023s
RTI cycle took 0.030s
RTI cycle took 0.030s
RTI cycle took 0.026s
RTI cycle took 0.032s
RTI cycle took 0.017s
RTI cycle took 0.029s
RTI cycle took 0.039s
RTI cycle took 0.025s
RTI cycle took 0.037s
RTI cycle took 0.015s
RTI cycle took 0.031s
RTI cycle took 0.031s
RTI cycle took 0.027s
RTI cycle took 0.041s
RTI cycle took 0.031s
RTI cycle took 0.024s
RTI cycle took 0.022s
RTI cycle took 0.027s
RTI cycle took 0.032s
RTI cycle took 0.027s
RTI cycle took 0.021s
RTI cycle took 0.028s
RTI cycle took 0.039s
RTI cycle took 0.031s
RTI cycle took 0.034s
RTI cycle took 0.023s
RTI cycle took 0.030s
RTI cycle took 0.027s
RTI cycle took 0.037s
RTI cycle took 0.022s
RTI cycle took 0.039s
RTI cycle took 0.031s
RTI cycle took 0.022s
RTI cycle took 0.022s
RTI cycle took 0.030s
RTI cycle took 0.026s
RTI cycle took 0.042s
RTI cycle took 0.030s
RTI cycle took 0.033s
RTI cycle took 0.016s
RTI cycle took 0.027s
RTI cycle took 0.040s
RTI cycle took 0.024s
RTI cycle took 0.029s
RTI cycle took 0.020s
RTI cycle took 0.029s
RTI cycle took 0.028s
RTI cycle took 0.033s
RTI cycle took 0.029s
RTI cycle took 0.023s
RTI cycle took 0.024s
RTI cycle took 0.034s
RTI cycle took 0.021s
RTI cycle took 0.032s
RTI cycle took 0.017s
RTI cycle took 0.030s
RTI cycle took 0.015s
RTI cycle took 0.023s
RTI cycle took 0.017s
RTI cycle took 0.030s
RTI cycle took 0.043s
RTI cycle took 0.022s
RTI cycle took 0.033s
RTI cycle took 0.042s
RTI cycle took 0.022s
RTI cycle took 0.032s
RTI cycle took 0.044s
RTI cycle took 0.023s
RTI cycle took 0.042s
RTI cycle took 0.036s
RTI cycle took 0.021s
RTI cycle took 0.022s
RTI cycle took 0.017s
RTI cycle took 0.021s
RTI cycle took 0.034s
RTI cycle took 0.014s
RTI cycle took 0.027s
RTI cycle took 0.015s
RTI cycle took 0.029s
RTI cycle took 0.014s
RTI cycle took 0.025s
RTI cycle took 0.026s
RTI cycle took 0.028s
RTI cycle took 0.021s
RTI cycle took 0.024s
RTI cycle took 0.033s
RTI cycle took 0.024s
RTI cycle took 0.031s
RTI cycle took 0.031s
RTI cycle took 0.036s
RTI cycle took 0.034s
RTI cycle took 0.030s
RTI cycle took 0.021s
RTI cycle took 0.038s
RTI cycle took 0.027s
RTI cycle took 0.024s
RTI cycle took 0.042s
RTI cycle took 0.031s
RTI cycle took 0.036s
RTI cycle took 0.026s
RTI cycle took 0.024s
RTI cycle took 0.025s
RTI cycle took 0.015s
RTI cycle took 0.022s
RTI cycle took 0.027s
RTI cycle took 0.030s
RTI cycle took 0.037s
RTI cycle took 0.033s
RTI cycle took 0.034s
RTI cycle took 0.030s
RTI cycle took 0.025s
RTI cycle took 0.042s
RTI cycle took 0.020s
RTI cycle took 0.024s
RTI cycle took 0.038s
RTI cycle took 0.022s
RTI cycle took 0.026s
RTI cycle took 0.022s
RTI cycle took 0.040s
RTI cycle took 0.017s
RTI cycle took 0.035s
RTI cycle took 0.035s
RTI cycle took 0.024s
RTI cycle took 0.032s
RTI cycle took 0.040s
RTI cycle took 0.044s
RTI cycle took 0.021s
RTI cycle took 0.028s
RTI cycle took 0.024s
RTI cycle took 0.021s
RTI cycle took 0.037s
RTI cycle took 0.023s
RTI cycle took 0.024s
RTI cycle took 0.031s
RTI cycle took 0.043s
RTI cycle took 0.041s
RTI cycle took 0.038s
RTI cycle took 0.035s
RTI cycle took 0.028s
RTI cycle took 0.049s
RTI cycle took 0.018s
RTI cycle took 0.042s
RTI cycle took 0.038s
RTI cycle took 0.023s
RTI cycle took 0.023s
RTI cycle took 0.024s
RTI cycle took 0.033s
RTI cycle took 0.019s
RTI cycle took 0.034s
RTI cycle took 0.038s
RTI cycle took 0.029s
RTI cycle took 0.037s
RTI cycle took 0.043s
RTI cycle took 0.040s
RTI cycle took 0.030s
RTI cycle took 0.015s
RTI cycle took 0.028s
RTI cycle took 0.016s
RTI cycle took 0.034s
RTI cycle took 0.034s
RTI cycle took 0.019s
RTI cycle took 0.029s
RTI cycle took 0.045s
RTI cycle took 0.021s
RTI cycle took 0.031s
RTI cycle took 0.017s
RTI cycle took 0.022s
RTI cycle took 0.044s
RTI cycle took 0.051s
RTI cycle took 0.036s
RTI cycle took 0.016s
RTI cycle took 0.032s
RTI cycle took 0.038s
RTI cycle took 0.013s
RTI cycle took 0.027s
RTI cycle took 0.022s
RTI cycle took 0.039s
RTI cycle took 0.022s
RTI cycle took 0.036s
RTI cycle took 0.034s
RTI cycle took 0.014s
RTI cycle took 0.029s
RTI cycle took 0.024s
RTI cycle took 0.029s
RTI cycle took 0.043s
RTI cycle took 0.015s
[32mloggerd[0m [32mencoderd[0m [32mlogmessaged[0m [32mcamerad[0m [32mlogcatd[0m [32mproclogd[0m [32mmicd[0m [32mtimed[0m [32mdmonitoringmodeld[0m [32msensord[0m [32mui[0m [32msoundd[0m [32mlocationd[0m [32mcalibrationd[0m [32mtorqued[0m [32mcontrolsd[0m [32mselfdrived[0m [32mcard[0m [32mdeleter[0m [32mdmonitoringd[0m [32mqcomgpsd[0m [32mpandad[0m [32mparamsd[0m [32mlagd[0m [32mplannerd[0m [32mradard[0m [32mhardwared[0m [32mtombstoned[0m [32muploader[0m [32mstatsd[0m [32mfeedbackd[0m [32mmodeld_tinygrad[0m [32mmapd[0m [32mmapd_manager[0m [31mmtscd[0m [32mrtid[0m
[32mloggerd[0m [32mencoderd[0m [32mlogmessaged[0m [32mcamerad[0m [32mlogcatd[0m [32mproclogd[0m [32mmicd[0m [32mtimed[0m [32mdmonitoringmodeld[0m [32msensord[0m [32mui[0m [32msoundd[0m [32mlocationd[0m [32mcalibrationd[0m [32mtorqued[0m [32mcontrolsd[0m [32mselfdrived[0m [32mcard[0m [32mdeleter[0m [32mdmonitoringd[0m [32mqcomgpsd[0m [32mpandad[0m [32mparamsd[0m [32mlagd[0m [32mplannerd[0m [32mradard[0m [32mhardwared[0m [32mtombstoned[0m [32muploader[0m [32mstatsd[0m [32mfeedbackd[0m [32mmodeld_tinygrad[0m [32mmapd[0m [32mmapd_manager[0m [31mmtscd[0m [32mrtid[0m
[32mloggerd[0m [32mencoderd[0m [32mlogmessaged[0m [32mcamerad[0m [32mlogcatd[0m [32mproclogd[0m [32mmicd[0m [32mtimed[0m [32mdmonitoringmodeld[0m [32msensord[0m [32mui[0m [32msoundd[0m [32mlocationd[0m [32mcalibrationd[0m [32mtorqued[0m [32mcontrolsd[0m [32mselfdrived[0m [32mcard[0m [32mdeleter[0m [32mdmonitoringd[0m [32mqcomgpsd[0m [32mpandad[0m [32mparamsd[0m [32mlagd[0m [32mplannerd[0m [32mradard[0m [32mhardwared[0m [32mtombstoned[0m [32muploader[0m [32mstatsd[0m [32mfeedbackd[0m [32mmodeld_tinygrad[0m [32mmapd[0m [32mmapd_manager[0m [31mmtscd[0m [32mrtid[0m
[32mloggerd[0m [32mencoderd[0m [32mlogmessaged[0m [32mcamerad[0m [32mlogcatd[0m [32mproclogd[0m [32mmicd[0m [32mtimed[0m [32mdmonitoringmodeld[0m [32msensord[0m [32mui[0m [32msoundd[0m [32mlocationd[0m [32mcalibrationd[0m [32mtorqued[0m [32mcontrolsd[0m [32mselfdrived[0m [32mcard[0m [32mdeleter[0m [32mdmonitoringd[0m [32mqcomgpsd[0m [32mpandad[0m [32mparamsd[0m [32mlagd[0m [32mplannerd[0m [32mradard[0m [32mhardwared[0m [32mtombstoned[0m [32muploader[0m [32mstatsd[0m [32mfeedbackd[0m [32mmodeld_tinygrad[0m [32mmapd[0m [32mmapd_manager[0m [31mmtscd[0m [32mrtid[0m
[32mloggerd[0m [32mencoderd[0m [32mlogmessaged[0m [32mcamerad[0m [32mlogcatd[0m [32mproclogd[0m [32mmicd[0m [32mtimed[0m [32mdmonitoringmodeld[0m [32msensord[0m [32mui[0m [32msoundd[0m [32mlocationd[0m [32mcalibrationd[0m [32mtorqued[0m [32mcontrolsd[0m [32mselfdrived[0m [32mcard[0m [32mdeleter[0m [32mdmonitoringd[0m [32mqcomgpsd[0m [32mpandad[0m [32mparamsd[0m [32mlagd[0m [32mplannerd[0m [32mradard[0m [32mhardwared[0m [32mtombstoned[0m [32muploader[0m [32mstatsd[0m [32mfeedbackd[0m [32mmodeld_tinygrad[0m [32mmapd[0m [32mmapd_manager[0m [31mmtscd[0m [32mrtid[0m
[32mloggerd[0m [32mencoderd[0m [32mlogmessaged[0m [32mcamerad[0m [32mlogcatd[0m [32mproclogd[0m [32mmicd[0m [32mtimed[0m [32mdmonitoringmodeld[0m [32msensord[0m [32mui[0m [32msoundd[0m [32mlocationd[0m [32mcalibrationd[0m [32mtorqued[0m [32mcontrolsd[0m [32mselfdrived[0m [32mcard[0m [32mdeleter[0m [32mdmonitoringd[0m [32mqcomgpsd[0m [32mpandad[0m [32mparamsd[0m [32mlagd[0m [32mplannerd[0m [32mradard[0m [32mhardwared[0m [32mtombstoned[0m [32muploader[0m [32mstatsd[0m [32mfeedbackd[0m [32mmodeld_tinygrad[0m [32mmapd[0m [32mmapd_manager[0m [31mmtscd[0m [32mrtid[0m
[32mloggerd[0m [32mencoderd[0m [32mlogmessaged[0m [32mcamerad[0m [32mlogcatd[0m [32mproclogd[0m [32mmicd[0m [32mtimed[0m [32mdmonitoringmodeld[0m [32msensord[0m [32mui[0m [32msoundd[0m [32mlocationd[0m [32mcalibrationd[0m [32mtorqued[0m [32mcontrolsd[0m [32mselfdrived[0m [32mcard[0m [32mdeleter[0m [32mdmonitoringd[0m [32mqcomgpsd[0m [32mpandad[0m [32mparamsd[0m [32mlagd[0m [32mplannerd[0m [32mradard[0m [32mhardwared[0m [32mtombstoned[0m [32muploader[0m [32mstatsd[0m [32mfeedbackd[0m [32mmodeld_tinygrad[0m [32mmapd[0m [32mmapd_manager[0m [31mmtscd[0m [32mrtid[0m
[32mloggerd[0m [32mencoderd[0m [32mlogmessaged[0m [32mcamerad[0m [32mlogcatd[0m [32mproclogd[0m [32mmicd[0m [32mtimed[0m [32mdmonitoringmodeld[0m [32msensord[0m [32mui[0m [32msoundd[0m [32mlocationd[0m [32mcalibrationd[0m [32mtorqued[0m [32mcontrolsd[0m [32mselfdrived[0m [32mcard[0m [32mdeleter[0m [32mdmonitoringd[0m [32mqcomgpsd[0m [32mpandad[0m [32mparamsd[0m [32mlagd[0m [32mplannerd[0m [32mradard[0m [32mhardwared[0m [32mtombstoned[0m [32muploader[0m [32mstatsd[0m [32mfeedbackd[0m [32mmodeld_tinygrad[0m [32mmapd[0m [32mmapd_manager[0m [31mmtscd[0m [32mrtid[0m
[32mloggerd[0m [32mencoderd[0m [32mlogmessaged[0m [32mcamerad[0m [32mlogcatd[0m [32mproclogd[0m [32mmicd[0m [32mtimed[0m [32mdmonitoringmodeld[0m [32msensord[0m [32mui[0m [32msoundd[0m [32mlocationd[0m [32mcalibrationd[0m [32mtorqued[0m [32mcontrolsd[0m [32mselfdrived[0m [32mcard[0m [32mdeleter[0m [32mdmonitoringd[0m [32mqcomgpsd[0m [32mpandad[0m [32mparamsd[0m [32mlagd[0m [32mplannerd[0m [32mradard[0m [32mhardwared[0m [32mtombstoned[0m [32muploader[0m [32mstatsd[0m [32mfeedbackd[0m [32mmodeld_tinygrad[0m [32mmapd[0m [32mmapd_manager[0m [31mmtscd[0m [32mrtid[0m
[32mloggerd[0m [32mencoderd[0m [32mlogmessaged[0m [32mcamerad[0m [32mlogcatd[0m [32mproclogd[0m [32mmicd[0m [32mtimed[0m [32mdmonitoringmodeld[0m [32msensord[0m [32mui[0m [32msoundd[0m [32mlocationd[0m [32mcalibrationd[0m [32mtorqued[0m [32mcontrolsd[0m [32mselfdrived[0m [32mcard[0m [32mdeleter[0m [32mdmonitoringd[0m [32mqcomgpsd[0m [32mpandad[0m [32mparamsd[0m [32mlagd[0m [32mplannerd[0m [32mradard[0m [32mhardwared[0m [32mtombstoned[0m [32muploader[0m [32mstatsd[0m [32mfeedbackd[0m [32mmodeld_tinygrad[0m [32mmapd[0m [32mmapd_manager[0m [31mmtscd[0m [32mrtid[0m
[32mloggerd[0m [32mencoderd[0m [32mlogmessaged[0m [32mcamerad[0m [32mlogcatd[0m [32mproclogd[0m [32mmicd[0m [32mtimed[0m [32mdmonitoringmodeld[0m [32msensord[0m [32mui[0m [32msoundd[0m [32mlocationd[0m [32mcalibrationd[0m [32mtorqued[0m [32mcontrolsd[0m [32mselfdrived[0m [32mcard[0m [32mdeleter[0m [32mdmonitoringd[0m [32mqcomgpsd[0m [32mpandad[0m [32mparamsd[0m [32mlagd[0m [32mplannerd[0m [32mradard[0m [32mhardwared[0m [32mtombstoned[0m [32muploader[0m [32mstatsd[0m [32mfeedbackd[0m [32mmodeld_tinygrad[0m [32mmapd[0m [32mmapd_manager[0m [31mmtscd[0m [32mrtid[0m
[32mloggerd[0m [32mencoderd[0m [32mlogmessaged[0m [32mcamerad[0m [32mlogcatd[0m [32mproclogd[0m [32mmicd[0m [32mtimed[0m [32mdmonitoringmodeld[0m [32msensord[0m [32mui[0m [32msoundd[0m [32mlocationd[0m [32mcalibrationd[0m [32mtorqued[0m [32mcontrolsd[0m [32mselfdrived[0m [32mcard[0m [32mdeleter[0m [32mdmonitoringd[0m [32mqcomgpsd[0m [32mpandad[0m [32mparamsd[0m [32mlagd[0m [32mplannerd[0m [32mradard[0m [32mhardwared[0m [32mtombstoned[0m [32muploader[0m [32mstatsd[0m [32mfeedbackd[0m [32mmodeld_tinygrad[0m [32mmapd[0m [32mmapd_manager[0m [31mmtscd[0m [32mrtid[0m
RTI cycle took 0.020s
RTI cycle took 0.014s
RTI cycle took 0.033s
RTI cycle took 0.015s
RTI cycle took 0.029s
RTI cycle took 0.024s
RTI cycle took 0.025s
RTI cycle took 0.015s
RTI cycle took 0.027s
RTI cycle took 0.043s
RTI cycle took 0.021s
RTI cycle took 0.028s
RTI cycle took 0.022s
RTI cycle took 0.025s
RTI cycle took 0.021s
RTI cycle took 0.036s
RTI cycle took 0.021s
RTI cycle took 0.035s
RTI cycle took 0.033s
RTI cycle took 0.043s
RTI cycle took 0.035s
RTI cycle took 0.036s
RTI cycle took 0.039s
RTI cycle took 0.017s
RTI cycle took 0.041s
RTI cycle took 0.036s
RTI cycle took 0.032s
RTI cycle took 0.024s
RTI cycle took 0.042s
RTI cycle took 0.033s
RTI cycle took 0.025s
RTI cycle took 0.043s
RTI cycle took 0.032s
RTI cycle took 0.022s
RTI cycle took 0.042s
RTI cycle took 0.038s
RTI cycle took 0.036s
RTI cycle took 0.018s
RTI cycle took 0.041s
RTI cycle took 0.023s
RTI cycle took 0.027s
RTI cycle took 0.049s
RTI cycle took 0.011s
RTI cycle took 0.022s
RTI cycle took 0.026s
RTI cycle took 0.035s
RTI cycle took 0.025s
RTI cycle took 0.025s
RTI cycle took 0.034s
RTI cycle took 0.023s
RTI cycle took 0.035s
RTI cycle took 0.039s
RTI cycle took 0.025s
RTI cycle took 0.027s
RTI cycle took 0.041s
RTI cycle took 0.014s
RTI cycle took 0.028s
RTI cycle took 0.044s
RTI cycle took 0.020s
RTI cycle took 0.040s
RTI cycle took 0.042s
RTI cycle took 0.028s
RTI cycle took 0.027s
RTI cycle took 0.028s
RTI cycle took 0.016s
RTI cycle took 0.036s
RTI cycle took 0.026s
RTI cycle took 0.032s
RTI cycle took 0.042s
RTI cycle took 0.015s
RTI cycle took 0.025s
RTI cycle took 0.015s
RTI cycle took 0.037s
RTI cycle took 0.037s
RTI cycle took 0.014s
RTI cycle took 0.033s
RTI cycle took 0.046s
RTI cycle took 0.020s
RTI cycle took 0.025s
RTI cycle took 0.040s
RTI cycle took 0.034s
RTI cycle took 0.028s
RTI cycle took 0.040s
RTI cycle took 0.035s
RTI cycle took 0.021s
RTI cycle took 0.017s
RTI cycle took 0.027s
RTI cycle took 0.018s
RTI cycle took 0.042s
RTI cycle took 0.025s
RTI cycle took 0.027s
RTI cycle took 0.040s
RTI cycle took 0.040s
RTI cycle took 0.036s
RTI cycle took 0.022s
RTI cycle took 0.033s
RTI cycle took 0.014s
RTI cycle took 0.024s
RTI cycle took 0.029s
RTI cycle took 0.037s
RTI cycle took 0.030s
RTI cycle took 0.027s
RTI cycle took 0.030s
RTI cycle took 0.040s
RTI cycle took 0.021s
RTI cycle took 0.025s
RTI cycle took 0.026s
RTI cycle took 0.029s
RTI cycle took 0.029s
RTI cycle took 0.034s
RTI cycle took 0.021s
RTI cycle took 0.031s
RTI cycle took 0.029s
RTI cycle took 0.029s
RTI cycle took 0.042s
RTI cycle took 0.025s
RTI cycle took 0.031s
RTI cycle took 0.039s
RTI cycle took 0.039s
RTI cycle took 0.021s
RTI cycle took 0.018s
RTI cycle took 0.024s
RTI cycle took 0.020s
RTI cycle took 0.029s
RTI cycle took 0.043s
RTI cycle took 0.039s
RTI cycle took 0.033s
RTI cycle took 0.021s
RTI cycle took 0.029s
RTI cycle took 0.030s
RTI cycle took 0.040s
RTI cycle took 0.014s
RTI cycle took 0.026s
RTI cycle took 0.014s
RTI cycle took 0.024s
RTI cycle took 0.017s
RTI cycle took 0.031s
RTI cycle took 0.025s
RTI cycle took 0.027s
RTI cycle took 0.043s
RTI cycle took 0.016s
RTI cycle took 0.026s
RTI cycle took 0.028s
RTI cycle took 0.034s
RTI cycle took 0.035s
RTI cycle took 0.027s
RTI cycle took 0.028s
RTI cycle took 0.043s
RTI cycle took 0.017s
RTI cycle took 0.018s
RTI cycle took 0.023s
RTI cycle took 0.037s
RTI cycle took 0.047s
RTI cycle took 0.015s
RTI cycle took 0.024s
RTI cycle took 0.027s
RTI cycle took 0.040s
RTI cycle took 0.031s
RTI cycle took 0.029s
RTI cycle took 0.019s
RTI cycle took 0.030s
RTI cycle took 0.015s
RTI cycle took 0.014s
RTI cycle took 0.033s
RTI cycle took 0.023s
RTI cycle took 0.023s
RTI cycle took 0.032s
RTI cycle took 0.029s
RTI cycle took 0.027s
RTI cycle took 0.021s
RTI cycle took 0.028s
RTI cycle took 0.021s
RTI cycle took 0.028s
RTI cycle took 0.034s
RTI cycle took 0.024s
RTI cycle took 0.022s
RTI cycle took 0.016s
RTI cycle took 0.036s
RTI cycle took 0.018s
RTI cycle took 0.027s
RTI cycle took 0.040s
RTI cycle took 0.027s
RTI cycle took 0.028s
RTI cycle took 0.017s
RTI cycle took 0.030s
RTI cycle took 0.025s
RTI cycle took 0.032s
RTI cycle took 0.039s
RTI cycle took 0.016s
RTI cycle took 0.033s
RTI cycle took 0.022s
RTI cycle took 0.038s
RTI cycle took 0.031s
RTI cycle took 0.029s
RTI cycle took 0.038s
RTI cycle took 0.028s
RTI cycle took 0.020s
[32mloggerd[0m [32mencoderd[0m [32mlogmessaged[0m [32mcamerad[0m [32mlogcatd[0m [32mproclogd[0m [32mmicd[0m [32mtimed[0m [32mdmonitoringmodeld[0m [32msensord[0m [32mui[0m [32msoundd[0m [32mlocationd[0m [32mcalibrationd[0m [32mtorqued[0m [32mcontrolsd[0m [32mselfdrived[0m [32mcard[0m [32mdeleter[0m [32mdmonitoringd[0m [32mqcomgpsd[0m [32mpandad[0m [32mparamsd[0m [32mlagd[0m [32mplannerd[0m [32mradard[0m [32mhardwared[0m [32mtombstoned[0m [32muploader[0m [32mstatsd[0m [32mfeedbackd[0m [32mmodeld_tinygrad[0m [32mmapd[0m [32mmapd_manager[0m [31mmtscd[0m [32mrtid[0m
[32mloggerd[0m [32mencoderd[0m [32mlogmessaged[0m [32mcamerad[0m [32mlogcatd[0m [32mproclogd[0m [32mmicd[0m [32mtimed[0m [32mdmonitoringmodeld[0m [32msensord[0m [32mui[0m [32msoundd[0m [32mlocationd[0m [32mcalibrationd[0m [32mtorqued[0m [32mcontrolsd[0m [32mselfdrived[0m [32mcard[0m [32mdeleter[0m [32mdmonitoringd[0m [32mqcomgpsd[0m [32mpandad[0m [32mparamsd[0m [32mlagd[0m [32mplannerd[0m [32mradard[0m [32mhardwared[0m [32mtombstoned[0m [32muploader[0m [32mstatsd[0m [32mfeedbackd[0m [32mmodeld_tinygrad[0m [32mmapd[0m [32mmapd_manager[0m [31mmtscd[0m [32mrtid[0m
[32mloggerd[0m [32mencoderd[0m [32mlogmessaged[0m [32mcamerad[0m [32mlogcatd[0m [32mproclogd[0m [32mmicd[0m [32mtimed[0m [32mdmonitoringmodeld[0m [32msensord[0m [32mui[0m [32msoundd[0m [32mlocationd[0m [32mcalibrationd[0m [32mtorqued[0m [32mcontrolsd[0m [32mselfdrived[0m [32mcard[0m [32mdeleter[0m [32mdmonitoringd[0m [32mqcomgpsd[0m [32mpandad[0m [32mparamsd[0m [32mlagd[0m [32mplannerd[0m [32mradard[0m [32mhardwared[0m [32mtombstoned[0m [32muploader[0m [32mstatsd[0m [32mfeedbackd[0m [32mmodeld_tinygrad[0m [32mmapd[0m [32mmapd_manager[0m [31mmtscd[0m [32mrtid[0m
[32mloggerd[0m [32mencoderd[0m [32mlogmessaged[0m [32mcamerad[0m [32mlogcatd[0m [32mproclogd[0m [32mmicd[0m [32mtimed[0m [32mdmonitoringmodeld[0m [32msensord[0m [32mui[0m [32msoundd[0m [32mlocationd[0m [32mcalibrationd[0m [32mtorqued[0m [32mcontrolsd[0m [32mselfdrived[0m [32mcard[0m [32mdeleter[0m [32mdmonitoringd[0m [32mqcomgpsd[0m [32mpandad[0m [32mparamsd[0m [32mlagd[0m [32mplannerd[0m [32mradard[0m [32mhardwared[0m [32mtombstoned[0m [32muploader[0m [32mstatsd[0m [32mfeedbackd[0m [32mmodeld_tinygrad[0m [32mmapd[0m [32mmapd_manager[0m [31mmtscd[0m [32mrtid[0m
[32mloggerd[0m [32mencoderd[0m [32mlogmessaged[0m [32mcamerad[0m [32mlogcatd[0m [32mproclogd[0m [32mmicd[0m [32mtimed[0m [32mdmonitoringmodeld[0m [32msensord[0m [32mui[0m [32msoundd[0m [32mlocationd[0m [32mcalibrationd[0m [32mtorqued[0m [32mcontrolsd[0m [32mselfdrived[0m [32mcard[0m [32mdeleter[0m [32mdmonitoringd[0m [32mqcomgpsd[0m [32mpandad[0m [32mparamsd[0m [32mlagd[0m [32mplannerd[0m [32mradard[0m [32mhardwared[0m [32mtombstoned[0m [32muploader[0m [32mstatsd[0m [32mfeedbackd[0m [32mmodeld_tinygrad[0m [32mmapd[0m [32mmapd_manager[0m [31mmtscd[0m [32mrtid[0m
[32mloggerd[0m [32mencoderd[0m [32mlogmessaged[0m [32mcamerad[0m [32mlogcatd[0m [32mproclogd[0m [32mmicd[0m [32mtimed[0m [32mdmonitoringmodeld[0m [32msensord[0m [32mui[0m [32msoundd[0m [32mlocationd[0m [32mcalibrationd[0m [32mtorqued[0m [32mcontrolsd[0m [32mselfdrived[0m [32mcard[0m [32mdeleter[0m [32mdmonitoringd[0m [32mqcomgpsd[0m [32mpandad[0m [32mparamsd[0m [32mlagd[0m [32mplannerd[0m [32mradard[0m [32mhardwared[0m [32mtombstoned[0m [32muploader[0m [32mstatsd[0m [32mfeedbackd[0m [32mmodeld_tinygrad[0m [32mmapd[0m [32mmapd_manager[0m [31mmtscd[0m [32mrtid[0m
[32mloggerd[0m [32mencoderd[0m [32mlogmessaged[0m [32mcamerad[0m [32mlogcatd[0m [32mproclogd[0m [32mmicd[0m [32mtimed[0m [32mdmonitoringmodeld[0m [32msensord[0m [32mui[0m [32msoundd[0m [32mlocationd[0m [32mcalibrationd[0m [32mtorqued[0m [32mcontrolsd[0m [32mselfdrived[0m [32mcard[0m [32mdeleter[0m [32mdmonitoringd[0m [32mqcomgpsd[0m [32mpandad[0m [32mparamsd[0m [32mlagd[0m [32mplannerd[0m [32mradard[0m [32mhardwared[0m [32mtombstoned[0m [32muploader[0m [32mstatsd[0m [32mfeedbackd[0m [32mmodeld_tinygrad[0m [32mmapd[0m [32mmapd_manager[0m [31mmtscd[0m [32mrtid[0m
[32mloggerd[0m [32mencoderd[0m [32mlogmessaged[0m [32mcamerad[0m [32mlogcatd[0m [32mproclogd[0m [32mmicd[0m [32mtimed[0m [32mdmonitoringmodeld[0m [32msensord[0m [32mui[0m [32msoundd[0m [32mlocationd[0m [32mcalibrationd[0m [32mtorqued[0m [32mcontrolsd[0m [32mselfdrived[0m [32mcard[0m [32mdeleter[0m [32mdmonitoringd[0m [32mqcomgpsd[0m [32mpandad[0m [32mparamsd[0m [32mlagd[0m [32mplannerd[0m [32mradard[0m [32mhardwared[0m [32mtombstoned[0m [32muploader[0m [32mstatsd[0m [32mfeedbackd[0m [32mmodeld_tinygrad[0m [32mmapd[0m [32mmapd_manager[0m [31mmtscd[0m [32mrtid[0m
[32mloggerd[0m [32mencoderd[0m [32mlogmessaged[0m [32mcamerad[0m [32mlogcatd[0m [32mproclogd[0m [32mmicd[0m [32mtimed[0m [32mdmonitoringmodeld[0m [32msensord[0m [32mui[0m [32msoundd[0m [32mlocationd[0m [32mcalibrationd[0m [32mtorqued[0m [32mcontrolsd[0m [32mselfdrived[0m [32mcard[0m [32mdeleter[0m [32mdmonitoringd[0m [32mqcomgpsd[0m [32mpandad[0m [32mparamsd[0m [32mlagd[0m [32mplannerd[0m [32mradard[0m [32mhardwared[0m [32mtombstoned[0m [32muploader[0m [32mstatsd[0m [32mfeedbackd[0m [32mmodeld_tinygrad[0m [32mmapd[0m [32mmapd_manager[0m [31mmtscd[0m [32mrtid[0m
[32mloggerd[0m [32mencoderd[0m [32mlogmessaged[0m [32mcamerad[0m [32mlogcatd[0m [32mproclogd[0m [32mmicd[0m [32mtimed[0m [32mdmonitoringmodeld[0m [32msensord[0m [32mui[0m [32msoundd[0m [32mlocationd[0m [32mcalibrationd[0m [32mtorqued[0m [32mcontrolsd[0m [32mselfdrived[0m [32mcard[0m [32mdeleter[0m [32mdmonitoringd[0m [32mqcomgpsd[0m [32mpandad[0m [32mparamsd[0m [32mlagd[0m [32mplannerd[0m [32mradard[0m [32mhardwared[0m [32mtombstoned[0m [32muploader[0m [32mstatsd[0m [32mfeedbackd[0m [32mmodeld_tinygrad[0m [32mmapd[0m [32mmapd_manager[0m [31mmtscd[0m [32mrtid[0m
[32mloggerd[0m [32mencoderd[0m [32mlogmessaged[0m [32mcamerad[0m [32mlogcatd[0m [32mproclogd[0m [32mmicd[0m [32mtimed[0m [32mdmonitoringmodeld[0m [32msensord[0m [32mui[0m [32msoundd[0m [32mlocationd[0m [32mcalibrationd[0m [32mtorqued[0m [32mcontrolsd[0m [32mselfdrived[0m [32mcard[0m [32mdeleter[0m [32mdmonitoringd[0m [32mqcomgpsd[0m [32mpandad[0m [32mparamsd[0m [32mlagd[0m [32mplannerd[0m [32mradard[0m [32mhardwared[0m [32mtombstoned[0m [32muploader[0m [32mstatsd[0m [32mfeedbackd[0m [32mmodeld_tinygrad[0m [32mmapd[0m [32mmapd_manager[0m [31mmtscd[0m [32mrtid[0m
[32mloggerd[0m [32mencoderd[0m [32mlogmessaged[0m [32mcamerad[0m [32mlogcatd[0m [32mproclogd[0m [32mmicd[0m [32mtimed[0m [32mdmonitoringmodeld[0m [32msensord[0m [32mui[0m [32msoundd[0m [32mlocationd[0m [32mcalibrationd[0m [32mtorqued[0m [32mcontrolsd[0m [32mselfdrived[0m [32mcard[0m [32mdeleter[0m [32mdmonitoringd[0m [32mqcomgpsd[0m [32mpandad[0m [32mparamsd[0m [32mlagd[0m [32mplannerd[0m [32mradard[0m [32mhardwared[0m [32mtombstoned[0m [32muploader[0m [32mstatsd[0m [32mfeedbackd[0m [32mmodeld_tinygrad[0m [32mmapd[0m [32mmapd_manager[0m [31mmtscd[0m [32mrtid[0m
RTI cycle took 0.030s
RTI cycle took 0.017s
RTI cycle took 0.027s
RTI cycle took 0.031s
RTI cycle took 0.036s
RTI cycle took 0.032s
RTI cycle took 0.015s
RTI cycle took 0.025s
RTI cycle took 0.028s
RTI cycle took 0.032s
RTI cycle took 0.037s
RTI cycle took 0.018s
RTI cycle took 0.020s
RTI cycle took 0.046s
RTI cycle took 0.021s
RTI cycle took 0.039s
RTI cycle took 0.019s
RTI cycle took 0.029s
RTI cycle took 0.041s
RTI cycle took 0.015s
RTI cycle took 0.021s
RTI cycle took 0.027s
RTI cycle took 0.030s
RTI cycle took 0.044s
RTI cycle took 0.028s
RTI cycle took 0.026s
RTI cycle took 0.043s
RTI cycle took 0.015s
RTI cycle took 0.033s
RTI cycle took 0.038s
RTI cycle took 0.019s
RTI cycle took 0.028s
RTI cycle took 0.027s
RTI cycle took 0.041s
RTI cycle took 0.023s
RTI cycle took 0.037s
RTI cycle took 0.029s
RTI cycle took 0.030s
RTI cycle took 0.030s
RTI cycle took 0.025s
RTI cycle took 0.019s
RTI cycle took 0.029s
RTI cycle took 0.029s
RTI cycle took 0.030s
RTI cycle took 0.039s
RTI cycle took 0.016s
RTI cycle took 0.019s
RTI cycle took 0.022s
RTI cycle took 0.028s
RTI cycle took 0.046s
RTI cycle took 0.023s
RTI cycle took 0.022s
RTI cycle took 0.029s
RTI cycle took 0.028s
RTI cycle took 0.040s
RTI cycle took 0.029s
RTI cycle took 0.030s
RTI cycle took 0.037s
RTI cycle took 0.044s
RTI cycle took 0.023s
RTI cycle took 0.030s
RTI cycle took 0.028s
RTI cycle took 0.039s
RTI cycle took 0.036s
RTI cycle took 0.046s
RTI cycle took 0.024s
RTI cycle took 0.029s
RTI cycle took 0.036s
RTI cycle took 0.032s
RTI cycle took 0.028s
RTI cycle took 0.044s
RTI cycle took 0.027s
RTI cycle took 0.028s
RTI cycle took 0.043s
RTI cycle took 0.038s
RTI cycle took 0.024s
RTI cycle took 0.037s
RTI cycle took 0.037s
RTI cycle took 0.035s
RTI cycle took 0.028s
RTI cycle took 0.044s
RTI cycle took 0.013s
RTI cycle took 0.024s
RTI cycle took 0.013s
RTI cycle took 0.034s
RTI cycle took 0.017s
RTI cycle took 0.036s
RTI cycle took 0.033s
RTI cycle took 0.023s
RTI cycle took 0.038s
RTI cycle took 0.026s
RTI cycle took 0.029s
RTI cycle took 0.025s
RTI cycle took 0.044s
RTI cycle took 0.041s
RTI cycle took 0.017s
RTI cycle took 0.026s
RTI cycle took 0.032s
RTI cycle took 0.028s
RTI cycle took 0.030s
RTI cycle took 0.039s
RTI cycle took 0.027s
RTI cycle took 0.033s
RTI cycle took 0.024s
RTI cycle took 0.029s
RTI cycle took 0.040s
RTI cycle took 0.039s
RTI cycle took 0.051s
RTI cycle took 0.042s
RTI cycle took 0.025s
RTI cycle took 0.038s
RTI cycle took 0.033s
RTI cycle took 0.026s
RTI cycle took 0.038s
RTI cycle took 0.021s
RTI cycle took 0.040s
RTI cycle took 0.016s
RTI cycle took 0.027s
RTI cycle took 0.019s
RTI cycle took 0.027s
RTI cycle took 0.034s
RTI cycle took 0.022s
RTI cycle took 0.035s
RTI cycle took 0.044s
RTI cycle took 0.031s
RTI cycle took 0.030s
RTI cycle took 0.031s
RTI cycle took 0.036s
RTI cycle took 0.030s
RTI cycle took 0.031s
RTI cycle took 0.034s
RTI cycle took 0.026s
RTI cycle took 0.038s
RTI cycle took 0.032s
RTI cycle took 0.027s
RTI cycle took 0.040s
RTI cycle took 0.013s
RTI cycle took 0.041s
RTI cycle took 0.086s
RTI cycle took 0.036s
RTI cycle took 0.023s
RTI cycle took 0.039s
RTI cycle took 0.021s
RTI cycle took 0.041s
RTI cycle took 0.018s
RTI cycle took 0.033s
RTI cycle took 0.043s
RTI cycle took 0.028s
RTI cycle took 0.032s
RTI cycle took 0.031s
RTI cycle took 0.044s
RTI cycle took 0.041s
RTI cycle took 0.028s
RTI cycle took 0.044s
RTI cycle took 0.033s
RTI cycle took 0.061s
RTI cycle took 0.038s
RTI cycle took 0.048s
RTI cycle took 0.034s
RTI cycle took 0.034s
RTI cycle took 0.037s
RTI cycle took 0.030s
RTI cycle took 0.029s
RTI cycle took 0.026s
RTI cycle took 0.032s
RTI cycle took 0.023s
RTI cycle took 0.035s
RTI cycle took 0.040s
RTI cycle took 0.034s
RTI cycle took 0.039s
RTI cycle took 0.029s
RTI cycle took 0.019s
RTI cycle took 0.029s
RTI cycle took 0.040s
RTI cycle took 0.104s
RTI cycle took 0.040s
[32mloggerd[0m [32mencoderd[0m [32mlogmessaged[0m [32mcamerad[0m [32mlogcatd[0m [32mproclogd[0m [32mmicd[0m [32mtimed[0m [32mdmonitoringmodeld[0m [32msensord[0m [32mui[0m [32msoundd[0m [32mlocationd[0m [32mcalibrationd[0m [32mtorqued[0m [32mcontrolsd[0m [32mselfdrived[0m [32mcard[0m [32mdeleter[0m [32mdmonitoringd[0m [32mqcomgpsd[0m [32mpandad[0m [32mparamsd[0m [32mlagd[0m [32mplannerd[0m [32mradard[0m [32mhardwared[0m [32mtombstoned[0m [32muploader[0m [32mstatsd[0m [32mfeedbackd[0m [32mmodeld_tinygrad[0m [32mmapd[0m [32mmapd_manager[0m [31mmtscd[0m [32mrtid[0m
[32mloggerd[0m [32mencoderd[0m [32mlogmessaged[0m [32mcamerad[0m [32mlogcatd[0m [32mproclogd[0m [32mmicd[0m [32mtimed[0m [32mdmonitoringmodeld[0m [32msensord[0m [32mui[0m [32msoundd[0m [32mlocationd[0m [32mcalibrationd[0m [32mtorqued[0m [32mcontrolsd[0m [32mselfdrived[0m [32mcard[0m [32mdeleter[0m [32mdmonitoringd[0m [32mqcomgpsd[0m [32mpandad[0m [32mparamsd[0m [32mlagd[0m [32mplannerd[0m [32mradard[0m [32mhardwared[0m [32mtombstoned[0m [32muploader[0m [32mstatsd[0m [32mfeedbackd[0m [32mmodeld_tinygrad[0m [32mmapd[0m [32mmapd_manager[0m [31mmtscd[0m [32mrtid[0m
[32mloggerd[0m [32mencoderd[0m [32mlogmessaged[0m [32mcamerad[0m [32mlogcatd[0m [32mproclogd[0m [32mmicd[0m [32mtimed[0m [32mdmonitoringmodeld[0m [32msensord[0m [32mui[0m [32msoundd[0m [32mlocationd[0m [32mcalibrationd[0m [32mtorqued[0m [32mcontrolsd[0m [32mselfdrived[0m [32mcard[0m [32mdeleter[0m [32mdmonitoringd[0m [32mqcomgpsd[0m [32mpandad[0m [32mparamsd[0m [32mlagd[0m [32mplannerd[0m [32mradard[0m [32mhardwared[0m [32mtombstoned[0m [32muploader[0m [32mstatsd[0m [32mfeedbackd[0m [32mmodeld_tinygrad[0m [32mmapd[0m [32mmapd_manager[0m [31mmtscd[0m [32mrtid[0m
[32mloggerd[0m [32mencoderd[0m [32mlogmessaged[0m [32mcamerad[0m [32mlogcatd[0m [32mproclogd[0m [32mmicd[0m [32mtimed[0m [32mdmonitoringmodeld[0m [32msensord[0m [32mui[0m [32msoundd[0m [32mlocationd[0m [32mcalibrationd[0m [32mtorqued[0m [32mcontrolsd[0m [32mselfdrived[0m [32mcard[0m [32mdeleter[0m [32mdmonitoringd[0m [32mqcomgpsd[0m [32mpandad[0m [32mparamsd[0m [32mlagd[0m [32mplannerd[0m [32mradard[0m [32mhardwared[0m [32mtombstoned[0m [32muploader[0m [32mstatsd[0m [32mfeedbackd[0m [32mmodeld_tinygrad[0m [32mmapd[0m [32mmapd_manager[0m [31mmtscd[0m [32mrtid[0m
[32mloggerd[0m [32mencoderd[0m [32mlogmessaged[0m [32mcamerad[0m [32mlogcatd[0m [32mproclogd[0m [32mmicd[0m [32mtimed[0m [32mdmonitoringmodeld[0m [32msensord[0m [32mui[0m [32msoundd[0m [32mlocationd[0m [32mcalibrationd[0m [32mtorqued[0m [32mcontrolsd[0m [32mselfdrived[0m [32mcard[0m [32mdeleter[0m [32mdmonitoringd[0m [32mqcomgpsd[0m [32mpandad[0m [32mparamsd[0m [32mlagd[0m [32mplannerd[0m [32mradard[0m [32mhardwared[0m [32mtombstoned[0m [32muploader[0m [32mstatsd[0m [32mfeedbackd[0m [32mmodeld_tinygrad[0m [32mmapd[0m [32mmapd_manager[0m [31mmtscd[0m [32mrtid[0m
[32mloggerd[0m [32mencoderd[0m [32mlogmessaged[0m [32mcamerad[0m [32mlogcatd[0m [32mproclogd[0m [32mmicd[0m [32mtimed[0m [32mdmonitoringmodeld[0m [32msensord[0m [32mui[0m [32msoundd[0m [32mlocationd[0m [32mcalibrationd[0m [32mtorqued[0m [32mcontrolsd[0m [32mselfdrived[0m [32mcard[0m [32mdeleter[0m [32mdmonitoringd[0m [32mqcomgpsd[0m [32mpandad[0m [32mparamsd[0m [32mlagd[0m [32mplannerd[0m [32mradard[0m [32mhardwared[0m [32mtombstoned[0m [32muploader[0m [32mstatsd[0m [32mfeedbackd[0m [32mmodeld_tinygrad[0m [32mmapd[0m [32mmapd_manager[0m [31mmtscd[0m [32mrtid[0m
[32mloggerd[0m [32mencoderd[0m [32mlogmessaged[0m [32mcamerad[0m [32mlogcatd[0m [32mproclogd[0m [32mmicd[0m [32mtimed[0m [32mdmonitoringmodeld[0m [32msensord[0m [32mui[0m [32msoundd[0m [32mlocationd[0m [32mcalibrationd[0m [32mtorqued[0m [32mcontrolsd[0m [32mselfdrived[0m [32mcard[0m [32mdeleter[0m [32mdmonitoringd[0m [32mqcomgpsd[0m [32mpandad[0m [32mparamsd[0m [32mlagd[0m [32mplannerd[0m [32mradard[0m [32mhardwared[0m [32mtombstoned[0m [32muploader[0m [32mstatsd[0m [32mfeedbackd[0m [32mmodeld_tinygrad[0m [32mmapd[0m [32mmapd_manager[0m [31mmtscd[0m [32mrtid[0m
[32mloggerd[0m [32mencoderd[0m [32mlogmessaged[0m [32mcamerad[0m [32mlogcatd[0m [32mproclogd[0m [32mmicd[0m [32mtimed[0m [32mdmonitoringmodeld[0m [32msensord[0m [32mui[0m [32msoundd[0m [32mlocationd[0m [32mcalibrationd[0m [32mtorqued[0m [32mcontrolsd[0m [32mselfdrived[0m [32mcard[0m [32mdeleter[0m [32mdmonitoringd[0m [32mqcomgpsd[0m [32mpandad[0m [32mparamsd[0m [32mlagd[0m [32mplannerd[0m [32mradard[0m [32mhardwared[0m [32mtombstoned[0m [32muploader[0m [32mstatsd[0m [32mfeedbackd[0m [32mmodeld_tinygrad[0m [32mmapd[0m [32mmapd_manager[0m [31mmtscd[0m [32mrtid[0m
[32mloggerd[0m [32mencoderd[0m [32mlogmessaged[0m [32mcamerad[0m [32mlogcatd[0m [32mproclogd[0m [32mmicd[0m [32mtimed[0m [32mdmonitoringmodeld[0m [32msensord[0m [32mui[0m [32msoundd[0m [32mlocationd[0m [32mcalibrationd[0m [32mtorqued[0m [32mcontrolsd[0m [32mselfdrived[0m [32mcard[0m [32mdeleter[0m [32mdmonitoringd[0m [32mqcomgpsd[0m [32mpandad[0m [32mparamsd[0m [32mlagd[0m [32mplannerd[0m [32mradard[0m [32mhardwared[0m [32mtombstoned[0m [32muploader[0m [32mstatsd[0m [32mfeedbackd[0m [32mmodeld_tinygrad[0m [32mmapd[0m [32mmapd_manager[0m [31mmtscd[0m [32mrtid[0m
[32mloggerd[0m [32mencoderd[0m [32mlogmessaged[0m [32mcamerad[0m [32mlogcatd[0m [32mproclogd[0m [32mmicd[0m [32mtimed[0m [32mdmonitoringmodeld[0m [32msensord[0m [32mui[0m [32msoundd[0m [32mlocationd[0m [32mcalibrationd[0m [32mtorqued[0m [32mcontrolsd[0m [32mselfdrived[0m [32mcard[0m [32mdeleter[0m [32mdmonitoringd[0m [32mqcomgpsd[0m [32mpandad[0m [32mparamsd[0m [32mlagd[0m [32mplannerd[0m [32mradard[0m [32mhardwared[0m [32mtombstoned[0m [32muploader[0m [32mstatsd[0m [32mfeedbackd[0m [32mmodeld_tinygrad[0m [32mmapd[0m [32mmapd_manager[0m [31mmtscd[0m [32mrtid[0m
[32mloggerd[0m [32mencoderd[0m [32mlogmessaged[0m [32mcamerad[0m [32mlogcatd[0m [32mproclogd[0m [32mmicd[0m [32mtimed[0m [32mdmonitoringmodeld[0m [32msensord[0m [32mui[0m [32msoundd[0m [32mlocationd[0m [32mcalibrationd[0m [32mtorqued[0m [32mcontrolsd[0m [32mselfdrived[0m [32mcard[0m [32mdeleter[0m [32mdmonitoringd[0m [32mqcomgpsd[0m [32mpandad[0m [32mparamsd[0m [32mlagd[0m [32mplannerd[0m [32mradard[0m [32mhardwared[0m [32mtombstoned[0m [32muploader[0m [32mstatsd[0m [32mfeedbackd[0m [32mmodeld_tinygrad[0m [32mmapd[0m [32mmapd_manager[0m [31mmtscd[0m [32mrtid[0m
[32mloggerd[0m [32mencoderd[0m [32mlogmessaged[0m [32mcamerad[0m [32mlogcatd[0m [32mproclogd[0m [32mmicd[0m [32mtimed[0m [32mdmonitoringmodeld[0m [32msensord[0m [32mui[0m [32msoundd[0m [32mlocationd[0m [32mcalibrationd[0m [32mtorqued[0m [32mcontrolsd[0m [32mselfdrived[0m [32mcard[0m [32mdeleter[0m [32mdmonitoringd[0m [32mqcomgpsd[0m [32mpandad[0m [32mparamsd[0m [32mlagd[0m [32mplannerd[0m [32mradard[0m [32mhardwared[0m [32mtombstoned[0m [32muploader[0m [32mstatsd[0m [32mfeedbackd[0m [32mmodeld_tinygrad[0m [32mmapd[0m [32mmapd_manager[0m [31mmtscd[0m [32mrtid[0m
RTI cycle took 0.037s
RTI cycle took 0.023s
RTI cycle took 0.044s
RTI cycle took 0.040s
RTI cycle took 0.029s
RTI cycle took 0.028s
RTI cycle took 0.063s
RTI cycle took 0.033s
RTI cycle took 0.031s
RTI cycle took 0.039s
RTI cycle took 0.039s
RTI cycle took 0.039s
RTI cycle took 0.026s
RTI cycle took 0.041s
RTI cycle took 0.046s
RTI cycle took 0.032s
RTI cycle took 0.039s
RTI cycle took 0.038s
RTI cycle took 0.058s
RTI cycle took 0.055s
RTI cycle took 0.036s
RTI cycle took 0.030s
RTI cycle took 0.035s
RTI cycle took 0.022s
RTI cycle took 0.038s
RTI cycle took 0.015s
RTI cycle took 0.035s
RTI cycle took 0.080s
RTI cycle took 0.028s
RTI cycle took 0.022s
RTI cycle took 0.039s
RTI cycle took 0.025s
RTI cycle took 0.035s
RTI cycle took 0.040s
RTI cycle took 0.029s
RTI cycle took 0.036s
RTI cycle took 0.037s
RTI cycle took 0.022s
RTI cycle took 0.028s
RTI cycle took 0.018s
RTI cycle took 0.037s
RTI cycle took 0.017s
RTI cycle took 0.030s
RTI cycle took 0.033s
RTI cycle took 0.031s
RTI cycle took 0.019s
RTI cycle took 0.040s
RTI cycle took 0.024s
RTI cycle took 0.040s
RTI cycle took 0.019s
RTI cycle took 0.026s
RTI cycle took 0.034s
RTI cycle took 0.027s
RTI cycle took 0.032s
RTI cycle took 0.014s
RTI cycle took 0.024s
RTI cycle took 0.041s
RTI cycle took 0.015s
RTI cycle took 0.032s
RTI cycle took 0.032s
RTI cycle took 0.021s
RTI cycle took 0.041s
RTI cycle took 0.025s
RTI cycle took 0.038s
RTI cycle took 0.024s
RTI cycle took 0.024s
RTI cycle took 0.033s
RTI cycle took 0.016s
RTI cycle took 0.025s
RTI cycle took 0.015s
RTI cycle took 0.035s
RTI cycle took 0.019s
RTI cycle took 0.027s
RTI cycle took 0.029s
RTI cycle took 0.049s
RTI cycle took 0.023s
RTI cycle took 0.030s
RTI cycle took 0.033s
RTI cycle took 0.034s
RTI cycle took 0.027s
RTI cycle took 0.020s
RTI cycle took 0.015s
RTI cycle took 0.023s
RTI cycle took 0.043s
RTI cycle took 0.035s
RTI cycle took 0.029s
RTI cycle took 0.021s
RTI cycle took 0.028s
RTI cycle took 0.034s
RTI cycle took 0.024s
RTI cycle took 0.032s
RTI cycle took 0.027s
RTI cycle took 0.029s
RTI cycle took 0.041s
RTI cycle took 0.027s
RTI cycle took 0.030s
RTI cycle took 0.035s
RTI cycle took 0.015s
RTI cycle took 0.024s
RTI cycle took 0.026s
RTI cycle took 0.030s
RTI cycle took 0.018s
RTI cycle took 0.028s
RTI cycle took 0.029s
RTI cycle took 0.039s
RTI cycle took 0.029s
RTI cycle took 0.050s
RTI cycle took 0.027s
RTI cycle took 0.021s
RTI cycle took 0.028s
RTI cycle took 0.029s
RTI cycle took 0.020s
RTI cycle took 0.029s
RTI cycle took 0.033s
RTI cycle took 0.036s
RTI cycle took 0.020s
RTI cycle took 0.026s
RTI cycle took 0.029s
RTI cycle took 0.033s
RTI cycle took 0.026s
RTI cycle took 0.031s
RTI cycle took 0.043s
RTI cycle took 0.036s
RTI cycle took 0.023s
RTI cycle took 0.020s
RTI cycle took 0.028s
RTI cycle took 0.021s
RTI cycle took 0.027s
RTI cycle took 0.033s
RTI cycle took 0.026s
RTI cycle took 0.038s
RTI cycle took 0.034s
RTI cycle took 0.026s
RTI cycle took 0.042s
RTI cycle took 0.029s
RTI cycle took 0.030s
RTI cycle took 0.034s
RTI cycle took 0.020s
RTI cycle took 0.038s
RTI cycle took 0.031s
RTI cycle took 0.028s
RTI cycle took 0.039s
RTI cycle took 0.030s
RTI cycle took 0.029s
RTI cycle took 0.027s
RTI cycle took 0.034s
RTI cycle took 0.036s
RTI cycle took 0.029s
RTI cycle took 0.033s
RTI cycle took 0.033s
RTI cycle took 0.027s
RTI cycle took 0.020s
RTI cycle took 0.028s
RTI cycle took 0.032s
RTI cycle took 0.038s
RTI cycle took 0.037s
RTI cycle took 0.039s
RTI cycle took 0.041s
RTI cycle took 0.027s
RTI cycle took 0.040s
RTI cycle took 0.032s
RTI cycle took 0.023s
RTI cycle took 0.023s
RTI cycle took 0.025s
RTI cycle took 0.028s
RTI cycle took 0.035s
RTI cycle took 0.023s
RTI cycle took 0.040s
RTI cycle took 0.019s
RTI cycle took 0.027s
RTI cycle took 0.034s
RTI cycle took 0.026s
RTI cycle took 0.030s
RTI cycle took 0.029s
RTI cycle took 0.038s
RTI cycle took 0.039s
RTI cycle took 0.020s
RTI cycle took 0.028s
RTI cycle took 0.034s
RTI cycle took 0.025s
RTI cycle took 0.024s
RTI cycle took 0.017s
RTI cycle took 0.036s
RTI cycle took 0.033s
RTI cycle took 0.037s
RTI cycle took 0.028s
[32mloggerd[0m [32mencoderd[0m [32mlogmessaged[0m [32mcamerad[0m [32mlogcatd[0m [32mproclogd[0m [32mmicd[0m [32mtimed[0m [32mdmonitoringmodeld[0m [32msensord[0m [32mui[0m [32msoundd[0m [32mlocationd[0m [32mcalibrationd[0m [32mtorqued[0m [32mcontrolsd[0m [32mselfdrived[0m [32mcard[0m [32mdeleter[0m [32mdmonitoringd[0m [32mqcomgpsd[0m [32mpandad[0m [32mparamsd[0m [32mlagd[0m [32mplannerd[0m [32mradard[0m [32mhardwared[0m [32mtombstoned[0m [32muploader[0m [32mstatsd[0m [32mfeedbackd[0m [32mmodeld_tinygrad[0m [32mmapd[0m [32mmapd_manager[0m [31mmtscd[0m [32mrtid[0m
[32mloggerd[0m [32mencoderd[0m [32mlogmessaged[0m [32mcamerad[0m [32mlogcatd[0m [32mproclogd[0m [32mmicd[0m [32mtimed[0m [32mdmonitoringmodeld[0m [32msensord[0m [32mui[0m [32msoundd[0m [32mlocationd[0m [32mcalibrationd[0m [32mtorqued[0m [32mcontrolsd[0m [32mselfdrived[0m [32mcard[0m [32mdeleter[0m [32mdmonitoringd[0m [32mqcomgpsd[0m [32mpandad[0m [32mparamsd[0m [32mlagd[0m [32mplannerd[0m [32mradard[0m [32mhardwared[0m [32mtombstoned[0m [32muploader[0m [32mstatsd[0m [32mfeedbackd[0m [32mmodeld_tinygrad[0m [32mmapd[0m [32mmapd_manager[0m [31mmtscd[0m [32mrtid[0m
[32mloggerd[0m [32mencoderd[0m [32mlogmessaged[0m [32mcamerad[0m [32mlogcatd[0m [32mproclogd[0m [32mmicd[0m [32mtimed[0m [32mdmonitoringmodeld[0m [32msensord[0m [32mui[0m [32msoundd[0m [32mlocationd[0m [32mcalibrationd[0m [32mtorqued[0m [32mcontrolsd[0m [32mselfdrived[0m [32mcard[0m [32mdeleter[0m [32mdmonitoringd[0m [32mqcomgpsd[0m [32mpandad[0m [32mparamsd[0m [32mlagd[0m [32mplannerd[0m [32mradard[0m [32mhardwared[0m [32mtombstoned[0m [32muploader[0m [32mstatsd[0m [32mfeedbackd[0m [32mmodeld_tinygrad[0m [32mmapd[0m [32mmapd_manager[0m [31mmtscd[0m [32mrtid[0m
[32mloggerd[0m [32mencoderd[0m [32mlogmessaged[0m [32mcamerad[0m [32mlogcatd[0m [32mproclogd[0m [32mmicd[0m [32mtimed[0m [32mdmonitoringmodeld[0m [32msensord[0m [32mui[0m [32msoundd[0m [32mlocationd[0m [32mcalibrationd[0m [32mtorqued[0m [32mcontrolsd[0m [32mselfdrived[0m [32mcard[0m [32mdeleter[0m [32mdmonitoringd[0m [32mqcomgpsd[0m [32mpandad[0m [32mparamsd[0m [32mlagd[0m [32mplannerd[0m [32mradard[0m [32mhardwared[0m [32mtombstoned[0m [32muploader[0m [32mstatsd[0m [32mfeedbackd[0m [32mmodeld_tinygrad[0m [32mmapd[0m [32mmapd_manager[0m [31mmtscd[0m [32mrtid[0m
[32mloggerd[0m [32mencoderd[0m [32mlogmessaged[0m [32mcamerad[0m [32mlogcatd[0m [32mproclogd[0m [32mmicd[0m [32mtimed[0m [32mdmonitoringmodeld[0m [32msensord[0m [32mui[0m [32msoundd[0m [32mlocationd[0m [32mcalibrationd[0m [32mtorqued[0m [32mcontrolsd[0m [32mselfdrived[0m [32mcard[0m [32mdeleter[0m [32mdmonitoringd[0m [32mqcomgpsd[0m [32mpandad[0m [32mparamsd[0m [32mlagd[0m [32mplannerd[0m [32mradard[0m [32mhardwared[0m [32mtombstoned[0m [32muploader[0m [32mstatsd[0m [32mfeedbackd[0m [32mmodeld_tinygrad[0m [32mmapd[0m [32mmapd_manager[0m [31mmtscd[0m [32mrtid[0m
[32mloggerd[0m [32mencoderd[0m [32mlogmessaged[0m [32mcamerad[0m [32mlogcatd[0m [32mproclogd[0m [32mmicd[0m [32mtimed[0m [32mdmonitoringmodeld[0m [32msensord[0m [32mui[0m [32msoundd[0m [32mlocationd[0m [32mcalibrationd[0m [32mtorqued[0m [32mcontrolsd[0m [32mselfdrived[0m [32mcard[0m [32mdeleter[0m [32mdmonitoringd[0m [32mqcomgpsd[0m [32mpandad[0m [32mparamsd[0m [32mlagd[0m [32mplannerd[0m [32mradard[0m [32mhardwared[0m [32mtombstoned[0m [32muploader[0m [32mstatsd[0m [32mfeedbackd[0m [32mmodeld_tinygrad[0m [32mmapd[0m [32mmapd_manager[0m [31mmtscd[0m [32mrtid[0m
[32mloggerd[0m [32mencoderd[0m [32mlogmessaged[0m [32mcamerad[0m [32mlogcatd[0m [32mproclogd[0m [32mmicd[0m [32mtimed[0m [32mdmonitoringmodeld[0m [32msensord[0m [32mui[0m [32msoundd[0m [32mlocationd[0m [32mcalibrationd[0m [32mtorqued[0m [32mcontrolsd[0m [32mselfdrived[0m [32mcard[0m [32mdeleter[0m [32mdmonitoringd[0m [32mqcomgpsd[0m [32mpandad[0m [32mparamsd[0m [32mlagd[0m [32mplannerd[0m [32mradard[0m [32mhardwared[0m [32mtombstoned[0m [32muploader[0m [32mstatsd[0m [32mfeedbackd[0m [32mmodeld_tinygrad[0m [32mmapd[0m [32mmapd_manager[0m [31mmtscd[0m [32mrtid[0m
[32mloggerd[0m [32mencoderd[0m [32mlogmessaged[0m [32mcamerad[0m [32mlogcatd[0m [32mproclogd[0m [32mmicd[0m [32mtimed[0m [32mdmonitoringmodeld[0m [32msensord[0m [32mui[0m [32msoundd[0m [32mlocationd[0m [32mcalibrationd[0m [32mtorqued[0m [32mcontrolsd[0m [32mselfdrived[0m [32mcard[0m [32mdeleter[0m [32mdmonitoringd[0m [32mqcomgpsd[0m [32mpandad[0m [32mparamsd[0m [32mlagd[0m [32mplannerd[0m [32mradard[0m [32mhardwared[0m [32mtombstoned[0m [32muploader[0m [32mstatsd[0m [32mfeedbackd[0m [32mmodeld_tinygrad[0m [32mmapd[0m [32mmapd_manager[0m [31mmtscd[0m [32mrtid[0m
[32mloggerd[0m [32mencoderd[0m [32mlogmessaged[0m [32mcamerad[0m [32mlogcatd[0m [32mproclogd[0m [32mmicd[0m [32mtimed[0m [32mdmonitoringmodeld[0m [32msensord[0m [32mui[0m [32msoundd[0m [32mlocationd[0m [32mcalibrationd[0m [32mtorqued[0m [32mcontrolsd[0m [32mselfdrived[0m [32mcard[0m [32mdeleter[0m [32mdmonitoringd[0m [32mqcomgpsd[0m [32mpandad[0m [32mparamsd[0m [32mlagd[0m [32mplannerd[0m [32mradard[0m [32mhardwared[0m [32mtombstoned[0m [32muploader[0m [32mstatsd[0m [32mfeedbackd[0m [32mmodeld_tinygrad[0m [32mmapd[0m [32mmapd_manager[0m [31mmtscd[0m [32mrtid[0m
[32mloggerd[0m [32mencoderd[0m [32mlogmessaged[0m [32mcamerad[0m [32mlogcatd[0m [32mproclogd[0m [32mmicd[0m [32mtimed[0m [32mdmonitoringmodeld[0m [32msensord[0m [32mui[0m [32msoundd[0m [32mlocationd[0m [32mcalibrationd[0m [32mtorqued[0m [32mcontrolsd[0m [32mselfdrived[0m [32mcard[0m [32mdeleter[0m [32mdmonitoringd[0m [32mqcomgpsd[0m [32mpandad[0m [32mparamsd[0m [32mlagd[0m [32mplannerd[0m [32mradard[0m [32mhardwared[0m [32mtombstoned[0m [32muploader[0m [32mstatsd[0m [32mfeedbackd[0m [32mmodeld_tinygrad[0m [32mmapd[0m [32mmapd_manager[0m [31mmtscd[0m [32mrtid[0m
[32mloggerd[0m [32mencoderd[0m [32mlogmessaged[0m [32mcamerad[0m [32mlogcatd[0m [32mproclogd[0m [32mmicd[0m [32mtimed[0m [32mdmonitoringmodeld[0m [32msensord[0m [32mui[0m [32msoundd[0m [32mlocationd[0m [32mcalibrationd[0m [32mtorqued[0m [32mcontrolsd[0m [32mselfdrived[0m [32mcard[0m [32mdeleter[0m [32mdmonitoringd[0m [32mqcomgpsd[0m [32mpandad[0m [32mparamsd[0m [32mlagd[0m [32mplannerd[0m [32mradard[0m [32mhardwared[0m [32mtombstoned[0m [32muploader[0m [32mstatsd[0m [32mfeedbackd[0m [32mmodeld_tinygrad[0m [32mmapd[0m [32mmapd_manager[0m [31mmtscd[0m [32mrtid[0m
[32mloggerd[0m [32mencoderd[0m [32mlogmessaged[0m [32mcamerad[0m [32mlogcatd[0m [32mproclogd[0m [32mmicd[0m [32mtimed[0m [32mdmonitoringmodeld[0m [32msensord[0m [32mui[0m [32msoundd[0m [32mlocationd[0m [32mcalibrationd[0m [32mtorqued[0m [32mcontrolsd[0m [32mselfdrived[0m [32mcard[0m [32mdeleter[0m [32mdmonitoringd[0m [32mqcomgpsd[0m [32mpandad[0m [32mparamsd[0m [32mlagd[0m [32mplannerd[0m [32mradard[0m [32mhardwared[0m [32mtombstoned[0m [32muploader[0m [32mstatsd[0m [32mfeedbackd[0m [32mmodeld_tinygrad[0m [32mmapd[0m [32mmapd_manager[0m [31mmtscd[0m [32mrtid[0m
RTI cycle took 0.039s
RTI cycle took 0.030s
RTI cycle took 0.021s
RTI cycle took 0.028s
RTI cycle took 0.029s
RTI cycle took 0.032s
RTI cycle took 0.016s
RTI cycle took 0.029s
RTI cycle took 0.015s
RTI cycle took 0.015s
RTI cycle took 0.022s
RTI cycle took 0.034s
RTI cycle took 0.026s
RTI cycle took 0.019s
RTI cycle took 0.024s
RTI cycle took 0.033s
RTI cycle took 0.026s
RTI cycle took 0.039s
RTI cycle took 0.037s
RTI cycle took 0.031s
RTI cycle took 0.037s
RTI cycle took 0.021s
RTI cycle took 0.028s
RTI cycle took 0.042s
RTI cycle took 0.024s
RTI cycle took 0.018s
RTI cycle took 0.035s
RTI cycle took 0.032s
RTI cycle took 0.037s
RTI cycle took 0.029s
RTI cycle took 0.032s
RTI cycle took 0.016s
RTI cycle took 0.025s
RTI cycle took 0.026s
RTI cycle took 0.039s
RTI cycle took 0.040s
RTI cycle took 0.018s
RTI cycle took 0.027s
RTI cycle took 0.029s
RTI cycle took 0.019s
RTI cycle took 0.040s
RTI cycle took 0.036s
RTI cycle took 0.020s
RTI cycle took 0.027s
RTI cycle took 0.029s
RTI cycle took 0.040s
RTI cycle took 0.041s
RTI cycle took 0.026s
RTI cycle took 0.039s
RTI cycle took 0.042s
RTI cycle took 0.029s
RTI cycle took 0.026s
RTI cycle took 0.034s
RTI cycle took 0.026s
RTI cycle took 0.039s
RTI cycle took 0.019s
RTI cycle took 0.023s
RTI cycle took 0.038s
RTI cycle took 0.014s
RTI cycle took 0.021s
RTI cycle took 0.015s
RTI cycle took 0.015s
RTI cycle took 0.014s
RTI cycle took 0.022s
RTI cycle took 0.028s
RTI cycle took 0.032s
RTI cycle took 0.017s
RTI cycle took 0.029s
RTI cycle took 0.024s
RTI cycle took 0.023s
RTI cycle took 0.035s
RTI cycle took 0.021s
RTI cycle took 0.029s
RTI cycle took 0.028s
RTI cycle took 0.051s
RTI cycle took 0.023s
RTI cycle took 0.023s
RTI cycle took 0.035s
RTI cycle took 0.024s
RTI cycle took 0.030s
RTI cycle took 0.029s
RTI cycle took 0.030s
RTI cycle took 0.018s
RTI cycle took 0.025s
RTI cycle took 0.040s
RTI cycle took 0.028s
RTI cycle took 0.028s
RTI cycle took 0.032s
RTI cycle took 0.016s
RTI cycle took 0.015s
RTI cycle took 0.033s
RTI cycle took 0.030s
RTI cycle took 0.017s
RTI cycle took 0.028s
RTI cycle took 0.028s
RTI cycle took 0.028s
RTI cycle took 0.020s
RTI cycle took 0.040s
RTI cycle took 0.036s
RTI cycle took 0.025s
RTI cycle took 0.026s
RTI cycle took 0.032s
RTI cycle took 0.016s
RTI cycle took 0.029s
RTI cycle took 0.036s
RTI cycle took 0.020s
RTI cycle took 0.017s
RTI cycle took 0.028s
RTI cycle took 0.028s
RTI cycle took 0.026s
RTI cycle took 0.032s
RTI cycle took 0.028s
RTI cycle took 0.029s
RTI cycle took 0.030s
RTI cycle took 0.027s
RTI cycle took 0.031s
RTI cycle took 0.016s
RTI cycle took 0.029s
RTI cycle took 0.036s
RTI cycle took 0.028s
RTI cycle took 0.033s
RTI cycle took 0.036s
RTI cycle took 0.021s
RTI cycle took 0.028s
RTI cycle took 0.029s
RTI cycle took 0.032s
RTI cycle took 0.016s
RTI cycle took 0.029s
RTI cycle took 0.034s
RTI cycle took 0.021s
RTI cycle took 0.027s
RTI cycle took 0.020s
RTI cycle took 0.027s
RTI cycle took 0.029s
RTI cycle took 0.033s
RTI cycle took 0.016s
RTI cycle took 0.036s
RTI cycle took 0.016s
RTI cycle took 0.030s
RTI cycle took 0.020s
RTI cycle took 0.029s
RTI cycle took 0.021s
RTI cycle took 0.041s
RTI cycle took 0.026s
RTI cycle took 0.031s
RTI cycle took 0.026s
RTI cycle took 0.033s
RTI cycle took 0.026s
RTI cycle took 0.030s
RTI cycle took 0.023s
RTI cycle took 0.025s
RTI cycle took 0.030s
RTI cycle took 0.019s
RTI cycle took 0.027s
RTI cycle took 0.027s
RTI cycle took 0.032s
RTI cycle took 0.037s
RTI cycle took 0.027s
RTI cycle took 0.022s
RTI cycle took 0.027s
RTI cycle took 0.040s
RTI cycle took 0.030s
RTI cycle took 0.027s
RTI cycle took 0.032s
RTI cycle took 0.026s
RTI cycle took 0.041s
RTI cycle took 0.031s
RTI cycle took 0.026s
RTI cycle took 0.030s
RTI cycle took 0.042s
RTI cycle took 0.015s
RTI cycle took 0.023s
RTI cycle took 0.021s
RTI cycle took 0.028s
RTI cycle took 0.033s
RTI cycle took 0.016s
RTI cycle took 0.028s
RTI cycle took 0.038s
RTI cycle took 0.018s
RTI cycle took 0.026s
RTI cycle took 0.029s
RTI cycle took 0.023s
RTI cycle took 0.040s
RTI cycle took 0.026s
RTI cycle took 0.017s
RTI cycle took 0.035s
RTI cycle took 0.033s
RTI cycle took 0.025s
RTI cycle took 0.029s
RTI cycle took 0.030s
RTI cycle took 0.025s
RTI cycle took 0.032s
RTI cycle took 0.015s
RTI cycle took 0.024s
RTI cycle took 0.031s
RTI cycle took 0.036s
RTI cycle took 0.038s
RTI cycle took 0.032s
RTI cycle took 0.037s
RTI cycle took 0.020s
RTI cycle took 0.030s
RTI cycle took 0.018s
[32mloggerd[0m [32mencoderd[0m [32mlogmessaged[0m [32mcamerad[0m [32mlogcatd[0m [32mproclogd[0m [32mmicd[0m [32mtimed[0m [32mdmonitoringmodeld[0m [32msensord[0m [32mui[0m [32msoundd[0m [32mlocationd[0m [32mcalibrationd[0m [32mtorqued[0m [32mcontrolsd[0m [32mselfdrived[0m [32mcard[0m [32mdeleter[0m [32mdmonitoringd[0m [32mqcomgpsd[0m [32mpandad[0m [32mparamsd[0m [32mlagd[0m [32mplannerd[0m [32mradard[0m [32mhardwared[0m [32mtombstoned[0m [32muploader[0m [32mstatsd[0m [32mfeedbackd[0m [32mmodeld_tinygrad[0m [32mmapd[0m [32mmapd_manager[0m [31mmtscd[0m [32mrtid[0m
[32mloggerd[0m [32mencoderd[0m [32mlogmessaged[0m [32mcamerad[0m [32mlogcatd[0m [32mproclogd[0m [32mmicd[0m [32mtimed[0m [32mdmonitoringmodeld[0m [32msensord[0m [32mui[0m [32msoundd[0m [32mlocationd[0m [32mcalibrationd[0m [32mtorqued[0m [32mcontrolsd[0m [32mselfdrived[0m [32mcard[0m [32mdeleter[0m [32mdmonitoringd[0m [32mqcomgpsd[0m [32mpandad[0m [32mparamsd[0m [32mlagd[0m [32mplannerd[0m [32mradard[0m [32mhardwared[0m [32mtombstoned[0m [32muploader[0m [32mstatsd[0m [32mfeedbackd[0m [32mmodeld_tinygrad[0m [32mmapd[0m [32mmapd_manager[0m [31mmtscd[0m [32mrtid[0m
[32mloggerd[0m [32mencoderd[0m [32mlogmessaged[0m [32mcamerad[0m [32mlogcatd[0m [32mproclogd[0m [32mmicd[0m [32mtimed[0m [32mdmonitoringmodeld[0m [32msensord[0m [32mui[0m [32msoundd[0m [32mlocationd[0m [32mcalibrationd[0m [32mtorqued[0m [32mcontrolsd[0m [32mselfdrived[0m [32mcard[0m [32mdeleter[0m [32mdmonitoringd[0m [32mqcomgpsd[0m [32mpandad[0m [32mparamsd[0m [32mlagd[0m [32mplannerd[0m [32mradard[0m [32mhardwared[0m [32mtombstoned[0m [32muploader[0m [32mstatsd[0m [32mfeedbackd[0m [32mmodeld_tinygrad[0m [32mmapd[0m [32mmapd_manager[0m [31mmtscd[0m [32mrtid[0m
[32mloggerd[0m [32mencoderd[0m [32mlogmessaged[0m [32mcamerad[0m [32mlogcatd[0m [32mproclogd[0m [32mmicd[0m [32mtimed[0m [32mdmonitoringmodeld[0m [32msensord[0m [32mui[0m [32msoundd[0m [32mlocationd[0m [32mcalibrationd[0m [32mtorqued[0m [32mcontrolsd[0m [32mselfdrived[0m [32mcard[0m [32mdeleter[0m [32mdmonitoringd[0m [32mqcomgpsd[0m [32mpandad[0m [32mparamsd[0m [32mlagd[0m [32mplannerd[0m [32mradard[0m [32mhardwared[0m [32mtombstoned[0m [32muploader[0m [32mstatsd[0m [32mfeedbackd[0m [32mmodeld_tinygrad[0m [32mmapd[0m [32mmapd_manager[0m [31mmtscd[0m [32mrtid[0m
[32mloggerd[0m [32mencoderd[0m [32mlogmessaged[0m [32mcamerad[0m [32mlogcatd[0m [32mproclogd[0m [32mmicd[0m [32mtimed[0m [32mdmonitoringmodeld[0m [32msensord[0m [32mui[0m [32msoundd[0m [32mlocationd[0m [32mcalibrationd[0m [32mtorqued[0m [32mcontrolsd[0m [32mselfdrived[0m [32mcard[0m [32mdeleter[0m [32mdmonitoringd[0m [32mqcomgpsd[0m [32mpandad[0m [32mparamsd[0m [32mlagd[0m [32mplannerd[0m [32mradard[0m [32mhardwared[0m [32mtombstoned[0m [32muploader[0m [32mstatsd[0m [32mfeedbackd[0m [32mmodeld_tinygrad[0m [32mmapd[0m [32mmapd_manager[0m [31mmtscd[0m [32mrtid[0m
[32mloggerd[0m [32mencoderd[0m [32mlogmessaged[0m [32mcamerad[0m [32mlogcatd[0m [32mproclogd[0m [32mmicd[0m [32mtimed[0m [32mdmonitoringmodeld[0m [32msensord[0m [32mui[0m [32msoundd[0m [32mlocationd[0m [32mcalibrationd[0m [32mtorqued[0m [32mcontrolsd[0m [32mselfdrived[0m [32mcard[0m [32mdeleter[0m [32mdmonitoringd[0m [32mqcomgpsd[0m [32mpandad[0m [32mparamsd[0m [32mlagd[0m [32mplannerd[0m [32mradard[0m [32mhardwared[0m [32mtombstoned[0m [32muploader[0m [32mstatsd[0m [32mfeedbackd[0m [32mmodeld_tinygrad[0m [32mmapd[0m [32mmapd_manager[0m [31mmtscd[0m [32mrtid[0m
[32mloggerd[0m [32mencoderd[0m [32mlogmessaged[0m [32mcamerad[0m [32mlogcatd[0m [32mproclogd[0m [32mmicd[0m [32mtimed[0m [32mdmonitoringmodeld[0m [32msensord[0m [32mui[0m [32msoundd[0m [32mlocationd[0m [32mcalibrationd[0m [32mtorqued[0m [32mcontrolsd[0m [32mselfdrived[0m [32mcard[0m [32mdeleter[0m [32mdmonitoringd[0m [32mqcomgpsd[0m [32mpandad[0m [32mparamsd[0m [32mlagd[0m [32mplannerd[0m [32mradard[0m [32mhardwared[0m [32mtombstoned[0m [32muploader[0m [32mstatsd[0m [32mfeedbackd[0m [32mmodeld_tinygrad[0m [32mmapd[0m [32mmapd_manager[0m [31mmtscd[0m [32mrtid[0m
[32mloggerd[0m [32mencoderd[0m [32mlogmessaged[0m [32mcamerad[0m [32mlogcatd[0m [32mproclogd[0m [32mmicd[0m [32mtimed[0m [32mdmonitoringmodeld[0m [32msensord[0m [32mui[0m [32msoundd[0m [32mlocationd[0m [32mcalibrationd[0m [32mtorqued[0m [32mcontrolsd[0m [32mselfdrived[0m [32mcard[0m [32mdeleter[0m [32mdmonitoringd[0m [32mqcomgpsd[0m [32mpandad[0m [32mparamsd[0m [32mlagd[0m [32mplannerd[0m [32mradard[0m [32mhardwared[0m [32mtombstoned[0m [32muploader[0m [32mstatsd[0m [32mfeedbackd[0m [32mmodeld_tinygrad[0m [32mmapd[0m [32mmapd_manager[0m [31mmtscd[0m [32mrtid[0m
[32mloggerd[0m [32mencoderd[0m [32mlogmessaged[0m [32mcamerad[0m [32mlogcatd[0m [32mproclogd[0m [32mmicd[0m [32mtimed[0m [32mdmonitoringmodeld[0m [32msensord[0m [32mui[0m [32msoundd[0m [32mlocationd[0m [32mcalibrationd[0m [32mtorqued[0m [32mcontrolsd[0m [32mselfdrived[0m [32mcard[0m [32mdeleter[0m [32mdmonitoringd[0m [32mqcomgpsd[0m [32mpandad[0m [32mparamsd[0m [32mlagd[0m [32mplannerd[0m [32mradard[0m [32mhardwared[0m [32mtombstoned[0m [32muploader[0m [32mstatsd[0m [32mfeedbackd[0m [32mmodeld_tinygrad[0m [32mmapd[0m [32mmapd_manager[0m [31mmtscd[0m [32mrtid[0m
[32mloggerd[0m [32mencoderd[0m [32mlogmessaged[0m [32mcamerad[0m [32mlogcatd[0m [32mproclogd[0m [32mmicd[0m [32mtimed[0m [32mdmonitoringmodeld[0m [32msensord[0m [32mui[0m [32msoundd[0m [32mlocationd[0m [32mcalibrationd[0m [32mtorqued[0m [32mcontrolsd[0m [32mselfdrived[0m [32mcard[0m [32mdeleter[0m [32mdmonitoringd[0m [32mqcomgpsd[0m [32mpandad[0m [32mparamsd[0m [32mlagd[0m [32mplannerd[0m [32mradard[0m [32mhardwared[0m [32mtombstoned[0m [32muploader[0m [32mstatsd[0m [32mfeedbackd[0m [32mmodeld_tinygrad[0m [32mmapd[0m [32mmapd_manager[0m [31mmtscd[0m [32mrtid[0m
[32mloggerd[0m [32mencoderd[0m [32mlogmessaged[0m [32mcamerad[0m [32mlogcatd[0m [32mproclogd[0m [32mmicd[0m [32mtimed[0m [32mdmonitoringmodeld[0m [32msensord[0m [32mui[0m [32msoundd[0m [32mlocationd[0m [32mcalibrationd[0m [32mtorqued[0m [32mcontrolsd[0m [32mselfdrived[0m [32mcard[0m [32mdeleter[0m [32mdmonitoringd[0m [32mqcomgpsd[0m [32mpandad[0m [32mparamsd[0m [32mlagd[0m [32mplannerd[0m [32mradard[0m [32mhardwared[0m [32mtombstoned[0m [32muploader[0m [32mstatsd[0m [32mfeedbackd[0m [32mmodeld_tinygrad[0m [32mmapd[0m [32mmapd_manager[0m [31mmtscd[0m [32mrtid[0m
[32mloggerd[0m [32mencoderd[0m [32mlogmessaged[0m [32mcamerad[0m [32mlogcatd[0m [32mproclogd[0m [32mmicd[0m [32mtimed[0m [32mdmonitoringmodeld[0m [32msensord[0m [32mui[0m [32msoundd[0m [32mlocationd[0m [32mcalibrationd[0m [32mtorqued[0m [32mcontrolsd[0m [32mselfdrived[0m [32mcard[0m [32mdeleter[0m [32mdmonitoringd[0m [32mqcomgpsd[0m [32mpandad[0m [32mparamsd[0m [32mlagd[0m [32mplannerd[0m [32mradard[0m [32mhardwared[0m [32mtombstoned[0m [32muploader[0m [32mstatsd[0m [32mfeedbackd[0m [32mmodeld_tinygrad[0m [32mmapd[0m [32mmapd_manager[0m [31mmtscd[0m [32mrtid[0m
RTI cycle took 0.045s
RTI cycle took 0.030s
RTI cycle took 0.019s
RTI cycle took 0.026s
RTI cycle took 0.028s
RTI cycle took 0.033s
RTI cycle took 0.027s
RTI cycle took 0.029s
RTI cycle took 0.028s
RTI cycle took 0.038s
RTI cycle took 0.037s
RTI cycle took 0.034s
RTI cycle took 0.037s
RTI cycle took 0.021s
RTI cycle took 0.028s
RTI cycle took 0.029s
RTI cycle took 0.031s
RTI cycle took 0.031s
RTI cycle took 0.020s
RTI cycle took 0.030s
RTI cycle took 0.027s
RTI cycle took 0.032s
RTI cycle took 0.025s
RTI cycle took 0.031s
RTI cycle took 0.040s
RTI cycle took 0.027s
RTI cycle took 0.026s
RTI cycle took 0.041s
RTI cycle took 0.037s
RTI cycle took 0.028s
RTI cycle took 0.039s
RTI cycle took 0.029s
RTI cycle took 0.027s
RTI cycle took 0.032s
RTI cycle took 0.039s
RTI cycle took 0.023s
RTI cycle took 0.032s
RTI cycle took 0.031s
RTI cycle took 0.025s
RTI cycle took 0.029s
RTI cycle took 0.041s
RTI cycle took 0.027s
RTI cycle took 0.030s
RTI cycle took 0.025s
RTI cycle took 0.035s
RTI cycle took 0.024s
RTI cycle took 0.033s
RTI cycle took 0.049s
RTI cycle took 0.032s
RTI cycle took 0.021s
RTI cycle took 0.034s
RTI cycle took 0.015s
RTI cycle took 0.035s
RTI cycle took 0.028s
RTI cycle took 0.039s
RTI cycle took 0.029s
RTI cycle took 0.030s
RTI cycle took 0.026s
RTI cycle took 0.032s
RTI cycle took 0.027s
RTI cycle took 0.037s
RTI cycle took 0.032s
RTI cycle took 0.045s
RTI cycle took 0.017s
RTI cycle took 0.028s
RTI cycle took 0.029s
RTI cycle took 0.028s
RTI cycle took 0.029s
RTI cycle took 0.028s
RTI cycle took 0.019s
RTI cycle took 0.027s
RTI cycle took 0.022s
RTI cycle took 0.036s
RTI cycle took 0.036s
RTI cycle took 0.036s
RTI cycle took 0.027s
RTI cycle took 0.032s
RTI cycle took 0.017s
RTI cycle took 0.034s
RTI cycle took 0.033s
RTI cycle took 0.015s
RTI cycle took 0.026s
RTI cycle took 0.027s
RTI cycle took 0.029s
RTI cycle took 0.030s
RTI cycle took 0.028s
RTI cycle took 0.030s
RTI cycle took 0.027s
RTI cycle took 0.030s
RTI cycle took 0.030s
RTI cycle took 0.018s
RTI cycle took 0.028s
RTI cycle took 0.026s
RTI cycle took 0.019s
RTI cycle took 0.027s
RTI cycle took 0.033s
RTI cycle took 0.025s
RTI cycle took 0.031s
RTI cycle took 0.029s
RTI cycle took 0.029s
RTI cycle took 0.039s
RTI cycle took 0.096s
RTI cycle took 0.033s
RTI cycle took 0.019s
RTI cycle took 0.025s
RTI cycle took 0.035s
RTI cycle took 0.038s
RTI cycle took 0.027s
RTI cycle took 0.027s
RTI cycle took 0.041s
RTI cycle took 0.030s
RTI cycle took 0.037s
RTI cycle took 0.030s
RTI cycle took 0.030s
RTI cycle took 0.037s
RTI cycle took 0.039s
RTI cycle took 0.045s
RTI cycle took 0.015s
RTI cycle took 0.032s
RTI cycle took 0.040s
RTI cycle took 0.030s
RTI cycle took 0.018s
RTI cycle took 0.037s
RTI cycle took 0.017s
RTI cycle took 0.031s
RTI cycle took 0.028s
RTI cycle took 0.036s
RTI cycle took 0.032s
RTI cycle took 0.040s
RTI cycle took 0.027s
RTI cycle took 0.034s
RTI cycle took 0.037s
RTI cycle took 0.020s
RTI cycle took 0.027s
RTI cycle took 0.028s
RTI cycle took 0.035s
RTI cycle took 0.035s
RTI cycle took 0.025s
RTI cycle took 0.020s
RTI cycle took 0.028s
RTI cycle took 0.021s
RTI cycle took 0.027s
RTI cycle took 0.043s
RTI cycle took 0.030s
RTI cycle took 0.023s
RTI cycle took 0.030s
RTI cycle took 0.036s
RTI cycle took 0.038s
RTI cycle took 0.031s
RTI cycle took 0.033s
RTI cycle took 0.042s
RTI cycle took 0.021s
RTI cycle took 0.030s
RTI cycle took 0.027s
RTI cycle took 0.020s
RTI cycle took 0.028s
RTI cycle took 0.032s
RTI cycle took 0.017s
RTI cycle took 0.029s
RTI cycle took 0.024s
RTI cycle took 0.031s
RTI cycle took 0.037s
RTI cycle took 0.031s
RTI cycle took 0.030s
RTI cycle took 0.029s
RTI cycle took 0.019s
RTI cycle took 0.021s
RTI cycle took 0.036s
RTI cycle took 0.031s
RTI cycle took 0.019s
RTI cycle took 0.032s
RTI cycle took 0.034s
RTI cycle took 0.024s
RTI cycle took 0.030s
RTI cycle took 0.040s
RTI cycle took 0.024s
stats dir full
RTI cycle took 0.025s
RTI cycle took 0.016s
RTI cycle took 0.029s
RTI cycle took 0.028s
RTI cycle took 0.036s
RTI cycle took 0.032s
RTI cycle took 0.029s
RTI cycle took 0.021s
RTI cycle took 0.034s
RTI cycle took 0.017s
RTI cycle took 0.027s
RTI cycle took 0.027s
RTI cycle took 0.031s
RTI cycle took 0.039s
RTI cycle took 0.017s
RTI cycle took 0.025s
[32mloggerd[0m [32mencoderd[0m [32mlogmessaged[0m [32mcamerad[0m [32mlogcatd[0m [32mproclogd[0m [32mmicd[0m [32mtimed[0m [32mdmonitoringmodeld[0m [32msensord[0m [32mui[0m [32msoundd[0m [32mlocationd[0m [32mcalibrationd[0m [32mtorqued[0m [32mcontrolsd[0m [32mselfdrived[0m [32mcard[0m [32mdeleter[0m [32mdmonitoringd[0m [32mqcomgpsd[0m [32mpandad[0m [32mparamsd[0m [32mlagd[0m [32mplannerd[0m [32mradard[0m [32mhardwared[0m [32mtombstoned[0m [32muploader[0m [32mstatsd[0m [32mfeedbackd[0m [32mmodeld_tinygrad[0m [32mmapd[0m [32mmapd_manager[0m [31mmtscd[0m [32mrtid[0m
[32mloggerd[0m [32mencoderd[0m [32mlogmessaged[0m [32mcamerad[0m [32mlogcatd[0m [32mproclogd[0m [32mmicd[0m [32mtimed[0m [32mdmonitoringmodeld[0m [32msensord[0m [32mui[0m [32msoundd[0m [32mlocationd[0m [32mcalibrationd[0m [32mtorqued[0m [32mcontrolsd[0m [32mselfdrived[0m [32mcard[0m [32mdeleter[0m [32mdmonitoringd[0m [32mqcomgpsd[0m [32mpandad[0m [32mparamsd[0m [32mlagd[0m [32mplannerd[0m [32mradard[0m [32mhardwared[0m [32mtombstoned[0m [32muploader[0m [32mstatsd[0m [32mfeedbackd[0m [32mmodeld_tinygrad[0m [32mmapd[0m [32mmapd_manager[0m [31mmtscd[0m [32mrtid[0m
[32mloggerd[0m [32mencoderd[0m [32mlogmessaged[0m [32mcamerad[0m [32mlogcatd[0m [32mproclogd[0m [32mmicd[0m [32mtimed[0m [32mdmonitoringmodeld[0m [32msensord[0m [32mui[0m [32msoundd[0m [32mlocationd[0m [32mcalibrationd[0m [32mtorqued[0m [32mcontrolsd[0m [32mselfdrived[0m [32mcard[0m [32mdeleter[0m [32mdmonitoringd[0m [32mqcomgpsd[0m [32mpandad[0m [32mparamsd[0m [32mlagd[0m [32mplannerd[0m [32mradard[0m [32mhardwared[0m [32mtombstoned[0m [32muploader[0m [32mstatsd[0m [32mfeedbackd[0m [32mmodeld_tinygrad[0m [32mmapd[0m [32mmapd_manager[0m [31mmtscd[0m [32mrtid[0m
[32mloggerd[0m [32mencoderd[0m [32mlogmessaged[0m [32mcamerad[0m [32mlogcatd[0m [32mproclogd[0m [32mmicd[0m [32mtimed[0m [32mdmonitoringmodeld[0m [32msensord[0m [32mui[0m [32msoundd[0m [32mlocationd[0m [32mcalibrationd[0m [32mtorqued[0m [32mcontrolsd[0m [32mselfdrived[0m [32mcard[0m [32mdeleter[0m [32mdmonitoringd[0m [32mqcomgpsd[0m [32mpandad[0m [32mparamsd[0m [32mlagd[0m [32mplannerd[0m [32mradard[0m [32mhardwared[0m [32mtombstoned[0m [32muploader[0m [32mstatsd[0m [32mfeedbackd[0m [32mmodeld_tinygrad[0m [32mmapd[0m [32mmapd_manager[0m [31mmtscd[0m [32mrtid[0m
[32mloggerd[0m [32mencoderd[0m [32mlogmessaged[0m [32mcamerad[0m [32mlogcatd[0m [32mproclogd[0m [32mmicd[0m [32mtimed[0m [32mdmonitoringmodeld[0m [32msensord[0m [32mui[0m [32msoundd[0m [32mlocationd[0m [32mcalibrationd[0m [32mtorqued[0m [32mcontrolsd[0m [32mselfdrived[0m [32mcard[0m [32mdeleter[0m [32mdmonitoringd[0m [32mqcomgpsd[0m [32mpandad[0m [32mparamsd[0m [32mlagd[0m [32mplannerd[0m [32mradard[0m [32mhardwared[0m [32mtombstoned[0m [32muploader[0m [32mstatsd[0m [32mfeedbackd[0m [32mmodeld_tinygrad[0m [32mmapd[0m [32mmapd_manager[0m [31mmtscd[0m [32mrtid[0m
[32mloggerd[0m [32mencoderd[0m [32mlogmessaged[0m [32mcamerad[0m [32mlogcatd[0m [32mproclogd[0m [32mmicd[0m [32mtimed[0m [32mdmonitoringmodeld[0m [32msensord[0m [32mui[0m [32msoundd[0m [32mlocationd[0m [32mcalibrationd[0m [32mtorqued[0m [32mcontrolsd[0m [32mselfdrived[0m [32mcard[0m [32mdeleter[0m [32mdmonitoringd[0m [32mqcomgpsd[0m [32mpandad[0m [32mparamsd[0m [32mlagd[0m [32mplannerd[0m [32mradard[0m [32mhardwared[0m [32mtombstoned[0m [32muploader[0m [32mstatsd[0m [32mfeedbackd[0m [32mmodeld_tinygrad[0m [32mmapd[0m [32mmapd_manager[0m [31mmtscd[0m [32mrtid[0m
[32mloggerd[0m [32mencoderd[0m [32mlogmessaged[0m [32mcamerad[0m [32mlogcatd[0m [32mproclogd[0m [32mmicd[0m [32mtimed[0m [32mdmonitoringmodeld[0m [32msensord[0m [32mui[0m [32msoundd[0m [32mlocationd[0m [32mcalibrationd[0m [32mtorqued[0m [32mcontrolsd[0m [32mselfdrived[0m [32mcard[0m [32mdeleter[0m [32mdmonitoringd[0m [32mqcomgpsd[0m [32mpandad[0m [32mparamsd[0m [32mlagd[0m [32mplannerd[0m [32mradard[0m [32mhardwared[0m [32mtombstoned[0m [32muploader[0m [32mstatsd[0m [32mfeedbackd[0m [32mmodeld_tinygrad[0m [32mmapd[0m [32mmapd_manager[0m [31mmtscd[0m [32mrtid[0m
[32mloggerd[0m [32mencoderd[0m [32mlogmessaged[0m [32mcamerad[0m [32mlogcatd[0m [32mproclogd[0m [32mmicd[0m [32mtimed[0m [32mdmonitoringmodeld[0m [32msensord[0m [32mui[0m [32msoundd[0m [32mlocationd[0m [32mcalibrationd[0m [32mtorqued[0m [32mcontrolsd[0m [32mselfdrived[0m [32mcard[0m [32mdeleter[0m [32mdmonitoringd[0m [32mqcomgpsd[0m [32mpandad[0m [32mparamsd[0m [32mlagd[0m [32mplannerd[0m [32mradard[0m [32mhardwared[0m [32mtombstoned[0m [32muploader[0m [32mstatsd[0m [32mfeedbackd[0m [32mmodeld_tinygrad[0m [32mmapd[0m [32mmapd_manager[0m [31mmtscd[0m [32mrtid[0m
[32mloggerd[0m [32mencoderd[0m [32mlogmessaged[0m [32mcamerad[0m [32mlogcatd[0m [32mproclogd[0m [32mmicd[0m [32mtimed[0m [32mdmonitoringmodeld[0m [32msensord[0m [32mui[0m [32msoundd[0m [32mlocationd[0m [32mcalibrationd[0m [32mtorqued[0m [32mcontrolsd[0m [32mselfdrived[0m [32mcard[0m [32mdeleter[0m [32mdmonitoringd[0m [32mqcomgpsd[0m [32mpandad[0m [32mparamsd[0m [32mlagd[0m [32mplannerd[0m [32mradard[0m [32mhardwared[0m [32mtombstoned[0m [32muploader[0m [32mstatsd[0m [32mfeedbackd[0m [32mmodeld_tinygrad[0m [32mmapd[0m [32mmapd_manager[0m [31mmtscd[0m [32mrtid[0m
[32mloggerd[0m [32mencoderd[0m [32mlogmessaged[0m [32mcamerad[0m [32mlogcatd[0m [32mproclogd[0m [32mmicd[0m [32mtimed[0m [32mdmonitoringmodeld[0m [32msensord[0m [32mui[0m [32msoundd[0m [32mlocationd[0m [32mcalibrationd[0m [32mtorqued[0m [32mcontrolsd[0m [32mselfdrived[0m [32mcard[0m [32mdeleter[0m [32mdmonitoringd[0m [32mqcomgpsd[0m [32mpandad[0m [32mparamsd[0m [32mlagd[0m [32mplannerd[0m [32mradard[0m [32mhardwared[0m [32mtombstoned[0m [32muploader[0m [32mstatsd[0m [32mfeedbackd[0m [32mmodeld_tinygrad[0m [32mmapd[0m [32mmapd_manager[0m [31mmtscd[0m [32mrtid[0m
[32mloggerd[0m [32mencoderd[0m [32mlogmessaged[0m [32mcamerad[0m [32mlogcatd[0m [32mproclogd[0m [32mmicd[0m [32mtimed[0m [32mdmonitoringmodeld[0m [32msensord[0m [32mui[0m [32msoundd[0m [32mlocationd[0m [32mcalibrationd[0m [32mtorqued[0m [32mcontrolsd[0m [32mselfdrived[0m [32mcard[0m [32mdeleter[0m [32mdmonitoringd[0m [32mqcomgpsd[0m [32mpandad[0m [32mparamsd[0m [32mlagd[0m [32mplannerd[0m [32mradard[0m [32mhardwared[0m [32mtombstoned[0m [32muploader[0m [32mstatsd[0m [32mfeedbackd[0m [32mmodeld_tinygrad[0m [32mmapd[0m [32mmapd_manager[0m [31mmtscd[0m [32mrtid[0m
[32mloggerd[0m [32mencoderd[0m [32mlogmessaged[0m [32mcamerad[0m [32mlogcatd[0m [32mproclogd[0m [32mmicd[0m [32mtimed[0m [32mdmonitoringmodeld[0m [32msensord[0m [32mui[0m [32msoundd[0m [32mlocationd[0m [32mcalibrationd[0m [32mtorqued[0m [32mcontrolsd[0m [32mselfdrived[0m [32mcard[0m [32mdeleter[0m [32mdmonitoringd[0m [32mqcomgpsd[0m [32mpandad[0m [32mparamsd[0m [32mlagd[0m [32mplannerd[0m [32mradard[0m [32mhardwared[0m [32mtombstoned[0m [32muploader[0m [32mstatsd[0m [32mfeedbackd[0m [32mmodeld_tinygrad[0m [32mmapd[0m [32mmapd_manager[0m [31mmtscd[0m [32mrtid[0m
RTI cycle took 0.025s
RTI cycle took 0.042s
RTI cycle took 0.030s
RTI cycle took 0.025s
RTI cycle took 0.033s
RTI cycle took 0.039s
RTI cycle took 0.018s
RTI cycle took 0.038s
RTI cycle took 0.036s
RTI cycle took 0.028s
RTI cycle took 0.032s
RTI cycle took 0.037s
RTI cycle took 0.016s
RTI cycle took 0.025s
RTI cycle took 0.027s
RTI cycle took 0.032s
RTI cycle took 0.031s
RTI cycle took 0.027s
RTI cycle took 0.035s
RTI cycle took 0.023s
RTI cycle took 0.036s
RTI cycle took 0.045s
RTI cycle took 0.035s
RTI cycle took 0.017s
RTI cycle took 0.025s
RTI cycle took 0.040s
RTI cycle took 0.037s
RTI cycle took 0.039s
RTI cycle took 0.031s
RTI cycle took 0.042s
RTI cycle took 0.024s
RTI cycle took 0.029s
RTI cycle took 0.037s
RTI cycle took 0.031s
RTI cycle took 0.029s
RTI cycle took 0.056s
RTI cycle took 0.039s
system/loggerd/loggerd.cc: rotated to /data/media/0/realdata/00000062--5fe8af6682--2
RTI cycle took 0.055s
RTI cycle took 0.017s
RTI cycle took 0.032s
RTI cycle took 0.024s
RTI cycle took 0.045s
RTI cycle took 0.032s
RTI cycle took 0.050s
RTI cycle took 0.038s
RTI cycle took 0.033s
RTI cycle took 0.020s
RTI cycle took 0.034s
RTI cycle took 0.025s
RTI cycle took 0.041s
RTI cycle took 0.027s
RTI cycle took 0.045s
RTI cycle took 0.022s
RTI cycle took 0.030s
RTI cycle took 0.026s
RTI cycle took 0.032s
RTI cycle took 0.037s
RTI cycle took 0.032s
RTI cycle took 0.028s
RTI cycle took 0.038s
RTI cycle took 0.019s
RTI cycle took 0.016s
RTI cycle took 0.022s
RTI cycle took 0.018s
RTI cycle took 0.037s
RTI cycle took 0.020s
RTI cycle took 0.036s
RTI cycle took 0.031s
RTI cycle took 0.030s
RTI cycle took 0.037s
RTI cycle took 0.031s
RTI cycle took 0.029s
RTI cycle took 0.036s
RTI cycle took 0.041s
RTI cycle took 0.019s
RTI cycle took 0.024s
RTI cycle took 0.033s
RTI cycle took 0.015s
RTI cycle took 0.031s
RTI cycle took 0.035s
RTI cycle took 0.026s
RTI cycle took 0.032s
RTI cycle took 0.046s
RTI cycle took 0.017s
RTI cycle took 0.022s
RTI cycle took 0.027s
RTI cycle took 0.022s
RTI cycle took 0.026s
RTI cycle took 0.033s
RTI cycle took 0.014s
RTI cycle took 0.026s
RTI cycle took 0.025s
RTI cycle took 0.031s
RTI cycle took 0.030s
RTI cycle took 0.037s
RTI cycle took 0.038s
RTI cycle took 0.033s
RTI cycle took 0.038s
RTI cycle took 0.019s
RTI cycle took 0.027s
RTI cycle took 0.028s
RTI cycle took 0.030s
RTI cycle took 0.031s
RTI cycle took 0.040s
RTI cycle took 0.017s
RTI cycle took 0.024s
RTI cycle took 0.043s
RTI cycle took 0.026s
RTI cycle took 0.018s
RTI cycle took 0.038s
RTI cycle took 0.018s
RTI cycle took 0.031s
RTI cycle took 0.026s
RTI cycle took 0.031s
RTI cycle took 0.040s
RTI cycle took 0.028s
RTI cycle took 0.037s
RTI cycle took 0.046s
RTI cycle took 0.025s
RTI cycle took 0.025s
RTI cycle took 0.038s
RTI cycle took 0.021s
RTI cycle took 0.039s
RTI cycle took 0.034s
RTI cycle took 0.024s
RTI cycle took 0.035s
RTI cycle took 0.033s
RTI cycle took 0.016s
RTI cycle took 0.021s
RTI cycle took 0.024s
RTI cycle took 0.035s
RTI cycle took 0.015s
RTI cycle took 0.029s
RTI cycle took 0.015s
RTI cycle took 0.022s
RTI cycle took 0.028s
RTI cycle took 0.029s
RTI cycle took 0.036s
RTI cycle took 0.024s
RTI cycle took 0.033s
RTI cycle took 0.022s
RTI cycle took 0.034s
RTI cycle took 0.036s
RTI cycle took 0.038s
RTI cycle took 0.017s
RTI cycle took 0.034s
RTI cycle took 0.033s
RTI cycle took 0.025s
RTI cycle took 0.029s
RTI cycle took 0.027s
RTI cycle took 0.022s
RTI cycle took 0.025s
RTI cycle took 0.038s
RTI cycle took 0.014s
RTI cycle took 0.032s
RTI cycle took 0.041s
RTI cycle took 0.027s
RTI cycle took 0.031s
RTI cycle took 0.018s
RTI cycle took 0.025s
RTI cycle took 0.017s
RTI cycle took 0.027s
RTI cycle took 0.030s
RTI cycle took 0.036s
RTI cycle took 0.038s
RTI cycle took 0.023s
RTI cycle took 0.026s
RTI cycle took 0.036s
RTI cycle took 0.041s
RTI cycle took 0.018s
RTI cycle took 0.020s
RTI cycle took 0.026s
RTI cycle took 0.020s
RTI cycle took 0.027s
RTI cycle took 0.037s
RTI cycle took 0.015s
RTI cycle took 0.022s
RTI cycle took 0.037s
RTI cycle took 0.019s
RTI cycle took 0.028s
RTI cycle took 0.038s
RTI cycle took 0.015s
RTI cycle took 0.014s
RTI cycle took 0.024s
RTI cycle took 0.038s
RTI cycle took 0.019s
RTI cycle took 0.027s
RTI cycle took 0.027s
RTI cycle took 0.036s
RTI cycle took 0.034s
[32mloggerd[0m [32mencoderd[0m [32mlogmessaged[0m [32mcamerad[0m [32mlogcatd[0m [32mproclogd[0m [32mmicd[0m [32mtimed[0m [32mdmonitoringmodeld[0m [32msensord[0m [32mui[0m [32msoundd[0m [32mlocationd[0m [32mcalibrationd[0m [32mtorqued[0m [32mcontrolsd[0m [32mselfdrived[0m [32mcard[0m [32mdeleter[0m [32mdmonitoringd[0m [32mqcomgpsd[0m [32mpandad[0m [32mparamsd[0m [32mlagd[0m [32mplannerd[0m [32mradard[0m [32mhardwared[0m [32mtombstoned[0m [32muploader[0m [32mstatsd[0m [32mfeedbackd[0m [32mmodeld_tinygrad[0m [32mmapd[0m [32mmapd_manager[0m [31mmtscd[0m [32mrtid[0m
[32mloggerd[0m [32mencoderd[0m [32mlogmessaged[0m [32mcamerad[0m [32mlogcatd[0m [32mproclogd[0m [32mmicd[0m [32mtimed[0m [32mdmonitoringmodeld[0m [32msensord[0m [32mui[0m [32msoundd[0m [32mlocationd[0m [32mcalibrationd[0m [32mtorqued[0m [32mcontrolsd[0m [32mselfdrived[0m [32mcard[0m [32mdeleter[0m [32mdmonitoringd[0m [32mqcomgpsd[0m [32mpandad[0m [32mparamsd[0m [32mlagd[0m [32mplannerd[0m [32mradard[0m [32mhardwared[0m [32mtombstoned[0m [32muploader[0m [32mstatsd[0m [32mfeedbackd[0m [32mmodeld_tinygrad[0m [32mmapd[0m [32mmapd_manager[0m [31mmtscd[0m [32mrtid[0m
[32mloggerd[0m [32mencoderd[0m [32mlogmessaged[0m [32mcamerad[0m [32mlogcatd[0m [32mproclogd[0m [32mmicd[0m [32mtimed[0m [32mdmonitoringmodeld[0m [32msensord[0m [32mui[0m [32msoundd[0m [32mlocationd[0m [32mcalibrationd[0m [32mtorqued[0m [32mcontrolsd[0m [32mselfdrived[0m [32mcard[0m [32mdeleter[0m [32mdmonitoringd[0m [32mqcomgpsd[0m [32mpandad[0m [32mparamsd[0m [32mlagd[0m [32mplannerd[0m [32mradard[0m [32mhardwared[0m [32mtombstoned[0m [32muploader[0m [32mstatsd[0m [32mfeedbackd[0m [32mmodeld_tinygrad[0m [32mmapd[0m [32mmapd_manager[0m [31mmtscd[0m [32mrtid[0m
[32mloggerd[0m [32mencoderd[0m [32mlogmessaged[0m [32mcamerad[0m [32mlogcatd[0m [32mproclogd[0m [32mmicd[0m [32mtimed[0m [32mdmonitoringmodeld[0m [32msensord[0m [32mui[0m [32msoundd[0m [32mlocationd[0m [32mcalibrationd[0m [32mtorqued[0m [32mcontrolsd[0m [32mselfdrived[0m [32mcard[0m [32mdeleter[0m [32mdmonitoringd[0m [32mqcomgpsd[0m [32mpandad[0m [32mparamsd[0m [32mlagd[0m [32mplannerd[0m [32mradard[0m [32mhardwared[0m [32mtombstoned[0m [32muploader[0m [32mstatsd[0m [32mfeedbackd[0m [32mmodeld_tinygrad[0m [32mmapd[0m [32mmapd_manager[0m [31mmtscd[0m [32mrtid[0m
[32mloggerd[0m [32mencoderd[0m [32mlogmessaged[0m [32mcamerad[0m [32mlogcatd[0m [32mproclogd[0m [32mmicd[0m [32mtimed[0m [32mdmonitoringmodeld[0m [32msensord[0m [32mui[0m [32msoundd[0m [32mlocationd[0m [32mcalibrationd[0m [32mtorqued[0m [32mcontrolsd[0m [32mselfdrived[0m [32mcard[0m [32mdeleter[0m [32mdmonitoringd[0m [32mqcomgpsd[0m [32mpandad[0m [32mparamsd[0m [32mlagd[0m [32mplannerd[0m [32mradard[0m [32mhardwared[0m [32mtombstoned[0m [32muploader[0m [32mstatsd[0m [32mfeedbackd[0m [32mmodeld_tinygrad[0m [32mmapd[0m [32mmapd_manager[0m [31mmtscd[0m [32mrtid[0m
[32mloggerd[0m [32mencoderd[0m [32mlogmessaged[0m [32mcamerad[0m [32mlogcatd[0m [32mproclogd[0m [32mmicd[0m [32mtimed[0m [32mdmonitoringmodeld[0m [32msensord[0m [32mui[0m [32msoundd[0m [32mlocationd[0m [32mcalibrationd[0m [32mtorqued[0m [32mcontrolsd[0m [32mselfdrived[0m [32mcard[0m [32mdeleter[0m [32mdmonitoringd[0m [32mqcomgpsd[0m [32mpandad[0m [32mparamsd[0m [32mlagd[0m [32mplannerd[0m [32mradard[0m [32mhardwared[0m [32mtombstoned[0m [32muploader[0m [32mstatsd[0m [32mfeedbackd[0m [32mmodeld_tinygrad[0m [32mmapd[0m [32mmapd_manager[0m [31mmtscd[0m [32mrtid[0m
[32mloggerd[0m [32mencoderd[0m [32mlogmessaged[0m [32mcamerad[0m [32mlogcatd[0m [32mproclogd[0m [32mmicd[0m [32mtimed[0m [32mdmonitoringmodeld[0m [32msensord[0m [32mui[0m [32msoundd[0m [32mlocationd[0m [32mcalibrationd[0m [32mtorqued[0m [32mcontrolsd[0m [32mselfdrived[0m [32mcard[0m [32mdeleter[0m [32mdmonitoringd[0m [32mqcomgpsd[0m [32mpandad[0m [32mparamsd[0m [32mlagd[0m [32mplannerd[0m [32mradard[0m [32mhardwared[0m [32mtombstoned[0m [32muploader[0m [32mstatsd[0m [32mfeedbackd[0m [32mmodeld_tinygrad[0m [32mmapd[0m [32mmapd_manager[0m [31mmtscd[0m [32mrtid[0m
[32mloggerd[0m [32mencoderd[0m [32mlogmessaged[0m [32mcamerad[0m [32mlogcatd[0m [32mproclogd[0m [32mmicd[0m [32mtimed[0m [32mdmonitoringmodeld[0m [32msensord[0m [32mui[0m [32msoundd[0m [32mlocationd[0m [32mcalibrationd[0m [32mtorqued[0m [32mcontrolsd[0m [32mselfdrived[0m [32mcard[0m [32mdeleter[0m [32mdmonitoringd[0m [32mqcomgpsd[0m [32mpandad[0m [32mparamsd[0m [32mlagd[0m [32mplannerd[0m [32mradard[0m [32mhardwared[0m [32mtombstoned[0m [32muploader[0m [32mstatsd[0m [32mfeedbackd[0m [32mmodeld_tinygrad[0m [32mmapd[0m [32mmapd_manager[0m [31mmtscd[0m [32mrtid[0m
[32mloggerd[0m [32mencoderd[0m [32mlogmessaged[0m [32mcamerad[0m [32mlogcatd[0m [32mproclogd[0m [32mmicd[0m [32mtimed[0m [32mdmonitoringmodeld[0m [32msensord[0m [32mui[0m [32msoundd[0m [32mlocationd[0m [32mcalibrationd[0m [32mtorqued[0m [32mcontrolsd[0m [32mselfdrived[0m [32mcard[0m [32mdeleter[0m [32mdmonitoringd[0m [32mqcomgpsd[0m [32mpandad[0m [32mparamsd[0m [32mlagd[0m [32mplannerd[0m [32mradard[0m [32mhardwared[0m [32mtombstoned[0m [32muploader[0m [32mstatsd[0m [32mfeedbackd[0m [32mmodeld_tinygrad[0m [32mmapd[0m [32mmapd_manager[0m [31mmtscd[0m [32mrtid[0m
[32mloggerd[0m [32mencoderd[0m [32mlogmessaged[0m [32mcamerad[0m [32mlogcatd[0m [32mproclogd[0m [32mmicd[0m [32mtimed[0m [32mdmonitoringmodeld[0m [32msensord[0m [32mui[0m [32msoundd[0m [32mlocationd[0m [32mcalibrationd[0m [32mtorqued[0m [32mcontrolsd[0m [32mselfdrived[0m [32mcard[0m [32mdeleter[0m [32mdmonitoringd[0m [32mqcomgpsd[0m [32mpandad[0m [32mparamsd[0m [32mlagd[0m [32mplannerd[0m [32mradard[0m [32mhardwared[0m [32mtombstoned[0m [32muploader[0m [32mstatsd[0m [32mfeedbackd[0m [32mmodeld_tinygrad[0m [32mmapd[0m [32mmapd_manager[0m [31mmtscd[0m [32mrtid[0m
[32mloggerd[0m [32mencoderd[0m [32mlogmessaged[0m [32mcamerad[0m [32mlogcatd[0m [32mproclogd[0m [32mmicd[0m [32mtimed[0m [32mdmonitoringmodeld[0m [32msensord[0m [32mui[0m [32msoundd[0m [32mlocationd[0m [32mcalibrationd[0m [32mtorqued[0m [32mcontrolsd[0m [32mselfdrived[0m [32mcard[0m [32mdeleter[0m [32mdmonitoringd[0m [32mqcomgpsd[0m [32mpandad[0m [32mparamsd[0m [32mlagd[0m [32mplannerd[0m [32mradard[0m [32mhardwared[0m [32mtombstoned[0m [32muploader[0m [32mstatsd[0m [32mfeedbackd[0m [32mmodeld_tinygrad[0m [32mmapd[0m [32mmapd_manager[0m [31mmtscd[0m [32mrtid[0m
[32mloggerd[0m [32mencoderd[0m [32mlogmessaged[0m [32mcamerad[0m [32mlogcatd[0m [32mproclogd[0m [32mmicd[0m [32mtimed[0m [32mdmonitoringmodeld[0m [32msensord[0m [32mui[0m [32msoundd[0m [32mlocationd[0m [32mcalibrationd[0m [32mtorqued[0m [32mcontrolsd[0m [32mselfdrived[0m [32mcard[0m [32mdeleter[0m [32mdmonitoringd[0m [32mqcomgpsd[0m [32mpandad[0m [32mparamsd[0m [32mlagd[0m [32mplannerd[0m [32mradard[0m [32mhardwared[0m [32mtombstoned[0m [32muploader[0m [32mstatsd[0m [32mfeedbackd[0m [32mmodeld_tinygrad[0m [32mmapd[0m [32mmapd_manager[0m [31mmtscd[0m [32mrtid[0m
RTI cycle took 0.026s
RTI cycle took 0.035s
RTI cycle took 0.043s
RTI cycle took 0.022s
RTI cycle took 0.030s
RTI cycle took 0.038s
RTI cycle took 0.026s
RTI cycle took 0.023s
RTI cycle took 0.025s
RTI cycle took 0.033s
RTI cycle took 0.015s
RTI cycle took 0.024s
RTI cycle took 0.045s
RTI cycle took 0.021s
RTI cycle took 0.032s
RTI cycle took 0.013s
RTI cycle took 0.028s
RTI cycle took 0.025s
RTI cycle took 0.033s
RTI cycle took 0.014s
RTI cycle took 0.024s
RTI cycle took 0.029s
RTI cycle took 0.026s
RTI cycle took 0.034s
RTI cycle took 0.037s
RTI cycle took 0.017s
RTI cycle took 0.026s
RTI cycle took 0.017s
RTI cycle took 0.028s
RTI cycle took 0.042s
RTI cycle took 0.028s
RTI cycle took 0.025s
RTI cycle took 0.028s
RTI cycle took 0.021s
RTI cycle took 0.028s
RTI cycle took 0.032s
RTI cycle took 0.027s
RTI cycle took 0.028s
RTI cycle took 0.038s
RTI cycle took 0.022s
RTI cycle took 0.031s
RTI cycle took 0.038s
RTI cycle took 0.019s
RTI cycle took 0.028s
RTI cycle took 0.026s
RTI cycle took 0.036s
RTI cycle took 0.042s
RTI cycle took 0.020s
RTI cycle took 0.020s
RTI cycle took 0.027s
RTI cycle took 0.032s
RTI cycle took 0.026s
RTI cycle took 0.032s
RTI cycle took 0.041s
RTI cycle took 0.039s
RTI cycle took 0.017s
RTI cycle took 0.039s
RTI cycle took 0.030s
RTI cycle took 0.025s
RTI cycle took 0.030s
RTI cycle took 0.027s
RTI cycle took 0.033s
RTI cycle took 0.027s
RTI cycle took 0.038s
RTI cycle took 0.023s
RTI cycle took 0.016s
RTI cycle took 0.027s
RTI cycle took 0.027s
RTI cycle took 0.034s
RTI cycle took 0.037s
RTI cycle took 0.021s
RTI cycle took 0.022s
RTI cycle took 0.028s
RTI cycle took 0.030s
RTI cycle took 0.017s
RTI cycle took 0.018s
RTI cycle took 0.023s
RTI cycle took 0.032s
RTI cycle took 0.039s
RTI cycle took 0.017s
RTI cycle took 0.028s
RTI cycle took 0.026s
RTI cycle took 0.032s
RTI cycle took 0.026s
RTI cycle took 0.039s
RTI cycle took 0.022s
RTI cycle took 0.037s
RTI cycle took 0.040s
RTI cycle took 0.032s
RTI cycle took 0.016s
RTI cycle took 0.027s
RTI cycle took 0.016s
RTI cycle took 0.022s
RTI cycle took 0.027s
RTI cycle took 0.029s
RTI cycle took 0.031s
RTI cycle took 0.026s
RTI cycle took 0.022s
RTI cycle took 0.027s
RTI cycle took 0.037s
RTI cycle took 0.038s
RTI cycle took 0.011s
RTI cycle took 0.020s
RTI cycle took 0.026s
RTI cycle took 0.020s
RTI cycle took 0.038s
RTI cycle took 0.023s
RTI cycle took 0.041s
RTI cycle took 0.026s
RTI cycle took 0.031s
RTI cycle took 0.030s
RTI cycle took 0.027s
RTI cycle took 0.031s
RTI cycle took 0.017s
RTI cycle took 0.022s
RTI cycle took 0.027s
RTI cycle took 0.039s
RTI cycle took 0.033s
RTI cycle took 0.016s
RTI cycle took 0.024s
RTI cycle took 0.040s
RTI cycle took 0.022s
RTI cycle took 0.032s
RTI cycle took 0.026s
RTI cycle took 0.030s
RTI cycle took 0.030s
RTI cycle took 0.027s
RTI cycle took 0.032s
RTI cycle took 0.030s
RTI cycle took 0.029s
RTI cycle took 0.030s
RTI cycle took 0.026s
RTI cycle took 0.021s
RTI cycle took 0.026s
RTI cycle took 0.032s
RTI cycle took 0.026s
RTI cycle took 0.030s
RTI cycle took 0.018s
RTI cycle took 0.019s
RTI cycle took 0.025s
RTI cycle took 0.030s
RTI cycle took 0.019s
RTI cycle took 0.033s
RTI cycle took 0.022s
RTI cycle took 0.038s
RTI cycle took 0.038s
RTI cycle took 0.022s
RTI cycle took 0.036s
RTI cycle took 0.030s
RTI cycle took 0.031s
RTI cycle took 0.026s
RTI cycle took 0.033s
RTI cycle took 0.026s
RTI cycle took 0.039s
RTI cycle took 0.032s
RTI cycle took 0.018s
RTI cycle took 0.017s
RTI cycle took 0.023s
RTI cycle took 0.040s
RTI cycle took 0.031s
RTI cycle took 0.017s
RTI cycle took 0.020s
RTI cycle took 0.023s
RTI cycle took 0.030s
RTI cycle took 0.037s
RTI cycle took 0.030s
RTI cycle took 0.031s
RTI cycle took 0.036s
RTI cycle took 0.030s
RTI cycle took 0.017s
RTI cycle took 0.026s
RTI cycle took 0.018s
RTI cycle took 0.035s
RTI cycle took 0.023s
RTI cycle took 0.025s
RTI cycle took 0.022s
RTI cycle took 0.024s
RTI cycle took 0.032s
RTI cycle took 0.038s
RTI cycle took 0.015s
RTI cycle took 0.023s
RTI cycle took 0.027s
RTI cycle took 0.021s
RTI cycle took 0.016s
RTI cycle took 0.018s
RTI cycle took 0.023s
RTI cycle took 0.019s
RTI cycle took 0.028s
RTI cycle took 0.034s
RTI cycle took 0.035s
RTI cycle took 0.014s
RTI cycle took 0.023s
RTI cycle took 0.039s
RTI cycle took 0.040s
RTI cycle took 0.030s
RTI cycle took 0.038s
RTI cycle took 0.017s
RTI cycle took 0.015s
RTI cycle took 0.024s
RTI cycle took 0.029s
RTI cycle took 0.018s
RTI cycle took 0.020s
RTI cycle took 0.025s
RTI cycle took 0.031s
[32mloggerd[0m [32mencoderd[0m [32mlogmessaged[0m [32mcamerad[0m [32mlogcatd[0m [32mproclogd[0m [32mmicd[0m [32mtimed[0m [32mdmonitoringmodeld[0m [32msensord[0m [32mui[0m [32msoundd[0m [32mlocationd[0m [32mcalibrationd[0m [32mtorqued[0m [32mcontrolsd[0m [32mselfdrived[0m [32mcard[0m [32mdeleter[0m [32mdmonitoringd[0m [32mqcomgpsd[0m [32mpandad[0m [32mparamsd[0m [32mlagd[0m [32mplannerd[0m [32mradard[0m [32mhardwared[0m [32mtombstoned[0m [32muploader[0m [32mstatsd[0m [32mfeedbackd[0m [32mmodeld_tinygrad[0m [32mmapd[0m [32mmapd_manager[0m [31mmtscd[0m [32mrtid[0m
[32mloggerd[0m [32mencoderd[0m [32mlogmessaged[0m [32mcamerad[0m [32mlogcatd[0m [32mproclogd[0m [32mmicd[0m [32mtimed[0m [32mdmonitoringmodeld[0m [32msensord[0m [32mui[0m [32msoundd[0m [32mlocationd[0m [32mcalibrationd[0m [32mtorqued[0m [32mcontrolsd[0m [32mselfdrived[0m [32mcard[0m [32mdeleter[0m [32mdmonitoringd[0m [32mqcomgpsd[0m [32mpandad[0m [32mparamsd[0m [32mlagd[0m [32mplannerd[0m [32mradard[0m [32mhardwared[0m [32mtombstoned[0m [32muploader[0m [32mstatsd[0m [32mfeedbackd[0m [32mmodeld_tinygrad[0m [32mmapd[0m [32mmapd_manager[0m [31mmtscd[0m [32mrtid[0m
[32mloggerd[0m [32mencoderd[0m [32mlogmessaged[0m [32mcamerad[0m [32mlogcatd[0m [32mproclogd[0m [32mmicd[0m [32mtimed[0m [32mdmonitoringmodeld[0m [32msensord[0m [32mui[0m [32msoundd[0m [32mlocationd[0m [32mcalibrationd[0m [32mtorqued[0m [32mcontrolsd[0m [32mselfdrived[0m [32mcard[0m [32mdeleter[0m [32mdmonitoringd[0m [32mqcomgpsd[0m [32mpandad[0m [32mparamsd[0m [32mlagd[0m [32mplannerd[0m [32mradard[0m [32mhardwared[0m [32mtombstoned[0m [32muploader[0m [32mstatsd[0m [32mfeedbackd[0m [32mmodeld_tinygrad[0m [32mmapd[0m [32mmapd_manager[0m [31mmtscd[0m [32mrtid[0m
[32mloggerd[0m [32mencoderd[0m [32mlogmessaged[0m [32mcamerad[0m [32mlogcatd[0m [32mproclogd[0m [32mmicd[0m [32mtimed[0m [32mdmonitoringmodeld[0m [32msensord[0m [32mui[0m [32msoundd[0m [32mlocationd[0m [32mcalibrationd[0m [32mtorqued[0m [32mcontrolsd[0m [32mselfdrived[0m [32mcard[0m [32mdeleter[0m [32mdmonitoringd[0m [32mqcomgpsd[0m [32mpandad[0m [32mparamsd[0m [32mlagd[0m [32mplannerd[0m [32mradard[0m [32mhardwared[0m [32mtombstoned[0m [32muploader[0m [32mstatsd[0m [32mfeedbackd[0m [32mmodeld_tinygrad[0m [32mmapd[0m [32mmapd_manager[0m [31mmtscd[0m [32mrtid[0m
[32mloggerd[0m [32mencoderd[0m [32mlogmessaged[0m [32mcamerad[0m [32mlogcatd[0m [32mproclogd[0m [32mmicd[0m [32mtimed[0m [32mdmonitoringmodeld[0m [32msensord[0m [32mui[0m [32msoundd[0m [32mlocationd[0m [32mcalibrationd[0m [32mtorqued[0m [32mcontrolsd[0m [32mselfdrived[0m [32mcard[0m [32mdeleter[0m [32mdmonitoringd[0m [32mqcomgpsd[0m [32mpandad[0m [32mparamsd[0m [32mlagd[0m [32mplannerd[0m [32mradard[0m [32mhardwared[0m [32mtombstoned[0m [32muploader[0m [32mstatsd[0m [32mfeedbackd[0m [32mmodeld_tinygrad[0m [32mmapd[0m [32mmapd_manager[0m [31mmtscd[0m [32mrtid[0m
[32mloggerd[0m [32mencoderd[0m [32mlogmessaged[0m [32mcamerad[0m [32mlogcatd[0m [32mproclogd[0m [32mmicd[0m [32mtimed[0m [32mdmonitoringmodeld[0m [32msensord[0m [32mui[0m [32msoundd[0m [32mlocationd[0m [32mcalibrationd[0m [32mtorqued[0m [32mcontrolsd[0m [32mselfdrived[0m [32mcard[0m [32mdeleter[0m [32mdmonitoringd[0m [32mqcomgpsd[0m [32mpandad[0m [32mparamsd[0m [32mlagd[0m [32mplannerd[0m [32mradard[0m [32mhardwared[0m [32mtombstoned[0m [32muploader[0m [32mstatsd[0m [32mfeedbackd[0m [32mmodeld_tinygrad[0m [32mmapd[0m [32mmapd_manager[0m [31mmtscd[0m [32mrtid[0m
[32mloggerd[0m [32mencoderd[0m [32mlogmessaged[0m [32mcamerad[0m [32mlogcatd[0m [32mproclogd[0m [32mmicd[0m [32mtimed[0m [32mdmonitoringmodeld[0m [32msensord[0m [32mui[0m [32msoundd[0m [32mlocationd[0m [32mcalibrationd[0m [32mtorqued[0m [32mcontrolsd[0m [32mselfdrived[0m [32mcard[0m [32mdeleter[0m [32mdmonitoringd[0m [32mqcomgpsd[0m [32mpandad[0m [32mparamsd[0m [32mlagd[0m [32mplannerd[0m [32mradard[0m [32mhardwared[0m [32mtombstoned[0m [32muploader[0m [32mstatsd[0m [32mfeedbackd[0m [32mmodeld_tinygrad[0m [32mmapd[0m [32mmapd_manager[0m [31mmtscd[0m [32mrtid[0m
[32mloggerd[0m [32mencoderd[0m [32mlogmessaged[0m [32mcamerad[0m [32mlogcatd[0m [32mproclogd[0m [32mmicd[0m [32mtimed[0m [32mdmonitoringmodeld[0m [32msensord[0m [32mui[0m [32msoundd[0m [32mlocationd[0m [32mcalibrationd[0m [32mtorqued[0m [32mcontrolsd[0m [32mselfdrived[0m [32mcard[0m [32mdeleter[0m [32mdmonitoringd[0m [32mqcomgpsd[0m [32mpandad[0m [32mparamsd[0m [32mlagd[0m [32mplannerd[0m [32mradard[0m [32mhardwared[0m [32mtombstoned[0m [32muploader[0m [32mstatsd[0m [32mfeedbackd[0m [32mmodeld_tinygrad[0m [32mmapd[0m [32mmapd_manager[0m [31mmtscd[0m [32mrtid[0m
[32mloggerd[0m [32mencoderd[0m [32mlogmessaged[0m [32mcamerad[0m [32mlogcatd[0m [32mproclogd[0m [32mmicd[0m [32mtimed[0m [32mdmonitoringmodeld[0m [32msensord[0m [32mui[0m [32msoundd[0m [32mlocationd[0m [32mcalibrationd[0m [32mtorqued[0m [32mcontrolsd[0m [32mselfdrived[0m [32mcard[0m [32mdeleter[0m [32mdmonitoringd[0m [32mqcomgpsd[0m [32mpandad[0m [32mparamsd[0m [32mlagd[0m [32mplannerd[0m [32mradard[0m [32mhardwared[0m [32mtombstoned[0m [32muploader[0m [32mstatsd[0m [32mfeedbackd[0m [32mmodeld_tinygrad[0m [32mmapd[0m [32mmapd_manager[0m [31mmtscd[0m [32mrtid[0m
[32mloggerd[0m [32mencoderd[0m [32mlogmessaged[0m [32mcamerad[0m [32mlogcatd[0m [32mproclogd[0m [32mmicd[0m [32mtimed[0m [32mdmonitoringmodeld[0m [32msensord[0m [32mui[0m [32msoundd[0m [32mlocationd[0m [32mcalibrationd[0m [32mtorqued[0m [32mcontrolsd[0m [32mselfdrived[0m [32mcard[0m [32mdeleter[0m [32mdmonitoringd[0m [32mqcomgpsd[0m [32mpandad[0m [32mparamsd[0m [32mlagd[0m [32mplannerd[0m [32mradard[0m [32mhardwared[0m [32mtombstoned[0m [32muploader[0m [32mstatsd[0m [32mfeedbackd[0m [32mmodeld_tinygrad[0m [32mmapd[0m [32mmapd_manager[0m [31mmtscd[0m [32mrtid[0m
[32mloggerd[0m [32mencoderd[0m [32mlogmessaged[0m [32mcamerad[0m [32mlogcatd[0m [32mproclogd[0m [32mmicd[0m [32mtimed[0m [32mdmonitoringmodeld[0m [32msensord[0m [32mui[0m [32msoundd[0m [32mlocationd[0m [32mcalibrationd[0m [32mtorqued[0m [32mcontrolsd[0m [32mselfdrived[0m [32mcard[0m [32mdeleter[0m [32mdmonitoringd[0m [32mqcomgpsd[0m [32mpandad[0m [32mparamsd[0m [32mlagd[0m [32mplannerd[0m [32mradard[0m [32mhardwared[0m [32mtombstoned[0m [32muploader[0m [32mstatsd[0m [32mfeedbackd[0m [32mmodeld_tinygrad[0m [32mmapd[0m [32mmapd_manager[0m [31mmtscd[0m [32mrtid[0m
[32mloggerd[0m [32mencoderd[0m [32mlogmessaged[0m [32mcamerad[0m [32mlogcatd[0m [32mproclogd[0m [32mmicd[0m [32mtimed[0m [32mdmonitoringmodeld[0m [32msensord[0m [32mui[0m [32msoundd[0m [32mlocationd[0m [32mcalibrationd[0m [32mtorqued[0m [32mcontrolsd[0m [32mselfdrived[0m [32mcard[0m [32mdeleter[0m [32mdmonitoringd[0m [32mqcomgpsd[0m [32mpandad[0m [32mparamsd[0m [32mlagd[0m [32mplannerd[0m [32mradard[0m [32mhardwared[0m [32mtombstoned[0m [32muploader[0m [32mstatsd[0m [32mfeedbackd[0m [32mmodeld_tinygrad[0m [32mmapd[0m [32mmapd_manager[0m [31mmtscd[0m [32mrtid[0m
RTI cycle took 0.027s
RTI cycle took 0.033s
RTI cycle took 0.016s
RTI cycle took 0.019s
RTI cycle took 0.015s
RTI cycle took 0.026s
RTI cycle took 0.016s
RTI cycle took 0.016s
RTI cycle took 0.035s
RTI cycle took 0.028s
RTI cycle took 0.032s
RTI cycle took 0.025s
RTI cycle took 0.033s
RTI cycle took 0.014s
RTI cycle took 0.015s
RTI cycle took 0.020s
RTI cycle took 0.033s
RTI cycle took 0.037s
RTI cycle took 0.020s
RTI cycle took 0.029s
RTI cycle took 0.026s
RTI cycle took 0.032s
RTI cycle took 0.034s
RTI cycle took 0.022s
RTI cycle took 0.030s
RTI cycle took 0.028s
RTI cycle took 0.033s
RTI cycle took 0.024s
RTI cycle took 0.030s
RTI cycle took 0.019s
RTI cycle took 0.027s
RTI cycle took 0.032s
RTI cycle took 0.024s
RTI cycle took 0.022s
RTI cycle took 0.028s
RTI cycle took 0.033s
RTI cycle took 0.037s
RTI cycle took 0.017s
RTI cycle took 0.026s
RTI cycle took 0.027s
RTI cycle took 0.032s
RTI cycle took 0.016s
RTI cycle took 0.036s
RTI cycle took 0.019s
RTI cycle took 0.027s
RTI cycle took 0.031s
RTI cycle took 0.043s
RTI cycle took 0.022s
RTI cycle took 0.018s
RTI cycle took 0.027s
RTI cycle took 0.027s
RTI cycle took 0.018s
RTI cycle took 0.023s
RTI cycle took 0.024s
RTI cycle took 0.031s
RTI cycle took 0.025s
RTI cycle took 0.034s
RTI cycle took 0.016s
RTI cycle took 0.027s
RTI cycle took 0.025s
RTI cycle took 0.025s
RTI cycle took 0.029s
RTI cycle took 0.042s
RTI cycle took 0.035s
RTI cycle took 0.036s
RTI cycle took 0.057s
RTI cycle took 0.017s
RTI cycle took 0.032s
RTI cycle took 0.019s
RTI cycle took 0.021s
RTI cycle took 0.031s
RTI cycle took 0.030s
RTI cycle took 0.028s
RTI cycle took 0.033s
RTI cycle took 0.038s
RTI cycle took 0.046s
RTI cycle took 0.074s
RTI cycle took 0.050s
RTI cycle took 0.026s
RTI cycle took 0.027s
RTI cycle took 0.031s
RTI cycle took 0.040s
RTI cycle took 0.049s
RTI cycle took 0.017s
RTI cycle took 0.041s
RTI cycle took 0.035s
RTI cycle took 0.020s
RTI cycle took 0.035s
RTI cycle took 0.046s
RTI cycle took 0.031s
RTI cycle took 0.029s
RTI cycle took 0.051s
RTI cycle took 0.034s
RTI cycle took 0.034s
RTI cycle took 0.033s
RTI cycle took 0.037s
RTI cycle took 0.018s
RTI cycle took 0.027s
RTI cycle took 0.025s
RTI cycle took 0.048s
RTI cycle took 0.032s
RTI cycle took 0.060s
RTI cycle took 0.029s
RTI cycle took 0.030s
RTI cycle took 0.029s
RTI cycle took 0.042s
RTI cycle took 0.024s
RTI cycle took 0.032s
RTI cycle took 0.059s
RTI cycle took 0.031s
RTI cycle took 0.026s
RTI cycle took 0.022s
RTI cycle took 0.026s
RTI cycle took 0.033s
RTI cycle took 0.037s
RTI cycle took 0.027s
RTI cycle took 0.019s
RTI cycle took 0.035s
RTI cycle took 0.029s
RTI cycle took 0.029s
RTI cycle took 0.027s
RTI cycle took 0.041s
RTI cycle took 0.029s
RTI cycle took 0.017s
RTI cycle took 0.037s
RTI cycle took 0.036s
RTI cycle took 0.024s
RTI cycle took 0.020s
RTI cycle took 0.041s
RTI cycle took 0.025s
RTI cycle took 0.028s
RTI cycle took 0.043s
RTI cycle took 0.030s
RTI cycle took 0.031s
RTI cycle took 0.029s
RTI cycle took 0.029s
RTI cycle took 0.029s
RTI cycle took 0.015s
RTI cycle took 0.023s
RTI cycle took 0.029s
RTI cycle took 0.038s
RTI cycle took 0.019s
RTI cycle took 0.028s
RTI cycle took 0.029s
RTI cycle took 0.037s
RTI cycle took 0.022s
RTI cycle took 0.040s
RTI cycle took 0.014s
RTI cycle took 0.025s
RTI cycle took 0.026s
RTI cycle took 0.031s
RTI cycle took 0.017s
RTI cycle took 0.028s
RTI cycle took 0.030s
RTI cycle took 0.018s
RTI cycle took 0.029s
RTI cycle took 0.025s
RTI cycle took 0.037s
RTI cycle took 0.022s
RTI cycle took 0.031s
RTI cycle took 0.039s
RTI cycle took 0.017s
RTI cycle took 0.015s
RTI cycle took 0.020s
RTI cycle took 0.030s
RTI cycle took 0.017s
RTI cycle took 0.018s
RTI cycle took 0.034s
RTI cycle took 0.037s
RTI cycle took 0.032s
RTI cycle took 0.038s
RTI cycle took 0.018s
RTI cycle took 0.017s
RTI cycle took 0.025s
RTI cycle took 0.032s
RTI cycle took 0.025s
RTI cycle took 0.033s
RTI cycle took 0.015s
RTI cycle took 0.026s
RTI cycle took 0.017s
RTI cycle took 0.029s
RTI cycle took 0.029s
RTI cycle took 0.028s
RTI cycle took 0.031s
RTI cycle took 0.017s
RTI cycle took 0.029s
RTI cycle took 0.024s
RTI cycle took 0.032s
RTI cycle took 0.016s
RTI cycle took 0.023s
RTI cycle took 0.037s
RTI cycle took 0.026s
[32mloggerd[0m [32mencoderd[0m [32mlogmessaged[0m [32mcamerad[0m [32mlogcatd[0m [32mproclogd[0m [32mmicd[0m [32mtimed[0m [32mdmonitoringmodeld[0m [32msensord[0m [32mui[0m [32msoundd[0m [32mlocationd[0m [32mcalibrationd[0m [32mtorqued[0m [32mcontrolsd[0m [32mselfdrived[0m [32mcard[0m [32mdeleter[0m [32mdmonitoringd[0m [32mqcomgpsd[0m [32mpandad[0m [32mparamsd[0m [32mlagd[0m [32mplannerd[0m [32mradard[0m [32mhardwared[0m [32mtombstoned[0m [32muploader[0m [32mstatsd[0m [32mfeedbackd[0m [32mmodeld_tinygrad[0m [32mmapd[0m [32mmapd_manager[0m [31mmtscd[0m [32mrtid[0m
[32mloggerd[0m [32mencoderd[0m [32mlogmessaged[0m [32mcamerad[0m [32mlogcatd[0m [32mproclogd[0m [32mmicd[0m [32mtimed[0m [32mdmonitoringmodeld[0m [32msensord[0m [32mui[0m [32msoundd[0m [32mlocationd[0m [32mcalibrationd[0m [32mtorqued[0m [32mcontrolsd[0m [32mselfdrived[0m [32mcard[0m [32mdeleter[0m [32mdmonitoringd[0m [32mqcomgpsd[0m [32mpandad[0m [32mparamsd[0m [32mlagd[0m [32mplannerd[0m [32mradard[0m [32mhardwared[0m [32mtombstoned[0m [32muploader[0m [32mstatsd[0m [32mfeedbackd[0m [32mmodeld_tinygrad[0m [32mmapd[0m [32mmapd_manager[0m [31mmtscd[0m [32mrtid[0m
[32mloggerd[0m [32mencoderd[0m [32mlogmessaged[0m [32mcamerad[0m [32mlogcatd[0m [32mproclogd[0m [32mmicd[0m [32mtimed[0m [32mdmonitoringmodeld[0m [32msensord[0m [32mui[0m [32msoundd[0m [32mlocationd[0m [32mcalibrationd[0m [32mtorqued[0m [32mcontrolsd[0m [32mselfdrived[0m [32mcard[0m [32mdeleter[0m [32mdmonitoringd[0m [32mqcomgpsd[0m [32mpandad[0m [32mparamsd[0m [32mlagd[0m [32mplannerd[0m [32mradard[0m [32mhardwared[0m [32mtombstoned[0m [32muploader[0m [32mstatsd[0m [32mfeedbackd[0m [32mmodeld_tinygrad[0m [32mmapd[0m [32mmapd_manager[0m [31mmtscd[0m [32mrtid[0m
[32mloggerd[0m [32mencoderd[0m [32mlogmessaged[0m [32mcamerad[0m [32mlogcatd[0m [32mproclogd[0m [32mmicd[0m [32mtimed[0m [32mdmonitoringmodeld[0m [32msensord[0m [32mui[0m [32msoundd[0m [32mlocationd[0m [32mcalibrationd[0m [32mtorqued[0m [32mcontrolsd[0m [32mselfdrived[0m [32mcard[0m [32mdeleter[0m [32mdmonitoringd[0m [32mqcomgpsd[0m [32mpandad[0m [32mparamsd[0m [32mlagd[0m [32mplannerd[0m [32mradard[0m [32mhardwared[0m [32mtombstoned[0m [32muploader[0m [32mstatsd[0m [32mfeedbackd[0m [32mmodeld_tinygrad[0m [32mmapd[0m [32mmapd_manager[0m [31mmtscd[0m [32mrtid[0m
[32mloggerd[0m [32mencoderd[0m [32mlogmessaged[0m [32mcamerad[0m [32mlogcatd[0m [32mproclogd[0m [32mmicd[0m [32mtimed[0m [32mdmonitoringmodeld[0m [32msensord[0m [32mui[0m [32msoundd[0m [32mlocationd[0m [32mcalibrationd[0m [32mtorqued[0m [32mcontrolsd[0m [32mselfdrived[0m [32mcard[0m [32mdeleter[0m [32mdmonitoringd[0m [32mqcomgpsd[0m [32mpandad[0m [32mparamsd[0m [32mlagd[0m [32mplannerd[0m [32mradard[0m [32mhardwared[0m [32mtombstoned[0m [32muploader[0m [32mstatsd[0m [32mfeedbackd[0m [32mmodeld_tinygrad[0m [32mmapd[0m [32mmapd_manager[0m [31mmtscd[0m [32mrtid[0m
[32mloggerd[0m [32mencoderd[0m [32mlogmessaged[0m [32mcamerad[0m [32mlogcatd[0m [32mproclogd[0m [32mmicd[0m [32mtimed[0m [32mdmonitoringmodeld[0m [32msensord[0m [32mui[0m [32msoundd[0m [32mlocationd[0m [32mcalibrationd[0m [32mtorqued[0m [32mcontrolsd[0m [32mselfdrived[0m [32mcard[0m [32mdeleter[0m [32mdmonitoringd[0m [32mqcomgpsd[0m [32mpandad[0m [32mparamsd[0m [32mlagd[0m [32mplannerd[0m [32mradard[0m [32mhardwared[0m [32mtombstoned[0m [32muploader[0m [32mstatsd[0m [32mfeedbackd[0m [32mmodeld_tinygrad[0m [32mmapd[0m [32mmapd_manager[0m [31mmtscd[0m [32mrtid[0m
[32mloggerd[0m [32mencoderd[0m [32mlogmessaged[0m [32mcamerad[0m [32mlogcatd[0m [32mproclogd[0m [32mmicd[0m [32mtimed[0m [32mdmonitoringmodeld[0m [32msensord[0m [32mui[0m [32msoundd[0m [32mlocationd[0m [32mcalibrationd[0m [32mtorqued[0m [32mcontrolsd[0m [32mselfdrived[0m [32mcard[0m [32mdeleter[0m [32mdmonitoringd[0m [32mqcomgpsd[0m [32mpandad[0m [32mparamsd[0m [32mlagd[0m [32mplannerd[0m [32mradard[0m [32mhardwared[0m [32mtombstoned[0m [32muploader[0m [32mstatsd[0m [32mfeedbackd[0m [32mmodeld_tinygrad[0m [32mmapd[0m [32mmapd_manager[0m [31mmtscd[0m [32mrtid[0m
[32mloggerd[0m [32mencoderd[0m [32mlogmessaged[0m [32mcamerad[0m [32mlogcatd[0m [32mproclogd[0m [32mmicd[0m [32mtimed[0m [32mdmonitoringmodeld[0m [32msensord[0m [32mui[0m [32msoundd[0m [32mlocationd[0m [32mcalibrationd[0m [32mtorqued[0m [32mcontrolsd[0m [32mselfdrived[0m [32mcard[0m [32mdeleter[0m [32mdmonitoringd[0m [32mqcomgpsd[0m [32mpandad[0m [32mparamsd[0m [32mlagd[0m [32mplannerd[0m [32mradard[0m [32mhardwared[0m [32mtombstoned[0m [32muploader[0m [32mstatsd[0m [32mfeedbackd[0m [32mmodeld_tinygrad[0m [32mmapd[0m [32mmapd_manager[0m [31mmtscd[0m [32mrtid[0m
[32mloggerd[0m [32mencoderd[0m [32mlogmessaged[0m [32mcamerad[0m [32mlogcatd[0m [32mproclogd[0m [32mmicd[0m [32mtimed[0m [32mdmonitoringmodeld[0m [32msensord[0m [32mui[0m [32msoundd[0m [32mlocationd[0m [32mcalibrationd[0m [32mtorqued[0m [32mcontrolsd[0m [32mselfdrived[0m [32mcard[0m [32mdeleter[0m [32mdmonitoringd[0m [32mqcomgpsd[0m [32mpandad[0m [32mparamsd[0m [32mlagd[0m [32mplannerd[0m [32mradard[0m [32mhardwared[0m [32mtombstoned[0m [32muploader[0m [32mstatsd[0m [32mfeedbackd[0m [32mmodeld_tinygrad[0m [32mmapd[0m [32mmapd_manager[0m [31mmtscd[0m [32mrtid[0m
[32mloggerd[0m [32mencoderd[0m [32mlogmessaged[0m [32mcamerad[0m [32mlogcatd[0m [32mproclogd[0m [32mmicd[0m [32mtimed[0m [32mdmonitoringmodeld[0m [32msensord[0m [32mui[0m [32msoundd[0m [32mlocationd[0m [32mcalibrationd[0m [32mtorqued[0m [32mcontrolsd[0m [32mselfdrived[0m [32mcard[0m [32mdeleter[0m [32mdmonitoringd[0m [32mqcomgpsd[0m [32mpandad[0m [32mparamsd[0m [32mlagd[0m [32mplannerd[0m [32mradard[0m [32mhardwared[0m [32mtombstoned[0m [32muploader[0m [32mstatsd[0m [32mfeedbackd[0m [32mmodeld_tinygrad[0m [32mmapd[0m [32mmapd_manager[0m [31mmtscd[0m [32mrtid[0m
[32mloggerd[0m [32mencoderd[0m [32mlogmessaged[0m [32mcamerad[0m [32mlogcatd[0m [32mproclogd[0m [32mmicd[0m [32mtimed[0m [32mdmonitoringmodeld[0m [32msensord[0m [32mui[0m [32msoundd[0m [32mlocationd[0m [32mcalibrationd[0m [32mtorqued[0m [32mcontrolsd[0m [32mselfdrived[0m [32mcard[0m [32mdeleter[0m [32mdmonitoringd[0m [32mqcomgpsd[0m [32mpandad[0m [32mparamsd[0m [32mlagd[0m [32mplannerd[0m [32mradard[0m [32mhardwared[0m [32mtombstoned[0m [32muploader[0m [32mstatsd[0m [32mfeedbackd[0m [32mmodeld_tinygrad[0m [32mmapd[0m [32mmapd_manager[0m [31mmtscd[0m [32mrtid[0m
[32mloggerd[0m [32mencoderd[0m [32mlogmessaged[0m [32mcamerad[0m [32mlogcatd[0m [32mproclogd[0m [32mmicd[0m [32mtimed[0m [32mdmonitoringmodeld[0m [32msensord[0m [32mui[0m [32msoundd[0m [32mlocationd[0m [32mcalibrationd[0m [32mtorqued[0m [32mcontrolsd[0m [32mselfdrived[0m [32mcard[0m [32mdeleter[0m [32mdmonitoringd[0m [32mqcomgpsd[0m [32mpandad[0m [32mparamsd[0m [32mlagd[0m [32mplannerd[0m [32mradard[0m [32mhardwared[0m [32mtombstoned[0m [32muploader[0m [32mstatsd[0m [32mfeedbackd[0m [32mmodeld_tinygrad[0m [32mmapd[0m [32mmapd_manager[0m [31mmtscd[0m [32mrtid[0m
RTI cycle took 0.038s
RTI cycle took 0.034s
RTI cycle took 0.018s
RTI cycle took 0.027s
RTI cycle took 0.026s
RTI cycle took 0.033s
RTI cycle took 0.027s
RTI cycle took 0.030s
RTI cycle took 0.029s
RTI cycle took 0.038s
RTI cycle took 0.030s
RTI cycle took 0.017s
RTI cycle took 0.020s
RTI cycle took 0.015s
RTI cycle took 0.034s
RTI cycle took 0.031s
RTI cycle took 0.026s
RTI cycle took 0.033s
RTI cycle took 0.038s
RTI cycle took 0.017s
RTI cycle took 0.027s
RTI cycle took 0.036s
RTI cycle took 0.029s
RTI cycle took 0.030s
RTI cycle took 0.019s
RTI cycle took 0.028s
RTI cycle took 0.018s
RTI cycle took 0.026s
RTI cycle took 0.028s
RTI cycle took 0.021s
RTI cycle took 0.027s
RTI cycle took 0.032s
RTI cycle took 0.027s
RTI cycle took 0.029s
RTI cycle took 0.032s
RTI cycle took 0.021s
RTI cycle took 0.032s
RTI cycle took 0.026s
RTI cycle took 0.031s
RTI cycle took 0.031s
RTI cycle took 0.017s
RTI cycle took 0.026s
RTI cycle took 0.028s
RTI cycle took 0.031s
RTI cycle took 0.039s
RTI cycle took 0.017s
RTI cycle took 0.025s
RTI cycle took 0.023s
RTI cycle took 0.022s
RTI cycle took 0.038s
RTI cycle took 0.038s
RTI cycle took 0.042s
RTI cycle took 0.029s
RTI cycle took 0.027s
RTI cycle took 0.034s
RTI cycle took 0.037s
RTI cycle took 0.018s
RTI cycle took 0.027s
RTI cycle took 0.028s
RTI cycle took 0.021s
RTI cycle took 0.029s
RTI cycle took 0.019s
RTI cycle took 0.032s
RTI cycle took 0.029s
RTI cycle took 0.042s
RTI cycle took 0.027s
RTI cycle took 0.038s
RTI cycle took 0.025s
RTI cycle took 0.025s
RTI cycle took 0.032s
RTI cycle took 0.038s
RTI cycle took 0.017s
RTI cycle took 0.026s
RTI cycle took 0.028s
RTI cycle took 0.039s
RTI cycle took 0.029s
RTI cycle took 0.039s
RTI cycle took 0.028s
RTI cycle took 0.033s
RTI cycle took 0.016s
RTI cycle took 0.025s
RTI cycle took 0.017s
RTI cycle took 0.016s
RTI cycle took 0.032s
RTI cycle took 0.032s
RTI cycle took 0.017s
RTI cycle took 0.029s
RTI cycle took 0.026s
RTI cycle took 0.025s
RTI cycle took 0.030s
RTI cycle took 0.018s
RTI cycle took 0.028s
RTI cycle took 0.037s
RTI cycle took 0.038s
RTI cycle took 0.032s
RTI cycle took 0.017s
RTI cycle took 0.016s
RTI cycle took 0.024s
RTI cycle took 0.032s
RTI cycle took 0.026s
RTI cycle took 0.039s
RTI cycle took 0.021s
RTI cycle took 0.028s
RTI cycle took 0.031s
RTI cycle took 0.017s
RTI cycle took 0.028s
RTI cycle took 0.028s
RTI cycle took 0.039s
RTI cycle took 0.021s
RTI cycle took 0.037s
RTI cycle took 0.031s
RTI cycle took 0.030s
RTI cycle took 0.032s
RTI cycle took 0.026s
RTI cycle took 0.027s
RTI cycle took 0.030s
RTI cycle took 0.030s
RTI cycle took 0.037s
RTI cycle took 0.030s
RTI cycle took 0.020s
RTI cycle took 0.030s
RTI cycle took 0.018s
RTI cycle took 0.024s
RTI cycle took 0.031s
RTI cycle took 0.039s
RTI cycle took 0.026s
RTI cycle took 0.041s
RTI cycle took 0.016s
RTI cycle took 0.026s
RTI cycle took 0.028s
RTI cycle took 0.037s
RTI cycle took 0.022s
RTI cycle took 0.027s
RTI cycle took 0.021s
RTI cycle took 0.026s
RTI cycle took 0.033s
RTI cycle took 0.031s
RTI cycle took 0.032s
RTI cycle took 0.034s
RTI cycle took 0.038s
RTI cycle took 0.029s
RTI cycle took 0.039s
RTI cycle took 0.029s
RTI cycle took 0.038s
RTI cycle took 0.029s
RTI cycle took 0.032s
RTI cycle took 0.026s
RTI cycle took 0.031s
RTI cycle took 0.017s
RTI cycle took 0.026s
RTI cycle took 0.041s
RTI cycle took 0.027s
RTI cycle took 0.030s
RTI cycle took 0.040s
RTI cycle took 0.022s
RTI cycle took 0.023s
RTI cycle took 0.026s
RTI cycle took 0.031s
RTI cycle took 0.029s
RTI cycle took 0.028s
RTI cycle took 0.030s
RTI cycle took 0.028s
RTI cycle took 0.029s
RTI cycle took 0.018s
RTI cycle took 0.029s
RTI cycle took 0.025s
RTI cycle took 0.041s
RTI cycle took 0.019s
RTI cycle took 0.027s
RTI cycle took 0.019s
RTI cycle took 0.035s
RTI cycle took 0.030s
RTI cycle took 0.018s
RTI cycle took 0.019s
RTI cycle took 0.015s
RTI cycle took 0.035s
RTI cycle took 0.041s
RTI cycle took 0.038s
RTI cycle took 0.019s
RTI cycle took 0.019s
RTI cycle took 0.026s
RTI cycle took 0.040s
RTI cycle took 0.019s
RTI cycle took 0.029s
RTI cycle took 0.016s
RTI cycle took 0.035s
RTI cycle took 0.030s
RTI cycle took 0.028s
RTI cycle took 0.031s
RTI cycle took 0.018s
RTI cycle took 0.029s
RTI cycle took 0.016s
RTI cycle took 0.016s
RTI cycle took 0.023s
RTI cycle took 0.032s
RTI cycle took 0.042s
RTI cycle took 0.027s
RTI cycle took 0.031s
RTI cycle took 0.029s
RTI cycle took 0.037s
RTI cycle took 0.030s
RTI cycle took 0.032s
[32mloggerd[0m [32mencoderd[0m [32mlogmessaged[0m [32mcamerad[0m [32mlogcatd[0m [32mproclogd[0m [32mmicd[0m [32mtimed[0m [32mdmonitoringmodeld[0m [32msensord[0m [32mui[0m [32msoundd[0m [32mlocationd[0m [32mcalibrationd[0m [32mtorqued[0m [32mcontrolsd[0m [32mselfdrived[0m [32mcard[0m [32mdeleter[0m [32mdmonitoringd[0m [32mqcomgpsd[0m [32mpandad[0m [32mparamsd[0m [32mlagd[0m [32mplannerd[0m [32mradard[0m [32mhardwared[0m [32mtombstoned[0m [32muploader[0m [32mstatsd[0m [32mfeedbackd[0m [32mmodeld_tinygrad[0m [32mmapd[0m [32mmapd_manager[0m [31mmtscd[0m [32mrtid[0m
[32mloggerd[0m [32mencoderd[0m [32mlogmessaged[0m [32mcamerad[0m [32mlogcatd[0m [32mproclogd[0m [32mmicd[0m [32mtimed[0m [32mdmonitoringmodeld[0m [32msensord[0m [32mui[0m [32msoundd[0m [32mlocationd[0m [32mcalibrationd[0m [32mtorqued[0m [32mcontrolsd[0m [32mselfdrived[0m [32mcard[0m [32mdeleter[0m [32mdmonitoringd[0m [32mqcomgpsd[0m [32mpandad[0m [32mparamsd[0m [32mlagd[0m [32mplannerd[0m [32mradard[0m [32mhardwared[0m [32mtombstoned[0m [32muploader[0m [32mstatsd[0m [32mfeedbackd[0m [32mmodeld_tinygrad[0m [32mmapd[0m [32mmapd_manager[0m [31mmtscd[0m [32mrtid[0m
[32mloggerd[0m [32mencoderd[0m [32mlogmessaged[0m [32mcamerad[0m [32mlogcatd[0m [32mproclogd[0m [32mmicd[0m [32mtimed[0m [32mdmonitoringmodeld[0m [32msensord[0m [32mui[0m [32msoundd[0m [32mlocationd[0m [32mcalibrationd[0m [32mtorqued[0m [32mcontrolsd[0m [32mselfdrived[0m [32mcard[0m [32mdeleter[0m [32mdmonitoringd[0m [32mqcomgpsd[0m [32mpandad[0m [32mparamsd[0m [32mlagd[0m [32mplannerd[0m [32mradard[0m [32mhardwared[0m [32mtombstoned[0m [32muploader[0m [32mstatsd[0m [32mfeedbackd[0m [32mmodeld_tinygrad[0m [32mmapd[0m [32mmapd_manager[0m [31mmtscd[0m [32mrtid[0m
[32mloggerd[0m [32mencoderd[0m [32mlogmessaged[0m [32mcamerad[0m [32mlogcatd[0m [32mproclogd[0m [32mmicd[0m [32mtimed[0m [32mdmonitoringmodeld[0m [32msensord[0m [32mui[0m [32msoundd[0m [32mlocationd[0m [32mcalibrationd[0m [32mtorqued[0m [32mcontrolsd[0m [32mselfdrived[0m [32mcard[0m [32mdeleter[0m [32mdmonitoringd[0m [32mqcomgpsd[0m [32mpandad[0m [32mparamsd[0m [32mlagd[0m [32mplannerd[0m [32mradard[0m [32mhardwared[0m [32mtombstoned[0m [32muploader[0m [32mstatsd[0m [32mfeedbackd[0m [32mmodeld_tinygrad[0m [32mmapd[0m [32mmapd_manager[0m [31mmtscd[0m [32mrtid[0m
[32mloggerd[0m [32mencoderd[0m [32mlogmessaged[0m [32mcamerad[0m [32mlogcatd[0m [32mproclogd[0m [32mmicd[0m [32mtimed[0m [32mdmonitoringmodeld[0m [32msensord[0m [32mui[0m [32msoundd[0m [32mlocationd[0m [32mcalibrationd[0m [32mtorqued[0m [32mcontrolsd[0m [32mselfdrived[0m [32mcard[0m [32mdeleter[0m [32mdmonitoringd[0m [32mqcomgpsd[0m [32mpandad[0m [32mparamsd[0m [32mlagd[0m [32mplannerd[0m [32mradard[0m [32mhardwared[0m [32mtombstoned[0m [32muploader[0m [32mstatsd[0m [32mfeedbackd[0m [32mmodeld_tinygrad[0m [32mmapd[0m [32mmapd_manager[0m [31mmtscd[0m [32mrtid[0m
[32mloggerd[0m [32mencoderd[0m [32mlogmessaged[0m [32mcamerad[0m [32mlogcatd[0m [32mproclogd[0m [32mmicd[0m [32mtimed[0m [32mdmonitoringmodeld[0m [32msensord[0m [32mui[0m [32msoundd[0m [32mlocationd[0m [32mcalibrationd[0m [32mtorqued[0m [32mcontrolsd[0m [32mselfdrived[0m [32mcard[0m [32mdeleter[0m [32mdmonitoringd[0m [32mqcomgpsd[0m [32mpandad[0m [32mparamsd[0m [32mlagd[0m [32mplannerd[0m [32mradard[0m [32mhardwared[0m [32mtombstoned[0m [32muploader[0m [32mstatsd[0m [32mfeedbackd[0m [32mmodeld_tinygrad[0m [32mmapd[0m [32mmapd_manager[0m [31mmtscd[0m [32mrtid[0m
[32mloggerd[0m [32mencoderd[0m [32mlogmessaged[0m [32mcamerad[0m [32mlogcatd[0m [32mproclogd[0m [32mmicd[0m [32mtimed[0m [32mdmonitoringmodeld[0m [32msensord[0m [32mui[0m [32msoundd[0m [32mlocationd[0m [32mcalibrationd[0m [32mtorqued[0m [32mcontrolsd[0m [32mselfdrived[0m [32mcard[0m [32mdeleter[0m [32mdmonitoringd[0m [32mqcomgpsd[0m [32mpandad[0m [32mparamsd[0m [32mlagd[0m [32mplannerd[0m [32mradard[0m [32mhardwared[0m [32mtombstoned[0m [32muploader[0m [32mstatsd[0m [32mfeedbackd[0m [32mmodeld_tinygrad[0m [32mmapd[0m [32mmapd_manager[0m [31mmtscd[0m [32mrtid[0m
[32mloggerd[0m [32mencoderd[0m [32mlogmessaged[0m [32mcamerad[0m [32mlogcatd[0m [32mproclogd[0m [32mmicd[0m [32mtimed[0m [32mdmonitoringmodeld[0m [32msensord[0m [32mui[0m [32msoundd[0m [32mlocationd[0m [32mcalibrationd[0m [32mtorqued[0m [32mcontrolsd[0m [32mselfdrived[0m [32mcard[0m [32mdeleter[0m [32mdmonitoringd[0m [32mqcomgpsd[0m [32mpandad[0m [32mparamsd[0m [32mlagd[0m [32mplannerd[0m [32mradard[0m [32mhardwared[0m [32mtombstoned[0m [32muploader[0m [32mstatsd[0m [32mfeedbackd[0m [32mmodeld_tinygrad[0m [32mmapd[0m [32mmapd_manager[0m [31mmtscd[0m [32mrtid[0m
[32mloggerd[0m [32mencoderd[0m [32mlogmessaged[0m [32mcamerad[0m [32mlogcatd[0m [32mproclogd[0m [32mmicd[0m [32mtimed[0m [32mdmonitoringmodeld[0m [32msensord[0m [32mui[0m [32msoundd[0m [32mlocationd[0m [32mcalibrationd[0m [32mtorqued[0m [32mcontrolsd[0m [32mselfdrived[0m [32mcard[0m [32mdeleter[0m [32mdmonitoringd[0m [32mqcomgpsd[0m [32mpandad[0m [32mparamsd[0m [32mlagd[0m [32mplannerd[0m [32mradard[0m [32mhardwared[0m [32mtombstoned[0m [32muploader[0m [32mstatsd[0m [32mfeedbackd[0m [32mmodeld_tinygrad[0m [32mmapd[0m [32mmapd_manager[0m [31mmtscd[0m [32mrtid[0m
[32mloggerd[0m [32mencoderd[0m [32mlogmessaged[0m [32mcamerad[0m [32mlogcatd[0m [32mproclogd[0m [32mmicd[0m [32mtimed[0m [32mdmonitoringmodeld[0m [32msensord[0m [32mui[0m [32msoundd[0m [32mlocationd[0m [32mcalibrationd[0m [32mtorqued[0m [32mcontrolsd[0m [32mselfdrived[0m [32mcard[0m [32mdeleter[0m [32mdmonitoringd[0m [32mqcomgpsd[0m [32mpandad[0m [32mparamsd[0m [32mlagd[0m [32mplannerd[0m [32mradard[0m [32mhardwared[0m [32mtombstoned[0m [32muploader[0m [32mstatsd[0m [32mfeedbackd[0m [32mmodeld_tinygrad[0m [32mmapd[0m [32mmapd_manager[0m [31mmtscd[0m [32mrtid[0m
[32mloggerd[0m [32mencoderd[0m [32mlogmessaged[0m [32mcamerad[0m [32mlogcatd[0m [32mproclogd[0m [32mmicd[0m [32mtimed[0m [32mdmonitoringmodeld[0m [32msensord[0m [32mui[0m [32msoundd[0m [32mlocationd[0m [32mcalibrationd[0m [32mtorqued[0m [32mcontrolsd[0m [32mselfdrived[0m [32mcard[0m [32mdeleter[0m [32mdmonitoringd[0m [32mqcomgpsd[0m [32mpandad[0m [32mparamsd[0m [32mlagd[0m [32mplannerd[0m [32mradard[0m [32mhardwared[0m [32mtombstoned[0m [32muploader[0m [32mstatsd[0m [32mfeedbackd[0m [32mmodeld_tinygrad[0m [32mmapd[0m [32mmapd_manager[0m [31mmtscd[0m [32mrtid[0m
[32mloggerd[0m [32mencoderd[0m [32mlogmessaged[0m [32mcamerad[0m [32mlogcatd[0m [32mproclogd[0m [32mmicd[0m [32mtimed[0m [32mdmonitoringmodeld[0m [32msensord[0m [32mui[0m [32msoundd[0m [32mlocationd[0m [32mcalibrationd[0m [32mtorqued[0m [32mcontrolsd[0m [32mselfdrived[0m [32mcard[0m [32mdeleter[0m [32mdmonitoringd[0m [32mqcomgpsd[0m [32mpandad[0m [32mparamsd[0m [32mlagd[0m [32mplannerd[0m [32mradard[0m [32mhardwared[0m [32mtombstoned[0m [32muploader[0m [32mstatsd[0m [32mfeedbackd[0m [32mmodeld_tinygrad[0m [32mmapd[0m [32mmapd_manager[0m [31mmtscd[0m [32mrtid[0m
RTI cycle took 0.014s
RTI cycle took 0.025s
RTI cycle took 0.025s
RTI cycle took 0.033s
RTI cycle took 0.035s
RTI cycle took 0.021s
RTI cycle took 0.032s
RTI cycle took 0.027s
RTI cycle took 0.039s
RTI cycle took 0.030s
RTI cycle took 0.017s
RTI cycle took 0.014s
RTI cycle took 0.024s
RTI cycle took 0.043s
RTI cycle took 0.038s
RTI cycle took 0.019s
RTI cycle took 0.039s
RTI cycle took 0.037s
RTI cycle took 0.019s
RTI cycle took 0.030s
RTI cycle took 0.027s
RTI cycle took 0.031s
RTI cycle took 0.016s
RTI cycle took 0.015s
RTI cycle took 0.034s
RTI cycle took 0.028s
RTI cycle took 0.031s
RTI cycle took 0.028s
RTI cycle took 0.031s
RTI cycle took 0.026s
RTI cycle took 0.030s
RTI cycle took 0.019s
RTI cycle took 0.028s
RTI cycle took 0.029s
RTI cycle took 0.039s
RTI cycle took 0.031s
RTI cycle took 0.029s
RTI cycle took 0.028s
RTI cycle took 0.029s
RTI cycle took 0.042s
RTI cycle took 0.025s
RTI cycle took 0.019s
RTI cycle took 0.028s
RTI cycle took 0.031s
RTI cycle took 0.026s
RTI cycle took 0.028s
RTI cycle took 0.033s
RTI cycle took 0.029s
RTI cycle took 0.024s
RTI cycle took 0.039s
RTI cycle took 0.026s
RTI cycle took 0.037s
RTI cycle took 0.030s
RTI cycle took 0.029s
RTI cycle took 0.050s
RTI cycle took 0.030s
RTI cycle took 0.038s
RTI cycle took 0.018s
RTI cycle took 0.027s
RTI cycle took 0.026s
RTI cycle took 0.022s
RTI cycle took 0.025s
RTI cycle took 0.040s
RTI cycle took 0.024s
RTI cycle took 0.051s
RTI cycle took 0.024s
RTI cycle took 0.031s
RTI cycle took 0.041s
RTI cycle took 0.037s
RTI cycle took 0.017s
RTI cycle took 0.027s
RTI cycle took 0.029s
RTI cycle took 0.020s
RTI cycle took 0.039s
RTI cycle took 0.027s
RTI cycle took 0.031s
RTI cycle took 0.027s
RTI cycle took 0.031s
RTI cycle took 0.030s
RTI cycle took 0.022s
RTI cycle took 0.040s
RTI cycle took 0.021s
RTI cycle took 0.028s
RTI cycle took 0.018s
RTI cycle took 0.016s
RTI cycle took 0.028s
RTI cycle took 0.035s
RTI cycle took 0.030s
RTI cycle took 0.028s
RTI cycle took 0.031s
RTI cycle took 0.039s
RTI cycle took 0.018s
RTI cycle took 0.027s
RTI cycle took 0.039s
RTI cycle took 0.028s
RTI cycle took 0.042s
RTI cycle took 0.016s
RTI cycle took 0.015s
RTI cycle took 0.032s
RTI cycle took 0.023s
RTI cycle took 0.018s
RTI cycle took 0.030s
RTI cycle took 0.025s
RTI cycle took 0.041s
RTI cycle took 0.031s
RTI cycle took 0.040s
RTI cycle took 0.031s
RTI cycle took 0.027s
RTI cycle took 0.030s
RTI cycle took 0.028s
RTI cycle took 0.020s
RTI cycle took 0.037s
RTI cycle took 0.018s
RTI cycle took 0.027s
RTI cycle took 0.028s
RTI cycle took 0.030s
RTI cycle took 0.020s
RTI cycle took 0.028s
RTI cycle took 0.019s
RTI cycle took 0.028s
RTI cycle took 0.020s
RTI cycle took 0.028s
RTI cycle took 0.027s
RTI cycle took 0.030s
RTI cycle took 0.031s
RTI cycle took 0.016s
RTI cycle took 0.015s
RTI cycle took 0.029s
RTI cycle took 0.040s
RTI cycle took 0.038s
RTI cycle took 0.041s
RTI cycle took 0.036s
RTI cycle took 0.033s
RTI cycle took 0.050s
RTI cycle took 0.036s
RTI cycle took 0.049s
RTI cycle took 0.043s
RTI cycle took 0.037s
RTI cycle took 0.033s
RTI cycle took 0.019s
RTI cycle took 0.027s
RTI cycle took 0.029s
RTI cycle took 0.039s
RTI cycle took 0.030s
RTI cycle took 0.040s
RTI cycle took 0.058s
RTI cycle took 0.039s
RTI cycle took 0.028s
RTI cycle took 0.030s
RTI cycle took 0.038s
RTI cycle took 0.029s
RTI cycle took 0.031s
RTI cycle took 0.037s
RTI cycle took 0.029s
RTI cycle took 0.048s
RTI cycle took 0.032s
RTI cycle took 0.037s
RTI cycle took 0.019s
RTI cycle took 0.039s
RTI cycle took 0.027s
RTI cycle took 0.025s
RTI cycle took 0.031s
RTI cycle took 0.041s
RTI cycle took 0.024s
RTI cycle took 0.031s
RTI cycle took 0.036s
RTI cycle took 0.026s
RTI cycle took 0.019s
RTI cycle took 0.026s
RTI cycle took 0.032s
RTI cycle took 0.029s
RTI cycle took 0.019s
RTI cycle took 0.027s
RTI cycle took 0.032s
RTI cycle took 0.037s
RTI cycle took 0.017s
RTI cycle took 0.027s
RTI cycle took 0.028s
RTI cycle took 0.028s
RTI cycle took 0.019s
RTI cycle took 0.029s
RTI cycle took 0.035s
RTI cycle took 0.050s
RTI cycle took 0.034s
RTI cycle took 0.041s
RTI cycle took 0.057s
RTI cycle took 0.041s
[32mloggerd[0m [32mencoderd[0m [32mlogmessaged[0m [32mcamerad[0m [32mlogcatd[0m [32mproclogd[0m [32mmicd[0m [32mtimed[0m [32mdmonitoringmodeld[0m [32msensord[0m [32mui[0m [32msoundd[0m [32mlocationd[0m [32mcalibrationd[0m [32mtorqued[0m [32mcontrolsd[0m [32mselfdrived[0m [32mcard[0m [32mdeleter[0m [32mdmonitoringd[0m [32mqcomgpsd[0m [32mpandad[0m [32mparamsd[0m [32mlagd[0m [32mplannerd[0m [32mradard[0m [32mhardwared[0m [32mtombstoned[0m [32muploader[0m [32mstatsd[0m [32mfeedbackd[0m [32mmodeld_tinygrad[0m [32mmapd[0m [32mmapd_manager[0m [31mmtscd[0m [32mrtid[0m
[32mloggerd[0m [32mencoderd[0m [32mlogmessaged[0m [32mcamerad[0m [32mlogcatd[0m [32mproclogd[0m [32mmicd[0m [32mtimed[0m [32mdmonitoringmodeld[0m [32msensord[0m [32mui[0m [32msoundd[0m [32mlocationd[0m [32mcalibrationd[0m [32mtorqued[0m [32mcontrolsd[0m [32mselfdrived[0m [32mcard[0m [32mdeleter[0m [32mdmonitoringd[0m [32mqcomgpsd[0m [32mpandad[0m [32mparamsd[0m [32mlagd[0m [32mplannerd[0m [32mradard[0m [32mhardwared[0m [32mtombstoned[0m [32muploader[0m [32mstatsd[0m [32mfeedbackd[0m [32mmodeld_tinygrad[0m [32mmapd[0m [32mmapd_manager[0m [31mmtscd[0m [32mrtid[0m
[32mloggerd[0m [32mencoderd[0m [32mlogmessaged[0m [32mcamerad[0m [32mlogcatd[0m [32mproclogd[0m [32mmicd[0m [32mtimed[0m [32mdmonitoringmodeld[0m [32msensord[0m [32mui[0m [32msoundd[0m [32mlocationd[0m [32mcalibrationd[0m [32mtorqued[0m [32mcontrolsd[0m [32mselfdrived[0m [32mcard[0m [32mdeleter[0m [32mdmonitoringd[0m [32mqcomgpsd[0m [32mpandad[0m [32mparamsd[0m [32mlagd[0m [32mplannerd[0m [32mradard[0m [32mhardwared[0m [32mtombstoned[0m [32muploader[0m [32mstatsd[0m [32mfeedbackd[0m [32mmodeld_tinygrad[0m [32mmapd[0m [32mmapd_manager[0m [31mmtscd[0m [32mrtid[0m
[32mloggerd[0m [32mencoderd[0m [32mlogmessaged[0m [32mcamerad[0m [32mlogcatd[0m [32mproclogd[0m [32mmicd[0m [32mtimed[0m [32mdmonitoringmodeld[0m [32msensord[0m [32mui[0m [32msoundd[0m [32mlocationd[0m [32mcalibrationd[0m [32mtorqued[0m [32mcontrolsd[0m [32mselfdrived[0m [32mcard[0m [32mdeleter[0m [32mdmonitoringd[0m [32mqcomgpsd[0m [32mpandad[0m [32mparamsd[0m [32mlagd[0m [32mplannerd[0m [32mradard[0m [32mhardwared[0m [32mtombstoned[0m [32muploader[0m [32mstatsd[0m [32mfeedbackd[0m [32mmodeld_tinygrad[0m [32mmapd[0m [32mmapd_manager[0m [31mmtscd[0m [32mrtid[0m
[32mloggerd[0m [32mencoderd[0m [32mlogmessaged[0m [32mcamerad[0m [32mlogcatd[0m [32mproclogd[0m [32mmicd[0m [32mtimed[0m [32mdmonitoringmodeld[0m [32msensord[0m [32mui[0m [32msoundd[0m [32mlocationd[0m [32mcalibrationd[0m [32mtorqued[0m [32mcontrolsd[0m [32mselfdrived[0m [32mcard[0m [32mdeleter[0m [32mdmonitoringd[0m [32mqcomgpsd[0m [32mpandad[0m [32mparamsd[0m [32mlagd[0m [32mplannerd[0m [32mradard[0m [32mhardwared[0m [32mtombstoned[0m [32muploader[0m [32mstatsd[0m [32mfeedbackd[0m [32mmodeld_tinygrad[0m [32mmapd[0m [32mmapd_manager[0m [31mmtscd[0m [32mrtid[0m
[32mloggerd[0m [32mencoderd[0m [32mlogmessaged[0m [32mcamerad[0m [32mlogcatd[0m [32mproclogd[0m [32mmicd[0m [32mtimed[0m [32mdmonitoringmodeld[0m [32msensord[0m [32mui[0m [32msoundd[0m [32mlocationd[0m [32mcalibrationd[0m [32mtorqued[0m [32mcontrolsd[0m [32mselfdrived[0m [32mcard[0m [32mdeleter[0m [32mdmonitoringd[0m [32mqcomgpsd[0m [32mpandad[0m [32mparamsd[0m [32mlagd[0m [32mplannerd[0m [32mradard[0m [32mhardwared[0m [32mtombstoned[0m [32muploader[0m [32mstatsd[0m [32mfeedbackd[0m [32mmodeld_tinygrad[0m [32mmapd[0m [32mmapd_manager[0m [31mmtscd[0m [32mrtid[0m
[32mloggerd[0m [32mencoderd[0m [32mlogmessaged[0m [32mcamerad[0m [32mlogcatd[0m [32mproclogd[0m [32mmicd[0m [32mtimed[0m [32mdmonitoringmodeld[0m [32msensord[0m [32mui[0m [32msoundd[0m [32mlocationd[0m [32mcalibrationd[0m [32mtorqued[0m [32mcontrolsd[0m [32mselfdrived[0m [32mcard[0m [32mdeleter[0m [32mdmonitoringd[0m [32mqcomgpsd[0m [32mpandad[0m [32mparamsd[0m [32mlagd[0m [32mplannerd[0m [32mradard[0m [32mhardwared[0m [32mtombstoned[0m [32muploader[0m [32mstatsd[0m [32mfeedbackd[0m [32mmodeld_tinygrad[0m [32mmapd[0m [32mmapd_manager[0m [31mmtscd[0m [32mrtid[0m
[32mloggerd[0m [32mencoderd[0m [32mlogmessaged[0m [32mcamerad[0m [32mlogcatd[0m [32mproclogd[0m [32mmicd[0m [32mtimed[0m [32mdmonitoringmodeld[0m [32msensord[0m [32mui[0m [32msoundd[0m [32mlocationd[0m [32mcalibrationd[0m [32mtorqued[0m [32mcontrolsd[0m [32mselfdrived[0m [32mcard[0m [32mdeleter[0m [32mdmonitoringd[0m [32mqcomgpsd[0m [32mpandad[0m [32mparamsd[0m [32mlagd[0m [32mplannerd[0m [32mradard[0m [32mhardwared[0m [32mtombstoned[0m [32muploader[0m [32mstatsd[0m [32mfeedbackd[0m [32mmodeld_tinygrad[0m [32mmapd[0m [32mmapd_manager[0m [31mmtscd[0m [32mrtid[0m
[32mloggerd[0m [32mencoderd[0m [32mlogmessaged[0m [32mcamerad[0m [32mlogcatd[0m [32mproclogd[0m [32mmicd[0m [32mtimed[0m [32mdmonitoringmodeld[0m [32msensord[0m [32mui[0m [32msoundd[0m [32mlocationd[0m [32mcalibrationd[0m [32mtorqued[0m [32mcontrolsd[0m [32mselfdrived[0m [32mcard[0m [32mdeleter[0m [32mdmonitoringd[0m [32mqcomgpsd[0m [32mpandad[0m [32mparamsd[0m [32mlagd[0m [32mplannerd[0m [32mradard[0m [32mhardwared[0m [32mtombstoned[0m [32muploader[0m [32mstatsd[0m [32mfeedbackd[0m [32mmodeld_tinygrad[0m [32mmapd[0m [32mmapd_manager[0m [31mmtscd[0m [32mrtid[0m
[32mloggerd[0m [32mencoderd[0m [32mlogmessaged[0m [32mcamerad[0m [32mlogcatd[0m [32mproclogd[0m [32mmicd[0m [32mtimed[0m [32mdmonitoringmodeld[0m [32msensord[0m [32mui[0m [32msoundd[0m [32mlocationd[0m [32mcalibrationd[0m [32mtorqued[0m [32mcontrolsd[0m [32mselfdrived[0m [32mcard[0m [32mdeleter[0m [32mdmonitoringd[0m [32mqcomgpsd[0m [32mpandad[0m [32mparamsd[0m [32mlagd[0m [32mplannerd[0m [32mradard[0m [32mhardwared[0m [32mtombstoned[0m [32muploader[0m [32mstatsd[0m [32mfeedbackd[0m [32mmodeld_tinygrad[0m [32mmapd[0m [32mmapd_manager[0m [31mmtscd[0m [32mrtid[0m
[32mloggerd[0m [32mencoderd[0m [32mlogmessaged[0m [32mcamerad[0m [32mlogcatd[0m [32mproclogd[0m [32mmicd[0m [32mtimed[0m [32mdmonitoringmodeld[0m [32msensord[0m [32mui[0m [32msoundd[0m [32mlocationd[0m [32mcalibrationd[0m [32mtorqued[0m [32mcontrolsd[0m [32mselfdrived[0m [32mcard[0m [32mdeleter[0m [32mdmonitoringd[0m [32mqcomgpsd[0m [32mpandad[0m [32mparamsd[0m [32mlagd[0m [32mplannerd[0m [32mradard[0m [32mhardwared[0m [32mtombstoned[0m [32muploader[0m [32mstatsd[0m [32mfeedbackd[0m [32mmodeld_tinygrad[0m [32mmapd[0m [32mmapd_manager[0m [31mmtscd[0m [32mrtid[0m
[32mloggerd[0m [32mencoderd[0m [32mlogmessaged[0m [32mcamerad[0m [32mlogcatd[0m [32mproclogd[0m [32mmicd[0m [32mtimed[0m [32mdmonitoringmodeld[0m [32msensord[0m [32mui[0m [32msoundd[0m [32mlocationd[0m [32mcalibrationd[0m [32mtorqued[0m [32mcontrolsd[0m [32mselfdrived[0m [32mcard[0m [32mdeleter[0m [32mdmonitoringd[0m [32mqcomgpsd[0m [32mpandad[0m [32mparamsd[0m [32mlagd[0m [32mplannerd[0m [32mradard[0m [32mhardwared[0m [32mtombstoned[0m [32muploader[0m [32mstatsd[0m [32mfeedbackd[0m [32mmodeld_tinygrad[0m [32mmapd[0m [32mmapd_manager[0m [31mmtscd[0m [32mrtid[0m
RTI cycle took 0.039s
RTI cycle took 0.037s
RTI cycle took 0.021s
RTI cycle took 0.036s
RTI cycle took 0.029s
RTI cycle took 0.030s
RTI cycle took 0.018s
RTI cycle took 0.029s
RTI cycle took 0.042s
RTI cycle took 0.033s
RTI cycle took 0.018s
RTI cycle took 0.037s
RTI cycle took 0.037s
RTI cycle took 0.031s
RTI cycle took 0.018s
RTI cycle took 0.036s
RTI cycle took 0.030s
RTI cycle took 0.026s
RTI cycle took 0.031s
RTI cycle took 0.024s
RTI cycle took 0.040s
RTI cycle took 0.020s
RTI cycle took 0.037s
RTI cycle took 0.030s
RTI cycle took 0.031s
RTI cycle took 0.036s
RTI cycle took 0.031s
RTI cycle took 0.031s
RTI cycle took 0.017s
RTI cycle took 0.027s
RTI cycle took 0.028s
RTI cycle took 0.032s
RTI cycle took 0.038s
RTI cycle took 0.016s
RTI cycle took 0.026s
RTI cycle took 0.038s
RTI cycle took 0.029s
RTI cycle took 0.020s
RTI cycle took 0.028s
RTI cycle took 0.030s
RTI cycle took 0.037s
RTI cycle took 0.025s
RTI cycle took 0.030s
RTI cycle took 0.029s
RTI cycle took 0.020s
RTI cycle took 0.029s
RTI cycle took 0.030s
RTI cycle took 0.037s
RTI cycle took 0.028s
RTI cycle took 0.031s
RTI cycle took 0.018s
RTI cycle took 0.015s
RTI cycle took 0.022s
RTI cycle took 0.031s
RTI cycle took 0.017s
RTI cycle took 0.037s
RTI cycle took 0.018s
RTI cycle took 0.026s
RTI cycle took 0.042s
RTI cycle took 0.017s
RTI cycle took 0.028s
RTI cycle took 0.037s
RTI cycle took 0.029s
RTI cycle took 0.030s
RTI cycle took 0.040s
RTI cycle took 0.028s
RTI cycle took 0.030s
RTI cycle took 0.037s
RTI cycle took 0.019s
RTI cycle took 0.039s
RTI cycle took 0.025s
RTI cycle took 0.035s
RTI cycle took 0.028s
RTI cycle took 0.017s
RTI cycle took 0.015s
RTI cycle took 0.023s
RTI cycle took 0.029s
RTI cycle took 0.019s
RTI cycle took 0.026s
RTI cycle took 0.030s
RTI cycle took 0.037s
RTI cycle took 0.031s
RTI cycle took 0.029s
RTI cycle took 0.029s
RTI cycle took 0.031s
RTI cycle took 0.038s
RTI cycle took 0.019s
RTI cycle took 0.027s
RTI cycle took 0.029s
RTI cycle took 0.031s
RTI cycle took 0.023s
RTI cycle took 0.031s
RTI cycle took 0.030s
RTI cycle took 0.036s
RTI cycle took 0.031s
RTI cycle took 0.029s
RTI cycle took 0.029s
RTI cycle took 0.031s
RTI cycle took 0.039s
RTI cycle took 0.017s
RTI cycle took 0.025s
RTI cycle took 0.019s
RTI cycle took 0.029s
RTI cycle took 0.026s
RTI cycle took 0.019s
RTI cycle took 0.026s
RTI cycle took 0.021s
RTI cycle took 0.028s
RTI cycle took 0.030s
RTI cycle took 0.027s
RTI cycle took 0.028s
RTI cycle took 0.019s
RTI cycle took 0.035s
RTI cycle took 0.031s
RTI cycle took 0.017s
RTI cycle took 0.029s
RTI cycle took 0.037s
RTI cycle took 0.017s
RTI cycle took 0.026s
RTI cycle took 0.031s
RTI cycle took 0.031s
RTI cycle took 0.026s
RTI cycle took 0.030s
RTI cycle took 0.030s
RTI cycle took 0.029s
RTI cycle took 0.030s
RTI cycle took 0.026s
RTI cycle took 0.031s
RTI cycle took 0.019s
RTI cycle took 0.047s
RTI cycle took 0.028s
RTI cycle took 0.026s
RTI cycle took 0.040s
RTI cycle took 0.030s
RTI cycle took 0.043s
RTI cycle took 0.023s
RTI cycle took 0.031s
RTI cycle took 0.042s
RTI cycle took 0.015s
RTI cycle took 0.026s
RTI cycle took 0.041s
RTI cycle took 0.021s
RTI cycle took 0.032s
RTI cycle took 0.020s
RTI cycle took 0.031s
RTI cycle took 0.025s
RTI cycle took 0.021s
RTI cycle took 0.041s
RTI cycle took 0.024s
RTI cycle took 0.032s
RTI cycle took 0.027s
RTI cycle took 0.020s
RTI cycle took 0.042s
RTI cycle took 0.024s
RTI cycle took 0.033s
RTI cycle took 0.040s
RTI cycle took 0.025s
RTI cycle took 0.033s
RTI cycle took 0.016s
RTI cycle took 0.030s
RTI cycle took 0.042s
RTI cycle took 0.015s
RTI cycle took 0.024s
RTI cycle took 0.037s
RTI cycle took 0.019s
RTI cycle took 0.044s
RTI cycle took 0.031s
RTI cycle took 0.048s
RTI cycle took 0.048s
RTI cycle took 0.038s
RTI cycle took 0.026s
RTI cycle took 0.035s
RTI cycle took 0.027s
RTI cycle took 0.032s
RTI cycle took 0.021s
RTI cycle took 0.033s
RTI cycle took 0.027s
RTI cycle took 0.038s
RTI cycle took 0.041s
RTI cycle took 0.033s
RTI cycle took 0.021s
RTI cycle took 0.032s
RTI cycle took 0.017s
RTI cycle took 0.028s
RTI cycle took 0.016s
RTI cycle took 0.030s
RTI cycle took 0.022s
RTI cycle took 0.024s
RTI cycle took 0.041s
RTI cycle took 0.033s
RTI cycle took 0.030s
RTI cycle took 0.033s
RTI cycle took 0.033s
RTI cycle took 0.031s
RTI cycle took 0.036s
[32mloggerd[0m [32mencoderd[0m [32mlogmessaged[0m [32mcamerad[0m [32mlogcatd[0m [32mproclogd[0m [32mmicd[0m [32mtimed[0m [32mdmonitoringmodeld[0m [32msensord[0m [32mui[0m [32msoundd[0m [32mlocationd[0m [32mcalibrationd[0m [32mtorqued[0m [32mcontrolsd[0m [32mselfdrived[0m [32mcard[0m [32mdeleter[0m [32mdmonitoringd[0m [32mqcomgpsd[0m [32mpandad[0m [32mparamsd[0m [32mlagd[0m [32mplannerd[0m [32mradard[0m [32mhardwared[0m [32mtombstoned[0m [32muploader[0m [32mstatsd[0m [32mfeedbackd[0m [32mmodeld_tinygrad[0m [32mmapd[0m [32mmapd_manager[0m [31mmtscd[0m [32mrtid[0m
[32mloggerd[0m [32mencoderd[0m [32mlogmessaged[0m [32mcamerad[0m [32mlogcatd[0m [32mproclogd[0m [32mmicd[0m [32mtimed[0m [32mdmonitoringmodeld[0m [32msensord[0m [32mui[0m [32msoundd[0m [32mlocationd[0m [32mcalibrationd[0m [32mtorqued[0m [32mcontrolsd[0m [32mselfdrived[0m [32mcard[0m [32mdeleter[0m [32mdmonitoringd[0m [32mqcomgpsd[0m [32mpandad[0m [32mparamsd[0m [32mlagd[0m [32mplannerd[0m [32mradard[0m [32mhardwared[0m [32mtombstoned[0m [32muploader[0m [32mstatsd[0m [32mfeedbackd[0m [32mmodeld_tinygrad[0m [32mmapd[0m [32mmapd_manager[0m [31mmtscd[0m [32mrtid[0m
[32mloggerd[0m [32mencoderd[0m [32mlogmessaged[0m [32mcamerad[0m [32mlogcatd[0m [32mproclogd[0m [32mmicd[0m [32mtimed[0m [32mdmonitoringmodeld[0m [32msensord[0m [32mui[0m [32msoundd[0m [32mlocationd[0m [32mcalibrationd[0m [32mtorqued[0m [32mcontrolsd[0m [32mselfdrived[0m [32mcard[0m [32mdeleter[0m [32mdmonitoringd[0m [32mqcomgpsd[0m [32mpandad[0m [32mparamsd[0m [32mlagd[0m [32mplannerd[0m [32mradard[0m [32mhardwared[0m [32mtombstoned[0m [32muploader[0m [32mstatsd[0m [32mfeedbackd[0m [32mmodeld_tinygrad[0m [32mmapd[0m [32mmapd_manager[0m [31mmtscd[0m [32mrtid[0m
[32mloggerd[0m [32mencoderd[0m [32mlogmessaged[0m [32mcamerad[0m [32mlogcatd[0m [32mproclogd[0m [32mmicd[0m [32mtimed[0m [32mdmonitoringmodeld[0m [32msensord[0m [32mui[0m [32msoundd[0m [32mlocationd[0m [32mcalibrationd[0m [32mtorqued[0m [32mcontrolsd[0m [32mselfdrived[0m [32mcard[0m [32mdeleter[0m [32mdmonitoringd[0m [32mqcomgpsd[0m [32mpandad[0m [32mparamsd[0m [32mlagd[0m [32mplannerd[0m [32mradard[0m [32mhardwared[0m [32mtombstoned[0m [32muploader[0m [32mstatsd[0m [32mfeedbackd[0m [32mmodeld_tinygrad[0m [32mmapd[0m [32mmapd_manager[0m [31mmtscd[0m [32mrtid[0m
[32mloggerd[0m [32mencoderd[0m [32mlogmessaged[0m [32mcamerad[0m [32mlogcatd[0m [32mproclogd[0m [32mmicd[0m [32mtimed[0m [32mdmonitoringmodeld[0m [32msensord[0m [32mui[0m [32msoundd[0m [32mlocationd[0m [32mcalibrationd[0m [32mtorqued[0m [32mcontrolsd[0m [32mselfdrived[0m [32mcard[0m [32mdeleter[0m [32mdmonitoringd[0m [32mqcomgpsd[0m [32mpandad[0m [32mparamsd[0m [32mlagd[0m [32mplannerd[0m [32mradard[0m [32mhardwared[0m [32mtombstoned[0m [32muploader[0m [32mstatsd[0m [32mfeedbackd[0m [32mmodeld_tinygrad[0m [32mmapd[0m [32mmapd_manager[0m [31mmtscd[0m [32mrtid[0m
[32mloggerd[0m [32mencoderd[0m [32mlogmessaged[0m [32mcamerad[0m [32mlogcatd[0m [32mproclogd[0m [32mmicd[0m [32mtimed[0m [32mdmonitoringmodeld[0m [32msensord[0m [32mui[0m [32msoundd[0m [32mlocationd[0m [32mcalibrationd[0m [32mtorqued[0m [32mcontrolsd[0m [32mselfdrived[0m [32mcard[0m [32mdeleter[0m [32mdmonitoringd[0m [32mqcomgpsd[0m [32mpandad[0m [32mparamsd[0m [32mlagd[0m [32mplannerd[0m [32mradard[0m [32mhardwared[0m [32mtombstoned[0m [32muploader[0m [32mstatsd[0m [32mfeedbackd[0m [32mmodeld_tinygrad[0m [32mmapd[0m [32mmapd_manager[0m [31mmtscd[0m [32mrtid[0m
[32mloggerd[0m [32mencoderd[0m [32mlogmessaged[0m [32mcamerad[0m [32mlogcatd[0m [32mproclogd[0m [32mmicd[0m [32mtimed[0m [32mdmonitoringmodeld[0m [32msensord[0m [32mui[0m [32msoundd[0m [32mlocationd[0m [32mcalibrationd[0m [32mtorqued[0m [32mcontrolsd[0m [32mselfdrived[0m [32mcard[0m [32mdeleter[0m [32mdmonitoringd[0m [32mqcomgpsd[0m [32mpandad[0m [32mparamsd[0m [32mlagd[0m [32mplannerd[0m [32mradard[0m [32mhardwared[0m [32mtombstoned[0m [32muploader[0m [32mstatsd[0m [32mfeedbackd[0m [32mmodeld_tinygrad[0m [32mmapd[0m [32mmapd_manager[0m [31mmtscd[0m [32mrtid[0m
[32mloggerd[0m [32mencoderd[0m [32mlogmessaged[0m [32mcamerad[0m [32mlogcatd[0m [32mproclogd[0m [32mmicd[0m [32mtimed[0m [32mdmonitoringmodeld[0m [32msensord[0m [32mui[0m [32msoundd[0m [32mlocationd[0m [32mcalibrationd[0m [32mtorqued[0m [32mcontrolsd[0m [32mselfdrived[0m [32mcard[0m [32mdeleter[0m [32mdmonitoringd[0m [32mqcomgpsd[0m [32mpandad[0m [32mparamsd[0m [32mlagd[0m [32mplannerd[0m [32mradard[0m [32mhardwared[0m [32mtombstoned[0m [32muploader[0m [32mstatsd[0m [32mfeedbackd[0m [32mmodeld_tinygrad[0m [32mmapd[0m [32mmapd_manager[0m [31mmtscd[0m [32mrtid[0m
[32mloggerd[0m [32mencoderd[0m [32mlogmessaged[0m [32mcamerad[0m [32mlogcatd[0m [32mproclogd[0m [32mmicd[0m [32mtimed[0m [32mdmonitoringmodeld[0m [32msensord[0m [32mui[0m [32msoundd[0m [32mlocationd[0m [32mcalibrationd[0m [32mtorqued[0m [32mcontrolsd[0m [32mselfdrived[0m [32mcard[0m [32mdeleter[0m [32mdmonitoringd[0m [32mqcomgpsd[0m [32mpandad[0m [32mparamsd[0m [32mlagd[0m [32mplannerd[0m [32mradard[0m [32mhardwared[0m [32mtombstoned[0m [32muploader[0m [32mstatsd[0m [32mfeedbackd[0m [32mmodeld_tinygrad[0m [32mmapd[0m [32mmapd_manager[0m [31mmtscd[0m [32mrtid[0m
[32mloggerd[0m [32mencoderd[0m [32mlogmessaged[0m [32mcamerad[0m [32mlogcatd[0m [32mproclogd[0m [32mmicd[0m [32mtimed[0m [32mdmonitoringmodeld[0m [32msensord[0m [32mui[0m [32msoundd[0m [32mlocationd[0m [32mcalibrationd[0m [32mtorqued[0m [32mcontrolsd[0m [32mselfdrived[0m [32mcard[0m [32mdeleter[0m [32mdmonitoringd[0m [32mqcomgpsd[0m [32mpandad[0m [32mparamsd[0m [32mlagd[0m [32mplannerd[0m [32mradard[0m [32mhardwared[0m [32mtombstoned[0m [32muploader[0m [32mstatsd[0m [32mfeedbackd[0m [32mmodeld_tinygrad[0m [32mmapd[0m [32mmapd_manager[0m [31mmtscd[0m [32mrtid[0m
[32mloggerd[0m [32mencoderd[0m [32mlogmessaged[0m [32mcamerad[0m [32mlogcatd[0m [32mproclogd[0m [32mmicd[0m [32mtimed[0m [32mdmonitoringmodeld[0m [32msensord[0m [32mui[0m [32msoundd[0m [32mlocationd[0m [32mcalibrationd[0m [32mtorqued[0m [32mcontrolsd[0m [32mselfdrived[0m [32mcard[0m [32mdeleter[0m [32mdmonitoringd[0m [32mqcomgpsd[0m [32mpandad[0m [32mparamsd[0m [32mlagd[0m [32mplannerd[0m [32mradard[0m [32mhardwared[0m [32mtombstoned[0m [32muploader[0m [32mstatsd[0m [32mfeedbackd[0m [32mmodeld_tinygrad[0m [32mmapd[0m [32mmapd_manager[0m [31mmtscd[0m [32mrtid[0m
[32mloggerd[0m [32mencoderd[0m [32mlogmessaged[0m [32mcamerad[0m [32mlogcatd[0m [32mproclogd[0m [32mmicd[0m [32mtimed[0m [32mdmonitoringmodeld[0m [32msensord[0m [32mui[0m [32msoundd[0m [32mlocationd[0m [32mcalibrationd[0m [32mtorqued[0m [32mcontrolsd[0m [32mselfdrived[0m [32mcard[0m [32mdeleter[0m [32mdmonitoringd[0m [32mqcomgpsd[0m [32mpandad[0m [32mparamsd[0m [32mlagd[0m [32mplannerd[0m [32mradard[0m [32mhardwared[0m [32mtombstoned[0m [32muploader[0m [32mstatsd[0m [32mfeedbackd[0m [32mmodeld_tinygrad[0m [32mmapd[0m [32mmapd_manager[0m [31mmtscd[0m [32mrtid[0m
RTI cycle took 0.033s
RTI cycle took 0.035s
RTI cycle took 0.036s
RTI cycle took 0.024s
RTI cycle took 0.029s
RTI cycle took 0.019s
RTI cycle took 0.027s
RTI cycle took 0.031s
RTI cycle took 0.025s
RTI cycle took 0.024s
RTI cycle took 0.027s
RTI cycle took 0.031s
RTI cycle took 0.028s
RTI cycle took 0.036s
RTI cycle took 0.042s
RTI cycle took 0.032s
RTI cycle took 0.033s
RTI cycle took 0.030s
RTI cycle took 0.035s
RTI cycle took 0.026s
RTI cycle took 0.031s
RTI cycle took 0.026s
RTI cycle took 0.031s
RTI cycle took 0.029s
RTI cycle took 0.028s
RTI cycle took 0.028s
RTI cycle took 0.033s
RTI cycle took 0.034s
RTI cycle took 0.022s
RTI cycle took 0.016s
RTI cycle took 0.017s
RTI cycle took 0.023s
RTI cycle took 0.029s
RTI cycle took 0.031s
RTI cycle took 0.022s
RTI cycle took 0.042s
RTI cycle took 0.034s
RTI cycle took 0.014s
RTI cycle took 0.024s
RTI cycle took 0.023s
RTI cycle took 0.032s
RTI cycle took 0.040s
RTI cycle took 0.024s
RTI cycle took 0.034s
RTI cycle took 0.014s
RTI cycle took 0.021s
RTI cycle took 0.023s
RTI cycle took 0.025s
RTI cycle took 0.044s
RTI cycle took 0.024s
RTI cycle took 0.032s
RTI cycle took 0.041s
RTI cycle took 0.016s
RTI cycle took 0.025s
RTI cycle took 0.021s
RTI cycle took 0.031s
RTI cycle took 0.016s
RTI cycle took 0.031s
RTI cycle took 0.039s
RTI cycle took 0.029s
RTI cycle took 0.030s
RTI cycle took 0.037s
RTI cycle took 0.032s
RTI cycle took 0.036s
RTI cycle took 0.026s
RTI cycle took 0.033s
RTI cycle took 0.034s
RTI cycle took 0.025s
RTI cycle took 0.025s
RTI cycle took 0.029s
RTI cycle took 0.028s
RTI cycle took 0.037s
RTI cycle took 0.036s
RTI cycle took 0.040s
RTI cycle took 0.014s
RTI cycle took 0.026s
RTI cycle took 0.014s
RTI cycle took 0.019s
RTI cycle took 0.018s
RTI cycle took 0.027s
RTI cycle took 0.034s
RTI cycle took 0.047s
RTI cycle took 0.039s
RTI cycle took 0.042s
RTI cycle took 0.032s
RTI cycle took 0.038s
RTI cycle took 0.034s
RTI cycle took 0.023s
RTI cycle took 0.015s
RTI cycle took 0.016s
RTI cycle took 0.036s
RTI cycle took 0.015s
RTI cycle took 0.031s
RTI cycle took 0.022s
RTI cycle took 0.023s
RTI cycle took 0.052s
RTI cycle took 0.030s
RTI cycle took 0.039s
RTI cycle took 0.026s
RTI cycle took 0.022s
RTI cycle took 0.029s
RTI cycle took 0.018s
RTI cycle took 0.032s
RTI cycle took 0.038s
RTI cycle took 0.033s
RTI cycle took 0.030s
RTI cycle took 0.043s
RTI cycle took 0.037s
RTI cycle took 0.026s
RTI cycle took 0.036s
RTI cycle took 0.040s
RTI cycle took 0.016s
RTI cycle took 0.039s
RTI cycle took 0.034s
RTI cycle took 0.014s
RTI cycle took 0.026s
RTI cycle took 0.021s
RTI cycle took 0.035s
RTI cycle took 0.024s
RTI cycle took 0.030s
RTI cycle took 0.029s
RTI cycle took 0.022s
RTI cycle took 0.032s
RTI cycle took 0.028s
RTI cycle took 0.037s
RTI cycle took 0.044s
RTI cycle took 0.044s
RTI cycle took 0.036s
RTI cycle took 0.021s
RTI cycle took 0.022s
RTI cycle took 0.037s
RTI cycle took 0.029s
RTI cycle took 0.030s
RTI cycle took 0.035s
RTI cycle took 0.031s
RTI cycle took 0.036s
RTI cycle took 0.022s
RTI cycle took 0.035s
RTI cycle took 0.039s
RTI cycle took 0.021s
RTI cycle took 0.035s
RTI cycle took 0.037s
RTI cycle took 0.028s
RTI cycle took 0.030s
RTI cycle took 0.041s
RTI cycle took 0.015s
RTI cycle took 0.037s
RTI cycle took 0.027s
RTI cycle took 0.024s
RTI cycle took 0.035s
RTI cycle took 0.035s
RTI cycle took 0.029s
RTI cycle took 0.033s
RTI cycle took 0.021s
RTI cycle took 0.032s
RTI cycle took 0.026s
RTI cycle took 0.033s
RTI cycle took 0.031s
RTI cycle took 0.022s
RTI cycle took 0.036s
RTI cycle took 0.036s
RTI cycle took 0.025s
RTI cycle took 0.037s
RTI cycle took 0.035s
RTI cycle took 0.023s
RTI cycle took 0.035s
RTI cycle took 0.022s
RTI cycle took 0.031s
RTI cycle took 0.035s
RTI cycle took 0.031s
RTI cycle took 0.029s
RTI cycle took 0.036s
RTI cycle took 0.014s
RTI cycle took 0.026s
RTI cycle took 0.030s
RTI cycle took 0.021s
RTI cycle took 0.033s
RTI cycle took 0.024s
RTI cycle took 0.020s
RTI cycle took 0.037s
RTI cycle took 0.030s
RTI cycle took 0.025s
RTI cycle took 0.026s
RTI cycle took 0.031s
RTI cycle took 0.030s
RTI cycle took 0.031s
RTI cycle took 0.029s
RTI cycle took 0.030s
RTI cycle took 0.042s
RTI cycle took 0.042s
[32mloggerd[0m [32mencoderd[0m [32mlogmessaged[0m [32mcamerad[0m [32mlogcatd[0m [32mproclogd[0m [32mmicd[0m [32mtimed[0m [32mdmonitoringmodeld[0m [32msensord[0m [32mui[0m [32msoundd[0m [32mlocationd[0m [32mcalibrationd[0m [32mtorqued[0m [32mcontrolsd[0m [32mselfdrived[0m [32mcard[0m [32mdeleter[0m [32mdmonitoringd[0m [32mqcomgpsd[0m [32mpandad[0m [32mparamsd[0m [32mlagd[0m [32mplannerd[0m [32mradard[0m [32mhardwared[0m [32mtombstoned[0m [32muploader[0m [32mstatsd[0m [32mfeedbackd[0m [32mmodeld_tinygrad[0m [32mmapd[0m [32mmapd_manager[0m [31mmtscd[0m [32mrtid[0m
[32mloggerd[0m [32mencoderd[0m [32mlogmessaged[0m [32mcamerad[0m [32mlogcatd[0m [32mproclogd[0m [32mmicd[0m [32mtimed[0m [32mdmonitoringmodeld[0m [32msensord[0m [32mui[0m [32msoundd[0m [32mlocationd[0m [32mcalibrationd[0m [32mtorqued[0m [32mcontrolsd[0m [32mselfdrived[0m [32mcard[0m [32mdeleter[0m [32mdmonitoringd[0m [32mqcomgpsd[0m [32mpandad[0m [32mparamsd[0m [32mlagd[0m [32mplannerd[0m [32mradard[0m [32mhardwared[0m [32mtombstoned[0m [32muploader[0m [32mstatsd[0m [32mfeedbackd[0m [32mmodeld_tinygrad[0m [32mmapd[0m [32mmapd_manager[0m [31mmtscd[0m [32mrtid[0m
[32mloggerd[0m [32mencoderd[0m [32mlogmessaged[0m [32mcamerad[0m [32mlogcatd[0m [32mproclogd[0m [32mmicd[0m [32mtimed[0m [32mdmonitoringmodeld[0m [32msensord[0m [32mui[0m [32msoundd[0m [32mlocationd[0m [32mcalibrationd[0m [32mtorqued[0m [32mcontrolsd[0m [32mselfdrived[0m [32mcard[0m [32mdeleter[0m [32mdmonitoringd[0m [32mqcomgpsd[0m [32mpandad[0m [32mparamsd[0m [32mlagd[0m [32mplannerd[0m [32mradard[0m [32mhardwared[0m [32mtombstoned[0m [32muploader[0m [32mstatsd[0m [32mfeedbackd[0m [32mmodeld_tinygrad[0m [32mmapd[0m [32mmapd_manager[0m [31mmtscd[0m [32mrtid[0m
[32mloggerd[0m [32mencoderd[0m [32mlogmessaged[0m [32mcamerad[0m [32mlogcatd[0m [32mproclogd[0m [32mmicd[0m [32mtimed[0m [32mdmonitoringmodeld[0m [32msensord[0m [32mui[0m [32msoundd[0m [32mlocationd[0m [32mcalibrationd[0m [32mtorqued[0m [32mcontrolsd[0m [32mselfdrived[0m [32mcard[0m [32mdeleter[0m [32mdmonitoringd[0m [32mqcomgpsd[0m [32mpandad[0m [32mparamsd[0m [32mlagd[0m [32mplannerd[0m [32mradard[0m [32mhardwared[0m [32mtombstoned[0m [32muploader[0m [32mstatsd[0m [32mfeedbackd[0m [32mmodeld_tinygrad[0m [32mmapd[0m [32mmapd_manager[0m [31mmtscd[0m [32mrtid[0m
[32mloggerd[0m [32mencoderd[0m [32mlogmessaged[0m [32mcamerad[0m [32mlogcatd[0m [32mproclogd[0m [32mmicd[0m [32mtimed[0m [32mdmonitoringmodeld[0m [32msensord[0m [32mui[0m [32msoundd[0m [32mlocationd[0m [32mcalibrationd[0m [32mtorqued[0m [32mcontrolsd[0m [32mselfdrived[0m [32mcard[0m [32mdeleter[0m [32mdmonitoringd[0m [32mqcomgpsd[0m [32mpandad[0m [32mparamsd[0m [32mlagd[0m [32mplannerd[0m [32mradard[0m [32mhardwared[0m [32mtombstoned[0m [32muploader[0m [32mstatsd[0m [32mfeedbackd[0m [32mmodeld_tinygrad[0m [32mmapd[0m [32mmapd_manager[0m [31mmtscd[0m [32mrtid[0m
[32mloggerd[0m [32mencoderd[0m [32mlogmessaged[0m [32mcamerad[0m [32mlogcatd[0m [32mproclogd[0m [32mmicd[0m [32mtimed[0m [32mdmonitoringmodeld[0m [32msensord[0m [32mui[0m [32msoundd[0m [32mlocationd[0m [32mcalibrationd[0m [32mtorqued[0m [32mcontrolsd[0m [32mselfdrived[0m [32mcard[0m [32mdeleter[0m [32mdmonitoringd[0m [32mqcomgpsd[0m [32mpandad[0m [32mparamsd[0m [32mlagd[0m [32mplannerd[0m [32mradard[0m [32mhardwared[0m [32mtombstoned[0m [32muploader[0m [32mstatsd[0m [32mfeedbackd[0m [32mmodeld_tinygrad[0m [32mmapd[0m [32mmapd_manager[0m [31mmtscd[0m [32mrtid[0m
[32mloggerd[0m [32mencoderd[0m [32mlogmessaged[0m [32mcamerad[0m [32mlogcatd[0m [32mproclogd[0m [32mmicd[0m [32mtimed[0m [32mdmonitoringmodeld[0m [32msensord[0m [32mui[0m [32msoundd[0m [32mlocationd[0m [32mcalibrationd[0m [32mtorqued[0m [32mcontrolsd[0m [32mselfdrived[0m [32mcard[0m [32mdeleter[0m [32mdmonitoringd[0m [32mqcomgpsd[0m [32mpandad[0m [32mparamsd[0m [32mlagd[0m [32mplannerd[0m [32mradard[0m [32mhardwared[0m [32mtombstoned[0m [32muploader[0m [32mstatsd[0m [32mfeedbackd[0m [32mmodeld_tinygrad[0m [32mmapd[0m [32mmapd_manager[0m [31mmtscd[0m [32mrtid[0m
[32mloggerd[0m [32mencoderd[0m [32mlogmessaged[0m [32mcamerad[0m [32mlogcatd[0m [32mproclogd[0m [32mmicd[0m [32mtimed[0m [32mdmonitoringmodeld[0m [32msensord[0m [32mui[0m [32msoundd[0m [32mlocationd[0m [32mcalibrationd[0m [32mtorqued[0m [32mcontrolsd[0m [32mselfdrived[0m [32mcard[0m [32mdeleter[0m [32mdmonitoringd[0m [32mqcomgpsd[0m [32mpandad[0m [32mparamsd[0m [32mlagd[0m [32mplannerd[0m [32mradard[0m [32mhardwared[0m [32mtombstoned[0m [32muploader[0m [32mstatsd[0m [32mfeedbackd[0m [32mmodeld_tinygrad[0m [32mmapd[0m [32mmapd_manager[0m [31mmtscd[0m [32mrtid[0m
[32mloggerd[0m [32mencoderd[0m [32mlogmessaged[0m [32mcamerad[0m [32mlogcatd[0m [32mproclogd[0m [32mmicd[0m [32mtimed[0m [32mdmonitoringmodeld[0m [32msensord[0m [32mui[0m [32msoundd[0m [32mlocationd[0m [32mcalibrationd[0m [32mtorqued[0m [32mcontrolsd[0m [32mselfdrived[0m [32mcard[0m [32mdeleter[0m [32mdmonitoringd[0m [32mqcomgpsd[0m [32mpandad[0m [32mparamsd[0m [32mlagd[0m [32mplannerd[0m [32mradard[0m [32mhardwared[0m [32mtombstoned[0m [32muploader[0m [32mstatsd[0m [32mfeedbackd[0m [32mmodeld_tinygrad[0m [32mmapd[0m [32mmapd_manager[0m [31mmtscd[0m [32mrtid[0m
[32mloggerd[0m [32mencoderd[0m [32mlogmessaged[0m [32mcamerad[0m [32mlogcatd[0m [32mproclogd[0m [32mmicd[0m [32mtimed[0m [32mdmonitoringmodeld[0m [32msensord[0m [32mui[0m [32msoundd[0m [32mlocationd[0m [32mcalibrationd[0m [32mtorqued[0m [32mcontrolsd[0m [32mselfdrived[0m [32mcard[0m [32mdeleter[0m [32mdmonitoringd[0m [32mqcomgpsd[0m [32mpandad[0m [32mparamsd[0m [32mlagd[0m [32mplannerd[0m [32mradard[0m [32mhardwared[0m [32mtombstoned[0m [32muploader[0m [32mstatsd[0m [32mfeedbackd[0m [32mmodeld_tinygrad[0m [32mmapd[0m [32mmapd_manager[0m [31mmtscd[0m [32mrtid[0m
[32mloggerd[0m [32mencoderd[0m [32mlogmessaged[0m [32mcamerad[0m [32mlogcatd[0m [32mproclogd[0m [32mmicd[0m [32mtimed[0m [32mdmonitoringmodeld[0m [32msensord[0m [32mui[0m [32msoundd[0m [32mlocationd[0m [32mcalibrationd[0m [32mtorqued[0m [32mcontrolsd[0m [32mselfdrived[0m [32mcard[0m [32mdeleter[0m [32mdmonitoringd[0m [32mqcomgpsd[0m [32mpandad[0m [32mparamsd[0m [32mlagd[0m [32mplannerd[0m [32mradard[0m [32mhardwared[0m [32mtombstoned[0m [32muploader[0m [32mstatsd[0m [32mfeedbackd[0m [32mmodeld_tinygrad[0m [32mmapd[0m [32mmapd_manager[0m [31mmtscd[0m [32mrtid[0m
[32mloggerd[0m [32mencoderd[0m [32mlogmessaged[0m [32mcamerad[0m [32mlogcatd[0m [32mproclogd[0m [32mmicd[0m [32mtimed[0m [32mdmonitoringmodeld[0m [32msensord[0m [32mui[0m [32msoundd[0m [32mlocationd[0m [32mcalibrationd[0m [32mtorqued[0m [32mcontrolsd[0m [32mselfdrived[0m [32mcard[0m [32mdeleter[0m [32mdmonitoringd[0m [32mqcomgpsd[0m [32mpandad[0m [32mparamsd[0m [32mlagd[0m [32mplannerd[0m [32mradard[0m [32mhardwared[0m [32mtombstoned[0m [32muploader[0m [32mstatsd[0m [32mfeedbackd[0m [32mmodeld_tinygrad[0m [32mmapd[0m [32mmapd_manager[0m [31mmtscd[0m [32mrtid[0m
RTI cycle took 0.030s
RTI cycle took 0.039s
RTI cycle took 0.033s
RTI cycle took 0.044s
RTI cycle took 0.031s
RTI cycle took 0.030s
RTI cycle took 0.035s
RTI cycle took 0.021s
RTI cycle took 0.029s
RTI cycle took 0.025s
RTI cycle took 0.033s
RTI cycle took 0.035s
RTI cycle took 0.021s
RTI cycle took 0.030s
RTI cycle took 0.018s
RTI cycle took 0.037s
RTI cycle took 0.037s
RTI cycle took 0.021s
RTI cycle took 0.021s
RTI cycle took 0.035s
RTI cycle took 0.034s
RTI cycle took 0.028s
RTI cycle took 0.025s
RTI cycle took 0.034s
RTI cycle took 0.013s
RTI cycle took 0.026s
RTI cycle took 0.036s
RTI cycle took 0.017s
RTI cycle took 0.014s
RTI cycle took 0.025s
RTI cycle took 0.031s
RTI cycle took 0.014s
RTI cycle took 0.024s
RTI cycle took 0.032s
RTI cycle took 0.029s
RTI cycle took 0.025s
RTI cycle took 0.030s
RTI cycle took 0.031s
RTI cycle took 0.022s
RTI cycle took 0.037s
RTI cycle took 0.015s
RTI cycle took 0.024s
RTI cycle took 0.037s
RTI cycle took 0.016s
RTI cycle took 0.022s
RTI cycle took 0.017s
RTI cycle took 0.027s
RTI cycle took 0.020s
RTI cycle took 0.023s
RTI cycle took 0.024s
RTI cycle took 0.042s
RTI cycle took 0.033s
RTI cycle took 0.015s
RTI cycle took 0.032s
RTI cycle took 0.022s
RTI cycle took 0.032s
RTI cycle took 0.031s
RTI cycle took 0.036s
RTI cycle took 0.023s
RTI cycle took 0.027s
RTI cycle took 0.036s
RTI cycle took 0.030s
RTI cycle took 0.028s
RTI cycle took 0.021s
RTI cycle took 0.032s
RTI cycle took 0.024s
RTI cycle took 0.033s
RTI cycle took 0.031s
RTI cycle took 0.031s
RTI cycle took 0.031s
RTI cycle took 0.017s
RTI cycle took 0.014s
RTI cycle took 0.029s
RTI cycle took 0.034s
RTI cycle took 0.027s
RTI cycle took 0.031s
RTI cycle took 0.031s
RTI cycle took 0.025s
RTI cycle took 0.035s
RTI cycle took 0.025s
RTI cycle took 0.038s
RTI cycle took 0.024s
RTI cycle took 0.035s
RTI cycle took 0.028s
RTI cycle took 0.017s
RTI cycle took 0.016s
RTI cycle took 0.022s
RTI cycle took 0.032s
RTI cycle took 0.030s
RTI cycle took 0.036s
RTI cycle took 0.034s
RTI cycle took 0.024s
RTI cycle took 0.017s
RTI cycle took 0.028s
RTI cycle took 0.036s
RTI cycle took 0.030s
RTI cycle took 0.016s
RTI cycle took 0.028s
RTI cycle took 0.029s
RTI cycle took 0.026s
RTI cycle took 0.035s
RTI cycle took 0.038s
RTI cycle took 0.018s
RTI cycle took 0.028s
RTI cycle took 0.017s
RTI cycle took 0.028s
RTI cycle took 0.026s
RTI cycle took 0.041s
RTI cycle took 0.035s
RTI cycle took 0.021s
RTI cycle took 0.024s
RTI cycle took 0.026s
RTI cycle took 0.026s
RTI cycle took 0.021s
RTI cycle took 0.024s
RTI cycle took 0.035s
RTI cycle took 0.022s
RTI cycle took 0.028s
RTI cycle took 0.032s
RTI cycle took 0.029s
RTI cycle took 0.017s
RTI cycle took 0.028s
RTI cycle took 0.025s
RTI cycle took 0.031s
RTI cycle took 0.045s
RTI cycle took 0.015s
RTI cycle took 0.027s
RTI cycle took 0.014s
RTI cycle took 0.023s
RTI cycle took 0.023s
RTI cycle took 0.031s
RTI cycle took 0.036s
RTI cycle took 0.033s
RTI cycle took 0.029s
RTI cycle took 0.032s
RTI cycle took 0.016s
RTI cycle took 0.031s
RTI cycle took 0.015s
RTI cycle took 0.024s
RTI cycle took 0.023s
RTI cycle took 0.044s
RTI cycle took 0.039s
RTI cycle took 0.044s
RTI cycle took 0.013s
RTI cycle took 0.025s
RTI cycle took 0.022s
RTI cycle took 0.033s
RTI cycle took 0.015s
RTI cycle took 0.026s
RTI cycle took 0.026s
RTI cycle took 0.032s
RTI cycle took 0.017s
RTI cycle took 0.028s
RTI cycle took 0.034s
RTI cycle took 0.015s
RTI cycle took 0.025s
RTI cycle took 0.035s
RTI cycle took 0.031s
RTI cycle took 0.036s
RTI cycle took 0.031s
RTI cycle took 0.032s
RTI cycle took 0.031s
RTI cycle took 0.035s
RTI cycle took 0.030s
RTI cycle took 0.037s
RTI cycle took 0.022s
RTI cycle took 0.031s
RTI cycle took 0.041s
RTI cycle took 0.024s
RTI cycle took 0.024s
RTI cycle took 0.024s
RTI cycle took 0.035s
RTI cycle took 0.014s
RTI cycle took 0.027s
RTI cycle took 0.039s
RTI cycle took 0.017s
RTI cycle took 0.033s
RTI cycle took 0.030s
RTI cycle took 0.026s
RTI cycle took 0.015s
RTI cycle took 0.024s
RTI cycle took 0.017s
RTI cycle took 0.028s
RTI cycle took 0.030s
RTI cycle took 0.014s
RTI cycle took 0.027s
RTI cycle took 0.025s
RTI cycle took 0.029s
RTI cycle took 0.033s
RTI cycle took 0.034s
RTI cycle took 0.021s
RTI cycle took 0.027s
RTI cycle took 0.033s
RTI cycle took 0.032s
RTI cycle took 0.026s
RTI cycle took 0.020s
RTI cycle took 0.024s
RTI cycle took 0.030s
RTI cycle took 0.017s
RTI cycle took 0.028s
RTI cycle took 0.039s
RTI cycle took 0.017s
RTI cycle took 0.015s
[32mloggerd[0m [32mencoderd[0m [32mlogmessaged[0m [32mcamerad[0m [32mlogcatd[0m [32mproclogd[0m [32mmicd[0m [32mtimed[0m [32mdmonitoringmodeld[0m [32msensord[0m [32mui[0m [32msoundd[0m [32mlocationd[0m [32mcalibrationd[0m [32mtorqued[0m [32mcontrolsd[0m [32mselfdrived[0m [32mcard[0m [32mdeleter[0m [32mdmonitoringd[0m [32mqcomgpsd[0m [32mpandad[0m [32mparamsd[0m [32mlagd[0m [32mplannerd[0m [32mradard[0m [32mhardwared[0m [32mtombstoned[0m [32muploader[0m [32mstatsd[0m [32mfeedbackd[0m [32mmodeld_tinygrad[0m [32mmapd[0m [32mmapd_manager[0m [31mmtscd[0m [32mrtid[0m
[32mloggerd[0m [32mencoderd[0m [32mlogmessaged[0m [32mcamerad[0m [32mlogcatd[0m [32mproclogd[0m [32mmicd[0m [32mtimed[0m [32mdmonitoringmodeld[0m [32msensord[0m [32mui[0m [32msoundd[0m [32mlocationd[0m [32mcalibrationd[0m [32mtorqued[0m [32mcontrolsd[0m [32mselfdrived[0m [32mcard[0m [32mdeleter[0m [32mdmonitoringd[0m [32mqcomgpsd[0m [32mpandad[0m [32mparamsd[0m [32mlagd[0m [32mplannerd[0m [32mradard[0m [32mhardwared[0m [32mtombstoned[0m [32muploader[0m [32mstatsd[0m [32mfeedbackd[0m [32mmodeld_tinygrad[0m [32mmapd[0m [32mmapd_manager[0m [31mmtscd[0m [32mrtid[0m
[32mloggerd[0m [32mencoderd[0m [32mlogmessaged[0m [32mcamerad[0m [32mlogcatd[0m [32mproclogd[0m [32mmicd[0m [32mtimed[0m [32mdmonitoringmodeld[0m [32msensord[0m [32mui[0m [32msoundd[0m [32mlocationd[0m [32mcalibrationd[0m [32mtorqued[0m [32mcontrolsd[0m [32mselfdrived[0m [32mcard[0m [32mdeleter[0m [32mdmonitoringd[0m [32mqcomgpsd[0m [32mpandad[0m [32mparamsd[0m [32mlagd[0m [32mplannerd[0m [32mradard[0m [32mhardwared[0m [32mtombstoned[0m [32muploader[0m [32mstatsd[0m [32mfeedbackd[0m [32mmodeld_tinygrad[0m [32mmapd[0m [32mmapd_manager[0m [31mmtscd[0m [32mrtid[0m
[32mloggerd[0m [32mencoderd[0m [32mlogmessaged[0m [32mcamerad[0m [32mlogcatd[0m [32mproclogd[0m [32mmicd[0m [32mtimed[0m [32mdmonitoringmodeld[0m [32msensord[0m [32mui[0m [32msoundd[0m [32mlocationd[0m [32mcalibrationd[0m [32mtorqued[0m [32mcontrolsd[0m [32mselfdrived[0m [32mcard[0m [32mdeleter[0m [32mdmonitoringd[0m [32mqcomgpsd[0m [32mpandad[0m [32mparamsd[0m [32mlagd[0m [32mplannerd[0m [32mradard[0m [32mhardwared[0m [32mtombstoned[0m [32muploader[0m [32mstatsd[0m [32mfeedbackd[0m [32mmodeld_tinygrad[0m [32mmapd[0m [32mmapd_manager[0m [31mmtscd[0m [32mrtid[0m
[32mloggerd[0m [32mencoderd[0m [32mlogmessaged[0m [32mcamerad[0m [32mlogcatd[0m [32mproclogd[0m [32mmicd[0m [32mtimed[0m [32mdmonitoringmodeld[0m [32msensord[0m [32mui[0m [32msoundd[0m [32mlocationd[0m [32mcalibrationd[0m [32mtorqued[0m [32mcontrolsd[0m [32mselfdrived[0m [32mcard[0m [32mdeleter[0m [32mdmonitoringd[0m [32mqcomgpsd[0m [32mpandad[0m [32mparamsd[0m [32mlagd[0m [32mplannerd[0m [32mradard[0m [32mhardwared[0m [32mtombstoned[0m [32muploader[0m [32mstatsd[0m [32mfeedbackd[0m [32mmodeld_tinygrad[0m [32mmapd[0m [32mmapd_manager[0m [31mmtscd[0m [32mrtid[0m
[32mloggerd[0m [32mencoderd[0m [32mlogmessaged[0m [32mcamerad[0m [32mlogcatd[0m [32mproclogd[0m [32mmicd[0m [32mtimed[0m [32mdmonitoringmodeld[0m [32msensord[0m [32mui[0m [32msoundd[0m [32mlocationd[0m [32mcalibrationd[0m [32mtorqued[0m [32mcontrolsd[0m [32mselfdrived[0m [32mcard[0m [32mdeleter[0m [32mdmonitoringd[0m [32mqcomgpsd[0m [32mpandad[0m [32mparamsd[0m [32mlagd[0m [32mplannerd[0m [32mradard[0m [32mhardwared[0m [32mtombstoned[0m [32muploader[0m [32mstatsd[0m [32mfeedbackd[0m [32mmodeld_tinygrad[0m [32mmapd[0m [32mmapd_manager[0m [31mmtscd[0m [32mrtid[0m
[32mloggerd[0m [32mencoderd[0m [32mlogmessaged[0m [32mcamerad[0m [32mlogcatd[0m [32mproclogd[0m [32mmicd[0m [32mtimed[0m [32mdmonitoringmodeld[0m [32msensord[0m [32mui[0m [32msoundd[0m [32mlocationd[0m [32mcalibrationd[0m [32mtorqued[0m [32mcontrolsd[0m [32mselfdrived[0m [32mcard[0m [32mdeleter[0m [32mdmonitoringd[0m [32mqcomgpsd[0m [32mpandad[0m [32mparamsd[0m [32mlagd[0m [32mplannerd[0m [32mradard[0m [32mhardwared[0m [32mtombstoned[0m [32muploader[0m [32mstatsd[0m [32mfeedbackd[0m [32mmodeld_tinygrad[0m [32mmapd[0m [32mmapd_manager[0m [31mmtscd[0m [32mrtid[0m
[32mloggerd[0m [32mencoderd[0m [32mlogmessaged[0m [32mcamerad[0m [32mlogcatd[0m [32mproclogd[0m [32mmicd[0m [32mtimed[0m [32mdmonitoringmodeld[0m [32msensord[0m [32mui[0m [32msoundd[0m [32mlocationd[0m [32mcalibrationd[0m [32mtorqued[0m [32mcontrolsd[0m [32mselfdrived[0m [32mcard[0m [32mdeleter[0m [32mdmonitoringd[0m [32mqcomgpsd[0m [32mpandad[0m [32mparamsd[0m [32mlagd[0m [32mplannerd[0m [32mradard[0m [32mhardwared[0m [32mtombstoned[0m [32muploader[0m [32mstatsd[0m [32mfeedbackd[0m [32mmodeld_tinygrad[0m [32mmapd[0m [32mmapd_manager[0m [31mmtscd[0m [32mrtid[0m
[32mloggerd[0m [32mencoderd[0m [32mlogmessaged[0m [32mcamerad[0m [32mlogcatd[0m [32mproclogd[0m [32mmicd[0m [32mtimed[0m [32mdmonitoringmodeld[0m [32msensord[0m [32mui[0m [32msoundd[0m [32mlocationd[0m [32mcalibrationd[0m [32mtorqued[0m [32mcontrolsd[0m [32mselfdrived[0m [32mcard[0m [32mdeleter[0m [32mdmonitoringd[0m [32mqcomgpsd[0m [32mpandad[0m [32mparamsd[0m [32mlagd[0m [32mplannerd[0m [32mradard[0m [32mhardwared[0m [32mtombstoned[0m [32muploader[0m [32mstatsd[0m [32mfeedbackd[0m [32mmodeld_tinygrad[0m [32mmapd[0m [32mmapd_manager[0m [31mmtscd[0m [32mrtid[0m
[32mloggerd[0m [32mencoderd[0m [32mlogmessaged[0m [32mcamerad[0m [32mlogcatd[0m [32mproclogd[0m [32mmicd[0m [32mtimed[0m [32mdmonitoringmodeld[0m [32msensord[0m [32mui[0m [32msoundd[0m [32mlocationd[0m [32mcalibrationd[0m [32mtorqued[0m [32mcontrolsd[0m [32mselfdrived[0m [32mcard[0m [32mdeleter[0m [32mdmonitoringd[0m [32mqcomgpsd[0m [32mpandad[0m [32mparamsd[0m [32mlagd[0m [32mplannerd[0m [32mradard[0m [32mhardwared[0m [32mtombstoned[0m [32muploader[0m [32mstatsd[0m [32mfeedbackd[0m [32mmodeld_tinygrad[0m [32mmapd[0m [32mmapd_manager[0m [31mmtscd[0m [32mrtid[0m
[32mloggerd[0m [32mencoderd[0m [32mlogmessaged[0m [32mcamerad[0m [32mlogcatd[0m [32mproclogd[0m [32mmicd[0m [32mtimed[0m [32mdmonitoringmodeld[0m [32msensord[0m [32mui[0m [32msoundd[0m [32mlocationd[0m [32mcalibrationd[0m [32mtorqued[0m [32mcontrolsd[0m [32mselfdrived[0m [32mcard[0m [32mdeleter[0m [32mdmonitoringd[0m [32mqcomgpsd[0m [32mpandad[0m [32mparamsd[0m [32mlagd[0m [32mplannerd[0m [32mradard[0m [32mhardwared[0m [32mtombstoned[0m [32muploader[0m [32mstatsd[0m [32mfeedbackd[0m [32mmodeld_tinygrad[0m [32mmapd[0m [32mmapd_manager[0m [31mmtscd[0m [32mrtid[0m
[32mloggerd[0m [32mencoderd[0m [32mlogmessaged[0m [32mcamerad[0m [32mlogcatd[0m [32mproclogd[0m [32mmicd[0m [32mtimed[0m [32mdmonitoringmodeld[0m [32msensord[0m [32mui[0m [32msoundd[0m [32mlocationd[0m [32mcalibrationd[0m [32mtorqued[0m [32mcontrolsd[0m [32mselfdrived[0m [32mcard[0m [32mdeleter[0m [32mdmonitoringd[0m [32mqcomgpsd[0m [32mpandad[0m [32mparamsd[0m [32mlagd[0m [32mplannerd[0m [32mradard[0m [32mhardwared[0m [32mtombstoned[0m [32muploader[0m [32mstatsd[0m [32mfeedbackd[0m [32mmodeld_tinygrad[0m [32mmapd[0m [32mmapd_manager[0m [31mmtscd[0m [32mrtid[0m
RTI cycle took 0.025s
RTI cycle took 0.032s
RTI cycle took 0.024s
RTI cycle took 0.032s
RTI cycle took 0.040s
RTI cycle took 0.017s
RTI cycle took 0.030s
RTI cycle took 0.034s
RTI cycle took 0.039s
RTI cycle took 0.035s
RTI cycle took 0.014s
RTI cycle took 0.025s
RTI cycle took 0.014s
RTI cycle took 0.022s
RTI cycle took 0.045s
RTI cycle took 0.014s
RTI cycle took 0.036s
RTI cycle took 0.032s
RTI cycle took 0.016s
RTI cycle took 0.029s
RTI cycle took 0.024s
RTI cycle took 0.031s
RTI cycle took 0.015s
RTI cycle took 0.025s
RTI cycle took 0.024s
RTI cycle took 0.021s
RTI cycle took 0.041s
RTI cycle took 0.017s
RTI cycle took 0.040s
RTI cycle took 0.038s
RTI cycle took 0.016s
RTI cycle took 0.028s
RTI cycle took 0.034s
RTI cycle took 0.031s
RTI cycle took 0.033s
RTI cycle took 0.033s
RTI cycle took 0.039s
RTI cycle took 0.039s
RTI cycle took 0.035s
RTI cycle took 0.015s
RTI cycle took 0.036s
RTI cycle took 0.024s
RTI cycle took 0.028s
RTI cycle took 0.028s
RTI cycle took 0.042s
RTI cycle took 0.033s
RTI cycle took 0.021s
RTI cycle took 0.017s
RTI cycle took 0.028s
RTI cycle took 0.027s
RTI cycle took 0.031s
RTI cycle took 0.035s
RTI cycle took 0.022s
RTI cycle took 0.034s
RTI cycle took 0.024s
RTI cycle took 0.032s
RTI cycle took 0.042s
RTI cycle took 0.033s
RTI cycle took 0.033s
RTI cycle took 0.049s
RTI cycle took 0.024s
RTI cycle took 0.041s
RTI cycle took 0.014s
RTI cycle took 0.028s
RTI cycle took 0.032s
RTI cycle took 0.031s
RTI cycle took 0.033s
RTI cycle took 0.024s
RTI cycle took 0.035s
RTI cycle took 0.024s
RTI cycle took 0.039s
RTI cycle took 0.032s
RTI cycle took 0.017s
RTI cycle took 0.031s
RTI cycle took 0.041s
RTI cycle took 0.014s
RTI cycle took 0.027s
RTI cycle took 0.015s
RTI cycle took 0.033s
RTI cycle took 0.036s
RTI cycle took 0.023s
RTI cycle took 0.034s
RTI cycle took 0.032s
RTI cycle took 0.022s
RTI cycle took 0.024s
RTI cycle took 0.021s
RTI cycle took 0.017s
RTI cycle took 0.031s
RTI cycle took 0.024s
RTI cycle took 0.033s
RTI cycle took 0.033s
RTI cycle took 0.021s
RTI cycle took 0.032s
RTI cycle took 0.046s
RTI cycle took 0.015s
RTI cycle took 0.023s
RTI cycle took 0.040s
RTI cycle took 0.028s
RTI cycle took 0.035s
RTI cycle took 0.038s
RTI cycle took 0.025s
RTI cycle took 0.031s
RTI cycle took 0.029s
RTI cycle took 0.019s
RTI cycle took 0.044s
RTI cycle took 0.027s
RTI cycle took 0.028s
RTI cycle took 0.013s
RTI cycle took 0.021s
RTI cycle took 0.022s
RTI cycle took 0.031s
RTI cycle took 0.042s
RTI cycle took 0.014s
RTI cycle took 0.036s
RTI cycle took 0.038s
RTI cycle took 0.017s
RTI cycle took 0.035s
RTI cycle took 0.042s
RTI cycle took 0.021s
RTI cycle took 0.032s
RTI cycle took 0.046s
RTI cycle took 0.030s
RTI cycle took 0.038s
RTI cycle took 0.034s
RTI cycle took 0.015s
RTI cycle took 0.027s
RTI cycle took 0.039s
RTI cycle took 0.016s
RTI cycle took 0.030s
RTI cycle took 0.036s
RTI cycle took 0.025s
RTI cycle took 0.035s
RTI cycle took 0.022s
RTI cycle took 0.034s
RTI cycle took 0.023s
RTI cycle took 0.036s
RTI cycle took 0.028s
RTI cycle took 0.016s
RTI cycle took 0.025s
RTI cycle took 0.022s
RTI cycle took 0.032s
RTI cycle took 0.039s
RTI cycle took 0.024s
RTI cycle took 0.034s
RTI cycle took 0.027s
RTI cycle took 0.028s
RTI cycle took 0.032s
RTI cycle took 0.017s
RTI cycle took 0.035s
RTI cycle took 0.046s
RTI cycle took 0.015s
RTI cycle took 0.024s
RTI cycle took 0.036s
RTI cycle took 0.030s
RTI cycle took 0.032s
RTI cycle took 0.029s
RTI cycle took 0.031s
RTI cycle took 0.023s
RTI cycle took 0.030s
RTI cycle took 0.036s
RTI cycle took 0.033s
RTI cycle took 0.036s
RTI cycle took 0.028s
RTI cycle took 0.033s
RTI cycle took 0.029s
RTI cycle took 0.032s
RTI cycle took 0.017s
RTI cycle took 0.030s
RTI cycle took 0.014s
RTI cycle took 0.024s
RTI cycle took 0.034s
RTI cycle took 0.030s
RTI cycle took 0.036s
RTI cycle took 0.015s
RTI cycle took 0.024s
RTI cycle took 0.025s
RTI cycle took 0.023s
RTI cycle took 0.035s
RTI cycle took 0.041s
RTI cycle took 0.029s
RTI cycle took 0.041s
RTI cycle took 0.026s
RTI cycle took 0.030s
RTI cycle took 0.017s
RTI cycle took 0.029s
RTI cycle took 0.028s
RTI cycle took 0.028s
RTI cycle took 0.039s
RTI cycle took 0.042s
RTI cycle took 0.017s
RTI cycle took 0.025s
RTI cycle took 0.016s
RTI cycle took 0.016s
RTI cycle took 0.025s
RTI cycle took 0.031s
[32mloggerd[0m [32mencoderd[0m [32mlogmessaged[0m [32mcamerad[0m [32mlogcatd[0m [32mproclogd[0m [32mmicd[0m [32mtimed[0m [32mdmonitoringmodeld[0m [32msensord[0m [32mui[0m [32msoundd[0m [32mlocationd[0m [32mcalibrationd[0m [32mtorqued[0m [32mcontrolsd[0m [32mselfdrived[0m [32mcard[0m [32mdeleter[0m [32mdmonitoringd[0m [32mqcomgpsd[0m [32mpandad[0m [32mparamsd[0m [32mlagd[0m [32mplannerd[0m [32mradard[0m [32mhardwared[0m [32mtombstoned[0m [32muploader[0m [32mstatsd[0m [32mfeedbackd[0m [32mmodeld_tinygrad[0m [32mmapd[0m [32mmapd_manager[0m [31mmtscd[0m [32mrtid[0m
[32mloggerd[0m [32mencoderd[0m [32mlogmessaged[0m [32mcamerad[0m [32mlogcatd[0m [32mproclogd[0m [32mmicd[0m [32mtimed[0m [32mdmonitoringmodeld[0m [32msensord[0m [32mui[0m [32msoundd[0m [32mlocationd[0m [32mcalibrationd[0m [32mtorqued[0m [32mcontrolsd[0m [32mselfdrived[0m [32mcard[0m [32mdeleter[0m [32mdmonitoringd[0m [32mqcomgpsd[0m [32mpandad[0m [32mparamsd[0m [32mlagd[0m [32mplannerd[0m [32mradard[0m [32mhardwared[0m [32mtombstoned[0m [32muploader[0m [32mstatsd[0m [32mfeedbackd[0m [32mmodeld_tinygrad[0m [32mmapd[0m [32mmapd_manager[0m [31mmtscd[0m [32mrtid[0m
[32mloggerd[0m [32mencoderd[0m [32mlogmessaged[0m [32mcamerad[0m [32mlogcatd[0m [32mproclogd[0m [32mmicd[0m [32mtimed[0m [32mdmonitoringmodeld[0m [32msensord[0m [32mui[0m [32msoundd[0m [32mlocationd[0m [32mcalibrationd[0m [32mtorqued[0m [32mcontrolsd[0m [32mselfdrived[0m [32mcard[0m [32mdeleter[0m [32mdmonitoringd[0m [32mqcomgpsd[0m [32mpandad[0m [32mparamsd[0m [32mlagd[0m [32mplannerd[0m [32mradard[0m [32mhardwared[0m [32mtombstoned[0m [32muploader[0m [32mstatsd[0m [32mfeedbackd[0m [32mmodeld_tinygrad[0m [32mmapd[0m [32mmapd_manager[0m [31mmtscd[0m [32mrtid[0m
[32mloggerd[0m [32mencoderd[0m [32mlogmessaged[0m [32mcamerad[0m [32mlogcatd[0m [32mproclogd[0m [32mmicd[0m [32mtimed[0m [32mdmonitoringmodeld[0m [32msensord[0m [32mui[0m [32msoundd[0m [32mlocationd[0m [32mcalibrationd[0m [32mtorqued[0m [32mcontrolsd[0m [32mselfdrived[0m [32mcard[0m [32mdeleter[0m [32mdmonitoringd[0m [32mqcomgpsd[0m [32mpandad[0m [32mparamsd[0m [32mlagd[0m [32mplannerd[0m [32mradard[0m [32mhardwared[0m [32mtombstoned[0m [32muploader[0m [32mstatsd[0m [32mfeedbackd[0m [32mmodeld_tinygrad[0m [32mmapd[0m [32mmapd_manager[0m [31mmtscd[0m [32mrtid[0m
[32mloggerd[0m [32mencoderd[0m [32mlogmessaged[0m [32mcamerad[0m [32mlogcatd[0m [32mproclogd[0m [32mmicd[0m [32mtimed[0m [32mdmonitoringmodeld[0m [32msensord[0m [32mui[0m [32msoundd[0m [32mlocationd[0m [32mcalibrationd[0m [32mtorqued[0m [32mcontrolsd[0m [32mselfdrived[0m [32mcard[0m [32mdeleter[0m [32mdmonitoringd[0m [32mqcomgpsd[0m [32mpandad[0m [32mparamsd[0m [32mlagd[0m [32mplannerd[0m [32mradard[0m [32mhardwared[0m [32mtombstoned[0m [32muploader[0m [32mstatsd[0m [32mfeedbackd[0m [32mmodeld_tinygrad[0m [32mmapd[0m [32mmapd_manager[0m [31mmtscd[0m [32mrtid[0m
[32mloggerd[0m [32mencoderd[0m [32mlogmessaged[0m [32mcamerad[0m [32mlogcatd[0m [32mproclogd[0m [32mmicd[0m [32mtimed[0m [32mdmonitoringmodeld[0m [32msensord[0m [32mui[0m [32msoundd[0m [32mlocationd[0m [32mcalibrationd[0m [32mtorqued[0m [32mcontrolsd[0m [32mselfdrived[0m [32mcard[0m [32mdeleter[0m [32mdmonitoringd[0m [32mqcomgpsd[0m [32mpandad[0m [32mparamsd[0m [32mlagd[0m [32mplannerd[0m [32mradard[0m [32mhardwared[0m [32mtombstoned[0m [32muploader[0m [32mstatsd[0m [32mfeedbackd[0m [32mmodeld_tinygrad[0m [32mmapd[0m [32mmapd_manager[0m [31mmtscd[0m [32mrtid[0m
[32mloggerd[0m [32mencoderd[0m [32mlogmessaged[0m [32mcamerad[0m [32mlogcatd[0m [32mproclogd[0m [32mmicd[0m [32mtimed[0m [32mdmonitoringmodeld[0m [32msensord[0m [32mui[0m [32msoundd[0m [32mlocationd[0m [32mcalibrationd[0m [32mtorqued[0m [32mcontrolsd[0m [32mselfdrived[0m [32mcard[0m [32mdeleter[0m [32mdmonitoringd[0m [32mqcomgpsd[0m [32mpandad[0m [32mparamsd[0m [32mlagd[0m [32mplannerd[0m [32mradard[0m [32mhardwared[0m [32mtombstoned[0m [32muploader[0m [32mstatsd[0m [32mfeedbackd[0m [32mmodeld_tinygrad[0m [32mmapd[0m [32mmapd_manager[0m [31mmtscd[0m [32mrtid[0m
[32mloggerd[0m [32mencoderd[0m [32mlogmessaged[0m [32mcamerad[0m [32mlogcatd[0m [32mproclogd[0m [32mmicd[0m [32mtimed[0m [32mdmonitoringmodeld[0m [32msensord[0m [32mui[0m [32msoundd[0m [32mlocationd[0m [32mcalibrationd[0m [32mtorqued[0m [32mcontrolsd[0m [32mselfdrived[0m [32mcard[0m [32mdeleter[0m [32mdmonitoringd[0m [32mqcomgpsd[0m [32mpandad[0m [32mparamsd[0m [32mlagd[0m [32mplannerd[0m [32mradard[0m [32mhardwared[0m [32mtombstoned[0m [32muploader[0m [32mstatsd[0m [32mfeedbackd[0m [32mmodeld_tinygrad[0m [32mmapd[0m [32mmapd_manager[0m [31mmtscd[0m [32mrtid[0m
[32mloggerd[0m [32mencoderd[0m [32mlogmessaged[0m [32mcamerad[0m [32mlogcatd[0m [32mproclogd[0m [32mmicd[0m [32mtimed[0m [32mdmonitoringmodeld[0m [32msensord[0m [32mui[0m [32msoundd[0m [32mlocationd[0m [32mcalibrationd[0m [32mtorqued[0m [32mcontrolsd[0m [32mselfdrived[0m [32mcard[0m [32mdeleter[0m [32mdmonitoringd[0m [32mqcomgpsd[0m [32mpandad[0m [32mparamsd[0m [32mlagd[0m [32mplannerd[0m [32mradard[0m [32mhardwared[0m [32mtombstoned[0m [32muploader[0m [32mstatsd[0m [32mfeedbackd[0m [32mmodeld_tinygrad[0m [32mmapd[0m [32mmapd_manager[0m [31mmtscd[0m [32mrtid[0m
[32mloggerd[0m [32mencoderd[0m [32mlogmessaged[0m [32mcamerad[0m [32mlogcatd[0m [32mproclogd[0m [32mmicd[0m [32mtimed[0m [32mdmonitoringmodeld[0m [32msensord[0m [32mui[0m [32msoundd[0m [32mlocationd[0m [32mcalibrationd[0m [32mtorqued[0m [32mcontrolsd[0m [32mselfdrived[0m [32mcard[0m [32mdeleter[0m [32mdmonitoringd[0m [32mqcomgpsd[0m [32mpandad[0m [32mparamsd[0m [32mlagd[0m [32mplannerd[0m [32mradard[0m [32mhardwared[0m [32mtombstoned[0m [32muploader[0m [32mstatsd[0m [32mfeedbackd[0m [32mmodeld_tinygrad[0m [32mmapd[0m [32mmapd_manager[0m [31mmtscd[0m [32mrtid[0m
[32mloggerd[0m [32mencoderd[0m [32mlogmessaged[0m [32mcamerad[0m [32mlogcatd[0m [32mproclogd[0m [32mmicd[0m [32mtimed[0m [32mdmonitoringmodeld[0m [32msensord[0m [32mui[0m [32msoundd[0m [32mlocationd[0m [32mcalibrationd[0m [32mtorqued[0m [32mcontrolsd[0m [32mselfdrived[0m [32mcard[0m [32mdeleter[0m [32mdmonitoringd[0m [32mqcomgpsd[0m [32mpandad[0m [32mparamsd[0m [32mlagd[0m [32mplannerd[0m [32mradard[0m [32mhardwared[0m [32mtombstoned[0m [32muploader[0m [32mstatsd[0m [32mfeedbackd[0m [32mmodeld_tinygrad[0m [32mmapd[0m [32mmapd_manager[0m [31mmtscd[0m [32mrtid[0m
[32mloggerd[0m [32mencoderd[0m [32mlogmessaged[0m [32mcamerad[0m [32mlogcatd[0m [32mproclogd[0m [32mmicd[0m [32mtimed[0m [32mdmonitoringmodeld[0m [32msensord[0m [32mui[0m [32msoundd[0m [32mlocationd[0m [32mcalibrationd[0m [32mtorqued[0m [32mcontrolsd[0m [32mselfdrived[0m [32mcard[0m [32mdeleter[0m [32mdmonitoringd[0m [32mqcomgpsd[0m [32mpandad[0m [32mparamsd[0m [32mlagd[0m [32mplannerd[0m [32mradard[0m [32mhardwared[0m [32mtombstoned[0m [32muploader[0m [32mstatsd[0m [32mfeedbackd[0m [32mmodeld_tinygrad[0m [32mmapd[0m [32mmapd_manager[0m [31mmtscd[0m [32mrtid[0m
RTI cycle took 0.027s
RTI cycle took 0.028s
RTI cycle took 0.029s
RTI cycle took 0.030s
RTI cycle took 0.018s
RTI cycle took 0.027s
RTI cycle took 0.032s
RTI cycle took 0.017s
RTI cycle took 0.036s
RTI cycle took 0.017s
RTI cycle took 0.029s
RTI cycle took 0.018s
RTI cycle took 0.026s
RTI cycle took 0.028s
RTI cycle took 0.031s
RTI cycle took 0.031s
RTI cycle took 0.025s
RTI cycle took 0.031s
RTI cycle took 0.027s
RTI cycle took 0.031s
RTI cycle took 0.033s
RTI cycle took 0.033s
RTI cycle took 0.030s
RTI cycle took 0.033s
RTI cycle took 0.024s
RTI cycle took 0.031s
RTI cycle took 0.041s
RTI cycle took 0.017s
RTI cycle took 0.028s
RTI cycle took 0.026s
RTI cycle took 0.041s
RTI cycle took 0.031s
RTI cycle took 0.017s
RTI cycle took 0.030s
RTI cycle took 0.022s
RTI cycle took 0.025s
RTI cycle took 0.023s
RTI cycle took 0.032s
RTI cycle took 0.043s
RTI cycle took 0.033s
RTI cycle took 0.039s
RTI cycle took 0.031s
RTI cycle took 0.017s
RTI cycle took 0.028s
RTI cycle took 0.028s
RTI cycle took 0.030s
RTI cycle took 0.032s
RTI cycle took 0.025s
RTI cycle took 0.031s
RTI cycle took 0.028s
RTI cycle took 0.049s
RTI cycle took 0.030s
RTI cycle took 0.031s
RTI cycle took 0.026s
RTI cycle took 0.031s
RTI cycle took 0.041s
RTI cycle took 0.017s
RTI cycle took 0.032s
RTI cycle took 0.014s
RTI cycle took 0.023s
RTI cycle took 0.035s
RTI cycle took 0.029s
RTI cycle took 0.041s
RTI cycle took 0.018s
RTI cycle took 0.031s
RTI cycle took 0.014s
RTI cycle took 0.022s
RTI cycle took 0.043s
RTI cycle took 0.016s
RTI cycle took 0.027s
RTI cycle took 0.016s
RTI cycle took 0.026s
RTI cycle took 0.017s
RTI cycle took 0.028s
RTI cycle took 0.025s
RTI cycle took 0.032s
RTI cycle took 0.041s
RTI cycle took 0.023s
RTI cycle took 0.030s
RTI cycle took 0.023s
RTI cycle took 0.026s
RTI cycle took 0.018s
RTI cycle took 0.026s
RTI cycle took 0.022s
RTI cycle took 0.028s
RTI cycle took 0.041s
RTI cycle took 0.024s
RTI cycle took 0.033s
RTI cycle took 0.041s
RTI cycle took 0.035s
RTI cycle took 0.030s
RTI cycle took 0.041s
RTI cycle took 0.041s
RTI cycle took 0.017s
RTI cycle took 0.035s
RTI cycle took 0.030s
RTI cycle took 0.036s
RTI cycle took 0.031s
RTI cycle took 0.017s
RTI cycle took 0.019s
RTI cycle took 0.021s
RTI cycle took 0.031s
RTI cycle took 0.018s
RTI cycle took 0.028s
RTI cycle took 0.041s
RTI cycle took 0.043s
RTI cycle took 0.028s
RTI cycle took 0.024s
RTI cycle took 0.035s
RTI cycle took 0.031s
RTI cycle took 0.039s
RTI cycle took 0.041s
RTI cycle took 0.025s
RTI cycle took 0.031s
RTI cycle took 0.031s
RTI cycle took 0.028s
RTI cycle took 0.031s
RTI cycle took 0.036s
RTI cycle took 0.019s
RTI cycle took 0.024s
RTI cycle took 0.031s
RTI cycle took 0.033s
RTI cycle took 0.032s
RTI cycle took 0.031s
RTI cycle took 0.033s
RTI cycle took 0.024s
RTI cycle took 0.030s
RTI cycle took 0.029s
RTI cycle took 0.024s
RTI cycle took 0.014s
RTI cycle took 0.026s
RTI cycle took 0.015s
RTI cycle took 0.018s
RTI cycle took 0.016s
RTI cycle took 0.033s
RTI cycle took 0.026s
RTI cycle took 0.029s
RTI cycle took 0.032s
RTI cycle took 0.038s
RTI cycle took 0.026s
RTI cycle took 0.031s
RTI cycle took 0.038s
RTI cycle took 0.037s
RTI cycle took 0.032s
RTI cycle took 0.040s
RTI cycle took 0.018s
RTI cycle took 0.027s
RTI cycle took 0.034s
RTI cycle took 0.045s
RTI cycle took 0.021s
RTI cycle took 0.042s
RTI cycle took 0.034s
RTI cycle took 0.021s
RTI cycle took 0.029s
RTI cycle took 0.030s
RTI cycle took 0.018s
RTI cycle took 0.034s
RTI cycle took 0.022s
RTI cycle took 0.040s
RTI cycle took 0.017s
RTI cycle took 0.028s
RTI cycle took 0.019s
RTI cycle took 0.022s
RTI cycle took 0.024s
RTI cycle took 0.020s
RTI cycle took 0.025s
RTI cycle took 0.024s
RTI cycle took 0.025s
RTI cycle took 0.041s
RTI cycle took 0.017s
RTI cycle took 0.036s
RTI cycle took 0.079s
RTI cycle took 0.031s
RTI cycle took 0.036s
RTI cycle took 0.031s
RTI cycle took 0.040s
RTI cycle took 0.016s
stats dir full
RTI cycle took 0.027s
RTI cycle took 0.040s
RTI cycle took 0.032s
RTI cycle took 0.029s
RTI cycle took 0.030s
RTI cycle took 0.019s
RTI cycle took 0.030s
RTI cycle took 0.024s
RTI cycle took 0.024s
RTI cycle took 0.036s
RTI cycle took 0.038s
RTI cycle took 0.033s
RTI cycle took 0.039s
RTI cycle took 0.017s
RTI cycle took 0.016s
RTI cycle took 0.025s
RTI cycle took 0.031s
RTI cycle took 0.017s
RTI cycle took 0.025s
[32mloggerd[0m [32mencoderd[0m [32mlogmessaged[0m [32mcamerad[0m [32mlogcatd[0m [32mproclogd[0m [32mmicd[0m [32mtimed[0m [32mdmonitoringmodeld[0m [32msensord[0m [32mui[0m [32msoundd[0m [32mlocationd[0m [32mcalibrationd[0m [32mtorqued[0m [32mcontrolsd[0m [32mselfdrived[0m [32mcard[0m [32mdeleter[0m [32mdmonitoringd[0m [32mqcomgpsd[0m [32mpandad[0m [32mparamsd[0m [32mlagd[0m [32mplannerd[0m [32mradard[0m [32mhardwared[0m [32mtombstoned[0m [32muploader[0m [32mstatsd[0m [32mfeedbackd[0m [32mmodeld_tinygrad[0m [32mmapd[0m [32mmapd_manager[0m [31mmtscd[0m [32mrtid[0m
[32mloggerd[0m [32mencoderd[0m [32mlogmessaged[0m [32mcamerad[0m [32mlogcatd[0m [32mproclogd[0m [32mmicd[0m [32mtimed[0m [32mdmonitoringmodeld[0m [32msensord[0m [32mui[0m [32msoundd[0m [32mlocationd[0m [32mcalibrationd[0m [32mtorqued[0m [32mcontrolsd[0m [32mselfdrived[0m [32mcard[0m [32mdeleter[0m [32mdmonitoringd[0m [32mqcomgpsd[0m [32mpandad[0m [32mparamsd[0m [32mlagd[0m [32mplannerd[0m [32mradard[0m [32mhardwared[0m [32mtombstoned[0m [32muploader[0m [32mstatsd[0m [32mfeedbackd[0m [32mmodeld_tinygrad[0m [32mmapd[0m [32mmapd_manager[0m [31mmtscd[0m [32mrtid[0m
[32mloggerd[0m [32mencoderd[0m [32mlogmessaged[0m [32mcamerad[0m [32mlogcatd[0m [32mproclogd[0m [32mmicd[0m [32mtimed[0m [32mdmonitoringmodeld[0m [32msensord[0m [32mui[0m [32msoundd[0m [32mlocationd[0m [32mcalibrationd[0m [32mtorqued[0m [32mcontrolsd[0m [32mselfdrived[0m [32mcard[0m [32mdeleter[0m [32mdmonitoringd[0m [32mqcomgpsd[0m [32mpandad[0m [32mparamsd[0m [32mlagd[0m [32mplannerd[0m [32mradard[0m [32mhardwared[0m [32mtombstoned[0m [32muploader[0m [32mstatsd[0m [32mfeedbackd[0m [32mmodeld_tinygrad[0m [32mmapd[0m [32mmapd_manager[0m [31mmtscd[0m [32mrtid[0m
[32mloggerd[0m [32mencoderd[0m [32mlogmessaged[0m [32mcamerad[0m [32mlogcatd[0m [32mproclogd[0m [32mmicd[0m [32mtimed[0m [32mdmonitoringmodeld[0m [32msensord[0m [32mui[0m [32msoundd[0m [32mlocationd[0m [32mcalibrationd[0m [32mtorqued[0m [32mcontrolsd[0m [32mselfdrived[0m [32mcard[0m [32mdeleter[0m [32mdmonitoringd[0m [32mqcomgpsd[0m [32mpandad[0m [32mparamsd[0m [32mlagd[0m [32mplannerd[0m [32mradard[0m [32mhardwared[0m [32mtombstoned[0m [32muploader[0m [32mstatsd[0m [32mfeedbackd[0m [32mmodeld_tinygrad[0m [32mmapd[0m [32mmapd_manager[0m [31mmtscd[0m [32mrtid[0m
[32mloggerd[0m [32mencoderd[0m [32mlogmessaged[0m [32mcamerad[0m [32mlogcatd[0m [32mproclogd[0m [32mmicd[0m [32mtimed[0m [32mdmonitoringmodeld[0m [32msensord[0m [32mui[0m [32msoundd[0m [32mlocationd[0m [32mcalibrationd[0m [32mtorqued[0m [32mcontrolsd[0m [32mselfdrived[0m [32mcard[0m [32mdeleter[0m [32mdmonitoringd[0m [32mqcomgpsd[0m [32mpandad[0m [32mparamsd[0m [32mlagd[0m [32mplannerd[0m [32mradard[0m [32mhardwared[0m [32mtombstoned[0m [32muploader[0m [32mstatsd[0m [32mfeedbackd[0m [32mmodeld_tinygrad[0m [32mmapd[0m [32mmapd_manager[0m [31mmtscd[0m [32mrtid[0m
[32mloggerd[0m [32mencoderd[0m [32mlogmessaged[0m [32mcamerad[0m [32mlogcatd[0m [32mproclogd[0m [32mmicd[0m [32mtimed[0m [32mdmonitoringmodeld[0m [32msensord[0m [32mui[0m [32msoundd[0m [32mlocationd[0m [32mcalibrationd[0m [32mtorqued[0m [32mcontrolsd[0m [32mselfdrived[0m [32mcard[0m [32mdeleter[0m [32mdmonitoringd[0m [32mqcomgpsd[0m [32mpandad[0m [32mparamsd[0m [32mlagd[0m [32mplannerd[0m [32mradard[0m [32mhardwared[0m [32mtombstoned[0m [32muploader[0m [32mstatsd[0m [32mfeedbackd[0m [32mmodeld_tinygrad[0m [32mmapd[0m [32mmapd_manager[0m [31mmtscd[0m [32mrtid[0m
[32mloggerd[0m [32mencoderd[0m [32mlogmessaged[0m [32mcamerad[0m [32mlogcatd[0m [32mproclogd[0m [32mmicd[0m [32mtimed[0m [32mdmonitoringmodeld[0m [32msensord[0m [32mui[0m [32msoundd[0m [32mlocationd[0m [32mcalibrationd[0m [32mtorqued[0m [32mcontrolsd[0m [32mselfdrived[0m [32mcard[0m [32mdeleter[0m [32mdmonitoringd[0m [32mqcomgpsd[0m [32mpandad[0m [32mparamsd[0m [32mlagd[0m [32mplannerd[0m [32mradard[0m [32mhardwared[0m [32mtombstoned[0m [32muploader[0m [32mstatsd[0m [32mfeedbackd[0m [32mmodeld_tinygrad[0m [32mmapd[0m [32mmapd_manager[0m [31mmtscd[0m [32mrtid[0m
[32mloggerd[0m [32mencoderd[0m [32mlogmessaged[0m [32mcamerad[0m [32mlogcatd[0m [32mproclogd[0m [32mmicd[0m [32mtimed[0m [32mdmonitoringmodeld[0m [32msensord[0m [32mui[0m [32msoundd[0m [32mlocationd[0m [32mcalibrationd[0m [32mtorqued[0m [32mcontrolsd[0m [32mselfdrived[0m [32mcard[0m [32mdeleter[0m [32mdmonitoringd[0m [32mqcomgpsd[0m [32mpandad[0m [32mparamsd[0m [32mlagd[0m [32mplannerd[0m [32mradard[0m [32mhardwared[0m [32mtombstoned[0m [32muploader[0m [32mstatsd[0m [32mfeedbackd[0m [32mmodeld_tinygrad[0m [32mmapd[0m [32mmapd_manager[0m [31mmtscd[0m [32mrtid[0m
[32mloggerd[0m [32mencoderd[0m [32mlogmessaged[0m [32mcamerad[0m [32mlogcatd[0m [32mproclogd[0m [32mmicd[0m [32mtimed[0m [32mdmonitoringmodeld[0m [32msensord[0m [32mui[0m [32msoundd[0m [32mlocationd[0m [32mcalibrationd[0m [32mtorqued[0m [32mcontrolsd[0m [32mselfdrived[0m [32mcard[0m [32mdeleter[0m [32mdmonitoringd[0m [32mqcomgpsd[0m [32mpandad[0m [32mparamsd[0m [32mlagd[0m [32mplannerd[0m [32mradard[0m [32mhardwared[0m [32mtombstoned[0m [32muploader[0m [32mstatsd[0m [32mfeedbackd[0m [32mmodeld_tinygrad[0m [32mmapd[0m [32mmapd_manager[0m [31mmtscd[0m [32mrtid[0m
[32mloggerd[0m [32mencoderd[0m [32mlogmessaged[0m [32mcamerad[0m [32mlogcatd[0m [32mproclogd[0m [32mmicd[0m [32mtimed[0m [32mdmonitoringmodeld[0m [32msensord[0m [32mui[0m [32msoundd[0m [32mlocationd[0m [32mcalibrationd[0m [32mtorqued[0m [32mcontrolsd[0m [32mselfdrived[0m [32mcard[0m [32mdeleter[0m [32mdmonitoringd[0m [32mqcomgpsd[0m [32mpandad[0m [32mparamsd[0m [32mlagd[0m [32mplannerd[0m [32mradard[0m [32mhardwared[0m [32mtombstoned[0m [32muploader[0m [32mstatsd[0m [32mfeedbackd[0m [32mmodeld_tinygrad[0m [32mmapd[0m [32mmapd_manager[0m [31mmtscd[0m [32mrtid[0m
[32mloggerd[0m [32mencoderd[0m [32mlogmessaged[0m [32mcamerad[0m [32mlogcatd[0m [32mproclogd[0m [32mmicd[0m [32mtimed[0m [32mdmonitoringmodeld[0m [32msensord[0m [32mui[0m [32msoundd[0m [32mlocationd[0m [32mcalibrationd[0m [32mtorqued[0m [32mcontrolsd[0m [32mselfdrived[0m [32mcard[0m [32mdeleter[0m [32mdmonitoringd[0m [32mqcomgpsd[0m [32mpandad[0m [32mparamsd[0m [32mlagd[0m [32mplannerd[0m [32mradard[0m [32mhardwared[0m [32mtombstoned[0m [32muploader[0m [32mstatsd[0m [32mfeedbackd[0m [32mmodeld_tinygrad[0m [32mmapd[0m [32mmapd_manager[0m [31mmtscd[0m [32mrtid[0m
[32mloggerd[0m [32mencoderd[0m [32mlogmessaged[0m [32mcamerad[0m [32mlogcatd[0m [32mproclogd[0m [32mmicd[0m [32mtimed[0m [32mdmonitoringmodeld[0m [32msensord[0m [32mui[0m [32msoundd[0m [32mlocationd[0m [32mcalibrationd[0m [32mtorqued[0m [32mcontrolsd[0m [32mselfdrived[0m [32mcard[0m [32mdeleter[0m [32mdmonitoringd[0m [32mqcomgpsd[0m [32mpandad[0m [32mparamsd[0m [32mlagd[0m [32mplannerd[0m [32mradard[0m [32mhardwared[0m [32mtombstoned[0m [32muploader[0m [32mstatsd[0m [32mfeedbackd[0m [32mmodeld_tinygrad[0m [32mmapd[0m [32mmapd_manager[0m [31mmtscd[0m [32mrtid[0m
RTI cycle took 0.027s
RTI cycle took 0.024s
RTI cycle took 0.036s
RTI cycle took 0.028s
RTI cycle took 0.017s
RTI cycle took 0.016s
RTI cycle took 0.037s
RTI cycle took 0.038s
RTI cycle took 0.037s
RTI cycle took 0.031s
RTI cycle took 0.015s
RTI cycle took 0.025s
RTI cycle took 0.017s
RTI cycle took 0.027s
RTI cycle took 0.042s
RTI cycle took 0.016s
RTI cycle took 0.028s
RTI cycle took 0.016s
RTI cycle took 0.028s
RTI cycle took 0.023s
RTI cycle took 0.033s
RTI cycle took 0.016s
RTI cycle took 0.027s
RTI cycle took 0.015s
RTI cycle took 0.035s
RTI cycle took 0.032s
RTI cycle took 0.017s
RTI cycle took 0.028s
RTI cycle took 0.017s
RTI cycle took 0.028s
RTI cycle took 0.036s
RTI cycle took 0.031s
RTI cycle took 0.037s
RTI cycle took 0.034s
RTI cycle took 0.023s
RTI cycle took 0.033s
RTI cycle took 0.030s
RTI cycle took 0.028s
RTI cycle took 0.022s
RTI cycle took 0.032s
RTI cycle took 0.021s
RTI cycle took 0.023s
RTI cycle took 0.024s
RTI cycle took 0.049s
RTI cycle took 0.017s
RTI cycle took 0.026s
system/loggerd/loggerd.cc: rotated to /data/media/0/realdata/00000062--5fe8af6682--3
RTI cycle took 0.036s
RTI cycle took 0.035s
RTI cycle took 0.024s
RTI cycle took 0.025s
RTI cycle took 0.042s
RTI cycle took 0.029s
RTI cycle took 0.026s
RTI cycle took 0.032s
RTI cycle took 0.027s
RTI cycle took 0.029s
RTI cycle took 0.034s
RTI cycle took 0.032s
RTI cycle took 0.032s
RTI cycle took 0.028s
RTI cycle took 0.025s
RTI cycle took 0.032s
RTI cycle took 0.032s
RTI cycle took 0.037s
RTI cycle took 0.023s
RTI cycle took 0.032s
RTI cycle took 0.042s
RTI cycle took 0.024s
RTI cycle took 0.033s
RTI cycle took 0.041s
RTI cycle took 0.033s
RTI cycle took 0.016s
RTI cycle took 0.036s
RTI cycle took 0.026s
RTI cycle took 0.030s
RTI cycle took 0.045s
RTI cycle took 0.037s
RTI cycle took 0.029s
RTI cycle took 0.025s
RTI cycle took 0.049s
RTI cycle took 0.040s
RTI cycle took 0.038s
RTI cycle took 0.025s
RTI cycle took 0.039s
RTI cycle took 0.038s
RTI cycle took 0.027s
RTI cycle took 0.032s
RTI cycle took 0.025s
RTI cycle took 0.027s
RTI cycle took 0.027s
RTI cycle took 0.030s
RTI cycle took 0.017s
RTI cycle took 0.036s
RTI cycle took 0.032s
RTI cycle took 0.029s
RTI cycle took 0.037s
RTI cycle took 0.031s
RTI cycle took 0.041s
RTI cycle took 0.030s
RTI cycle took 0.023s
RTI cycle took 0.028s
RTI cycle took 0.025s
RTI cycle took 0.033s
RTI cycle took 0.044s
RTI cycle took 0.049s
RTI cycle took 0.033s
RTI cycle took 0.053s
RTI cycle took 0.021s
RTI cycle took 0.048s
RTI cycle took 0.030s
RTI cycle took 0.019s
RTI cycle took 0.021s
RTI cycle took 0.024s
RTI cycle took 0.031s
RTI cycle took 0.031s
RTI cycle took 0.027s
RTI cycle took 0.034s
RTI cycle took 0.035s
RTI cycle took 0.028s
RTI cycle took 0.032s
RTI cycle took 0.026s
RTI cycle took 0.032s
RTI cycle took 0.041s
RTI cycle took 0.030s
RTI cycle took 0.026s
RTI cycle took 0.017s
RTI cycle took 0.027s
RTI cycle took 0.044s
RTI cycle took 0.015s
RTI cycle took 0.026s
RTI cycle took 0.016s
RTI cycle took 0.028s
RTI cycle took 0.028s
RTI cycle took 0.022s
RTI cycle took 0.016s
RTI cycle took 0.025s
RTI cycle took 0.016s
RTI cycle took 0.020s
RTI cycle took 0.034s
RTI cycle took 0.030s
RTI cycle took 0.052s
RTI cycle took 0.039s
RTI cycle took 0.020s
RTI cycle took 0.033s
RTI cycle took 0.028s
RTI cycle took 0.017s
RTI cycle took 0.029s
RTI cycle took 0.023s
RTI cycle took 0.033s
RTI cycle took 0.025s
RTI cycle took 0.039s
RTI cycle took 0.031s
RTI cycle took 0.019s
RTI cycle took 0.026s
RTI cycle took 0.041s
RTI cycle took 0.019s
RTI cycle took 0.027s
RTI cycle took 0.017s
RTI cycle took 0.014s
RTI cycle took 0.012s
RTI cycle took 0.020s
RTI cycle took 0.043s
RTI cycle took 0.016s
RTI cycle took 0.020s
RTI cycle took 0.032s
RTI cycle took 0.032s
RTI cycle took 0.034s
RTI cycle took 0.021s
RTI cycle took 0.028s
RTI cycle took 0.035s
RTI cycle took 0.026s
RTI cycle took 0.022s
RTI cycle took 0.033s
RTI cycle took 0.025s
RTI cycle took 0.032s
RTI cycle took 0.068s
RTI cycle took 0.029s
RTI cycle took 0.031s
RTI cycle took 0.031s
RTI cycle took 0.030s
RTI cycle took 0.044s
RTI cycle took 0.023s
RTI cycle took 0.046s
RTI cycle took 0.026s
RTI cycle took 0.015s
RTI cycle took 0.025s
RTI cycle took 0.015s
RTI cycle took 0.028s
RTI cycle took 0.040s
RTI cycle took 0.015s
RTI cycle took 0.027s
[32mloggerd[0m [32mencoderd[0m [32mlogmessaged[0m [32mcamerad[0m [32mlogcatd[0m [32mproclogd[0m [32mmicd[0m [32mtimed[0m [32mdmonitoringmodeld[0m [32msensord[0m [32mui[0m [32msoundd[0m [32mlocationd[0m [32mcalibrationd[0m [32mtorqued[0m [32mcontrolsd[0m [32mselfdrived[0m [32mcard[0m [32mdeleter[0m [32mdmonitoringd[0m [32mqcomgpsd[0m [32mpandad[0m [32mparamsd[0m [32mlagd[0m [32mplannerd[0m [32mradard[0m [32mhardwared[0m [32mtombstoned[0m [32muploader[0m [32mstatsd[0m [32mfeedbackd[0m [32mmodeld_tinygrad[0m [32mmapd[0m [32mmapd_manager[0m [31mmtscd[0m [32mrtid[0m
[32mloggerd[0m [32mencoderd[0m [32mlogmessaged[0m [32mcamerad[0m [32mlogcatd[0m [32mproclogd[0m [32mmicd[0m [32mtimed[0m [32mdmonitoringmodeld[0m [32msensord[0m [32mui[0m [32msoundd[0m [32mlocationd[0m [32mcalibrationd[0m [32mtorqued[0m [32mcontrolsd[0m [32mselfdrived[0m [32mcard[0m [32mdeleter[0m [32mdmonitoringd[0m [32mqcomgpsd[0m [32mpandad[0m [32mparamsd[0m [32mlagd[0m [32mplannerd[0m [32mradard[0m [32mhardwared[0m [32mtombstoned[0m [32muploader[0m [32mstatsd[0m [32mfeedbackd[0m [32mmodeld_tinygrad[0m [32mmapd[0m [32mmapd_manager[0m [31mmtscd[0m [32mrtid[0m
[32mloggerd[0m [32mencoderd[0m [32mlogmessaged[0m [32mcamerad[0m [32mlogcatd[0m [32mproclogd[0m [32mmicd[0m [32mtimed[0m [32mdmonitoringmodeld[0m [32msensord[0m [32mui[0m [32msoundd[0m [32mlocationd[0m [32mcalibrationd[0m [32mtorqued[0m [32mcontrolsd[0m [32mselfdrived[0m [32mcard[0m [32mdeleter[0m [32mdmonitoringd[0m [32mqcomgpsd[0m [32mpandad[0m [32mparamsd[0m [32mlagd[0m [32mplannerd[0m [32mradard[0m [32mhardwared[0m [32mtombstoned[0m [32muploader[0m [32mstatsd[0m [32mfeedbackd[0m [32mmodeld_tinygrad[0m [32mmapd[0m [32mmapd_manager[0m [31mmtscd[0m [32mrtid[0m
[32mloggerd[0m [32mencoderd[0m [32mlogmessaged[0m [32mcamerad[0m [32mlogcatd[0m [32mproclogd[0m [32mmicd[0m [32mtimed[0m [32mdmonitoringmodeld[0m [32msensord[0m [32mui[0m [32msoundd[0m [32mlocationd[0m [32mcalibrationd[0m [32mtorqued[0m [32mcontrolsd[0m [32mselfdrived[0m [32mcard[0m [32mdeleter[0m [32mdmonitoringd[0m [32mqcomgpsd[0m [32mpandad[0m [32mparamsd[0m [32mlagd[0m [32mplannerd[0m [32mradard[0m [32mhardwared[0m [32mtombstoned[0m [32muploader[0m [32mstatsd[0m [32mfeedbackd[0m [32mmodeld_tinygrad[0m [32mmapd[0m [32mmapd_manager[0m [31mmtscd[0m [32mrtid[0m
[32mloggerd[0m [32mencoderd[0m [32mlogmessaged[0m [32mcamerad[0m [32mlogcatd[0m [32mproclogd[0m [32mmicd[0m [32mtimed[0m [32mdmonitoringmodeld[0m [32msensord[0m [32mui[0m [32msoundd[0m [32mlocationd[0m [32mcalibrationd[0m [32mtorqued[0m [32mcontrolsd[0m [32mselfdrived[0m [32mcard[0m [32mdeleter[0m [32mdmonitoringd[0m [32mqcomgpsd[0m [32mpandad[0m [32mparamsd[0m [32mlagd[0m [32mplannerd[0m [32mradard[0m [32mhardwared[0m [32mtombstoned[0m [32muploader[0m [32mstatsd[0m [32mfeedbackd[0m [32mmodeld_tinygrad[0m [32mmapd[0m [32mmapd_manager[0m [31mmtscd[0m [32mrtid[0m
[32mloggerd[0m [32mencoderd[0m [32mlogmessaged[0m [32mcamerad[0m [32mlogcatd[0m [32mproclogd[0m [32mmicd[0m [32mtimed[0m [32mdmonitoringmodeld[0m [32msensord[0m [32mui[0m [32msoundd[0m [32mlocationd[0m [32mcalibrationd[0m [32mtorqued[0m [32mcontrolsd[0m [32mselfdrived[0m [32mcard[0m [32mdeleter[0m [32mdmonitoringd[0m [32mqcomgpsd[0m [32mpandad[0m [32mparamsd[0m [32mlagd[0m [32mplannerd[0m [32mradard[0m [32mhardwared[0m [32mtombstoned[0m [32muploader[0m [32mstatsd[0m [32mfeedbackd[0m [32mmodeld_tinygrad[0m [32mmapd[0m [32mmapd_manager[0m [31mmtscd[0m [32mrtid[0m
[32mloggerd[0m [32mencoderd[0m [32mlogmessaged[0m [32mcamerad[0m [32mlogcatd[0m [32mproclogd[0m [32mmicd[0m [32mtimed[0m [32mdmonitoringmodeld[0m [32msensord[0m [32mui[0m [32msoundd[0m [32mlocationd[0m [32mcalibrationd[0m [32mtorqued[0m [32mcontrolsd[0m [32mselfdrived[0m [32mcard[0m [32mdeleter[0m [32mdmonitoringd[0m [32mqcomgpsd[0m [32mpandad[0m [32mparamsd[0m [32mlagd[0m [32mplannerd[0m [32mradard[0m [32mhardwared[0m [32mtombstoned[0m [32muploader[0m [32mstatsd[0m [32mfeedbackd[0m [32mmodeld_tinygrad[0m [32mmapd[0m [32mmapd_manager[0m [31mmtscd[0m [32mrtid[0m
[32mloggerd[0m [32mencoderd[0m [32mlogmessaged[0m [32mcamerad[0m [32mlogcatd[0m [32mproclogd[0m [32mmicd[0m [32mtimed[0m [32mdmonitoringmodeld[0m [32msensord[0m [32mui[0m [32msoundd[0m [32mlocationd[0m [32mcalibrationd[0m [32mtorqued[0m [32mcontrolsd[0m [32mselfdrived[0m [32mcard[0m [32mdeleter[0m [32mdmonitoringd[0m [32mqcomgpsd[0m [32mpandad[0m [32mparamsd[0m [32mlagd[0m [32mplannerd[0m [32mradard[0m [32mhardwared[0m [32mtombstoned[0m [32muploader[0m [32mstatsd[0m [32mfeedbackd[0m [32mmodeld_tinygrad[0m [32mmapd[0m [32mmapd_manager[0m [31mmtscd[0m [32mrtid[0m
[32mloggerd[0m [32mencoderd[0m [32mlogmessaged[0m [32mcamerad[0m [32mlogcatd[0m [32mproclogd[0m [32mmicd[0m [32mtimed[0m [32mdmonitoringmodeld[0m [32msensord[0m [32mui[0m [32msoundd[0m [32mlocationd[0m [32mcalibrationd[0m [32mtorqued[0m [32mcontrolsd[0m [32mselfdrived[0m [32mcard[0m [32mdeleter[0m [32mdmonitoringd[0m [32mqcomgpsd[0m [32mpandad[0m [32mparamsd[0m [32mlagd[0m [32mplannerd[0m [32mradard[0m [32mhardwared[0m [32mtombstoned[0m [32muploader[0m [32mstatsd[0m [32mfeedbackd[0m [32mmodeld_tinygrad[0m [32mmapd[0m [32mmapd_manager[0m [31mmtscd[0m [32mrtid[0m
[32mloggerd[0m [32mencoderd[0m [32mlogmessaged[0m [32mcamerad[0m [32mlogcatd[0m [32mproclogd[0m [32mmicd[0m [32mtimed[0m [32mdmonitoringmodeld[0m [32msensord[0m [32mui[0m [32msoundd[0m [32mlocationd[0m [32mcalibrationd[0m [32mtorqued[0m [32mcontrolsd[0m [32mselfdrived[0m [32mcard[0m [32mdeleter[0m [32mdmonitoringd[0m [32mqcomgpsd[0m [32mpandad[0m [32mparamsd[0m [32mlagd[0m [32mplannerd[0m [32mradard[0m [32mhardwared[0m [32mtombstoned[0m [32muploader[0m [32mstatsd[0m [32mfeedbackd[0m [32mmodeld_tinygrad[0m [32mmapd[0m [32mmapd_manager[0m [31mmtscd[0m [32mrtid[0m
[32mloggerd[0m [32mencoderd[0m [32mlogmessaged[0m [32mcamerad[0m [32mlogcatd[0m [32mproclogd[0m [32mmicd[0m [32mtimed[0m [32mdmonitoringmodeld[0m [32msensord[0m [32mui[0m [32msoundd[0m [32mlocationd[0m [32mcalibrationd[0m [32mtorqued[0m [32mcontrolsd[0m [32mselfdrived[0m [32mcard[0m [32mdeleter[0m [32mdmonitoringd[0m [32mqcomgpsd[0m [32mpandad[0m [32mparamsd[0m [32mlagd[0m [32mplannerd[0m [32mradard[0m [32mhardwared[0m [32mtombstoned[0m [32muploader[0m [32mstatsd[0m [32mfeedbackd[0m [32mmodeld_tinygrad[0m [32mmapd[0m [32mmapd_manager[0m [31mmtscd[0m [32mrtid[0m
[32mloggerd[0m [32mencoderd[0m [32mlogmessaged[0m [32mcamerad[0m [32mlogcatd[0m [32mproclogd[0m [32mmicd[0m [32mtimed[0m [32mdmonitoringmodeld[0m [32msensord[0m [32mui[0m [32msoundd[0m [32mlocationd[0m [32mcalibrationd[0m [32mtorqued[0m [32mcontrolsd[0m [32mselfdrived[0m [32mcard[0m [32mdeleter[0m [32mdmonitoringd[0m [32mqcomgpsd[0m [32mpandad[0m [32mparamsd[0m [32mlagd[0m [32mplannerd[0m [32mradard[0m [32mhardwared[0m [32mtombstoned[0m [32muploader[0m [32mstatsd[0m [32mfeedbackd[0m [32mmodeld_tinygrad[0m [32mmapd[0m [32mmapd_manager[0m [31mmtscd[0m [32mrtid[0m
RTI cycle took 0.014s
RTI cycle took 0.024s
RTI cycle took 0.031s
RTI cycle took 0.025s
RTI cycle took 0.032s
RTI cycle took 0.026s
RTI cycle took 0.031s
RTI cycle took 0.030s
RTI cycle took 0.017s
RTI cycle took 0.028s
RTI cycle took 0.019s
RTI cycle took 0.028s
RTI cycle took 0.017s
RTI cycle took 0.028s
RTI cycle took 0.022s
RTI cycle took 0.031s
RTI cycle took 0.018s
RTI cycle took 0.030s
RTI cycle took 0.024s
RTI cycle took 0.020s
RTI cycle took 0.017s
RTI cycle took 0.027s
RTI cycle took 0.041s
RTI cycle took 0.015s
RTI cycle took 0.026s
RTI cycle took 0.026s
RTI cycle took 0.028s
RTI cycle took 0.043s
RTI cycle took 0.016s
RTI cycle took 0.025s
RTI cycle took 0.029s
RTI cycle took 0.031s
RTI cycle took 0.031s
RTI cycle took 0.017s
RTI cycle took 0.033s
RTI cycle took 0.011s
RTI cycle took 0.023s
RTI cycle took 0.024s
RTI cycle took 0.030s
RTI cycle took 0.018s
RTI cycle took 0.025s
RTI cycle took 0.032s
RTI cycle took 0.028s
RTI cycle took 0.029s
RTI cycle took 0.026s
RTI cycle took 0.029s
RTI cycle took 0.018s
RTI cycle took 0.026s
RTI cycle took 0.018s
RTI cycle took 0.020s
RTI cycle took 0.023s
RTI cycle took 0.035s
RTI cycle took 0.015s
RTI cycle took 0.030s
RTI cycle took 0.039s
RTI cycle took 0.032s
RTI cycle took 0.031s
RTI cycle took 0.031s
RTI cycle took 0.015s
RTI cycle took 0.029s
RTI cycle took 0.020s
RTI cycle took 0.031s
RTI cycle took 0.041s
RTI cycle took 0.018s
RTI cycle took 0.029s
RTI cycle took 0.034s
RTI cycle took 0.031s
RTI cycle took 0.030s
RTI cycle took 0.025s
RTI cycle took 0.030s
RTI cycle took 0.045s
RTI cycle took 0.013s
RTI cycle took 0.046s
RTI cycle took 0.037s
RTI cycle took 0.044s
RTI cycle took 0.038s
RTI cycle took 0.040s
RTI cycle took 0.017s
RTI cycle took 0.027s
RTI cycle took 0.036s
RTI cycle took 0.033s
RTI cycle took 0.014s
RTI cycle took 0.023s
RTI cycle took 0.034s
RTI cycle took 0.022s
RTI cycle took 0.031s
RTI cycle took 0.028s
RTI cycle took 0.031s
RTI cycle took 0.031s
RTI cycle took 0.022s
RTI cycle took 0.040s
RTI cycle took 0.033s
RTI cycle took 0.043s
RTI cycle took 0.022s
RTI cycle took 0.030s
RTI cycle took 0.018s
RTI cycle took 0.032s
RTI cycle took 0.024s
RTI cycle took 0.018s
RTI cycle took 0.042s
RTI cycle took 0.014s
RTI cycle took 0.027s
RTI cycle took 0.021s
RTI cycle took 0.043s
RTI cycle took 0.029s
RTI cycle took 0.038s
RTI cycle took 0.039s
RTI cycle took 0.031s
RTI cycle took 0.041s
RTI cycle took 0.016s
RTI cycle took 0.024s
RTI cycle took 0.049s
RTI cycle took 0.017s
RTI cycle took 0.028s
RTI cycle took 0.025s
RTI cycle took 0.034s
RTI cycle took 0.013s
RTI cycle took 0.023s
RTI cycle took 0.041s
RTI cycle took 0.025s
RTI cycle took 0.033s
RTI cycle took 0.016s
RTI cycle took 0.029s
RTI cycle took 0.013s
RTI cycle took 0.018s
RTI cycle took 0.041s
RTI cycle took 0.039s
RTI cycle took 0.035s
RTI cycle took 0.031s
RTI cycle took 0.017s
RTI cycle took 0.023s
RTI cycle took 0.043s
RTI cycle took 0.025s
RTI cycle took 0.032s
RTI cycle took 0.016s
RTI cycle took 0.024s
RTI cycle took 0.042s
RTI cycle took 0.025s
RTI cycle took 0.030s
RTI cycle took 0.039s
RTI cycle took 0.023s
RTI cycle took 0.025s
RTI cycle took 0.049s
RTI cycle took 0.032s
RTI cycle took 0.028s
RTI cycle took 0.019s
RTI cycle took 0.036s
RTI cycle took 0.015s
RTI cycle took 0.022s
RTI cycle took 0.025s
RTI cycle took 0.027s
RTI cycle took 0.026s
RTI cycle took 0.029s
RTI cycle took 0.033s
RTI cycle took 0.023s
RTI cycle took 0.029s
RTI cycle took 0.035s
RTI cycle took 0.022s
RTI cycle took 0.031s
RTI cycle took 0.017s
RTI cycle took 0.027s
RTI cycle took 0.016s
RTI cycle took 0.028s
RTI cycle took 0.035s
RTI cycle took 0.016s
RTI cycle took 0.030s
RTI cycle took 0.027s
RTI cycle took 0.035s
RTI cycle took 0.022s
RTI cycle took 0.022s
RTI cycle took 0.028s
RTI cycle took 0.027s
RTI cycle took 0.040s
RTI cycle took 0.015s
RTI cycle took 0.025s
RTI cycle took 0.035s
RTI cycle took 0.029s
RTI cycle took 0.034s
RTI cycle took 0.017s
RTI cycle took 0.026s
RTI cycle took 0.015s
RTI cycle took 0.026s
RTI cycle took 0.026s
RTI cycle took 0.029s
RTI cycle took 0.031s
RTI cycle took 0.039s
RTI cycle took 0.026s
RTI cycle took 0.019s
RTI cycle took 0.027s
RTI cycle took 0.035s
RTI cycle took 0.017s
RTI cycle took 0.019s
RTI cycle took 0.033s
RTI cycle took 0.030s
RTI cycle took 0.035s
RTI cycle took 0.031s
RTI cycle took 0.031s
RTI cycle took 0.018s
RTI cycle took 0.017s
RTI cycle took 0.037s
RTI cycle took 0.017s
RTI cycle took 0.026s
RTI cycle took 0.024s
RTI cycle took 0.029s
RTI cycle took 0.018s
RTI cycle took 0.029s
RTI cycle took 0.041s
RTI cycle took 0.026s
[32mloggerd[0m [32mencoderd[0m [32mlogmessaged[0m [32mcamerad[0m [32mlogcatd[0m [32mproclogd[0m [32mmicd[0m [32mtimed[0m [32mdmonitoringmodeld[0m [32msensord[0m [32mui[0m [32msoundd[0m [32mlocationd[0m [32mcalibrationd[0m [32mtorqued[0m [32mcontrolsd[0m [32mselfdrived[0m [32mcard[0m [32mdeleter[0m [32mdmonitoringd[0m [32mqcomgpsd[0m [32mpandad[0m [32mparamsd[0m [32mlagd[0m [32mplannerd[0m [32mradard[0m [32mhardwared[0m [32mtombstoned[0m [32muploader[0m [32mstatsd[0m [32mfeedbackd[0m [32mmodeld_tinygrad[0m [32mmapd[0m [32mmapd_manager[0m [31mmtscd[0m [32mrtid[0m
[32mloggerd[0m [32mencoderd[0m [32mlogmessaged[0m [32mcamerad[0m [32mlogcatd[0m [32mproclogd[0m [32mmicd[0m [32mtimed[0m [32mdmonitoringmodeld[0m [32msensord[0m [32mui[0m [32msoundd[0m [32mlocationd[0m [32mcalibrationd[0m [32mtorqued[0m [32mcontrolsd[0m [32mselfdrived[0m [32mcard[0m [32mdeleter[0m [32mdmonitoringd[0m [32mqcomgpsd[0m [32mpandad[0m [32mparamsd[0m [32mlagd[0m [32mplannerd[0m [32mradard[0m [32mhardwared[0m [32mtombstoned[0m [32muploader[0m [32mstatsd[0m [32mfeedbackd[0m [32mmodeld_tinygrad[0m [32mmapd[0m [32mmapd_manager[0m [31mmtscd[0m [32mrtid[0m
[32mloggerd[0m [32mencoderd[0m [32mlogmessaged[0m [32mcamerad[0m [32mlogcatd[0m [32mproclogd[0m [32mmicd[0m [32mtimed[0m [32mdmonitoringmodeld[0m [32msensord[0m [32mui[0m [32msoundd[0m [32mlocationd[0m [32mcalibrationd[0m [32mtorqued[0m [32mcontrolsd[0m [32mselfdrived[0m [32mcard[0m [32mdeleter[0m [32mdmonitoringd[0m [32mqcomgpsd[0m [32mpandad[0m [32mparamsd[0m [32mlagd[0m [32mplannerd[0m [32mradard[0m [32mhardwared[0m [32mtombstoned[0m [32muploader[0m [32mstatsd[0m [32mfeedbackd[0m [32mmodeld_tinygrad[0m [32mmapd[0m [32mmapd_manager[0m [31mmtscd[0m [32mrtid[0m
[32mloggerd[0m [32mencoderd[0m [32mlogmessaged[0m [32mcamerad[0m [32mlogcatd[0m [32mproclogd[0m [32mmicd[0m [32mtimed[0m [32mdmonitoringmodeld[0m [32msensord[0m [32mui[0m [32msoundd[0m [32mlocationd[0m [32mcalibrationd[0m [32mtorqued[0m [32mcontrolsd[0m [32mselfdrived[0m [32mcard[0m [32mdeleter[0m [32mdmonitoringd[0m [32mqcomgpsd[0m [32mpandad[0m [32mparamsd[0m [32mlagd[0m [32mplannerd[0m [32mradard[0m [32mhardwared[0m [32mtombstoned[0m [32muploader[0m [32mstatsd[0m [32mfeedbackd[0m [32mmodeld_tinygrad[0m [32mmapd[0m [32mmapd_manager[0m [31mmtscd[0m [32mrtid[0m
[32mloggerd[0m [32mencoderd[0m [32mlogmessaged[0m [32mcamerad[0m [32mlogcatd[0m [32mproclogd[0m [32mmicd[0m [32mtimed[0m [32mdmonitoringmodeld[0m [32msensord[0m [32mui[0m [32msoundd[0m [32mlocationd[0m [32mcalibrationd[0m [32mtorqued[0m [32mcontrolsd[0m [32mselfdrived[0m [32mcard[0m [32mdeleter[0m [32mdmonitoringd[0m [32mqcomgpsd[0m [32mpandad[0m [32mparamsd[0m [32mlagd[0m [32mplannerd[0m [32mradard[0m [32mhardwared[0m [32mtombstoned[0m [32muploader[0m [32mstatsd[0m [32mfeedbackd[0m [32mmodeld_tinygrad[0m [32mmapd[0m [32mmapd_manager[0m [31mmtscd[0m [32mrtid[0m
[32mloggerd[0m [32mencoderd[0m [32mlogmessaged[0m [32mcamerad[0m [32mlogcatd[0m [32mproclogd[0m [32mmicd[0m [32mtimed[0m [32mdmonitoringmodeld[0m [32msensord[0m [32mui[0m [32msoundd[0m [32mlocationd[0m [32mcalibrationd[0m [32mtorqued[0m [32mcontrolsd[0m [32mselfdrived[0m [32mcard[0m [32mdeleter[0m [32mdmonitoringd[0m [32mqcomgpsd[0m [32mpandad[0m [32mparamsd[0m [32mlagd[0m [32mplannerd[0m [32mradard[0m [32mhardwared[0m [32mtombstoned[0m [32muploader[0m [32mstatsd[0m [32mfeedbackd[0m [32mmodeld_tinygrad[0m [32mmapd[0m [32mmapd_manager[0m [31mmtscd[0m [32mrtid[0m
[32mloggerd[0m [32mencoderd[0m [32mlogmessaged[0m [32mcamerad[0m [32mlogcatd[0m [32mproclogd[0m [32mmicd[0m [32mtimed[0m [32mdmonitoringmodeld[0m [32msensord[0m [32mui[0m [32msoundd[0m [32mlocationd[0m [32mcalibrationd[0m [32mtorqued[0m [32mcontrolsd[0m [32mselfdrived[0m [32mcard[0m [32mdeleter[0m [32mdmonitoringd[0m [32mqcomgpsd[0m [32mpandad[0m [32mparamsd[0m [32mlagd[0m [32mplannerd[0m [32mradard[0m [32mhardwared[0m [32mtombstoned[0m [32muploader[0m [32mstatsd[0m [32mfeedbackd[0m [32mmodeld_tinygrad[0m [32mmapd[0m [32mmapd_manager[0m [31mmtscd[0m [32mrtid[0m
[32mloggerd[0m [32mencoderd[0m [32mlogmessaged[0m [32mcamerad[0m [32mlogcatd[0m [32mproclogd[0m [32mmicd[0m [32mtimed[0m [32mdmonitoringmodeld[0m [32msensord[0m [32mui[0m [32msoundd[0m [32mlocationd[0m [32mcalibrationd[0m [32mtorqued[0m [32mcontrolsd[0m [32mselfdrived[0m [32mcard[0m [32mdeleter[0m [32mdmonitoringd[0m [32mqcomgpsd[0m [32mpandad[0m [32mparamsd[0m [32mlagd[0m [32mplannerd[0m [32mradard[0m [32mhardwared[0m [32mtombstoned[0m [32muploader[0m [32mstatsd[0m [32mfeedbackd[0m [32mmodeld_tinygrad[0m [32mmapd[0m [32mmapd_manager[0m [31mmtscd[0m [32mrtid[0m
[32mloggerd[0m [32mencoderd[0m [32mlogmessaged[0m [32mcamerad[0m [32mlogcatd[0m [32mproclogd[0m [32mmicd[0m [32mtimed[0m [32mdmonitoringmodeld[0m [32msensord[0m [32mui[0m [32msoundd[0m [32mlocationd[0m [32mcalibrationd[0m [32mtorqued[0m [32mcontrolsd[0m [32mselfdrived[0m [32mcard[0m [32mdeleter[0m [32mdmonitoringd[0m [32mqcomgpsd[0m [32mpandad[0m [32mparamsd[0m [32mlagd[0m [32mplannerd[0m [32mradard[0m [32mhardwared[0m [32mtombstoned[0m [32muploader[0m [32mstatsd[0m [32mfeedbackd[0m [32mmodeld_tinygrad[0m [32mmapd[0m [32mmapd_manager[0m [31mmtscd[0m [32mrtid[0m
[32mloggerd[0m [32mencoderd[0m [32mlogmessaged[0m [32mcamerad[0m [32mlogcatd[0m [32mproclogd[0m [32mmicd[0m [32mtimed[0m [32mdmonitoringmodeld[0m [32msensord[0m [32mui[0m [32msoundd[0m [32mlocationd[0m [32mcalibrationd[0m [32mtorqued[0m [32mcontrolsd[0m [32mselfdrived[0m [32mcard[0m [32mdeleter[0m [32mdmonitoringd[0m [32mqcomgpsd[0m [32mpandad[0m [32mparamsd[0m [32mlagd[0m [32mplannerd[0m [32mradard[0m [32mhardwared[0m [32mtombstoned[0m [32muploader[0m [32mstatsd[0m [32mfeedbackd[0m [32mmodeld_tinygrad[0m [32mmapd[0m [32mmapd_manager[0m [31mmtscd[0m [32mrtid[0m
[32mloggerd[0m [32mencoderd[0m [32mlogmessaged[0m [32mcamerad[0m [32mlogcatd[0m [32mproclogd[0m [32mmicd[0m [32mtimed[0m [32mdmonitoringmodeld[0m [32msensord[0m [32mui[0m [32msoundd[0m [32mlocationd[0m [32mcalibrationd[0m [32mtorqued[0m [32mcontrolsd[0m [32mselfdrived[0m [32mcard[0m [32mdeleter[0m [32mdmonitoringd[0m [32mqcomgpsd[0m [32mpandad[0m [32mparamsd[0m [32mlagd[0m [32mplannerd[0m [32mradard[0m [32mhardwared[0m [32mtombstoned[0m [32muploader[0m [32mstatsd[0m [32mfeedbackd[0m [32mmodeld_tinygrad[0m [32mmapd[0m [32mmapd_manager[0m [31mmtscd[0m [32mrtid[0m
[32mloggerd[0m [32mencoderd[0m [32mlogmessaged[0m [32mcamerad[0m [32mlogcatd[0m [32mproclogd[0m [32mmicd[0m [32mtimed[0m [32mdmonitoringmodeld[0m [32msensord[0m [32mui[0m [32msoundd[0m [32mlocationd[0m [32mcalibrationd[0m [32mtorqued[0m [32mcontrolsd[0m [32mselfdrived[0m [32mcard[0m [32mdeleter[0m [32mdmonitoringd[0m [32mqcomgpsd[0m [32mpandad[0m [32mparamsd[0m [32mlagd[0m [32mplannerd[0m [32mradard[0m [32mhardwared[0m [32mtombstoned[0m [32muploader[0m [32mstatsd[0m [32mfeedbackd[0m [32mmodeld_tinygrad[0m [32mmapd[0m [32mmapd_manager[0m [31mmtscd[0m [32mrtid[0m
RTI cycle took 0.032s
RTI cycle took 0.024s
RTI cycle took 0.022s
RTI cycle took 0.029s
RTI cycle took 0.029s
RTI cycle took 0.028s
RTI cycle took 0.025s
RTI cycle took 0.032s
RTI cycle took 0.028s
RTI cycle took 0.026s
RTI cycle took 0.032s
RTI cycle took 0.015s
RTI cycle took 0.027s
RTI cycle took 0.026s
RTI cycle took 0.035s
RTI cycle took 0.015s
RTI cycle took 0.023s
RTI cycle took 0.017s
RTI cycle took 0.027s
RTI cycle took 0.041s
RTI cycle took 0.014s
RTI cycle took 0.028s
RTI cycle took 0.024s
RTI cycle took 0.032s
RTI cycle took 0.040s
RTI cycle took 0.018s
RTI cycle took 0.027s
RTI cycle took 0.026s
RTI cycle took 0.042s
RTI cycle took 0.022s
RTI cycle took 0.034s
RTI cycle took 0.022s
RTI cycle took 0.018s
RTI cycle took 0.027s
RTI cycle took 0.030s
RTI cycle took 0.028s
RTI cycle took 0.032s
RTI cycle took 0.026s
RTI cycle took 0.031s
RTI cycle took 0.026s
RTI cycle took 0.029s
RTI cycle took 0.032s
RTI cycle took 0.026s
RTI cycle took 0.021s
RTI cycle took 0.042s
RTI cycle took 0.017s
RTI cycle took 0.027s
RTI cycle took 0.035s
RTI cycle took 0.042s
RTI cycle took 0.029s
RTI cycle took 0.027s
RTI cycle took 0.021s
RTI cycle took 0.017s
RTI cycle took 0.028s
RTI cycle took 0.017s
RTI cycle took 0.036s
RTI cycle took 0.020s
RTI cycle took 0.030s
RTI cycle took 0.031s
RTI cycle took 0.017s
RTI cycle took 0.027s
RTI cycle took 0.016s
RTI cycle took 0.030s
RTI cycle took 0.025s
RTI cycle took 0.031s
RTI cycle took 0.028s
RTI cycle took 0.019s
RTI cycle took 0.030s
RTI cycle took 0.035s
RTI cycle took 0.032s
RTI cycle took 0.041s
RTI cycle took 0.015s
RTI cycle took 0.027s
RTI cycle took 0.025s
RTI cycle took 0.031s
RTI cycle took 0.017s
RTI cycle took 0.029s
RTI cycle took 0.040s
RTI cycle took 0.035s
RTI cycle took 0.020s
RTI cycle took 0.028s
RTI cycle took 0.034s
RTI cycle took 0.028s
RTI cycle took 0.025s
RTI cycle took 0.032s
RTI cycle took 0.043s
RTI cycle took 0.014s
RTI cycle took 0.025s
RTI cycle took 0.025s
RTI cycle took 0.032s
RTI cycle took 0.027s
RTI cycle took 0.029s
RTI cycle took 0.031s
RTI cycle took 0.017s
RTI cycle took 0.031s
RTI cycle took 0.032s
RTI cycle took 0.021s
RTI cycle took 0.028s
RTI cycle took 0.030s
RTI cycle took 0.031s
RTI cycle took 0.026s
RTI cycle took 0.031s
RTI cycle took 0.042s
RTI cycle took 0.016s
RTI cycle took 0.028s
RTI cycle took 0.016s
RTI cycle took 0.026s
RTI cycle took 0.025s
RTI cycle took 0.031s
RTI cycle took 0.038s
RTI cycle took 0.021s
RTI cycle took 0.040s
RTI cycle took 0.028s
RTI cycle took 0.030s
RTI cycle took 0.032s
RTI cycle took 0.036s
RTI cycle took 0.039s
RTI cycle took 0.032s
RTI cycle took 0.040s
RTI cycle took 0.037s
RTI cycle took 0.036s
RTI cycle took 0.031s
RTI cycle took 0.018s
RTI cycle took 0.028s
RTI cycle took 0.028s
RTI cycle took 0.028s
RTI cycle took 0.035s
RTI cycle took 0.023s
RTI cycle took 0.036s
RTI cycle took 0.013s
RTI cycle took 0.025s
RTI cycle took 0.026s
RTI cycle took 0.040s
RTI cycle took 0.028s
RTI cycle took 0.042s
RTI cycle took 0.025s
RTI cycle took 0.029s
RTI cycle took 0.041s
RTI cycle took 0.020s
RTI cycle took 0.028s
RTI cycle took 0.035s
RTI cycle took 0.030s
RTI cycle took 0.032s
RTI cycle took 0.024s
RTI cycle took 0.031s
RTI cycle took 0.028s
RTI cycle took 0.045s
RTI cycle took 0.025s
RTI cycle took 0.023s
RTI cycle took 0.023s
RTI cycle took 0.028s
RTI cycle took 0.028s
RTI cycle took 0.033s
RTI cycle took 0.025s
RTI cycle took 0.032s
RTI cycle took 0.042s
RTI cycle took 0.015s
RTI cycle took 0.014s
RTI cycle took 0.024s
RTI cycle took 0.033s
RTI cycle took 0.036s
RTI cycle took 0.028s
RTI cycle took 0.034s
RTI cycle took 0.024s
RTI cycle took 0.032s
RTI cycle took 0.041s
RTI cycle took 0.016s
RTI cycle took 0.036s
RTI cycle took 0.040s
RTI cycle took 0.016s
RTI cycle took 0.028s
RTI cycle took 0.017s
RTI cycle took 0.027s
RTI cycle took 0.026s
RTI cycle took 0.031s
RTI cycle took 0.017s
RTI cycle took 0.027s
RTI cycle took 0.041s
RTI cycle took 0.026s
RTI cycle took 0.032s
RTI cycle took 0.044s
RTI cycle took 0.015s
RTI cycle took 0.025s
RTI cycle took 0.034s
RTI cycle took 0.040s
RTI cycle took 0.038s
RTI cycle took 0.033s
RTI cycle took 0.035s
RTI cycle took 0.028s
RTI cycle took 0.021s
RTI cycle took 0.018s
RTI cycle took 0.039s
RTI cycle took 0.013s
RTI cycle took 0.027s
RTI cycle took 0.026s
RTI cycle took 0.030s
RTI cycle took 0.033s
RTI cycle took 0.037s
RTI cycle took 0.027s
RTI cycle took 0.029s
[32mloggerd[0m [32mencoderd[0m [32mlogmessaged[0m [32mcamerad[0m [32mlogcatd[0m [32mproclogd[0m [32mmicd[0m [32mtimed[0m [32mdmonitoringmodeld[0m [32msensord[0m [32mui[0m [32msoundd[0m [32mlocationd[0m [32mcalibrationd[0m [32mtorqued[0m [32mcontrolsd[0m [32mselfdrived[0m [32mcard[0m [32mdeleter[0m [32mdmonitoringd[0m [32mqcomgpsd[0m [32mpandad[0m [32mparamsd[0m [32mlagd[0m [32mplannerd[0m [32mradard[0m [32mhardwared[0m [32mtombstoned[0m [32muploader[0m [32mstatsd[0m [32mfeedbackd[0m [32mmodeld_tinygrad[0m [32mmapd[0m [32mmapd_manager[0m [31mmtscd[0m [32mrtid[0m
[32mloggerd[0m [32mencoderd[0m [32mlogmessaged[0m [32mcamerad[0m [32mlogcatd[0m [32mproclogd[0m [32mmicd[0m [32mtimed[0m [32mdmonitoringmodeld[0m [32msensord[0m [32mui[0m [32msoundd[0m [32mlocationd[0m [32mcalibrationd[0m [32mtorqued[0m [32mcontrolsd[0m [32mselfdrived[0m [32mcard[0m [32mdeleter[0m [32mdmonitoringd[0m [32mqcomgpsd[0m [32mpandad[0m [32mparamsd[0m [32mlagd[0m [32mplannerd[0m [32mradard[0m [32mhardwared[0m [32mtombstoned[0m [32muploader[0m [32mstatsd[0m [32mfeedbackd[0m [32mmodeld_tinygrad[0m [32mmapd[0m [32mmapd_manager[0m [31mmtscd[0m [32mrtid[0m
[32mloggerd[0m [32mencoderd[0m [32mlogmessaged[0m [32mcamerad[0m [32mlogcatd[0m [32mproclogd[0m [32mmicd[0m [32mtimed[0m [32mdmonitoringmodeld[0m [32msensord[0m [32mui[0m [32msoundd[0m [32mlocationd[0m [32mcalibrationd[0m [32mtorqued[0m [32mcontrolsd[0m [32mselfdrived[0m [32mcard[0m [32mdeleter[0m [32mdmonitoringd[0m [32mqcomgpsd[0m [32mpandad[0m [32mparamsd[0m [32mlagd[0m [32mplannerd[0m [32mradard[0m [32mhardwared[0m [32mtombstoned[0m [32muploader[0m [32mstatsd[0m [32mfeedbackd[0m [32mmodeld_tinygrad[0m [32mmapd[0m [32mmapd_manager[0m [31mmtscd[0m [32mrtid[0m
[32mloggerd[0m [32mencoderd[0m [32mlogmessaged[0m [32mcamerad[0m [32mlogcatd[0m [32mproclogd[0m [32mmicd[0m [32mtimed[0m [32mdmonitoringmodeld[0m [32msensord[0m [32mui[0m [32msoundd[0m [32mlocationd[0m [32mcalibrationd[0m [32mtorqued[0m [32mcontrolsd[0m [32mselfdrived[0m [32mcard[0m [32mdeleter[0m [32mdmonitoringd[0m [32mqcomgpsd[0m [32mpandad[0m [32mparamsd[0m [32mlagd[0m [32mplannerd[0m [32mradard[0m [32mhardwared[0m [32mtombstoned[0m [32muploader[0m [32mstatsd[0m [32mfeedbackd[0m [32mmodeld_tinygrad[0m [32mmapd[0m [32mmapd_manager[0m [31mmtscd[0m [32mrtid[0m
[32mloggerd[0m [32mencoderd[0m [32mlogmessaged[0m [32mcamerad[0m [32mlogcatd[0m [32mproclogd[0m [32mmicd[0m [32mtimed[0m [32mdmonitoringmodeld[0m [32msensord[0m [32mui[0m [32msoundd[0m [32mlocationd[0m [32mcalibrationd[0m [32mtorqued[0m [32mcontrolsd[0m [32mselfdrived[0m [32mcard[0m [32mdeleter[0m [32mdmonitoringd[0m [32mqcomgpsd[0m [32mpandad[0m [32mparamsd[0m [32mlagd[0m [32mplannerd[0m [32mradard[0m [32mhardwared[0m [32mtombstoned[0m [32muploader[0m [32mstatsd[0m [32mfeedbackd[0m [32mmodeld_tinygrad[0m [32mmapd[0m [32mmapd_manager[0m [31mmtscd[0m [32mrtid[0m
[32mloggerd[0m [32mencoderd[0m [32mlogmessaged[0m [32mcamerad[0m [32mlogcatd[0m [32mproclogd[0m [32mmicd[0m [32mtimed[0m [32mdmonitoringmodeld[0m [32msensord[0m [32mui[0m [32msoundd[0m [32mlocationd[0m [32mcalibrationd[0m [32mtorqued[0m [32mcontrolsd[0m [32mselfdrived[0m [32mcard[0m [32mdeleter[0m [32mdmonitoringd[0m [32mqcomgpsd[0m [32mpandad[0m [32mparamsd[0m [32mlagd[0m [32mplannerd[0m [32mradard[0m [32mhardwared[0m [32mtombstoned[0m [32muploader[0m [32mstatsd[0m [32mfeedbackd[0m [32mmodeld_tinygrad[0m [32mmapd[0m [32mmapd_manager[0m [31mmtscd[0m [32mrtid[0m
[32mloggerd[0m [32mencoderd[0m [32mlogmessaged[0m [32mcamerad[0m [32mlogcatd[0m [32mproclogd[0m [32mmicd[0m [32mtimed[0m [32mdmonitoringmodeld[0m [32msensord[0m [32mui[0m [32msoundd[0m [32mlocationd[0m [32mcalibrationd[0m [32mtorqued[0m [32mcontrolsd[0m [32mselfdrived[0m [32mcard[0m [32mdeleter[0m [32mdmonitoringd[0m [32mqcomgpsd[0m [32mpandad[0m [32mparamsd[0m [32mlagd[0m [32mplannerd[0m [32mradard[0m [32mhardwared[0m [32mtombstoned[0m [32muploader[0m [32mstatsd[0m [32mfeedbackd[0m [32mmodeld_tinygrad[0m [32mmapd[0m [32mmapd_manager[0m [31mmtscd[0m [32mrtid[0m
[32mloggerd[0m [32mencoderd[0m [32mlogmessaged[0m [32mcamerad[0m [32mlogcatd[0m [32mproclogd[0m [32mmicd[0m [32mtimed[0m [32mdmonitoringmodeld[0m [32msensord[0m [32mui[0m [32msoundd[0m [32mlocationd[0m [32mcalibrationd[0m [32mtorqued[0m [32mcontrolsd[0m [32mselfdrived[0m [32mcard[0m [32mdeleter[0m [32mdmonitoringd[0m [32mqcomgpsd[0m [32mpandad[0m [32mparamsd[0m [32mlagd[0m [32mplannerd[0m [32mradard[0m [32mhardwared[0m [32mtombstoned[0m [32muploader[0m [32mstatsd[0m [32mfeedbackd[0m [32mmodeld_tinygrad[0m [32mmapd[0m [32mmapd_manager[0m [31mmtscd[0m [32mrtid[0m
[32mloggerd[0m [32mencoderd[0m [32mlogmessaged[0m [32mcamerad[0m [32mlogcatd[0m [32mproclogd[0m [32mmicd[0m [32mtimed[0m [32mdmonitoringmodeld[0m [32msensord[0m [32mui[0m [32msoundd[0m [32mlocationd[0m [32mcalibrationd[0m [32mtorqued[0m [32mcontrolsd[0m [32mselfdrived[0m [32mcard[0m [32mdeleter[0m [32mdmonitoringd[0m [32mqcomgpsd[0m [32mpandad[0m [32mparamsd[0m [32mlagd[0m [32mplannerd[0m [32mradard[0m [32mhardwared[0m [32mtombstoned[0m [32muploader[0m [32mstatsd[0m [32mfeedbackd[0m [32mmodeld_tinygrad[0m [32mmapd[0m [32mmapd_manager[0m [31mmtscd[0m [32mrtid[0m
[32mloggerd[0m [32mencoderd[0m [32mlogmessaged[0m [32mcamerad[0m [32mlogcatd[0m [32mproclogd[0m [32mmicd[0m [32mtimed[0m [32mdmonitoringmodeld[0m [32msensord[0m [32mui[0m [32msoundd[0m [32mlocationd[0m [32mcalibrationd[0m [32mtorqued[0m [32mcontrolsd[0m [32mselfdrived[0m [32mcard[0m [32mdeleter[0m [32mdmonitoringd[0m [32mqcomgpsd[0m [32mpandad[0m [32mparamsd[0m [32mlagd[0m [32mplannerd[0m [32mradard[0m [32mhardwared[0m [32mtombstoned[0m [32muploader[0m [32mstatsd[0m [32mfeedbackd[0m [32mmodeld_tinygrad[0m [32mmapd[0m [32mmapd_manager[0m [31mmtscd[0m [32mrtid[0m
[32mloggerd[0m [32mencoderd[0m [32mlogmessaged[0m [32mcamerad[0m [32mlogcatd[0m [32mproclogd[0m [32mmicd[0m [32mtimed[0m [32mdmonitoringmodeld[0m [32msensord[0m [32mui[0m [32msoundd[0m [32mlocationd[0m [32mcalibrationd[0m [32mtorqued[0m [32mcontrolsd[0m [32mselfdrived[0m [32mcard[0m [32mdeleter[0m [32mdmonitoringd[0m [32mqcomgpsd[0m [32mpandad[0m [32mparamsd[0m [32mlagd[0m [32mplannerd[0m [32mradard[0m [32mhardwared[0m [32mtombstoned[0m [32muploader[0m [32mstatsd[0m [32mfeedbackd[0m [32mmodeld_tinygrad[0m [32mmapd[0m [32mmapd_manager[0m [31mmtscd[0m [32mrtid[0m
[32mloggerd[0m [32mencoderd[0m [32mlogmessaged[0m [32mcamerad[0m [32mlogcatd[0m [32mproclogd[0m [32mmicd[0m [32mtimed[0m [32mdmonitoringmodeld[0m [32msensord[0m [32mui[0m [32msoundd[0m [32mlocationd[0m [32mcalibrationd[0m [32mtorqued[0m [32mcontrolsd[0m [32mselfdrived[0m [32mcard[0m [32mdeleter[0m [32mdmonitoringd[0m [32mqcomgpsd[0m [32mpandad[0m [32mparamsd[0m [32mlagd[0m [32mplannerd[0m [32mradard[0m [32mhardwared[0m [32mtombstoned[0m [32muploader[0m [32mstatsd[0m [32mfeedbackd[0m [32mmodeld_tinygrad[0m [32mmapd[0m [32mmapd_manager[0m [31mmtscd[0m [32mrtid[0m
RTI cycle took 0.029s
RTI cycle took 0.018s
RTI cycle took 0.025s
RTI cycle took 0.034s
RTI cycle took 0.015s
RTI cycle took 0.028s
RTI cycle took 0.025s
RTI cycle took 0.031s
RTI cycle took 0.027s
RTI cycle took 0.030s
RTI cycle took 0.033s
RTI cycle took 0.018s
RTI cycle took 0.029s
RTI cycle took 0.036s
RTI cycle took 0.021s
RTI cycle took 0.018s
RTI cycle took 0.023s
RTI cycle took 0.042s
RTI cycle took 0.026s
RTI cycle took 0.030s
RTI cycle took 0.019s
RTI cycle took 0.022s
RTI cycle took 0.023s
RTI cycle took 0.030s
RTI cycle took 0.018s
RTI cycle took 0.022s
RTI cycle took 0.033s
RTI cycle took 0.019s
RTI cycle took 0.016s
RTI cycle took 0.026s
RTI cycle took 0.041s
RTI cycle took 0.016s
RTI cycle took 0.027s
RTI cycle took 0.016s
RTI cycle took 0.028s
RTI cycle took 0.015s
RTI cycle took 0.016s
RTI cycle took 0.033s
RTI cycle took 0.030s
RTI cycle took 0.028s
RTI cycle took 0.030s
RTI cycle took 0.019s
RTI cycle took 0.027s
RTI cycle took 0.033s
RTI cycle took 0.026s
RTI cycle took 0.038s
RTI cycle took 0.034s
RTI cycle took 0.026s
RTI cycle took 0.038s
RTI cycle took 0.033s
RTI cycle took 0.040s
RTI cycle took 0.034s
RTI cycle took 0.030s
RTI cycle took 0.018s
RTI cycle took 0.027s
RTI cycle took 0.027s
RTI cycle took 0.040s
RTI cycle took 0.028s
RTI cycle took 0.018s
RTI cycle took 0.028s
RTI cycle took 0.018s
RTI cycle took 0.020s
RTI cycle took 0.025s
RTI cycle took 0.030s
RTI cycle took 0.028s
RTI cycle took 0.028s
RTI cycle took 0.034s
RTI cycle took 0.036s
RTI cycle took 0.040s
RTI cycle took 0.040s
RTI cycle took 0.032s
RTI cycle took 0.016s
RTI cycle took 0.028s
RTI cycle took 0.015s
RTI cycle took 0.028s
RTI cycle took 0.035s
RTI cycle took 0.029s
RTI cycle took 0.035s
RTI cycle took 0.033s
RTI cycle took 0.022s
RTI cycle took 0.027s
RTI cycle took 0.040s
RTI cycle took 0.034s
RTI cycle took 0.038s
RTI cycle took 0.015s
RTI cycle took 0.028s
RTI cycle took 0.035s
RTI cycle took 0.029s
RTI cycle took 0.035s
RTI cycle took 0.022s
RTI cycle took 0.038s
RTI cycle took 0.033s
RTI cycle took 0.016s
RTI cycle took 0.027s
RTI cycle took 0.024s
RTI cycle took 0.030s
RTI cycle took 0.026s
RTI cycle took 0.030s
RTI cycle took 0.032s
RTI cycle took 0.015s
RTI cycle took 0.026s
RTI cycle took 0.015s
RTI cycle took 0.035s
RTI cycle took 0.012s
RTI cycle took 0.021s
RTI cycle took 0.035s
RTI cycle took 0.026s
RTI cycle took 0.033s
RTI cycle took 0.027s
RTI cycle took 0.031s
RTI cycle took 0.041s
RTI cycle took 0.120s
RTI cycle took 0.026s
RTI cycle took 0.050s
RTI cycle took 0.016s
RTI cycle took 0.026s
RTI cycle took 0.026s
RTI cycle took 0.041s
RTI cycle took 0.032s
RTI cycle took 0.025s
RTI cycle took 0.039s
RTI cycle took 0.034s
RTI cycle took 0.014s
RTI cycle took 0.028s
RTI cycle took 0.014s
RTI cycle took 0.026s
RTI cycle took 0.026s
RTI cycle took 0.024s
RTI cycle took 0.026s
RTI cycle took 0.029s
RTI cycle took 0.028s
RTI cycle took 0.025s
RTI cycle took 0.034s
RTI cycle took 0.039s
RTI cycle took 0.025s
RTI cycle took 0.043s
RTI cycle took 0.017s
RTI cycle took 0.025s
RTI cycle took 0.026s
RTI cycle took 0.020s
RTI cycle took 0.018s
RTI cycle took 0.027s
RTI cycle took 0.017s
RTI cycle took 0.025s
RTI cycle took 0.022s
RTI cycle took 0.034s
RTI cycle took 0.018s
RTI cycle took 0.031s
RTI cycle took 0.029s
RTI cycle took 0.024s
RTI cycle took 0.029s
RTI cycle took 0.028s
RTI cycle took 0.030s
RTI cycle took 0.041s
RTI cycle took 0.023s
RTI cycle took 0.021s
RTI cycle took 0.017s
RTI cycle took 0.028s
RTI cycle took 0.017s
RTI cycle took 0.023s
RTI cycle took 0.028s
RTI cycle took 0.025s
RTI cycle took 0.037s
RTI cycle took 0.016s
RTI cycle took 0.021s
RTI cycle took 0.030s
RTI cycle took 0.029s
RTI cycle took 0.047s
RTI cycle took 0.039s
RTI cycle took 0.019s
RTI cycle took 0.017s
RTI cycle took 0.030s
RTI cycle took 0.026s
RTI cycle took 0.040s
RTI cycle took 0.032s
RTI cycle took 0.031s
RTI cycle took 0.026s
RTI cycle took 0.036s
RTI cycle took 0.020s
RTI cycle took 0.040s
RTI cycle took 0.025s
RTI cycle took 0.039s
RTI cycle took 0.032s
RTI cycle took 0.031s
RTI cycle took 0.027s
RTI cycle took 0.022s
RTI cycle took 0.039s
RTI cycle took 0.023s
RTI cycle took 0.017s
RTI cycle took 0.042s
RTI cycle took 0.034s
RTI cycle took 0.041s
RTI cycle took 0.026s
RTI cycle took 0.028s
RTI cycle took 0.030s
RTI cycle took 0.041s
RTI cycle took 0.041s
RTI cycle took 0.018s
[32mloggerd[0m [32mencoderd[0m [32mlogmessaged[0m [32mcamerad[0m [32mlogcatd[0m [32mproclogd[0m [32mmicd[0m [32mtimed[0m [32mdmonitoringmodeld[0m [32msensord[0m [32mui[0m [32msoundd[0m [32mlocationd[0m [32mcalibrationd[0m [32mtorqued[0m [32mcontrolsd[0m [32mselfdrived[0m [32mcard[0m [32mdeleter[0m [32mdmonitoringd[0m [32mqcomgpsd[0m [32mpandad[0m [32mparamsd[0m [32mlagd[0m [32mplannerd[0m [32mradard[0m [32mhardwared[0m [32mtombstoned[0m [32muploader[0m [32mstatsd[0m [32mfeedbackd[0m [32mmodeld_tinygrad[0m [32mmapd[0m [32mmapd_manager[0m [31mmtscd[0m [32mrtid[0m
[32mloggerd[0m [32mencoderd[0m [32mlogmessaged[0m [32mcamerad[0m [32mlogcatd[0m [32mproclogd[0m [32mmicd[0m [32mtimed[0m [32mdmonitoringmodeld[0m [32msensord[0m [32mui[0m [32msoundd[0m [32mlocationd[0m [32mcalibrationd[0m [32mtorqued[0m [32mcontrolsd[0m [32mselfdrived[0m [32mcard[0m [32mdeleter[0m [32mdmonitoringd[0m [32mqcomgpsd[0m [32mpandad[0m [32mparamsd[0m [32mlagd[0m [32mplannerd[0m [32mradard[0m [32mhardwared[0m [32mtombstoned[0m [32muploader[0m [32mstatsd[0m [32mfeedbackd[0m [32mmodeld_tinygrad[0m [32mmapd[0m [32mmapd_manager[0m [31mmtscd[0m [32mrtid[0m
[32mloggerd[0m [32mencoderd[0m [32mlogmessaged[0m [32mcamerad[0m [32mlogcatd[0m [32mproclogd[0m [32mmicd[0m [32mtimed[0m [32mdmonitoringmodeld[0m [32msensord[0m [32mui[0m [32msoundd[0m [32mlocationd[0m [32mcalibrationd[0m [32mtorqued[0m [32mcontrolsd[0m [32mselfdrived[0m [32mcard[0m [32mdeleter[0m [32mdmonitoringd[0m [32mqcomgpsd[0m [32mpandad[0m [32mparamsd[0m [32mlagd[0m [32mplannerd[0m [32mradard[0m [32mhardwared[0m [32mtombstoned[0m [32muploader[0m [32mstatsd[0m [32mfeedbackd[0m [32mmodeld_tinygrad[0m [32mmapd[0m [32mmapd_manager[0m [31mmtscd[0m [32mrtid[0m
[32mloggerd[0m [32mencoderd[0m [32mlogmessaged[0m [32mcamerad[0m [32mlogcatd[0m [32mproclogd[0m [32mmicd[0m [32mtimed[0m [32mdmonitoringmodeld[0m [32msensord[0m [32mui[0m [32msoundd[0m [32mlocationd[0m [32mcalibrationd[0m [32mtorqued[0m [32mcontrolsd[0m [32mselfdrived[0m [32mcard[0m [32mdeleter[0m [32mdmonitoringd[0m [32mqcomgpsd[0m [32mpandad[0m [32mparamsd[0m [32mlagd[0m [32mplannerd[0m [32mradard[0m [32mhardwared[0m [32mtombstoned[0m [32muploader[0m [32mstatsd[0m [32mfeedbackd[0m [32mmodeld_tinygrad[0m [32mmapd[0m [32mmapd_manager[0m [31mmtscd[0m [32mrtid[0m
[32mloggerd[0m [32mencoderd[0m [32mlogmessaged[0m [32mcamerad[0m [32mlogcatd[0m [32mproclogd[0m [32mmicd[0m [32mtimed[0m [32mdmonitoringmodeld[0m [32msensord[0m [32mui[0m [32msoundd[0m [32mlocationd[0m [32mcalibrationd[0m [32mtorqued[0m [32mcontrolsd[0m [32mselfdrived[0m [32mcard[0m [32mdeleter[0m [32mdmonitoringd[0m [32mqcomgpsd[0m [32mpandad[0m [32mparamsd[0m [32mlagd[0m [32mplannerd[0m [32mradard[0m [32mhardwared[0m [32mtombstoned[0m [32muploader[0m [32mstatsd[0m [32mfeedbackd[0m [32mmodeld_tinygrad[0m [32mmapd[0m [32mmapd_manager[0m [31mmtscd[0m [32mrtid[0m
[32mloggerd[0m [32mencoderd[0m [32mlogmessaged[0m [32mcamerad[0m [32mlogcatd[0m [32mproclogd[0m [32mmicd[0m [32mtimed[0m [32mdmonitoringmodeld[0m [32msensord[0m [32mui[0m [32msoundd[0m [32mlocationd[0m [32mcalibrationd[0m [32mtorqued[0m [32mcontrolsd[0m [32mselfdrived[0m [32mcard[0m [32mdeleter[0m [32mdmonitoringd[0m [32mqcomgpsd[0m [32mpandad[0m [32mparamsd[0m [32mlagd[0m [32mplannerd[0m [32mradard[0m [32mhardwared[0m [32mtombstoned[0m [32muploader[0m [32mstatsd[0m [32mfeedbackd[0m [32mmodeld_tinygrad[0m [32mmapd[0m [32mmapd_manager[0m [31mmtscd[0m [32mrtid[0m
[32mloggerd[0m [32mencoderd[0m [32mlogmessaged[0m [32mcamerad[0m [32mlogcatd[0m [32mproclogd[0m [32mmicd[0m [32mtimed[0m [32mdmonitoringmodeld[0m [32msensord[0m [32mui[0m [32msoundd[0m [32mlocationd[0m [32mcalibrationd[0m [32mtorqued[0m [32mcontrolsd[0m [32mselfdrived[0m [32mcard[0m [32mdeleter[0m [32mdmonitoringd[0m [32mqcomgpsd[0m [32mpandad[0m [32mparamsd[0m [32mlagd[0m [32mplannerd[0m [32mradard[0m [32mhardwared[0m [32mtombstoned[0m [32muploader[0m [32mstatsd[0m [32mfeedbackd[0m [32mmodeld_tinygrad[0m [32mmapd[0m [32mmapd_manager[0m [31mmtscd[0m [32mrtid[0m
[32mloggerd[0m [32mencoderd[0m [32mlogmessaged[0m [32mcamerad[0m [32mlogcatd[0m [32mproclogd[0m [32mmicd[0m [32mtimed[0m [32mdmonitoringmodeld[0m [32msensord[0m [32mui[0m [32msoundd[0m [32mlocationd[0m [32mcalibrationd[0m [32mtorqued[0m [32mcontrolsd[0m [32mselfdrived[0m [32mcard[0m [32mdeleter[0m [32mdmonitoringd[0m [32mqcomgpsd[0m [32mpandad[0m [32mparamsd[0m [32mlagd[0m [32mplannerd[0m [32mradard[0m [32mhardwared[0m [32mtombstoned[0m [32muploader[0m [32mstatsd[0m [32mfeedbackd[0m [32mmodeld_tinygrad[0m [32mmapd[0m [32mmapd_manager[0m [31mmtscd[0m [32mrtid[0m
[32mloggerd[0m [32mencoderd[0m [32mlogmessaged[0m [32mcamerad[0m [32mlogcatd[0m [32mproclogd[0m [32mmicd[0m [32mtimed[0m [32mdmonitoringmodeld[0m [32msensord[0m [32mui[0m [32msoundd[0m [32mlocationd[0m [32mcalibrationd[0m [32mtorqued[0m [32mcontrolsd[0m [32mselfdrived[0m [32mcard[0m [32mdeleter[0m [32mdmonitoringd[0m [32mqcomgpsd[0m [32mpandad[0m [32mparamsd[0m [32mlagd[0m [32mplannerd[0m [32mradard[0m [32mhardwared[0m [32mtombstoned[0m [32muploader[0m [32mstatsd[0m [32mfeedbackd[0m [32mmodeld_tinygrad[0m [32mmapd[0m [32mmapd_manager[0m [31mmtscd[0m [32mrtid[0m
[32mloggerd[0m [32mencoderd[0m [32mlogmessaged[0m [32mcamerad[0m [32mlogcatd[0m [32mproclogd[0m [32mmicd[0m [32mtimed[0m [32mdmonitoringmodeld[0m [32msensord[0m [32mui[0m [32msoundd[0m [32mlocationd[0m [32mcalibrationd[0m [32mtorqued[0m [32mcontrolsd[0m [32mselfdrived[0m [32mcard[0m [32mdeleter[0m [32mdmonitoringd[0m [32mqcomgpsd[0m [32mpandad[0m [32mparamsd[0m [32mlagd[0m [32mplannerd[0m [32mradard[0m [32mhardwared[0m [32mtombstoned[0m [32muploader[0m [32mstatsd[0m [32mfeedbackd[0m [32mmodeld_tinygrad[0m [32mmapd[0m [32mmapd_manager[0m [31mmtscd[0m [32mrtid[0m
[32mloggerd[0m [32mencoderd[0m [32mlogmessaged[0m [32mcamerad[0m [32mlogcatd[0m [32mproclogd[0m [32mmicd[0m [32mtimed[0m [32mdmonitoringmodeld[0m [32msensord[0m [32mui[0m [32msoundd[0m [32mlocationd[0m [32mcalibrationd[0m [32mtorqued[0m [32mcontrolsd[0m [32mselfdrived[0m [32mcard[0m [32mdeleter[0m [32mdmonitoringd[0m [32mqcomgpsd[0m [32mpandad[0m [32mparamsd[0m [32mlagd[0m [32mplannerd[0m [32mradard[0m [32mhardwared[0m [32mtombstoned[0m [32muploader[0m [32mstatsd[0m [32mfeedbackd[0m [32mmodeld_tinygrad[0m [32mmapd[0m [32mmapd_manager[0m [31mmtscd[0m [32mrtid[0m
[32mloggerd[0m [32mencoderd[0m [32mlogmessaged[0m [32mcamerad[0m [32mlogcatd[0m [32mproclogd[0m [32mmicd[0m [32mtimed[0m [32mdmonitoringmodeld[0m [32msensord[0m [32mui[0m [32msoundd[0m [32mlocationd[0m [32mcalibrationd[0m [32mtorqued[0m [32mcontrolsd[0m [32mselfdrived[0m [32mcard[0m [32mdeleter[0m [32mdmonitoringd[0m [32mqcomgpsd[0m [32mpandad[0m [32mparamsd[0m [32mlagd[0m [32mplannerd[0m [32mradard[0m [32mhardwared[0m [32mtombstoned[0m [32muploader[0m [32mstatsd[0m [32mfeedbackd[0m [32mmodeld_tinygrad[0m [32mmapd[0m [32mmapd_manager[0m [31mmtscd[0m [32mrtid[0m
RTI cycle took 0.028s
RTI cycle took 0.023s
RTI cycle took 0.031s
RTI cycle took 0.038s
RTI cycle took 0.035s
RTI cycle took 0.029s
RTI cycle took 0.018s
RTI cycle took 0.037s
RTI cycle took 0.031s
RTI cycle took 0.026s
RTI cycle took 0.073s
RTI cycle took 0.026s
RTI cycle took 0.026s
RTI cycle took 0.035s
RTI cycle took 0.033s
RTI cycle took 0.020s
RTI cycle took 0.036s
RTI cycle took 0.033s
RTI cycle took 0.027s
RTI cycle took 0.036s
RTI cycle took 0.024s
RTI cycle took 0.029s
RTI cycle took 0.029s
RTI cycle took 0.029s
RTI cycle took 0.021s
RTI cycle took 0.027s
RTI cycle took 0.032s
RTI cycle took 0.027s
RTI cycle took 0.031s
RTI cycle took 0.039s
RTI cycle took 0.023s
RTI cycle took 0.030s
RTI cycle took 0.029s
RTI cycle took 0.030s
RTI cycle took 0.036s
RTI cycle took 0.030s
RTI cycle took 0.027s
RTI cycle took 0.034s
RTI cycle took 0.027s
RTI cycle took 0.030s
RTI cycle took 0.041s
RTI cycle took 0.051s
RTI cycle took 0.036s
RTI cycle took 0.029s
RTI cycle took 0.025s
RTI cycle took 0.026s
RTI cycle took 0.021s
RTI cycle took 0.017s
RTI cycle took 0.023s
RTI cycle took 0.026s
RTI cycle took 0.030s
RTI cycle took 0.035s
RTI cycle took 0.017s
RTI cycle took 0.033s
RTI cycle took 0.027s
RTI cycle took 0.051s
RTI cycle took 0.018s
RTI cycle took 0.030s
RTI cycle took 0.023s
RTI cycle took 0.048s
RTI cycle took 0.039s
RTI cycle took 0.032s
RTI cycle took 0.039s
RTI cycle took 0.025s
RTI cycle took 0.028s
RTI cycle took 0.039s
RTI cycle took 0.030s
RTI cycle took 0.018s
RTI cycle took 0.025s
RTI cycle took 0.018s
RTI cycle took 0.028s
RTI cycle took 0.026s
RTI cycle took 0.029s
RTI cycle took 0.044s
RTI cycle took 0.022s
RTI cycle took 0.047s
RTI cycle took 0.029s
RTI cycle took 0.035s
RTI cycle took 0.026s
RTI cycle took 0.029s
RTI cycle took 0.042s
RTI cycle took 0.013s
RTI cycle took 0.026s
RTI cycle took 0.024s
RTI cycle took 0.023s
RTI cycle took 0.026s
RTI cycle took 0.031s
RTI cycle took 0.017s
RTI cycle took 0.027s
RTI cycle took 0.040s
RTI cycle took 0.017s
RTI cycle took 0.036s
RTI cycle took 0.041s
RTI cycle took 0.029s
RTI cycle took 0.025s
RTI cycle took 0.034s
RTI cycle took 0.035s
RTI cycle took 0.041s
RTI cycle took 0.031s
RTI cycle took 0.028s
RTI cycle took 0.025s
RTI cycle took 0.034s
RTI cycle took 0.034s
RTI cycle took 0.026s
RTI cycle took 0.038s
RTI cycle took 0.029s
RTI cycle took 0.030s
RTI cycle took 0.020s
RTI cycle took 0.039s
RTI cycle took 0.022s
RTI cycle took 0.027s
RTI cycle took 0.037s
RTI cycle took 0.023s
RTI cycle took 0.025s
RTI cycle took 0.035s
RTI cycle took 0.022s
RTI cycle took 0.023s
RTI cycle took 0.026s
RTI cycle took 0.028s
RTI cycle took 0.026s
RTI cycle took 0.029s
RTI cycle took 0.035s
RTI cycle took 0.033s
RTI cycle took 0.041s
RTI cycle took 0.033s
RTI cycle took 0.015s
RTI cycle took 0.022s
RTI cycle took 0.029s
RTI cycle took 0.021s
RTI cycle took 0.027s
RTI cycle took 0.028s
RTI cycle took 0.037s
RTI cycle took 0.023s
RTI cycle took 0.022s
RTI cycle took 0.027s
RTI cycle took 0.028s
RTI cycle took 0.022s
RTI cycle took 0.018s
RTI cycle took 0.024s
RTI cycle took 0.026s
RTI cycle took 0.032s
RTI cycle took 0.019s
RTI cycle took 0.026s
RTI cycle took 0.041s
RTI cycle took 0.028s
RTI cycle took 0.043s
RTI cycle took 0.025s
RTI cycle took 0.022s
RTI cycle took 0.027s
RTI cycle took 0.030s
RTI cycle took 0.028s
RTI cycle took 0.039s
RTI cycle took 0.022s
RTI cycle took 0.027s
RTI cycle took 0.022s
RTI cycle took 0.025s
RTI cycle took 0.026s
RTI cycle took 0.030s
RTI cycle took 0.029s
RTI cycle took 0.018s
RTI cycle took 0.027s
RTI cycle took 0.016s
RTI cycle took 0.013s
RTI cycle took 0.025s
RTI cycle took 0.028s
RTI cycle took 0.015s
RTI cycle took 0.024s
RTI cycle took 0.020s
RTI cycle took 0.030s
RTI cycle took 0.030s
RTI cycle took 0.015s
RTI cycle took 0.037s
RTI cycle took 0.017s
RTI cycle took 0.021s
RTI cycle took 0.022s
RTI cycle took 0.032s
RTI cycle took 0.037s
RTI cycle took 0.019s
RTI cycle took 0.028s
RTI cycle took 0.025s
RTI cycle took 0.030s
RTI cycle took 0.041s
RTI cycle took 0.013s
RTI cycle took 0.021s
RTI cycle took 0.024s
RTI cycle took 0.024s
RTI cycle took 0.024s
RTI cycle took 0.022s
RTI cycle took 0.028s
RTI cycle took 0.020s
RTI cycle took 0.012s
RTI cycle took 0.012s
RTI cycle took 0.021s
RTI cycle took 0.016s
RTI cycle took 0.015s
RTI cycle took 0.013s
RTI cycle took 0.025s
RTI cycle took 0.016s
[32mloggerd[0m [32mencoderd[0m [32mlogmessaged[0m [32mcamerad[0m [32mlogcatd[0m [32mproclogd[0m [32mmicd[0m [32mtimed[0m [32mdmonitoringmodeld[0m [32msensord[0m [32mui[0m [32msoundd[0m [32mlocationd[0m [32mcalibrationd[0m [32mtorqued[0m [32mcontrolsd[0m [32mselfdrived[0m [32mcard[0m [32mdeleter[0m [32mdmonitoringd[0m [32mqcomgpsd[0m [32mpandad[0m [32mparamsd[0m [32mlagd[0m [32mplannerd[0m [32mradard[0m [32mhardwared[0m [32mtombstoned[0m [32muploader[0m [32mstatsd[0m [32mfeedbackd[0m [32mmodeld_tinygrad[0m [32mmapd[0m [32mmapd_manager[0m [31mmtscd[0m [32mrtid[0m
[32mloggerd[0m [32mencoderd[0m [32mlogmessaged[0m [32mcamerad[0m [32mlogcatd[0m [32mproclogd[0m [32mmicd[0m [32mtimed[0m [32mdmonitoringmodeld[0m [32msensord[0m [32mui[0m [32msoundd[0m [32mlocationd[0m [32mcalibrationd[0m [32mtorqued[0m [32mcontrolsd[0m [32mselfdrived[0m [32mcard[0m [32mdeleter[0m [32mdmonitoringd[0m [32mqcomgpsd[0m [32mpandad[0m [32mparamsd[0m [32mlagd[0m [32mplannerd[0m [32mradard[0m [32mhardwared[0m [32mtombstoned[0m [32muploader[0m [32mstatsd[0m [32mfeedbackd[0m [32mmodeld_tinygrad[0m [32mmapd[0m [32mmapd_manager[0m [31mmtscd[0m [32mrtid[0m
[32mloggerd[0m [32mencoderd[0m [32mlogmessaged[0m [32mcamerad[0m [32mlogcatd[0m [32mproclogd[0m [32mmicd[0m [32mtimed[0m [32mdmonitoringmodeld[0m [32msensord[0m [32mui[0m [32msoundd[0m [32mlocationd[0m [32mcalibrationd[0m [32mtorqued[0m [32mcontrolsd[0m [32mselfdrived[0m [32mcard[0m [32mdeleter[0m [32mdmonitoringd[0m [32mqcomgpsd[0m [32mpandad[0m [32mparamsd[0m [32mlagd[0m [32mplannerd[0m [32mradard[0m [32mhardwared[0m [32mtombstoned[0m [32muploader[0m [32mstatsd[0m [32mfeedbackd[0m [32mmodeld_tinygrad[0m [32mmapd[0m [32mmapd_manager[0m [31mmtscd[0m [32mrtid[0m
[32mloggerd[0m [32mencoderd[0m [32mlogmessaged[0m [32mcamerad[0m [32mlogcatd[0m [32mproclogd[0m [32mmicd[0m [32mtimed[0m [32mdmonitoringmodeld[0m [32msensord[0m [32mui[0m [32msoundd[0m [32mlocationd[0m [32mcalibrationd[0m [32mtorqued[0m [32mcontrolsd[0m [32mselfdrived[0m [32mcard[0m [32mdeleter[0m [32mdmonitoringd[0m [32mqcomgpsd[0m [32mpandad[0m [32mparamsd[0m [32mlagd[0m [32mplannerd[0m [32mradard[0m [32mhardwared[0m [32mtombstoned[0m [32muploader[0m [32mstatsd[0m [32mfeedbackd[0m [32mmodeld_tinygrad[0m [32mmapd[0m [32mmapd_manager[0m [31mmtscd[0m [32mrtid[0m
[32mloggerd[0m [32mencoderd[0m [32mlogmessaged[0m [32mcamerad[0m [32mlogcatd[0m [32mproclogd[0m [32mmicd[0m [32mtimed[0m [32mdmonitoringmodeld[0m [32msensord[0m [32mui[0m [32msoundd[0m [32mlocationd[0m [32mcalibrationd[0m [32mtorqued[0m [32mcontrolsd[0m [32mselfdrived[0m [32mcard[0m [32mdeleter[0m [32mdmonitoringd[0m [32mqcomgpsd[0m [32mpandad[0m [32mparamsd[0m [32mlagd[0m [32mplannerd[0m [32mradard[0m [32mhardwared[0m [32mtombstoned[0m [32muploader[0m [32mstatsd[0m [32mfeedbackd[0m [32mmodeld_tinygrad[0m [32mmapd[0m [32mmapd_manager[0m [31mmtscd[0m [32mrtid[0m
[32mloggerd[0m [32mencoderd[0m [32mlogmessaged[0m [32mcamerad[0m [32mlogcatd[0m [32mproclogd[0m [32mmicd[0m [32mtimed[0m [32mdmonitoringmodeld[0m [32msensord[0m [32mui[0m [32msoundd[0m [32mlocationd[0m [32mcalibrationd[0m [32mtorqued[0m [32mcontrolsd[0m [32mselfdrived[0m [32mcard[0m [32mdeleter[0m [32mdmonitoringd[0m [32mqcomgpsd[0m [32mpandad[0m [32mparamsd[0m [32mlagd[0m [32mplannerd[0m [32mradard[0m [32mhardwared[0m [32mtombstoned[0m [32muploader[0m [32mstatsd[0m [32mfeedbackd[0m [32mmodeld_tinygrad[0m [32mmapd[0m [32mmapd_manager[0m [31mmtscd[0m [32mrtid[0m
[32mloggerd[0m [32mencoderd[0m [32mlogmessaged[0m [32mcamerad[0m [32mlogcatd[0m [32mproclogd[0m [32mmicd[0m [32mtimed[0m [32mdmonitoringmodeld[0m [32msensord[0m [32mui[0m [32msoundd[0m [32mlocationd[0m [32mcalibrationd[0m [32mtorqued[0m [32mcontrolsd[0m [32mselfdrived[0m [32mcard[0m [32mdeleter[0m [32mdmonitoringd[0m [32mqcomgpsd[0m [32mpandad[0m [32mparamsd[0m [32mlagd[0m [32mplannerd[0m [32mradard[0m [32mhardwared[0m [32mtombstoned[0m [32muploader[0m [32mstatsd[0m [32mfeedbackd[0m [32mmodeld_tinygrad[0m [32mmapd[0m [32mmapd_manager[0m [31mmtscd[0m [32mrtid[0m
[32mloggerd[0m [32mencoderd[0m [32mlogmessaged[0m [32mcamerad[0m [32mlogcatd[0m [32mproclogd[0m [32mmicd[0m [32mtimed[0m [32mdmonitoringmodeld[0m [32msensord[0m [32mui[0m [32msoundd[0m [32mlocationd[0m [32mcalibrationd[0m [32mtorqued[0m [32mcontrolsd[0m [32mselfdrived[0m [32mcard[0m [32mdeleter[0m [32mdmonitoringd[0m [32mqcomgpsd[0m [32mpandad[0m [32mparamsd[0m [32mlagd[0m [32mplannerd[0m [32mradard[0m [32mhardwared[0m [32mtombstoned[0m [32muploader[0m [32mstatsd[0m [32mfeedbackd[0m [32mmodeld_tinygrad[0m [32mmapd[0m [32mmapd_manager[0m [31mmtscd[0m [32mrtid[0m
[32mloggerd[0m [32mencoderd[0m [32mlogmessaged[0m [32mcamerad[0m [32mlogcatd[0m [32mproclogd[0m [32mmicd[0m [32mtimed[0m [32mdmonitoringmodeld[0m [32msensord[0m [32mui[0m [32msoundd[0m [32mlocationd[0m [32mcalibrationd[0m [32mtorqued[0m [32mcontrolsd[0m [32mselfdrived[0m [32mcard[0m [32mdeleter[0m [32mdmonitoringd[0m [32mqcomgpsd[0m [32mpandad[0m [32mparamsd[0m [32mlagd[0m [32mplannerd[0m [32mradard[0m [32mhardwared[0m [32mtombstoned[0m [32muploader[0m [32mstatsd[0m [32mfeedbackd[0m [32mmodeld_tinygrad[0m [32mmapd[0m [32mmapd_manager[0m [31mmtscd[0m [32mrtid[0m
[32mloggerd[0m [32mencoderd[0m [32mlogmessaged[0m [32mcamerad[0m [32mlogcatd[0m [32mproclogd[0m [32mmicd[0m [32mtimed[0m [32mdmonitoringmodeld[0m [32msensord[0m [32mui[0m [32msoundd[0m [32mlocationd[0m [32mcalibrationd[0m [32mtorqued[0m [32mcontrolsd[0m [32mselfdrived[0m [32mcard[0m [32mdeleter[0m [32mdmonitoringd[0m [32mqcomgpsd[0m [32mpandad[0m [32mparamsd[0m [32mlagd[0m [32mplannerd[0m [32mradard[0m [32mhardwared[0m [32mtombstoned[0m [32muploader[0m [32mstatsd[0m [32mfeedbackd[0m [32mmodeld_tinygrad[0m [32mmapd[0m [32mmapd_manager[0m [31mmtscd[0m [32mrtid[0m
[32mloggerd[0m [32mencoderd[0m [32mlogmessaged[0m [32mcamerad[0m [32mlogcatd[0m [32mproclogd[0m [32mmicd[0m [32mtimed[0m [32mdmonitoringmodeld[0m [32msensord[0m [32mui[0m [32msoundd[0m [32mlocationd[0m [32mcalibrationd[0m [32mtorqued[0m [32mcontrolsd[0m [32mselfdrived[0m [32mcard[0m [32mdeleter[0m [32mdmonitoringd[0m [32mqcomgpsd[0m [32mpandad[0m [32mparamsd[0m [32mlagd[0m [32mplannerd[0m [32mradard[0m [32mhardwared[0m [32mtombstoned[0m [32muploader[0m [32mstatsd[0m [32mfeedbackd[0m [32mmodeld_tinygrad[0m [32mmapd[0m [32mmapd_manager[0m [31mmtscd[0m [32mrtid[0m
[32mloggerd[0m [32mencoderd[0m [32mlogmessaged[0m [32mcamerad[0m [32mlogcatd[0m [32mproclogd[0m [32mmicd[0m [32mtimed[0m [32mdmonitoringmodeld[0m [32msensord[0m [32mui[0m [32msoundd[0m [32mlocationd[0m [32mcalibrationd[0m [32mtorqued[0m [32mcontrolsd[0m [32mselfdrived[0m [32mcard[0m [32mdeleter[0m [32mdmonitoringd[0m [32mqcomgpsd[0m [32mpandad[0m [32mparamsd[0m [32mlagd[0m [32mplannerd[0m [32mradard[0m [32mhardwared[0m [32mtombstoned[0m [32muploader[0m [32mstatsd[0m [32mfeedbackd[0m [32mmodeld_tinygrad[0m [32mmapd[0m [32mmapd_manager[0m [31mmtscd[0m [32mrtid[0m
RTI cycle took 0.023s
RTI cycle took 0.027s
RTI cycle took 0.029s
RTI cycle took 0.033s
RTI cycle took 0.026s
RTI cycle took 0.033s
RTI cycle took 0.017s
RTI cycle took 0.018s
RTI cycle took 0.024s
RTI cycle took 0.021s
RTI cycle took 0.019s
RTI cycle took 0.020s
RTI cycle took 0.029s
RTI cycle took 0.023s
RTI cycle took 0.014s
RTI cycle took 0.026s
RTI cycle took 0.015s
RTI cycle took 0.024s
RTI cycle took 0.025s
RTI cycle took 0.022s
RTI cycle took 0.026s
RTI cycle took 0.033s
RTI cycle took 0.012s
RTI cycle took 0.021s
RTI cycle took 0.026s
RTI cycle took 0.029s
RTI cycle took 0.020s
RTI cycle took 0.017s
RTI cycle took 0.015s
RTI cycle took 0.026s
RTI cycle took 0.023s
RTI cycle took 0.033s
RTI cycle took 0.015s
RTI cycle took 0.024s
RTI cycle took 0.019s
RTI cycle took 0.022s
RTI cycle took 0.016s
RTI cycle took 0.024s
RTI cycle took 0.020s
RTI cycle took 0.020s
RTI cycle took 0.026s
RTI cycle took 0.026s
RTI cycle took 0.023s
RTI cycle took 0.030s
RTI cycle took 0.020s
RTI cycle took 0.027s
RTI cycle took 0.021s
RTI cycle took 0.015s
RTI cycle took 0.014s
RTI cycle took 0.017s
RTI cycle took 0.020s
RTI cycle took 0.025s
RTI cycle took 0.019s
RTI cycle took 0.019s
RTI cycle took 0.017s
RTI cycle took 0.027s
RTI cycle took 0.017s
RTI cycle took 0.020s
RTI cycle took 0.024s
RTI cycle took 0.020s
RTI cycle took 0.024s
RTI cycle took 0.030s
RTI cycle took 0.019s
RTI cycle took 0.028s
RTI cycle took 0.029s
RTI cycle took 0.028s
RTI cycle took 0.036s
RTI cycle took 0.014s
RTI cycle took 0.026s
RTI cycle took 0.026s
RTI cycle took 0.033s
RTI cycle took 0.015s
RTI cycle took 0.023s
RTI cycle took 0.021s
RTI cycle took 0.028s
RTI cycle took 0.028s
RTI cycle took 0.029s
RTI cycle took 0.019s
RTI cycle took 0.024s
RTI cycle took 0.024s
RTI cycle took 0.023s
RTI cycle took 0.016s
RTI cycle took 0.021s
RTI cycle took 0.023s
RTI cycle took 0.022s
RTI cycle took 0.026s
RTI cycle took 0.030s
RTI cycle took 0.027s
RTI cycle took 0.029s
RTI cycle took 0.037s
RTI cycle took 0.015s
RTI cycle took 0.024s
RTI cycle took 0.016s
RTI cycle took 0.013s
RTI cycle took 0.022s
RTI cycle took 0.020s
RTI cycle took 0.030s
RTI cycle took 0.030s
RTI cycle took 0.016s
RTI cycle took 0.032s
RTI cycle took 0.023s
RTI cycle took 0.026s
RTI cycle took 0.023s
RTI cycle took 0.025s
RTI cycle took 0.019s
RTI cycle took 0.021s
RTI cycle took 0.024s
RTI cycle took 0.022s
RTI cycle took 0.016s
RTI cycle took 0.014s
RTI cycle took 0.021s
RTI cycle took 0.038s
RTI cycle took 0.014s
RTI cycle took 0.028s
RTI cycle took 0.015s
RTI cycle took 0.025s
RTI cycle took 0.025s
RTI cycle took 0.034s
RTI cycle took 0.022s
RTI cycle took 0.021s
RTI cycle took 0.027s
RTI cycle took 0.020s
RTI cycle took 0.028s
RTI cycle took 0.028s
RTI cycle took 0.020s
RTI cycle took 0.028s
RTI cycle took 0.019s
RTI cycle took 0.020s
RTI cycle took 0.018s
RTI cycle took 0.028s
RTI cycle took 0.041s
RTI cycle took 0.015s
RTI cycle took 0.027s
RTI cycle took 0.015s
RTI cycle took 0.029s
RTI cycle took 0.025s
RTI cycle took 0.027s
RTI cycle took 0.018s
RTI cycle took 0.020s
RTI cycle took 0.027s
RTI cycle took 0.030s
RTI cycle took 0.018s
RTI cycle took 0.022s
RTI cycle took 0.023s
RTI cycle took 0.029s
RTI cycle took 0.018s
RTI cycle took 0.018s
RTI cycle took 0.028s
RTI cycle took 0.023s
RTI cycle took 0.017s
RTI cycle took 0.021s
RTI cycle took 0.022s
RTI cycle took 0.018s
RTI cycle took 0.014s
RTI cycle took 0.029s
RTI cycle took 0.023s
RTI cycle took 0.034s
RTI cycle took 0.038s
RTI cycle took 0.015s
RTI cycle took 0.027s
RTI cycle took 0.016s
RTI cycle took 0.014s
RTI cycle took 0.020s
RTI cycle took 0.046s
RTI cycle took 0.016s
RTI cycle took 0.023s
RTI cycle took 0.018s
RTI cycle took 0.020s
RTI cycle took 0.045s
RTI cycle took 0.023s
RTI cycle took 0.020s
RTI cycle took 0.021s
RTI cycle took 0.031s
RTI cycle took 0.045s
RTI cycle took 0.021s
RTI cycle took 0.022s
RTI cycle took 0.029s
RTI cycle took 0.021s
RTI cycle took 0.026s
RTI cycle took 0.032s
RTI cycle took 0.017s
RTI cycle took 0.014s
RTI cycle took 0.020s
RTI cycle took 0.027s
RTI cycle took 0.019s
RTI cycle took 0.019s
RTI cycle took 0.017s
RTI cycle took 0.025s
RTI cycle took 0.016s
RTI cycle took 0.023s
RTI cycle took 0.028s
RTI cycle took 0.029s
RTI cycle took 0.035s
RTI cycle took 0.016s
RTI cycle took 0.028s
RTI cycle took 0.026s
RTI cycle took 0.031s
RTI cycle took 0.014s
RTI cycle took 0.022s
RTI cycle took 0.018s
RTI cycle took 0.021s
RTI cycle took 0.026s
RTI cycle took 0.022s
RTI cycle took 0.014s
RTI cycle took 0.025s
RTI cycle took 0.026s
RTI cycle took 0.030s
RTI cycle took 0.019s
RTI cycle took 0.032s
RTI cycle took 0.025s
RTI cycle took 0.030s
RTI cycle took 0.017s
RTI cycle took 0.020s
RTI cycle took 0.015s
RTI cycle took 0.023s
RTI cycle took 0.018s
RTI cycle took 0.020s
RTI cycle took 0.026s
RTI cycle took 0.024s
RTI cycle took 0.024s
RTI cycle took 0.025s
RTI cycle took 0.014s
RTI cycle took 0.022s
RTI cycle took 0.018s
RTI cycle took 0.018s
RTI cycle took 0.022s
RTI cycle took 0.033s
RTI cycle took 0.015s
RTI cycle took 0.024s
RTI cycle took 0.015s
RTI cycle took 0.021s
RTI cycle took 0.027s
[32mloggerd[0m [32mencoderd[0m [32mlogmessaged[0m [32mcamerad[0m [32mlogcatd[0m [32mproclogd[0m [32mmicd[0m [32mtimed[0m [32mdmonitoringmodeld[0m [32msensord[0m [32mui[0m [32msoundd[0m [32mlocationd[0m [32mcalibrationd[0m [32mtorqued[0m [32mcontrolsd[0m [32mselfdrived[0m [32mcard[0m [32mdeleter[0m [32mdmonitoringd[0m [32mqcomgpsd[0m [32mpandad[0m [32mparamsd[0m [32mlagd[0m [32mplannerd[0m [32mradard[0m [32mhardwared[0m [32mtombstoned[0m [32muploader[0m [32mstatsd[0m [32mfeedbackd[0m [32mmodeld_tinygrad[0m [32mmapd[0m [32mmapd_manager[0m [31mmtscd[0m [32mrtid[0m
[32mloggerd[0m [32mencoderd[0m [32mlogmessaged[0m [32mcamerad[0m [32mlogcatd[0m [32mproclogd[0m [32mmicd[0m [32mtimed[0m [32mdmonitoringmodeld[0m [32msensord[0m [32mui[0m [32msoundd[0m [32mlocationd[0m [32mcalibrationd[0m [32mtorqued[0m [32mcontrolsd[0m [32mselfdrived[0m [32mcard[0m [32mdeleter[0m [32mdmonitoringd[0m [32mqcomgpsd[0m [32mpandad[0m [32mparamsd[0m [32mlagd[0m [32mplannerd[0m [32mradard[0m [32mhardwared[0m [32mtombstoned[0m [32muploader[0m [32mstatsd[0m [32mfeedbackd[0m [32mmodeld_tinygrad[0m [32mmapd[0m [32mmapd_manager[0m [31mmtscd[0m [32mrtid[0m
[32mloggerd[0m [32mencoderd[0m [32mlogmessaged[0m [32mcamerad[0m [32mlogcatd[0m [32mproclogd[0m [32mmicd[0m [32mtimed[0m [32mdmonitoringmodeld[0m [32msensord[0m [32mui[0m [32msoundd[0m [32mlocationd[0m [32mcalibrationd[0m [32mtorqued[0m [32mcontrolsd[0m [32mselfdrived[0m [32mcard[0m [32mdeleter[0m [32mdmonitoringd[0m [32mqcomgpsd[0m [32mpandad[0m [32mparamsd[0m [32mlagd[0m [32mplannerd[0m [32mradard[0m [32mhardwared[0m [32mtombstoned[0m [32muploader[0m [32mstatsd[0m [32mfeedbackd[0m [32mmodeld_tinygrad[0m [32mmapd[0m [32mmapd_manager[0m [31mmtscd[0m [32mrtid[0m
[32mloggerd[0m [32mencoderd[0m [32mlogmessaged[0m [32mcamerad[0m [32mlogcatd[0m [32mproclogd[0m [32mmicd[0m [32mtimed[0m [32mdmonitoringmodeld[0m [32msensord[0m [32mui[0m [32msoundd[0m [32mlocationd[0m [32mcalibrationd[0m [32mtorqued[0m [32mcontrolsd[0m [32mselfdrived[0m [32mcard[0m [32mdeleter[0m [32mdmonitoringd[0m [32mqcomgpsd[0m [32mpandad[0m [32mparamsd[0m [32mlagd[0m [32mplannerd[0m [32mradard[0m [32mhardwared[0m [32mtombstoned[0m [32muploader[0m [32mstatsd[0m [32mfeedbackd[0m [32mmodeld_tinygrad[0m [32mmapd[0m [32mmapd_manager[0m [31mmtscd[0m [32mrtid[0m
[32mloggerd[0m [32mencoderd[0m [32mlogmessaged[0m [32mcamerad[0m [32mlogcatd[0m [32mproclogd[0m [32mmicd[0m [32mtimed[0m [32mdmonitoringmodeld[0m [32msensord[0m [32mui[0m [32msoundd[0m [32mlocationd[0m [32mcalibrationd[0m [32mtorqued[0m [32mcontrolsd[0m [32mselfdrived[0m [32mcard[0m [32mdeleter[0m [32mdmonitoringd[0m [32mqcomgpsd[0m [32mpandad[0m [32mparamsd[0m [32mlagd[0m [32mplannerd[0m [32mradard[0m [32mhardwared[0m [32mtombstoned[0m [32muploader[0m [32mstatsd[0m [32mfeedbackd[0m [32mmodeld_tinygrad[0m [32mmapd[0m [32mmapd_manager[0m [31mmtscd[0m [32mrtid[0m
[32mloggerd[0m [32mencoderd[0m [32mlogmessaged[0m [32mcamerad[0m [32mlogcatd[0m [32mproclogd[0m [32mmicd[0m [32mtimed[0m [32mdmonitoringmodeld[0m [32msensord[0m [32mui[0m [32msoundd[0m [32mlocationd[0m [32mcalibrationd[0m [32mtorqued[0m [32mcontrolsd[0m [32mselfdrived[0m [32mcard[0m [32mdeleter[0m [32mdmonitoringd[0m [32mqcomgpsd[0m [32mpandad[0m [32mparamsd[0m [32mlagd[0m [32mplannerd[0m [32mradard[0m [32mhardwared[0m [32mtombstoned[0m [32muploader[0m [32mstatsd[0m [32mfeedbackd[0m [32mmodeld_tinygrad[0m [32mmapd[0m [32mmapd_manager[0m [31mmtscd[0m [32mrtid[0m
[32mloggerd[0m [32mencoderd[0m [32mlogmessaged[0m [32mcamerad[0m [32mlogcatd[0m [32mproclogd[0m [32mmicd[0m [32mtimed[0m [32mdmonitoringmodeld[0m [32msensord[0m [32mui[0m [32msoundd[0m [32mlocationd[0m [32mcalibrationd[0m [32mtorqued[0m [32mcontrolsd[0m [32mselfdrived[0m [32mcard[0m [32mdeleter[0m [32mdmonitoringd[0m [32mqcomgpsd[0m [32mpandad[0m [32mparamsd[0m [32mlagd[0m [32mplannerd[0m [32mradard[0m [32mhardwared[0m [32mtombstoned[0m [32muploader[0m [32mstatsd[0m [32mfeedbackd[0m [32mmodeld_tinygrad[0m [32mmapd[0m [32mmapd_manager[0m [31mmtscd[0m [32mrtid[0m
[32mloggerd[0m [32mencoderd[0m [32mlogmessaged[0m [32mcamerad[0m [32mlogcatd[0m [32mproclogd[0m [32mmicd[0m [32mtimed[0m [32mdmonitoringmodeld[0m [32msensord[0m [32mui[0m [32msoundd[0m [32mlocationd[0m [32mcalibrationd[0m [32mtorqued[0m [32mcontrolsd[0m [32mselfdrived[0m [32mcard[0m [32mdeleter[0m [32mdmonitoringd[0m [32mqcomgpsd[0m [32mpandad[0m [32mparamsd[0m [32mlagd[0m [32mplannerd[0m [32mradard[0m [32mhardwared[0m [32mtombstoned[0m [32muploader[0m [32mstatsd[0m [32mfeedbackd[0m [32mmodeld_tinygrad[0m [32mmapd[0m [32mmapd_manager[0m [31mmtscd[0m [32mrtid[0m
[32mloggerd[0m [32mencoderd[0m [32mlogmessaged[0m [32mcamerad[0m [32mlogcatd[0m [32mproclogd[0m [32mmicd[0m [32mtimed[0m [32mdmonitoringmodeld[0m [32msensord[0m [32mui[0m [32msoundd[0m [32mlocationd[0m [32mcalibrationd[0m [32mtorqued[0m [32mcontrolsd[0m [32mselfdrived[0m [32mcard[0m [32mdeleter[0m [32mdmonitoringd[0m [32mqcomgpsd[0m [32mpandad[0m [32mparamsd[0m [32mlagd[0m [32mplannerd[0m [32mradard[0m [32mhardwared[0m [32mtombstoned[0m [32muploader[0m [32mstatsd[0m [32mfeedbackd[0m [32mmodeld_tinygrad[0m [32mmapd[0m [32mmapd_manager[0m [31mmtscd[0m [32mrtid[0m
[32mloggerd[0m [32mencoderd[0m [32mlogmessaged[0m [32mcamerad[0m [32mlogcatd[0m [32mproclogd[0m [32mmicd[0m [32mtimed[0m [32mdmonitoringmodeld[0m [32msensord[0m [32mui[0m [32msoundd[0m [32mlocationd[0m [32mcalibrationd[0m [32mtorqued[0m [32mcontrolsd[0m [32mselfdrived[0m [32mcard[0m [32mdeleter[0m [32mdmonitoringd[0m [32mqcomgpsd[0m [32mpandad[0m [32mparamsd[0m [32mlagd[0m [32mplannerd[0m [32mradard[0m [32mhardwared[0m [32mtombstoned[0m [32muploader[0m [32mstatsd[0m [32mfeedbackd[0m [32mmodeld_tinygrad[0m [32mmapd[0m [32mmapd_manager[0m [31mmtscd[0m [32mrtid[0m
[32mloggerd[0m [32mencoderd[0m [32mlogmessaged[0m [32mcamerad[0m [32mlogcatd[0m [32mproclogd[0m [32mmicd[0m [32mtimed[0m [32mdmonitoringmodeld[0m [32msensord[0m [32mui[0m [32msoundd[0m [32mlocationd[0m [32mcalibrationd[0m [32mtorqued[0m [32mcontrolsd[0m [32mselfdrived[0m [32mcard[0m [32mdeleter[0m [32mdmonitoringd[0m [32mqcomgpsd[0m [32mpandad[0m [32mparamsd[0m [32mlagd[0m [32mplannerd[0m [32mradard[0m [32mhardwared[0m [32mtombstoned[0m [32muploader[0m [32mstatsd[0m [32mfeedbackd[0m [32mmodeld_tinygrad[0m [32mmapd[0m [32mmapd_manager[0m [31mmtscd[0m [32mrtid[0m
[32mloggerd[0m [32mencoderd[0m [32mlogmessaged[0m [32mcamerad[0m [32mlogcatd[0m [32mproclogd[0m [32mmicd[0m [32mtimed[0m [32mdmonitoringmodeld[0m [32msensord[0m [32mui[0m [32msoundd[0m [32mlocationd[0m [32mcalibrationd[0m [32mtorqued[0m [32mcontrolsd[0m [32mselfdrived[0m [32mcard[0m [32mdeleter[0m [32mdmonitoringd[0m [32mqcomgpsd[0m [32mpandad[0m [32mparamsd[0m [32mlagd[0m [32mplannerd[0m [32mradard[0m [32mhardwared[0m [32mtombstoned[0m [32muploader[0m [32mstatsd[0m [32mfeedbackd[0m [32mmodeld_tinygrad[0m [32mmapd[0m [32mmapd_manager[0m [31mmtscd[0m [32mrtid[0m
RTI cycle took 0.028s
RTI cycle took 0.021s
RTI cycle took 0.031s
RTI cycle took 0.018s
RTI cycle took 0.026s
RTI cycle took 0.019s
RTI cycle took 0.022s
RTI cycle took 0.020s
RTI cycle took 0.032s
RTI cycle took 0.015s
RTI cycle took 0.024s
RTI cycle took 0.020s
RTI cycle took 0.027s
RTI cycle took 0.020s
RTI cycle took 0.030s
RTI cycle took 0.018s
RTI cycle took 0.024s
RTI cycle took 0.037s
RTI cycle took 0.014s
RTI cycle took 0.021s
RTI cycle took 0.023s
RTI cycle took 0.025s
RTI cycle took 0.018s
RTI cycle took 0.031s
RTI cycle took 0.014s
RTI cycle took 0.022s
RTI cycle took 0.019s
RTI cycle took 0.018s
RTI cycle took 0.021s
RTI cycle took 0.030s
RTI cycle took 0.019s
RTI cycle took 0.031s
RTI cycle took 0.017s
RTI cycle took 0.029s
RTI cycle took 0.020s
RTI cycle took 0.028s
RTI cycle took 0.020s
RTI cycle took 0.030s
RTI cycle took 0.016s
RTI cycle took 0.027s
RTI cycle took 0.018s
RTI cycle took 0.027s
RTI cycle took 0.031s
RTI cycle took 0.015s
RTI cycle took 0.031s
RTI cycle took 0.014s
RTI cycle took 0.012s
RTI cycle took 0.021s
RTI cycle took 0.016s
RTI cycle took 0.017s
RTI cycle took 0.017s
RTI cycle took 0.022s
RTI cycle took 0.024s
RTI cycle took 0.029s
RTI cycle took 0.034s
RTI cycle took 0.014s
RTI cycle took 0.029s
RTI cycle took 0.013s
RTI cycle took 0.020s
RTI cycle took 0.025s
RTI cycle took 0.013s
RTI cycle took 0.030s
RTI cycle took 0.023s
RTI cycle took 0.024s
RTI cycle took 0.024s
RTI cycle took 0.022s
RTI cycle took 0.015s
RTI cycle took 0.014s
RTI cycle took 0.021s
RTI cycle took 0.041s
RTI cycle took 0.019s
RTI cycle took 0.020s
RTI cycle took 0.027s
RTI cycle took 0.033s
RTI cycle took 0.016s
RTI cycle took 0.026s
RTI cycle took 0.015s
RTI cycle took 0.034s
RTI cycle took 0.030s
RTI cycle took 0.016s
RTI cycle took 0.013s
RTI cycle took 0.014s
RTI cycle took 0.039s
RTI cycle took 0.013s
RTI cycle took 0.022s
RTI cycle took 0.025s
RTI cycle took 0.025s
RTI cycle took 0.023s
RTI cycle took 0.030s
RTI cycle took 0.020s
RTI cycle took 0.019s
RTI cycle took 0.026s
RTI cycle took 0.026s
RTI cycle took 0.019s
RTI cycle took 0.031s
RTI cycle took 0.015s
RTI cycle took 0.022s
RTI cycle took 0.031s
RTI cycle took 0.027s
RTI cycle took 0.019s
RTI cycle took 0.029s
RTI cycle took 0.019s
RTI cycle took 0.025s
RTI cycle took 0.021s
RTI cycle took 0.013s
RTI cycle took 0.016s
RTI cycle took 0.025s
RTI cycle took 0.016s
RTI cycle took 0.026s
RTI cycle took 0.015s
RTI cycle took 0.026s
RTI cycle took 0.014s
RTI cycle took 0.026s
RTI cycle took 0.017s
RTI cycle took 0.027s
RTI cycle took 0.020s
RTI cycle took 0.024s
RTI cycle took 0.020s
RTI cycle took 0.023s
RTI cycle took 0.023s
RTI cycle took 0.022s
RTI cycle took 0.014s
RTI cycle took 0.029s
RTI cycle took 0.014s
RTI cycle took 0.033s
RTI cycle took 0.019s
RTI cycle took 0.028s
RTI cycle took 0.018s
RTI cycle took 0.023s
RTI cycle took 0.022s
RTI cycle took 0.023s
RTI cycle took 0.025s
RTI cycle took 0.029s
RTI cycle took 0.024s
RTI cycle took 0.042s
RTI cycle took 0.027s
RTI cycle took 0.018s
RTI cycle took 0.027s
RTI cycle took 0.030s
RTI cycle took 0.024s
RTI cycle took 0.024s
RTI cycle took 0.028s
RTI cycle took 0.020s
RTI cycle took 0.027s
RTI cycle took 0.035s
RTI cycle took 0.024s
RTI cycle took 0.024s
RTI cycle took 0.022s
RTI cycle took 0.024s
RTI cycle took 0.015s
RTI cycle took 0.020s
RTI cycle took 0.016s
RTI cycle took 0.027s
RTI cycle took 0.015s
RTI cycle took 0.025s
RTI cycle took 0.029s
RTI cycle took 0.027s
RTI cycle took 0.030s
RTI cycle took 0.020s
RTI cycle took 0.024s
RTI cycle took 0.018s
RTI cycle took 0.020s
RTI cycle took 0.024s
RTI cycle took 0.027s
RTI cycle took 0.034s
RTI cycle took 0.014s
RTI cycle took 0.027s
RTI cycle took 0.026s
RTI cycle took 0.025s
RTI cycle took 0.022s
RTI cycle took 0.023s
RTI cycle took 0.026s
RTI cycle took 0.024s
RTI cycle took 0.026s
RTI cycle took 0.038s
RTI cycle took 0.115s
RTI cycle took 0.024s
RTI cycle took 0.027s
RTI cycle took 0.047s
RTI cycle took 0.044s
RTI cycle took 0.095s
RTI cycle took 0.026s
RTI cycle took 0.032s
RTI cycle took 0.024s
RTI cycle took 0.020s
RTI cycle took 0.022s
RTI cycle took 0.025s
RTI cycle took 0.025s
RTI cycle took 0.025s
RTI cycle took 0.019s
RTI cycle took 0.026s
RTI cycle took 0.026s
RTI cycle took 0.015s
RTI cycle took 0.027s
RTI cycle took 0.014s
RTI cycle took 0.023s
RTI cycle took 0.028s
RTI cycle took 0.020s
RTI cycle took 0.016s
RTI cycle took 0.018s
RTI cycle took 0.026s
RTI cycle took 0.034s
RTI cycle took 0.023s
RTI cycle took 0.021s
RTI cycle took 0.016s
RTI cycle took 0.030s
RTI cycle took 0.026s
RTI cycle took 0.028s
RTI cycle took 0.021s
RTI cycle took 0.026s
RTI cycle took 0.023s
RTI cycle took 0.024s
RTI cycle took 0.032s
RTI cycle took 0.022s
RTI cycle took 0.019s
RTI cycle took 0.028s
RTI cycle took 0.016s
RTI cycle took 0.027s
RTI cycle took 0.016s
RTI cycle took 0.027s
RTI cycle took 0.012s
RTI cycle took 0.023s
RTI cycle took 0.016s
RTI cycle took 0.023s
[32mloggerd[0m [32mencoderd[0m [32mlogmessaged[0m [32mcamerad[0m [32mlogcatd[0m [32mproclogd[0m [32mmicd[0m [32mtimed[0m [32mdmonitoringmodeld[0m [32msensord[0m [32mui[0m [32msoundd[0m [32mlocationd[0m [32mcalibrationd[0m [32mtorqued[0m [32mcontrolsd[0m [32mselfdrived[0m [32mcard[0m [32mdeleter[0m [32mdmonitoringd[0m [32mqcomgpsd[0m [32mpandad[0m [32mparamsd[0m [32mlagd[0m [32mplannerd[0m [32mradard[0m [32mhardwared[0m [32mtombstoned[0m [32muploader[0m [32mstatsd[0m [32mfeedbackd[0m [32mmodeld_tinygrad[0m [32mmapd[0m [32mmapd_manager[0m [31mmtscd[0m [32mrtid[0m
[32mloggerd[0m [32mencoderd[0m [32mlogmessaged[0m [32mcamerad[0m [32mlogcatd[0m [32mproclogd[0m [32mmicd[0m [32mtimed[0m [32mdmonitoringmodeld[0m [32msensord[0m [32mui[0m [32msoundd[0m [32mlocationd[0m [32mcalibrationd[0m [32mtorqued[0m [32mcontrolsd[0m [32mselfdrived[0m [32mcard[0m [32mdeleter[0m [32mdmonitoringd[0m [32mqcomgpsd[0m [32mpandad[0m [32mparamsd[0m [32mlagd[0m [32mplannerd[0m [32mradard[0m [32mhardwared[0m [32mtombstoned[0m [32muploader[0m [32mstatsd[0m [32mfeedbackd[0m [32mmodeld_tinygrad[0m [32mmapd[0m [32mmapd_manager[0m [31mmtscd[0m [32mrtid[0m
[32mloggerd[0m [32mencoderd[0m [32mlogmessaged[0m [32mcamerad[0m [32mlogcatd[0m [32mproclogd[0m [32mmicd[0m [32mtimed[0m [32mdmonitoringmodeld[0m [32msensord[0m [32mui[0m [32msoundd[0m [32mlocationd[0m [32mcalibrationd[0m [32mtorqued[0m [32mcontrolsd[0m [32mselfdrived[0m [32mcard[0m [32mdeleter[0m [32mdmonitoringd[0m [32mqcomgpsd[0m [32mpandad[0m [32mparamsd[0m [32mlagd[0m [32mplannerd[0m [32mradard[0m [32mhardwared[0m [32mtombstoned[0m [32muploader[0m [32mstatsd[0m [32mfeedbackd[0m [32mmodeld_tinygrad[0m [32mmapd[0m [32mmapd_manager[0m [31mmtscd[0m [32mrtid[0m
[32mloggerd[0m [32mencoderd[0m [32mlogmessaged[0m [32mcamerad[0m [32mlogcatd[0m [32mproclogd[0m [32mmicd[0m [32mtimed[0m [32mdmonitoringmodeld[0m [32msensord[0m [32mui[0m [32msoundd[0m [32mlocationd[0m [32mcalibrationd[0m [32mtorqued[0m [32mcontrolsd[0m [32mselfdrived[0m [32mcard[0m [32mdeleter[0m [32mdmonitoringd[0m [32mqcomgpsd[0m [32mpandad[0m [32mparamsd[0m [32mlagd[0m [32mplannerd[0m [32mradard[0m [32mhardwared[0m [32mtombstoned[0m [32muploader[0m [32mstatsd[0m [32mfeedbackd[0m [32mmodeld_tinygrad[0m [32mmapd[0m [32mmapd_manager[0m [31mmtscd[0m [32mrtid[0m
[32mloggerd[0m [32mencoderd[0m [32mlogmessaged[0m [32mcamerad[0m [32mlogcatd[0m [32mproclogd[0m [32mmicd[0m [32mtimed[0m [32mdmonitoringmodeld[0m [32msensord[0m [32mui[0m [32msoundd[0m [32mlocationd[0m [32mcalibrationd[0m [32mtorqued[0m [32mcontrolsd[0m [32mselfdrived[0m [32mcard[0m [32mdeleter[0m [32mdmonitoringd[0m [32mqcomgpsd[0m [32mpandad[0m [32mparamsd[0m [32mlagd[0m [32mplannerd[0m [32mradard[0m [32mhardwared[0m [32mtombstoned[0m [32muploader[0m [32mstatsd[0m [32mfeedbackd[0m [32mmodeld_tinygrad[0m [32mmapd[0m [32mmapd_manager[0m [31mmtscd[0m [32mrtid[0m
[32mloggerd[0m [32mencoderd[0m [32mlogmessaged[0m [32mcamerad[0m [32mlogcatd[0m [32mproclogd[0m [32mmicd[0m [32mtimed[0m [32mdmonitoringmodeld[0m [32msensord[0m [32mui[0m [32msoundd[0m [32mlocationd[0m [32mcalibrationd[0m [32mtorqued[0m [32mcontrolsd[0m [32mselfdrived[0m [32mcard[0m [32mdeleter[0m [32mdmonitoringd[0m [32mqcomgpsd[0m [32mpandad[0m [32mparamsd[0m [32mlagd[0m [32mplannerd[0m [32mradard[0m [32mhardwared[0m [32mtombstoned[0m [32muploader[0m [32mstatsd[0m [32mfeedbackd[0m [32mmodeld_tinygrad[0m [32mmapd[0m [32mmapd_manager[0m [31mmtscd[0m [32mrtid[0m
[32mloggerd[0m [32mencoderd[0m [32mlogmessaged[0m [32mcamerad[0m [32mlogcatd[0m [32mproclogd[0m [32mmicd[0m [32mtimed[0m [32mdmonitoringmodeld[0m [32msensord[0m [32mui[0m [32msoundd[0m [32mlocationd[0m [32mcalibrationd[0m [32mtorqued[0m [32mcontrolsd[0m [32mselfdrived[0m [32mcard[0m [32mdeleter[0m [32mdmonitoringd[0m [32mqcomgpsd[0m [32mpandad[0m [32mparamsd[0m [32mlagd[0m [32mplannerd[0m [32mradard[0m [32mhardwared[0m [32mtombstoned[0m [32muploader[0m [32mstatsd[0m [32mfeedbackd[0m [32mmodeld_tinygrad[0m [32mmapd[0m [32mmapd_manager[0m [31mmtscd[0m [32mrtid[0m
[32mloggerd[0m [32mencoderd[0m [32mlogmessaged[0m [32mcamerad[0m [32mlogcatd[0m [32mproclogd[0m [32mmicd[0m [32mtimed[0m [32mdmonitoringmodeld[0m [32msensord[0m [32mui[0m [32msoundd[0m [32mlocationd[0m [32mcalibrationd[0m [32mtorqued[0m [32mcontrolsd[0m [32mselfdrived[0m [32mcard[0m [32mdeleter[0m [32mdmonitoringd[0m [32mqcomgpsd[0m [32mpandad[0m [32mparamsd[0m [32mlagd[0m [32mplannerd[0m [32mradard[0m [32mhardwared[0m [32mtombstoned[0m [32muploader[0m [32mstatsd[0m [32mfeedbackd[0m [32mmodeld_tinygrad[0m [32mmapd[0m [32mmapd_manager[0m [31mmtscd[0m [32mrtid[0m
[32mloggerd[0m [32mencoderd[0m [32mlogmessaged[0m [32mcamerad[0m [32mlogcatd[0m [32mproclogd[0m [32mmicd[0m [32mtimed[0m [32mdmonitoringmodeld[0m [32msensord[0m [32mui[0m [32msoundd[0m [32mlocationd[0m [32mcalibrationd[0m [32mtorqued[0m [32mcontrolsd[0m [32mselfdrived[0m [32mcard[0m [32mdeleter[0m [32mdmonitoringd[0m [32mqcomgpsd[0m [32mpandad[0m [32mparamsd[0m [32mlagd[0m [32mplannerd[0m [32mradard[0m [32mhardwared[0m [32mtombstoned[0m [32muploader[0m [32mstatsd[0m [32mfeedbackd[0m [32mmodeld_tinygrad[0m [32mmapd[0m [32mmapd_manager[0m [31mmtscd[0m [32mrtid[0m
[32mloggerd[0m [32mencoderd[0m [32mlogmessaged[0m [32mcamerad[0m [32mlogcatd[0m [32mproclogd[0m [32mmicd[0m [32mtimed[0m [32mdmonitoringmodeld[0m [32msensord[0m [32mui[0m [32msoundd[0m [32mlocationd[0m [32mcalibrationd[0m [32mtorqued[0m [32mcontrolsd[0m [32mselfdrived[0m [32mcard[0m [32mdeleter[0m [32mdmonitoringd[0m [32mqcomgpsd[0m [32mpandad[0m [32mparamsd[0m [32mlagd[0m [32mplannerd[0m [32mradard[0m [32mhardwared[0m [32mtombstoned[0m [32muploader[0m [32mstatsd[0m [32mfeedbackd[0m [32mmodeld_tinygrad[0m [32mmapd[0m [32mmapd_manager[0m [31mmtscd[0m [32mrtid[0m
[32mloggerd[0m [32mencoderd[0m [32mlogmessaged[0m [32mcamerad[0m [32mlogcatd[0m [32mproclogd[0m [32mmicd[0m [32mtimed[0m [32mdmonitoringmodeld[0m [32msensord[0m [32mui[0m [32msoundd[0m [32mlocationd[0m [32mcalibrationd[0m [32mtorqued[0m [32mcontrolsd[0m [32mselfdrived[0m [32mcard[0m [32mdeleter[0m [32mdmonitoringd[0m [32mqcomgpsd[0m [32mpandad[0m [32mparamsd[0m [32mlagd[0m [32mplannerd[0m [32mradard[0m [32mhardwared[0m [32mtombstoned[0m [32muploader[0m [32mstatsd[0m [32mfeedbackd[0m [32mmodeld_tinygrad[0m [32mmapd[0m [32mmapd_manager[0m [31mmtscd[0m [32mrtid[0m
[32mloggerd[0m [32mencoderd[0m [32mlogmessaged[0m [32mcamerad[0m [32mlogcatd[0m [32mproclogd[0m [32mmicd[0m [32mtimed[0m [32mdmonitoringmodeld[0m [32msensord[0m [32mui[0m [32msoundd[0m [32mlocationd[0m [32mcalibrationd[0m [32mtorqued[0m [32mcontrolsd[0m [32mselfdrived[0m [32mcard[0m [32mdeleter[0m [32mdmonitoringd[0m [32mqcomgpsd[0m [32mpandad[0m [32mparamsd[0m [32mlagd[0m [32mplannerd[0m [32mradard[0m [32mhardwared[0m [32mtombstoned[0m [32muploader[0m [32mstatsd[0m [32mfeedbackd[0m [32mmodeld_tinygrad[0m [32mmapd[0m [32mmapd_manager[0m [31mmtscd[0m [32mrtid[0m
RTI cycle took 0.040s
RTI cycle took 0.014s
RTI cycle took 0.012s
RTI cycle took 0.017s
RTI cycle took 0.022s
RTI cycle took 0.027s
RTI cycle took 0.016s
RTI cycle took 0.024s
RTI cycle took 0.037s
RTI cycle took 0.022s
RTI cycle took 0.017s
RTI cycle took 0.014s
RTI cycle took 0.027s
RTI cycle took 0.025s
RTI cycle took 0.019s
RTI cycle took 0.024s
RTI cycle took 0.024s
RTI cycle took 0.016s
RTI cycle took 0.015s
RTI cycle took 0.021s
RTI cycle took 0.026s
RTI cycle took 0.019s
RTI cycle took 0.031s
RTI cycle took 0.015s
RTI cycle took 0.025s
RTI cycle took 0.015s
RTI cycle took 0.017s
RTI cycle took 0.010s
RTI cycle took 0.021s
RTI cycle took 0.023s
RTI cycle took 0.041s
RTI cycle took 0.015s
RTI cycle took 0.018s
RTI cycle took 0.023s
RTI cycle took 0.028s
RTI cycle took 0.039s
RTI cycle took 0.019s
RTI cycle took 0.025s
RTI cycle took 0.019s
RTI cycle took 0.022s
RTI cycle took 0.014s
RTI cycle took 0.022s
RTI cycle took 0.020s
RTI cycle took 0.028s
RTI cycle took 0.024s
RTI cycle took 0.021s
RTI cycle took 0.028s
RTI cycle took 0.020s
RTI cycle took 0.023s
RTI cycle took 0.025s
RTI cycle took 0.022s
RTI cycle took 0.027s
RTI cycle took 0.022s
RTI cycle took 0.030s
RTI cycle took 0.019s
RTI cycle took 0.031s
RTI cycle took 0.024s
RTI cycle took 0.028s
RTI cycle took 0.030s
RTI cycle took 0.037s
RTI cycle took 0.029s
RTI cycle took 0.034s
RTI cycle took 0.022s
RTI cycle took 0.024s
RTI cycle took 0.017s
RTI cycle took 0.032s
RTI cycle took 0.014s
RTI cycle took 0.032s
RTI cycle took 0.017s
RTI cycle took 0.027s
RTI cycle took 0.019s
RTI cycle took 0.026s
RTI cycle took 0.029s
RTI cycle took 0.031s
RTI cycle took 0.016s
RTI cycle took 0.029s
RTI cycle took 0.030s
RTI cycle took 0.025s
RTI cycle took 0.026s
RTI cycle took 0.030s
RTI cycle took 0.031s
RTI cycle took 0.032s
RTI cycle took 0.023s
RTI cycle took 0.034s
RTI cycle took 0.014s
RTI cycle took 0.023s
RTI cycle took 0.027s
RTI cycle took 0.031s
RTI cycle took 0.029s
RTI cycle took 0.037s
RTI cycle took 0.020s
RTI cycle took 0.020s
RTI cycle took 0.025s
RTI cycle took 0.020s
RTI cycle took 0.030s
RTI cycle took 0.032s
RTI cycle took 0.028s
RTI cycle took 0.030s
RTI cycle took 0.017s
RTI cycle took 0.046s
RTI cycle took 0.016s
RTI cycle took 0.025s
RTI cycle took 0.031s
RTI cycle took 0.028s
RTI cycle took 0.048s
RTI cycle took 0.016s
RTI cycle took 0.022s
RTI cycle took 0.031s
RTI cycle took 0.032s
RTI cycle took 0.025s
RTI cycle took 0.037s
RTI cycle took 0.032s
RTI cycle took 0.017s
RTI cycle took 0.035s
RTI cycle took 0.018s
RTI cycle took 0.028s
RTI cycle took 0.018s
RTI cycle took 0.026s
RTI cycle took 0.024s
RTI cycle took 0.030s
RTI cycle took 0.034s
RTI cycle took 0.015s
RTI cycle took 0.036s
RTI cycle took 0.013s
RTI cycle took 0.026s
RTI cycle took 0.028s
RTI cycle took 0.020s
RTI cycle took 0.023s
RTI cycle took 0.015s
RTI cycle took 0.025s
RTI cycle took 0.014s
RTI cycle took 0.026s
RTI cycle took 0.014s
RTI cycle took 0.017s
RTI cycle took 0.042s
RTI cycle took 0.014s
RTI cycle took 0.021s
RTI cycle took 0.026s
RTI cycle took 0.036s
RTI cycle took 0.034s
RTI cycle took 0.026s
RTI cycle took 0.025s
RTI cycle took 0.028s
RTI cycle took 0.025s
RTI cycle took 0.017s
RTI cycle took 0.045s
RTI cycle took 0.021s
RTI cycle took 0.022s
RTI cycle took 0.029s
RTI cycle took 0.026s
RTI cycle took 0.028s
RTI cycle took 0.016s
RTI cycle took 0.025s
RTI cycle took 0.024s
RTI cycle took 0.025s
RTI cycle took 0.016s
RTI cycle took 0.026s
RTI cycle took 0.025s
RTI cycle took 0.031s
RTI cycle took 0.039s
RTI cycle took 0.026s
RTI cycle took 0.019s
RTI cycle took 0.017s
RTI cycle took 0.026s
RTI cycle took 0.021s
RTI cycle took 0.027s
RTI cycle took 0.031s
RTI cycle took 0.023s
RTI cycle took 0.021s
RTI cycle took 0.014s
RTI cycle took 0.038s
RTI cycle took 0.015s
RTI cycle took 0.018s
RTI cycle took 0.022s
RTI cycle took 0.025s
RTI cycle took 0.044s
RTI cycle took 0.021s
RTI cycle took 0.031s
RTI cycle took 0.017s
RTI cycle took 0.031s
RTI cycle took 0.034s
RTI cycle took 0.025s
RTI cycle took 0.031s
RTI cycle took 0.017s
RTI cycle took 0.026s
RTI cycle took 0.017s
RTI cycle took 0.022s
RTI cycle took 0.015s
RTI cycle took 0.031s
RTI cycle took 0.024s
RTI cycle took 0.023s
RTI cycle took 0.021s
RTI cycle took 0.027s
RTI cycle took 0.018s
RTI cycle took 0.024s
RTI cycle took 0.030s
RTI cycle took 0.017s
RTI cycle took 0.025s
RTI cycle took 0.031s
RTI cycle took 0.035s
RTI cycle took 0.015s
RTI cycle took 0.030s
RTI cycle took 0.018s
RTI cycle took 0.023s
RTI cycle took 0.022s
RTI cycle took 0.022s
RTI cycle took 0.016s
RTI cycle took 0.014s
RTI cycle took 0.024s
RTI cycle took 0.038s
RTI cycle took 0.019s
RTI cycle took 0.034s
RTI cycle took 0.020s
RTI cycle took 0.025s
RTI cycle took 0.020s
RTI cycle took 0.030s
RTI cycle took 0.016s
[32mloggerd[0m [32mencoderd[0m [32mlogmessaged[0m [32mcamerad[0m [32mlogcatd[0m [32mproclogd[0m [32mmicd[0m [32mtimed[0m [32mdmonitoringmodeld[0m [32msensord[0m [32mui[0m [32msoundd[0m [32mlocationd[0m [32mcalibrationd[0m [32mtorqued[0m [32mcontrolsd[0m [32mselfdrived[0m [32mcard[0m [32mdeleter[0m [32mdmonitoringd[0m [32mqcomgpsd[0m [32mpandad[0m [32mparamsd[0m [32mlagd[0m [32mplannerd[0m [32mradard[0m [32mhardwared[0m [32mtombstoned[0m [32muploader[0m [32mstatsd[0m [32mfeedbackd[0m [32mmodeld_tinygrad[0m [32mmapd[0m [32mmapd_manager[0m [31mmtscd[0m [32mrtid[0m
[32mloggerd[0m [32mencoderd[0m [32mlogmessaged[0m [32mcamerad[0m [32mlogcatd[0m [32mproclogd[0m [32mmicd[0m [32mtimed[0m [32mdmonitoringmodeld[0m [32msensord[0m [32mui[0m [32msoundd[0m [32mlocationd[0m [32mcalibrationd[0m [32mtorqued[0m [32mcontrolsd[0m [32mselfdrived[0m [32mcard[0m [32mdeleter[0m [32mdmonitoringd[0m [32mqcomgpsd[0m [32mpandad[0m [32mparamsd[0m [32mlagd[0m [32mplannerd[0m [32mradard[0m [32mhardwared[0m [32mtombstoned[0m [32muploader[0m [32mstatsd[0m [32mfeedbackd[0m [32mmodeld_tinygrad[0m [32mmapd[0m [32mmapd_manager[0m [31mmtscd[0m [32mrtid[0m
[32mloggerd[0m [32mencoderd[0m [32mlogmessaged[0m [32mcamerad[0m [32mlogcatd[0m [32mproclogd[0m [32mmicd[0m [32mtimed[0m [32mdmonitoringmodeld[0m [32msensord[0m [32mui[0m [32msoundd[0m [32mlocationd[0m [32mcalibrationd[0m [32mtorqued[0m [32mcontrolsd[0m [32mselfdrived[0m [32mcard[0m [32mdeleter[0m [32mdmonitoringd[0m [32mqcomgpsd[0m [32mpandad[0m [32mparamsd[0m [32mlagd[0m [32mplannerd[0m [32mradard[0m [32mhardwared[0m [32mtombstoned[0m [32muploader[0m [32mstatsd[0m [32mfeedbackd[0m [32mmodeld_tinygrad[0m [32mmapd[0m [32mmapd_manager[0m [31mmtscd[0m [32mrtid[0m
[32mloggerd[0m [32mencoderd[0m [32mlogmessaged[0m [32mcamerad[0m [32mlogcatd[0m [32mproclogd[0m [32mmicd[0m [32mtimed[0m [32mdmonitoringmodeld[0m [32msensord[0m [32mui[0m [32msoundd[0m [32mlocationd[0m [32mcalibrationd[0m [32mtorqued[0m [32mcontrolsd[0m [32mselfdrived[0m [32mcard[0m [32mdeleter[0m [32mdmonitoringd[0m [32mqcomgpsd[0m [32mpandad[0m [32mparamsd[0m [32mlagd[0m [32mplannerd[0m [32mradard[0m [32mhardwared[0m [32mtombstoned[0m [32muploader[0m [32mstatsd[0m [32mfeedbackd[0m [32mmodeld_tinygrad[0m [32mmapd[0m [32mmapd_manager[0m [31mmtscd[0m [32mrtid[0m
[32mloggerd[0m [32mencoderd[0m [32mlogmessaged[0m [32mcamerad[0m [32mlogcatd[0m [32mproclogd[0m [32mmicd[0m [32mtimed[0m [32mdmonitoringmodeld[0m [32msensord[0m [32mui[0m [32msoundd[0m [32mlocationd[0m [32mcalibrationd[0m [32mtorqued[0m [32mcontrolsd[0m [32mselfdrived[0m [32mcard[0m [32mdeleter[0m [32mdmonitoringd[0m [32mqcomgpsd[0m [32mpandad[0m [32mparamsd[0m [32mlagd[0m [32mplannerd[0m [32mradard[0m [32mhardwared[0m [32mtombstoned[0m [32muploader[0m [32mstatsd[0m [32mfeedbackd[0m [32mmodeld_tinygrad[0m [32mmapd[0m [32mmapd_manager[0m [31mmtscd[0m [32mrtid[0m
[32mloggerd[0m [32mencoderd[0m [32mlogmessaged[0m [32mcamerad[0m [32mlogcatd[0m [32mproclogd[0m [32mmicd[0m [32mtimed[0m [32mdmonitoringmodeld[0m [32msensord[0m [32mui[0m [32msoundd[0m [32mlocationd[0m [32mcalibrationd[0m [32mtorqued[0m [32mcontrolsd[0m [32mselfdrived[0m [32mcard[0m [32mdeleter[0m [32mdmonitoringd[0m [32mqcomgpsd[0m [32mpandad[0m [32mparamsd[0m [32mlagd[0m [32mplannerd[0m [32mradard[0m [32mhardwared[0m [32mtombstoned[0m [32muploader[0m [32mstatsd[0m [32mfeedbackd[0m [32mmodeld_tinygrad[0m [32mmapd[0m [32mmapd_manager[0m [31mmtscd[0m [32mrtid[0m
[32mloggerd[0m [32mencoderd[0m [32mlogmessaged[0m [32mcamerad[0m [32mlogcatd[0m [32mproclogd[0m [32mmicd[0m [32mtimed[0m [32mdmonitoringmodeld[0m [32msensord[0m [32mui[0m [32msoundd[0m [32mlocationd[0m [32mcalibrationd[0m [32mtorqued[0m [32mcontrolsd[0m [32mselfdrived[0m [32mcard[0m [32mdeleter[0m [32mdmonitoringd[0m [32mqcomgpsd[0m [32mpandad[0m [32mparamsd[0m [32mlagd[0m [32mplannerd[0m [32mradard[0m [32mhardwared[0m [32mtombstoned[0m [32muploader[0m [32mstatsd[0m [32mfeedbackd[0m [32mmodeld_tinygrad[0m [32mmapd[0m [32mmapd_manager[0m [31mmtscd[0m [32mrtid[0m
[32mloggerd[0m [32mencoderd[0m [32mlogmessaged[0m [32mcamerad[0m [32mlogcatd[0m [32mproclogd[0m [32mmicd[0m [32mtimed[0m [32mdmonitoringmodeld[0m [32msensord[0m [32mui[0m [32msoundd[0m [32mlocationd[0m [32mcalibrationd[0m [32mtorqued[0m [32mcontrolsd[0m [32mselfdrived[0m [32mcard[0m [32mdeleter[0m [32mdmonitoringd[0m [32mqcomgpsd[0m [32mpandad[0m [32mparamsd[0m [32mlagd[0m [32mplannerd[0m [32mradard[0m [32mhardwared[0m [32mtombstoned[0m [32muploader[0m [32mstatsd[0m [32mfeedbackd[0m [32mmodeld_tinygrad[0m [32mmapd[0m [32mmapd_manager[0m [31mmtscd[0m [32mrtid[0m
[32mloggerd[0m [32mencoderd[0m [32mlogmessaged[0m [32mcamerad[0m [32mlogcatd[0m [32mproclogd[0m [32mmicd[0m [32mtimed[0m [32mdmonitoringmodeld[0m [32msensord[0m [32mui[0m [32msoundd[0m [32mlocationd[0m [32mcalibrationd[0m [32mtorqued[0m [32mcontrolsd[0m [32mselfdrived[0m [32mcard[0m [32mdeleter[0m [32mdmonitoringd[0m [32mqcomgpsd[0m [32mpandad[0m [32mparamsd[0m [32mlagd[0m [32mplannerd[0m [32mradard[0m [32mhardwared[0m [32mtombstoned[0m [32muploader[0m [32mstatsd[0m [32mfeedbackd[0m [32mmodeld_tinygrad[0m [32mmapd[0m [32mmapd_manager[0m [31mmtscd[0m [32mrtid[0m
[32mloggerd[0m [32mencoderd[0m [32mlogmessaged[0m [32mcamerad[0m [32mlogcatd[0m [32mproclogd[0m [32mmicd[0m [32mtimed[0m [32mdmonitoringmodeld[0m [32msensord[0m [32mui[0m [32msoundd[0m [32mlocationd[0m [32mcalibrationd[0m [32mtorqued[0m [32mcontrolsd[0m [32mselfdrived[0m [32mcard[0m [32mdeleter[0m [32mdmonitoringd[0m [32mqcomgpsd[0m [32mpandad[0m [32mparamsd[0m [32mlagd[0m [32mplannerd[0m [32mradard[0m [32mhardwared[0m [32mtombstoned[0m [32muploader[0m [32mstatsd[0m [32mfeedbackd[0m [32mmodeld_tinygrad[0m [32mmapd[0m [32mmapd_manager[0m [31mmtscd[0m [32mrtid[0m
[32mloggerd[0m [32mencoderd[0m [32mlogmessaged[0m [32mcamerad[0m [32mlogcatd[0m [32mproclogd[0m [32mmicd[0m [32mtimed[0m [32mdmonitoringmodeld[0m [32msensord[0m [32mui[0m [32msoundd[0m [32mlocationd[0m [32mcalibrationd[0m [32mtorqued[0m [32mcontrolsd[0m [32mselfdrived[0m [32mcard[0m [32mdeleter[0m [32mdmonitoringd[0m [32mqcomgpsd[0m [32mpandad[0m [32mparamsd[0m [32mlagd[0m [32mplannerd[0m [32mradard[0m [32mhardwared[0m [32mtombstoned[0m [32muploader[0m [32mstatsd[0m [32mfeedbackd[0m [32mmodeld_tinygrad[0m [32mmapd[0m [32mmapd_manager[0m [31mmtscd[0m [32mrtid[0m
[32mloggerd[0m [32mencoderd[0m [32mlogmessaged[0m [32mcamerad[0m [32mlogcatd[0m [32mproclogd[0m [32mmicd[0m [32mtimed[0m [32mdmonitoringmodeld[0m [32msensord[0m [32mui[0m [32msoundd[0m [32mlocationd[0m [32mcalibrationd[0m [32mtorqued[0m [32mcontrolsd[0m [32mselfdrived[0m [32mcard[0m [32mdeleter[0m [32mdmonitoringd[0m [32mqcomgpsd[0m [32mpandad[0m [32mparamsd[0m [32mlagd[0m [32mplannerd[0m [32mradard[0m [32mhardwared[0m [32mtombstoned[0m [32muploader[0m [32mstatsd[0m [32mfeedbackd[0m [32mmodeld_tinygrad[0m [32mmapd[0m [32mmapd_manager[0m [31mmtscd[0m [32mrtid[0m
RTI cycle took 0.028s
RTI cycle took 0.030s
RTI cycle took 0.015s
RTI cycle took 0.014s
RTI cycle took 0.025s
RTI cycle took 0.016s
RTI cycle took 0.025s
RTI cycle took 0.031s
RTI cycle took 0.016s
RTI cycle took 0.035s
RTI cycle took 0.013s
RTI cycle took 0.020s
RTI cycle took 0.022s
RTI cycle took 0.024s
RTI cycle took 0.041s
RTI cycle took 0.016s
RTI cycle took 0.012s
RTI cycle took 0.011s
RTI cycle took 0.014s
RTI cycle took 0.023s
RTI cycle took 0.013s
RTI cycle took 0.021s
RTI cycle took 0.032s
RTI cycle took 0.015s
RTI cycle took 0.013s
RTI cycle took 0.025s
RTI cycle took 0.017s
RTI cycle took 0.016s
RTI cycle took 0.024s
RTI cycle took 0.030s
RTI cycle took 0.043s
RTI cycle took 0.026s
RTI cycle took 0.038s
RTI cycle took 0.021s
RTI cycle took 0.038s
RTI cycle took 0.028s
RTI cycle took 0.032s
RTI cycle took 0.015s
RTI cycle took 0.030s
RTI cycle took 0.015s
RTI cycle took 0.024s
RTI cycle took 0.016s
RTI cycle took 0.015s
RTI cycle took 0.026s
RTI cycle took 0.017s
RTI cycle took 0.017s
RTI cycle took 0.016s
RTI cycle took 0.024s
RTI cycle took 0.045s
RTI cycle took 0.014s
RTI cycle took 0.021s
RTI cycle took 0.016s
RTI cycle took 0.016s
RTI cycle took 0.022s
RTI cycle took 0.037s
RTI cycle took 0.014s
RTI cycle took 0.017s
RTI cycle took 0.023s
RTI cycle took 0.022s
RTI cycle took 0.016s
RTI cycle took 0.028s
RTI cycle took 0.028s
RTI cycle took 0.028s
RTI cycle took 0.020s
RTI cycle took 0.027s
RTI cycle took 0.019s
RTI cycle took 0.028s
RTI cycle took 0.019s
RTI cycle took 0.031s
RTI cycle took 0.015s
RTI cycle took 0.024s
RTI cycle took 0.019s
RTI cycle took 0.015s
RTI cycle took 0.014s
RTI cycle took 0.021s
RTI cycle took 0.020s
RTI cycle took 0.020s
RTI cycle took 0.014s
RTI cycle took 0.017s
RTI cycle took 0.022s
RTI cycle took 0.027s
RTI cycle took 0.019s
RTI cycle took 0.029s
RTI cycle took 0.018s
RTI cycle took 0.017s
RTI cycle took 0.012s
RTI cycle took 0.027s
RTI cycle took 0.014s
RTI cycle took 0.023s
RTI cycle took 0.027s
RTI cycle took 0.029s
RTI cycle took 0.019s
RTI cycle took 0.026s
RTI cycle took 0.019s
RTI cycle took 0.020s
RTI cycle took 0.024s
RTI cycle took 0.031s
RTI cycle took 0.019s
RTI cycle took 0.027s
RTI cycle took 0.020s
RTI cycle took 0.032s
RTI cycle took 0.024s
RTI cycle took 0.029s
RTI cycle took 0.019s
RTI cycle took 0.027s
RTI cycle took 0.033s
RTI cycle took 0.027s
RTI cycle took 0.028s
RTI cycle took 0.018s
RTI cycle took 0.038s
RTI cycle took 0.015s
RTI cycle took 0.020s
RTI cycle took 0.033s
RTI cycle took 0.028s
RTI cycle took 0.044s
RTI cycle took 0.029s
RTI cycle took 0.033s
RTI cycle took 0.017s
RTI cycle took 0.027s
RTI cycle took 0.014s
RTI cycle took 0.014s
RTI cycle took 0.022s
RTI cycle took 0.033s
RTI cycle took 0.016s
RTI cycle took 0.021s
RTI cycle took 0.030s
RTI cycle took 0.027s
RTI cycle took 0.018s
RTI cycle took 0.032s
RTI cycle took 0.015s
RTI cycle took 0.024s
RTI cycle took 0.019s
RTI cycle took 0.020s
RTI cycle took 0.026s
RTI cycle took 0.029s
RTI cycle took 0.020s
RTI cycle took 0.024s
RTI cycle took 0.025s
RTI cycle took 0.026s
RTI cycle took 0.019s
RTI cycle took 0.028s
RTI cycle took 0.022s
RTI cycle took 0.027s
RTI cycle took 0.019s
RTI cycle took 0.029s
RTI cycle took 0.019s
RTI cycle took 0.020s
RTI cycle took 0.026s
RTI cycle took 0.022s
RTI cycle took 0.026s
RTI cycle took 0.021s
RTI cycle took 0.027s
RTI cycle took 0.022s
RTI cycle took 0.013s
RTI cycle took 0.012s
RTI cycle took 0.013s
RTI cycle took 0.018s
RTI cycle took 0.028s
RTI cycle took 0.019s
RTI cycle took 0.018s
RTI cycle took 0.025s
RTI cycle took 0.021s
RTI cycle took 0.026s
RTI cycle took 0.021s
RTI cycle took 0.029s
RTI cycle took 0.028s
RTI cycle took 0.020s
RTI cycle took 0.019s
RTI cycle took 0.016s
RTI cycle took 0.024s
RTI cycle took 0.019s
RTI cycle took 0.017s
RTI cycle took 0.011s
RTI cycle took 0.023s
RTI cycle took 0.027s
RTI cycle took 0.022s
RTI cycle took 0.015s
RTI cycle took 0.014s
RTI cycle took 0.014s
RTI cycle took 0.024s
RTI cycle took 0.026s
RTI cycle took 0.020s
RTI cycle took 0.037s
RTI cycle took 0.013s
RTI cycle took 0.019s
RTI cycle took 0.031s
RTI cycle took 0.016s
RTI cycle took 0.023s
RTI cycle took 0.027s
RTI cycle took 0.022s
RTI cycle took 0.027s
RTI cycle took 0.019s
RTI cycle took 0.027s
RTI cycle took 0.029s
RTI cycle took 0.028s
RTI cycle took 0.021s
RTI cycle took 0.018s
RTI cycle took 0.025s
RTI cycle took 0.028s
RTI cycle took 0.029s
RTI cycle took 0.021s
RTI cycle took 0.028s
RTI cycle took 0.021s
RTI cycle took 0.027s
RTI cycle took 0.021s
RTI cycle took 0.027s
RTI cycle took 0.034s
RTI cycle took 0.027s
RTI cycle took 0.030s
RTI cycle took 0.019s
RTI cycle took 0.037s
RTI cycle took 0.031s
RTI cycle took 0.016s
RTI cycle took 0.013s
RTI cycle took 0.013s
RTI cycle took 0.021s
RTI cycle took 0.028s
RTI cycle took 0.033s
RTI cycle took 0.015s
RTI cycle took 0.014s
RTI cycle took 0.021s
RTI cycle took 0.032s
RTI cycle took 0.016s
RTI cycle took 0.013s
RTI cycle took 0.035s
RTI cycle took 0.027s
RTI cycle took 0.018s
RTI cycle took 0.019s
RTI cycle took 0.014s
RTI cycle took 0.013s
RTI cycle took 0.012s
RTI cycle took 0.020s
[32mloggerd[0m [32mencoderd[0m [32mlogmessaged[0m [32mcamerad[0m [32mlogcatd[0m [32mproclogd[0m [32mmicd[0m [32mtimed[0m [32mdmonitoringmodeld[0m [32msensord[0m [32mui[0m [32msoundd[0m [32mlocationd[0m [32mcalibrationd[0m [32mtorqued[0m [32mcontrolsd[0m [32mselfdrived[0m [32mcard[0m [32mdeleter[0m [32mdmonitoringd[0m [32mqcomgpsd[0m [32mpandad[0m [32mparamsd[0m [32mlagd[0m [32mplannerd[0m [32mradard[0m [32mhardwared[0m [32mtombstoned[0m [32muploader[0m [32mstatsd[0m [32mfeedbackd[0m [32mmodeld_tinygrad[0m [32mmapd[0m [32mmapd_manager[0m [31mmtscd[0m [32mrtid[0m
[32mloggerd[0m [32mencoderd[0m [32mlogmessaged[0m [32mcamerad[0m [32mlogcatd[0m [32mproclogd[0m [32mmicd[0m [32mtimed[0m [32mdmonitoringmodeld[0m [32msensord[0m [32mui[0m [32msoundd[0m [32mlocationd[0m [32mcalibrationd[0m [32mtorqued[0m [32mcontrolsd[0m [32mselfdrived[0m [32mcard[0m [32mdeleter[0m [32mdmonitoringd[0m [32mqcomgpsd[0m [32mpandad[0m [32mparamsd[0m [32mlagd[0m [32mplannerd[0m [32mradard[0m [32mhardwared[0m [32mtombstoned[0m [32muploader[0m [32mstatsd[0m [32mfeedbackd[0m [32mmodeld_tinygrad[0m [32mmapd[0m [32mmapd_manager[0m [31mmtscd[0m [32mrtid[0m
[32mloggerd[0m [32mencoderd[0m [32mlogmessaged[0m [32mcamerad[0m [32mlogcatd[0m [32mproclogd[0m [32mmicd[0m [32mtimed[0m [32mdmonitoringmodeld[0m [32msensord[0m [32mui[0m [32msoundd[0m [32mlocationd[0m [32mcalibrationd[0m [32mtorqued[0m [32mcontrolsd[0m [32mselfdrived[0m [32mcard[0m [32mdeleter[0m [32mdmonitoringd[0m [32mqcomgpsd[0m [32mpandad[0m [32mparamsd[0m [32mlagd[0m [32mplannerd[0m [32mradard[0m [32mhardwared[0m [32mtombstoned[0m [32muploader[0m [32mstatsd[0m [32mfeedbackd[0m [32mmodeld_tinygrad[0m [32mmapd[0m [32mmapd_manager[0m [31mmtscd[0m [32mrtid[0m
[32mloggerd[0m [32mencoderd[0m [32mlogmessaged[0m [32mcamerad[0m [32mlogcatd[0m [32mproclogd[0m [32mmicd[0m [32mtimed[0m [32mdmonitoringmodeld[0m [32msensord[0m [32mui[0m [32msoundd[0m [32mlocationd[0m [32mcalibrationd[0m [32mtorqued[0m [32mcontrolsd[0m [32mselfdrived[0m [32mcard[0m [32mdeleter[0m [32mdmonitoringd[0m [32mqcomgpsd[0m [32mpandad[0m [32mparamsd[0m [32mlagd[0m [32mplannerd[0m [32mradard[0m [32mhardwared[0m [32mtombstoned[0m [32muploader[0m [32mstatsd[0m [32mfeedbackd[0m [32mmodeld_tinygrad[0m [32mmapd[0m [32mmapd_manager[0m [31mmtscd[0m [32mrtid[0m
[32mloggerd[0m [32mencoderd[0m [32mlogmessaged[0m [32mcamerad[0m [32mlogcatd[0m [32mproclogd[0m [32mmicd[0m [32mtimed[0m [32mdmonitoringmodeld[0m [32msensord[0m [32mui[0m [32msoundd[0m [32mlocationd[0m [32mcalibrationd[0m [32mtorqued[0m [32mcontrolsd[0m [32mselfdrived[0m [32mcard[0m [32mdeleter[0m [32mdmonitoringd[0m [32mqcomgpsd[0m [32mpandad[0m [32mparamsd[0m [32mlagd[0m [32mplannerd[0m [32mradard[0m [32mhardwared[0m [32mtombstoned[0m [32muploader[0m [32mstatsd[0m [32mfeedbackd[0m [32mmodeld_tinygrad[0m [32mmapd[0m [32mmapd_manager[0m [31mmtscd[0m [32mrtid[0m
[32mloggerd[0m [32mencoderd[0m [32mlogmessaged[0m [32mcamerad[0m [32mlogcatd[0m [32mproclogd[0m [32mmicd[0m [32mtimed[0m [32mdmonitoringmodeld[0m [32msensord[0m [32mui[0m [32msoundd[0m [32mlocationd[0m [32mcalibrationd[0m [32mtorqued[0m [32mcontrolsd[0m [32mselfdrived[0m [32mcard[0m [32mdeleter[0m [32mdmonitoringd[0m [32mqcomgpsd[0m [32mpandad[0m [32mparamsd[0m [32mlagd[0m [32mplannerd[0m [32mradard[0m [32mhardwared[0m [32mtombstoned[0m [32muploader[0m [32mstatsd[0m [32mfeedbackd[0m [32mmodeld_tinygrad[0m [32mmapd[0m [32mmapd_manager[0m [31mmtscd[0m [32mrtid[0m
[32mloggerd[0m [32mencoderd[0m [32mlogmessaged[0m [32mcamerad[0m [32mlogcatd[0m [32mproclogd[0m [32mmicd[0m [32mtimed[0m [32mdmonitoringmodeld[0m [32msensord[0m [32mui[0m [32msoundd[0m [32mlocationd[0m [32mcalibrationd[0m [32mtorqued[0m [32mcontrolsd[0m [32mselfdrived[0m [32mcard[0m [32mdeleter[0m [32mdmonitoringd[0m [32mqcomgpsd[0m [32mpandad[0m [32mparamsd[0m [32mlagd[0m [32mplannerd[0m [32mradard[0m [32mhardwared[0m [32mtombstoned[0m [32muploader[0m [32mstatsd[0m [32mfeedbackd[0m [32mmodeld_tinygrad[0m [32mmapd[0m [32mmapd_manager[0m [31mmtscd[0m [32mrtid[0m
[32mloggerd[0m [32mencoderd[0m [32mlogmessaged[0m [32mcamerad[0m [32mlogcatd[0m [32mproclogd[0m [32mmicd[0m [32mtimed[0m [32mdmonitoringmodeld[0m [32msensord[0m [32mui[0m [32msoundd[0m [32mlocationd[0m [32mcalibrationd[0m [32mtorqued[0m [32mcontrolsd[0m [32mselfdrived[0m [32mcard[0m [32mdeleter[0m [32mdmonitoringd[0m [32mqcomgpsd[0m [32mpandad[0m [32mparamsd[0m [32mlagd[0m [32mplannerd[0m [32mradard[0m [32mhardwared[0m [32mtombstoned[0m [32muploader[0m [32mstatsd[0m [32mfeedbackd[0m [32mmodeld_tinygrad[0m [32mmapd[0m [32mmapd_manager[0m [31mmtscd[0m [32mrtid[0m
[32mloggerd[0m [32mencoderd[0m [32mlogmessaged[0m [32mcamerad[0m [32mlogcatd[0m [32mproclogd[0m [32mmicd[0m [32mtimed[0m [32mdmonitoringmodeld[0m [32msensord[0m [32mui[0m [32msoundd[0m [32mlocationd[0m [32mcalibrationd[0m [32mtorqued[0m [32mcontrolsd[0m [32mselfdrived[0m [32mcard[0m [32mdeleter[0m [32mdmonitoringd[0m [32mqcomgpsd[0m [32mpandad[0m [32mparamsd[0m [32mlagd[0m [32mplannerd[0m [32mradard[0m [32mhardwared[0m [32mtombstoned[0m [32muploader[0m [32mstatsd[0m [32mfeedbackd[0m [32mmodeld_tinygrad[0m [32mmapd[0m [32mmapd_manager[0m [31mmtscd[0m [32mrtid[0m
[32mloggerd[0m [32mencoderd[0m [32mlogmessaged[0m [32mcamerad[0m [32mlogcatd[0m [32mproclogd[0m [32mmicd[0m [32mtimed[0m [32mdmonitoringmodeld[0m [32msensord[0m [32mui[0m [32msoundd[0m [32mlocationd[0m [32mcalibrationd[0m [32mtorqued[0m [32mcontrolsd[0m [32mselfdrived[0m [32mcard[0m [32mdeleter[0m [32mdmonitoringd[0m [32mqcomgpsd[0m [32mpandad[0m [32mparamsd[0m [32mlagd[0m [32mplannerd[0m [32mradard[0m [32mhardwared[0m [32mtombstoned[0m [32muploader[0m [32mstatsd[0m [32mfeedbackd[0m [32mmodeld_tinygrad[0m [32mmapd[0m [32mmapd_manager[0m [31mmtscd[0m [32mrtid[0m
[32mloggerd[0m [32mencoderd[0m [32mlogmessaged[0m [32mcamerad[0m [32mlogcatd[0m [32mproclogd[0m [32mmicd[0m [32mtimed[0m [32mdmonitoringmodeld[0m [32msensord[0m [32mui[0m [32msoundd[0m [32mlocationd[0m [32mcalibrationd[0m [32mtorqued[0m [32mcontrolsd[0m [32mselfdrived[0m [32mcard[0m [32mdeleter[0m [32mdmonitoringd[0m [32mqcomgpsd[0m [32mpandad[0m [32mparamsd[0m [32mlagd[0m [32mplannerd[0m [32mradard[0m [32mhardwared[0m [32mtombstoned[0m [32muploader[0m [32mstatsd[0m [32mfeedbackd[0m [32mmodeld_tinygrad[0m [32mmapd[0m [32mmapd_manager[0m [31mmtscd[0m [32mrtid[0m
[32mloggerd[0m [32mencoderd[0m [32mlogmessaged[0m [32mcamerad[0m [32mlogcatd[0m [32mproclogd[0m [32mmicd[0m [32mtimed[0m [32mdmonitoringmodeld[0m [32msensord[0m [32mui[0m [32msoundd[0m [32mlocationd[0m [32mcalibrationd[0m [32mtorqued[0m [32mcontrolsd[0m [32mselfdrived[0m [32mcard[0m [32mdeleter[0m [32mdmonitoringd[0m [32mqcomgpsd[0m [32mpandad[0m [32mparamsd[0m [32mlagd[0m [32mplannerd[0m [32mradard[0m [32mhardwared[0m [32mtombstoned[0m [32muploader[0m [32mstatsd[0m [32mfeedbackd[0m [32mmodeld_tinygrad[0m [32mmapd[0m [32mmapd_manager[0m [31mmtscd[0m [32mrtid[0m
RTI cycle took 0.016s
RTI cycle took 0.014s
RTI cycle took 0.022s
RTI cycle took 0.019s
RTI cycle took 0.018s
RTI cycle took 0.013s
RTI cycle took 0.024s
RTI cycle took 0.027s
RTI cycle took 0.028s
RTI cycle took 0.020s
RTI cycle took 0.023s
RTI cycle took 0.023s
RTI cycle took 0.027s
RTI cycle took 0.028s
RTI cycle took 0.018s
RTI cycle took 0.018s
RTI cycle took 0.022s
RTI cycle took 0.021s
RTI cycle took 0.026s
RTI cycle took 0.020s
RTI cycle took 0.026s
RTI cycle took 0.020s
RTI cycle took 0.027s
RTI cycle took 0.027s
RTI cycle took 0.029s
RTI cycle took 0.032s
RTI cycle took 0.015s
RTI cycle took 0.022s
RTI cycle took 0.017s
RTI cycle took 0.015s
RTI cycle took 0.023s
RTI cycle took 0.020s
RTI cycle took 0.020s
RTI cycle took 0.020s
RTI cycle took 0.018s
RTI cycle took 0.012s
RTI cycle took 0.026s
RTI cycle took 0.024s
RTI cycle took 0.029s
RTI cycle took 0.019s
RTI cycle took 0.017s
RTI cycle took 0.012s
RTI cycle took 0.025s
RTI cycle took 0.015s
RTI cycle took 0.016s
RTI cycle took 0.021s
RTI cycle took 0.019s
RTI cycle took 0.026s
RTI cycle took 0.020s
RTI cycle took 0.030s
RTI cycle took 0.019s
RTI cycle took 0.026s
RTI cycle took 0.020s
RTI cycle took 0.021s
RTI cycle took 0.019s
RTI cycle took 0.019s
RTI cycle took 0.013s
RTI cycle took 0.022s
RTI cycle took 0.016s
RTI cycle took 0.014s
RTI cycle took 0.023s
RTI cycle took 0.019s
RTI cycle took 0.028s
RTI cycle took 0.018s
RTI cycle took 0.027s
RTI cycle took 0.032s
RTI cycle took 0.016s
RTI cycle took 0.027s
RTI cycle took 0.016s
RTI cycle took 0.028s
RTI cycle took 0.017s
RTI cycle took 0.015s
RTI cycle took 0.023s
RTI cycle took 0.020s
RTI cycle took 0.028s
RTI cycle took 0.019s
RTI cycle took 0.017s
RTI cycle took 0.018s
RTI cycle took 0.022s
RTI cycle took 0.020s
RTI cycle took 0.029s
RTI cycle took 0.019s
RTI cycle took 0.018s
RTI cycle took 0.026s
RTI cycle took 0.027s
RTI cycle took 0.019s
RTI cycle took 0.020s
RTI cycle took 0.035s
RTI cycle took 0.028s
RTI cycle took 0.021s
RTI cycle took 0.027s
RTI cycle took 0.019s
RTI cycle took 0.028s
RTI cycle took 0.020s
RTI cycle took 0.026s
RTI cycle took 0.032s
RTI cycle took 0.015s
RTI cycle took 0.028s
RTI cycle took 0.015s
RTI cycle took 0.026s
RTI cycle took 0.015s
RTI cycle took 0.014s
RTI cycle took 0.017s
RTI cycle took 0.015s
RTI cycle took 0.022s
RTI cycle took 0.021s
RTI cycle took 0.021s
RTI cycle took 0.018s
RTI cycle took 0.017s
RTI cycle took 0.013s
RTI cycle took 0.024s
RTI cycle took 0.017s
RTI cycle took 0.028s
RTI cycle took 0.015s
RTI cycle took 0.014s
RTI cycle took 0.024s
RTI cycle took 0.019s
RTI cycle took 0.019s
RTI cycle took 0.019s
RTI cycle took 0.023s
RTI cycle took 0.020s
RTI cycle took 0.018s
RTI cycle took 0.024s
RTI cycle took 0.025s
RTI cycle took 0.041s
RTI cycle took 0.015s
RTI cycle took 0.023s
RTI cycle took 0.016s
RTI cycle took 0.014s
RTI cycle took 0.017s
RTI cycle took 0.034s
RTI cycle took 0.029s
RTI cycle took 0.027s
RTI cycle took 0.021s
RTI cycle took 0.028s
RTI cycle took 0.034s
RTI cycle took 0.015s
RTI cycle took 0.013s
RTI cycle took 0.022s
RTI cycle took 0.033s
RTI cycle took 0.025s
RTI cycle took 0.030s
RTI cycle took 0.028s
RTI cycle took 0.028s
RTI cycle took 0.020s
RTI cycle took 0.028s
RTI cycle took 0.020s
RTI cycle took 0.027s
RTI cycle took 0.021s
RTI cycle took 0.019s
RTI cycle took 0.018s
RTI cycle took 0.026s
RTI cycle took 0.019s
RTI cycle took 0.029s
RTI cycle took 0.019s
RTI cycle took 0.024s
RTI cycle took 0.019s
RTI cycle took 0.019s
RTI cycle took 0.018s
RTI cycle took 0.016s
RTI cycle took 0.011s
RTI cycle took 0.041s
RTI cycle took 0.020s
RTI cycle took 0.027s
RTI cycle took 0.039s
RTI cycle took 0.016s
RTI cycle took 0.025s
RTI cycle took 0.030s
RTI cycle took 0.017s
RTI cycle took 0.015s
RTI cycle took 0.020s
RTI cycle took 0.033s
RTI cycle took 0.028s
RTI cycle took 0.021s
RTI cycle took 0.017s
RTI cycle took 0.029s
RTI cycle took 0.015s
RTI cycle took 0.015s
RTI cycle took 0.014s
RTI cycle took 0.019s
RTI cycle took 0.027s
RTI cycle took 0.041s
RTI cycle took 0.043s
RTI cycle took 0.014s
RTI cycle took 0.035s
RTI cycle took 0.018s
RTI cycle took 0.026s
RTI cycle took 0.029s
RTI cycle took 0.026s
RTI cycle took 0.019s
RTI cycle took 0.027s
RTI cycle took 0.041s
RTI cycle took 0.027s
RTI cycle took 0.020s
RTI cycle took 0.020s
RTI cycle took 0.025s
RTI cycle took 0.019s
RTI cycle took 0.025s
RTI cycle took 0.012s
RTI cycle took 0.019s
RTI cycle took 0.040s
RTI cycle took 0.023s
RTI cycle took 0.032s
RTI cycle took 0.039s
RTI cycle took 0.037s
stats dir full
RTI cycle took 0.031s
RTI cycle took 0.030s
RTI cycle took 0.024s
RTI cycle took 0.019s
RTI cycle took 0.029s
RTI cycle took 0.018s
RTI cycle took 0.025s
RTI cycle took 0.018s
RTI cycle took 0.026s
RTI cycle took 0.033s
RTI cycle took 0.026s
RTI cycle took 0.030s
RTI cycle took 0.030s
RTI cycle took 0.025s
RTI cycle took 0.034s
RTI cycle took 0.015s
RTI cycle took 0.015s
RTI cycle took 0.022s
RTI cycle took 0.016s
RTI cycle took 0.023s
RTI cycle took 0.034s
RTI cycle took 0.025s
RTI cycle took 0.029s
RTI cycle took 0.025s
RTI cycle took 0.023s
RTI cycle took 0.018s
RTI cycle took 0.025s
RTI cycle took 0.027s
RTI cycle took 0.020s
[32mloggerd[0m [32mencoderd[0m [32mlogmessaged[0m [32mcamerad[0m [32mlogcatd[0m [32mproclogd[0m [32mmicd[0m [32mtimed[0m [32mdmonitoringmodeld[0m [32msensord[0m [32mui[0m [32msoundd[0m [32mlocationd[0m [32mcalibrationd[0m [32mtorqued[0m [32mcontrolsd[0m [32mselfdrived[0m [32mcard[0m [32mdeleter[0m [32mdmonitoringd[0m [32mqcomgpsd[0m [32mpandad[0m [32mparamsd[0m [32mlagd[0m [32mplannerd[0m [32mradard[0m [32mhardwared[0m [32mtombstoned[0m [32muploader[0m [32mstatsd[0m [32mfeedbackd[0m [32mmodeld_tinygrad[0m [32mmapd[0m [32mmapd_manager[0m [31mmtscd[0m [32mrtid[0m
[32mloggerd[0m [32mencoderd[0m [32mlogmessaged[0m [32mcamerad[0m [32mlogcatd[0m [32mproclogd[0m [32mmicd[0m [32mtimed[0m [32mdmonitoringmodeld[0m [32msensord[0m [32mui[0m [32msoundd[0m [32mlocationd[0m [32mcalibrationd[0m [32mtorqued[0m [32mcontrolsd[0m [32mselfdrived[0m [32mcard[0m [32mdeleter[0m [32mdmonitoringd[0m [32mqcomgpsd[0m [32mpandad[0m [32mparamsd[0m [32mlagd[0m [32mplannerd[0m [32mradard[0m [32mhardwared[0m [32mtombstoned[0m [32muploader[0m [32mstatsd[0m [32mfeedbackd[0m [32mmodeld_tinygrad[0m [32mmapd[0m [32mmapd_manager[0m [31mmtscd[0m [32mrtid[0m
[32mloggerd[0m [32mencoderd[0m [32mlogmessaged[0m [32mcamerad[0m [32mlogcatd[0m [32mproclogd[0m [32mmicd[0m [32mtimed[0m [32mdmonitoringmodeld[0m [32msensord[0m [32mui[0m [32msoundd[0m [32mlocationd[0m [32mcalibrationd[0m [32mtorqued[0m [32mcontrolsd[0m [32mselfdrived[0m [32mcard[0m [32mdeleter[0m [32mdmonitoringd[0m [32mqcomgpsd[0m [32mpandad[0m [32mparamsd[0m [32mlagd[0m [32mplannerd[0m [32mradard[0m [32mhardwared[0m [32mtombstoned[0m [32muploader[0m [32mstatsd[0m [32mfeedbackd[0m [32mmodeld_tinygrad[0m [32mmapd[0m [32mmapd_manager[0m [31mmtscd[0m [32mrtid[0m
[32mloggerd[0m [32mencoderd[0m [32mlogmessaged[0m [32mcamerad[0m [32mlogcatd[0m [32mproclogd[0m [32mmicd[0m [32mtimed[0m [32mdmonitoringmodeld[0m [32msensord[0m [32mui[0m [32msoundd[0m [32mlocationd[0m [32mcalibrationd[0m [32mtorqued[0m [32mcontrolsd[0m [32mselfdrived[0m [32mcard[0m [32mdeleter[0m [32mdmonitoringd[0m [32mqcomgpsd[0m [32mpandad[0m [32mparamsd[0m [32mlagd[0m [32mplannerd[0m [32mradard[0m [32mhardwared[0m [32mtombstoned[0m [32muploader[0m [32mstatsd[0m [32mfeedbackd[0m [32mmodeld_tinygrad[0m [32mmapd[0m [32mmapd_manager[0m [31mmtscd[0m [32mrtid[0m
[32mloggerd[0m [32mencoderd[0m [32mlogmessaged[0m [32mcamerad[0m [32mlogcatd[0m [32mproclogd[0m [32mmicd[0m [32mtimed[0m [32mdmonitoringmodeld[0m [32msensord[0m [32mui[0m [32msoundd[0m [32mlocationd[0m [32mcalibrationd[0m [32mtorqued[0m [32mcontrolsd[0m [32mselfdrived[0m [32mcard[0m [32mdeleter[0m [32mdmonitoringd[0m [32mqcomgpsd[0m [32mpandad[0m [32mparamsd[0m [32mlagd[0m [32mplannerd[0m [32mradard[0m [32mhardwared[0m [32mtombstoned[0m [32muploader[0m [32mstatsd[0m [32mfeedbackd[0m [32mmodeld_tinygrad[0m [32mmapd[0m [32mmapd_manager[0m [31mmtscd[0m [32mrtid[0m
[32mloggerd[0m [32mencoderd[0m [32mlogmessaged[0m [32mcamerad[0m [32mlogcatd[0m [32mproclogd[0m [32mmicd[0m [32mtimed[0m [32mdmonitoringmodeld[0m [32msensord[0m [32mui[0m [32msoundd[0m [32mlocationd[0m [32mcalibrationd[0m [32mtorqued[0m [32mcontrolsd[0m [32mselfdrived[0m [32mcard[0m [32mdeleter[0m [32mdmonitoringd[0m [32mqcomgpsd[0m [32mpandad[0m [32mparamsd[0m [32mlagd[0m [32mplannerd[0m [32mradard[0m [32mhardwared[0m [32mtombstoned[0m [32muploader[0m [32mstatsd[0m [32mfeedbackd[0m [32mmodeld_tinygrad[0m [32mmapd[0m [32mmapd_manager[0m [31mmtscd[0m [32mrtid[0m
[32mloggerd[0m [32mencoderd[0m [32mlogmessaged[0m [32mcamerad[0m [32mlogcatd[0m [32mproclogd[0m [32mmicd[0m [32mtimed[0m [32mdmonitoringmodeld[0m [32msensord[0m [32mui[0m [32msoundd[0m [32mlocationd[0m [32mcalibrationd[0m [32mtorqued[0m [32mcontrolsd[0m [32mselfdrived[0m [32mcard[0m [32mdeleter[0m [32mdmonitoringd[0m [32mqcomgpsd[0m [32mpandad[0m [32mparamsd[0m [32mlagd[0m [32mplannerd[0m [32mradard[0m [32mhardwared[0m [32mtombstoned[0m [32muploader[0m [32mstatsd[0m [32mfeedbackd[0m [32mmodeld_tinygrad[0m [32mmapd[0m [32mmapd_manager[0m [31mmtscd[0m [32mrtid[0m
[32mloggerd[0m [32mencoderd[0m [32mlogmessaged[0m [32mcamerad[0m [32mlogcatd[0m [32mproclogd[0m [32mmicd[0m [32mtimed[0m [32mdmonitoringmodeld[0m [32msensord[0m [32mui[0m [32msoundd[0m [32mlocationd[0m [32mcalibrationd[0m [32mtorqued[0m [32mcontrolsd[0m [32mselfdrived[0m [32mcard[0m [32mdeleter[0m [32mdmonitoringd[0m [32mqcomgpsd[0m [32mpandad[0m [32mparamsd[0m [32mlagd[0m [32mplannerd[0m [32mradard[0m [32mhardwared[0m [32mtombstoned[0m [32muploader[0m [32mstatsd[0m [32mfeedbackd[0m [32mmodeld_tinygrad[0m [32mmapd[0m [32mmapd_manager[0m [31mmtscd[0m [32mrtid[0m
[32mloggerd[0m [32mencoderd[0m [32mlogmessaged[0m [32mcamerad[0m [32mlogcatd[0m [32mproclogd[0m [32mmicd[0m [32mtimed[0m [32mdmonitoringmodeld[0m [32msensord[0m [32mui[0m [32msoundd[0m [32mlocationd[0m [32mcalibrationd[0m [32mtorqued[0m [32mcontrolsd[0m [32mselfdrived[0m [32mcard[0m [32mdeleter[0m [32mdmonitoringd[0m [32mqcomgpsd[0m [32mpandad[0m [32mparamsd[0m [32mlagd[0m [32mplannerd[0m [32mradard[0m [32mhardwared[0m [32mtombstoned[0m [32muploader[0m [32mstatsd[0m [32mfeedbackd[0m [32mmodeld_tinygrad[0m [32mmapd[0m [32mmapd_manager[0m [31mmtscd[0m [32mrtid[0m
[32mloggerd[0m [32mencoderd[0m [32mlogmessaged[0m [32mcamerad[0m [32mlogcatd[0m [32mproclogd[0m [32mmicd[0m [32mtimed[0m [32mdmonitoringmodeld[0m [32msensord[0m [32mui[0m [32msoundd[0m [32mlocationd[0m [32mcalibrationd[0m [32mtorqued[0m [32mcontrolsd[0m [32mselfdrived[0m [32mcard[0m [32mdeleter[0m [32mdmonitoringd[0m [32mqcomgpsd[0m [32mpandad[0m [32mparamsd[0m [32mlagd[0m [32mplannerd[0m [32mradard[0m [32mhardwared[0m [32mtombstoned[0m [32muploader[0m [32mstatsd[0m [32mfeedbackd[0m [32mmodeld_tinygrad[0m [32mmapd[0m [32mmapd_manager[0m [31mmtscd[0m [32mrtid[0m
[32mloggerd[0m [32mencoderd[0m [32mlogmessaged[0m [32mcamerad[0m [32mlogcatd[0m [32mproclogd[0m [32mmicd[0m [32mtimed[0m [32mdmonitoringmodeld[0m [32msensord[0m [32mui[0m [32msoundd[0m [32mlocationd[0m [32mcalibrationd[0m [32mtorqued[0m [32mcontrolsd[0m [32mselfdrived[0m [32mcard[0m [32mdeleter[0m [32mdmonitoringd[0m [32mqcomgpsd[0m [32mpandad[0m [32mparamsd[0m [32mlagd[0m [32mplannerd[0m [32mradard[0m [32mhardwared[0m [32mtombstoned[0m [32muploader[0m [32mstatsd[0m [32mfeedbackd[0m [32mmodeld_tinygrad[0m [32mmapd[0m [32mmapd_manager[0m [31mmtscd[0m [32mrtid[0m
[32mloggerd[0m [32mencoderd[0m [32mlogmessaged[0m [32mcamerad[0m [32mlogcatd[0m [32mproclogd[0m [32mmicd[0m [32mtimed[0m [32mdmonitoringmodeld[0m [32msensord[0m [32mui[0m [32msoundd[0m [32mlocationd[0m [32mcalibrationd[0m [32mtorqued[0m [32mcontrolsd[0m [32mselfdrived[0m [32mcard[0m [32mdeleter[0m [32mdmonitoringd[0m [32mqcomgpsd[0m [32mpandad[0m [32mparamsd[0m [32mlagd[0m [32mplannerd[0m [32mradard[0m [32mhardwared[0m [32mtombstoned[0m [32muploader[0m [32mstatsd[0m [32mfeedbackd[0m [32mmodeld_tinygrad[0m [32mmapd[0m [32mmapd_manager[0m [31mmtscd[0m [32mrtid[0m
RTI cycle took 0.029s
RTI cycle took 0.027s
RTI cycle took 0.034s
RTI cycle took 0.026s
RTI cycle took 0.021s
RTI cycle took 0.032s
RTI cycle took 0.021s
RTI cycle took 0.019s
RTI cycle took 0.023s
RTI cycle took 0.032s
RTI cycle took 0.038s
RTI cycle took 0.020s
RTI cycle took 0.029s
RTI cycle took 0.037s
RTI cycle took 0.033s
RTI cycle took 0.041s
RTI cycle took 0.039s
RTI cycle took 0.025s
RTI cycle took 0.053s
RTI cycle took 0.032s
RTI cycle took 0.029s
RTI cycle took 0.038s
RTI cycle took 0.038s
RTI cycle took 0.039s
RTI cycle took 0.041s
RTI cycle took 0.014s
RTI cycle took 0.033s
RTI cycle took 0.057s
RTI cycle took 0.033s
RTI cycle took 0.034s
RTI cycle took 0.030s
RTI cycle took 0.030s
RTI cycle took 0.062s
RTI cycle took 0.058s
system/loggerd/loggerd.cc: rotated to /data/media/0/realdata/00000062--5fe8af6682--4
RTI cycle took 0.029s
RTI cycle took 0.041s
RTI cycle took 0.023s
RTI cycle took 0.025s
RTI cycle took 0.041s
RTI cycle took 0.025s
RTI cycle took 0.032s
RTI cycle took 0.015s
RTI cycle took 0.058s
RTI cycle took 0.063s
RTI cycle took 0.043s
RTI cycle took 0.041s
RTI cycle took 0.029s
RTI cycle took 0.028s
RTI cycle took 0.028s
RTI cycle took 0.019s
RTI cycle took 0.038s
RTI cycle took 0.022s
RTI cycle took 0.030s
RTI cycle took 0.025s
RTI cycle took 0.029s
RTI cycle took 0.032s
RTI cycle took 0.027s
RTI cycle took 0.029s
RTI cycle took 0.028s
RTI cycle took 0.029s
RTI cycle took 0.020s
RTI cycle took 0.028s
RTI cycle took 0.031s
RTI cycle took 0.029s
RTI cycle took 0.028s
RTI cycle took 0.019s
RTI cycle took 0.019s
RTI cycle took 0.028s
RTI cycle took 0.027s
RTI cycle took 0.027s
RTI cycle took 0.023s
RTI cycle took 0.018s
RTI cycle took 0.020s
RTI cycle took 0.019s
RTI cycle took 0.016s
RTI cycle took 0.012s
RTI cycle took 0.023s
RTI cycle took 0.015s
RTI cycle took 0.019s
RTI cycle took 0.015s
RTI cycle took 0.014s
RTI cycle took 0.012s
RTI cycle took 0.020s
RTI cycle took 0.011s
RTI cycle took 0.023s
RTI cycle took 0.026s
RTI cycle took 0.021s
RTI cycle took 0.027s
RTI cycle took 0.019s
RTI cycle took 0.026s
RTI cycle took 0.021s
RTI cycle took 0.027s
RTI cycle took 0.021s
RTI cycle took 0.026s
RTI cycle took 0.026s
RTI cycle took 0.021s
RTI cycle took 0.033s
RTI cycle took 0.016s
RTI cycle took 0.015s
RTI cycle took 0.015s
RTI cycle took 0.021s
RTI cycle took 0.026s
RTI cycle took 0.020s
RTI cycle took 0.020s
RTI cycle took 0.019s
RTI cycle took 0.020s
RTI cycle took 0.013s
RTI cycle took 0.013s
RTI cycle took 0.019s
RTI cycle took 0.031s
RTI cycle took 0.016s
RTI cycle took 0.015s
RTI cycle took 0.012s
RTI cycle took 0.018s
RTI cycle took 0.026s
RTI cycle took 0.020s
RTI cycle took 0.027s
RTI cycle took 0.020s
RTI cycle took 0.020s
RTI cycle took 0.019s
RTI cycle took 0.018s
RTI cycle took 0.012s
RTI cycle took 0.024s
RTI cycle took 0.016s
RTI cycle took 0.014s
RTI cycle took 0.012s
RTI cycle took 0.021s
RTI cycle took 0.025s
RTI cycle took 0.020s
RTI cycle took 0.019s
RTI cycle took 0.018s
RTI cycle took 0.027s
RTI cycle took 0.020s
RTI cycle took 0.023s
RTI cycle took 0.018s
RTI cycle took 0.018s
RTI cycle took 0.012s
RTI cycle took 0.011s
RTI cycle took 0.017s
RTI cycle took 0.029s
RTI cycle took 0.016s
RTI cycle took 0.028s
RTI cycle took 0.011s
RTI cycle took 0.014s
RTI cycle took 0.020s
RTI cycle took 0.019s
RTI cycle took 0.026s
RTI cycle took 0.033s
RTI cycle took 0.016s
RTI cycle took 0.021s
RTI cycle took 0.026s
RTI cycle took 0.021s
RTI cycle took 0.016s
RTI cycle took 0.015s
RTI cycle took 0.023s
RTI cycle took 0.033s
RTI cycle took 0.015s
RTI cycle took 0.028s
RTI cycle took 0.015s
RTI cycle took 0.012s
RTI cycle took 0.021s
RTI cycle took 0.021s
RTI cycle took 0.019s
RTI cycle took 0.022s
RTI cycle took 0.016s
RTI cycle took 0.022s
RTI cycle took 0.022s
RTI cycle took 0.028s
RTI cycle took 0.028s
RTI cycle took 0.020s
RTI cycle took 0.018s
RTI cycle took 0.012s
RTI cycle took 0.011s
RTI cycle took 0.019s
RTI cycle took 0.018s
RTI cycle took 0.016s
RTI cycle took 0.014s
RTI cycle took 0.021s
RTI cycle took 0.019s
RTI cycle took 0.020s
RTI cycle took 0.013s
RTI cycle took 0.014s
RTI cycle took 0.013s
RTI cycle took 0.021s
RTI cycle took 0.029s
RTI cycle took 0.032s
RTI cycle took 0.027s
RTI cycle took 0.021s
RTI cycle took 0.017s
RTI cycle took 0.028s
RTI cycle took 0.027s
RTI cycle took 0.021s
RTI cycle took 0.027s
RTI cycle took 0.023s
RTI cycle took 0.016s
RTI cycle took 0.023s
RTI cycle took 0.016s
RTI cycle took 0.016s
RTI cycle took 0.021s
RTI cycle took 0.020s
RTI cycle took 0.027s
RTI cycle took 0.020s
RTI cycle took 0.019s
RTI cycle took 0.018s
RTI cycle took 0.018s
RTI cycle took 0.011s
RTI cycle took 0.023s
RTI cycle took 0.029s
RTI cycle took 0.016s
RTI cycle took 0.023s
RTI cycle took 0.020s
RTI cycle took 0.027s
RTI cycle took 0.029s
RTI cycle took 0.028s
RTI cycle took 0.020s
RTI cycle took 0.018s
RTI cycle took 0.022s
RTI cycle took 0.026s
RTI cycle took 0.021s
RTI cycle took 0.029s
[32mloggerd[0m [32mencoderd[0m [32mlogmessaged[0m [32mcamerad[0m [32mlogcatd[0m [32mproclogd[0m [32mmicd[0m [32mtimed[0m [32mdmonitoringmodeld[0m [32msensord[0m [32mui[0m [32msoundd[0m [32mlocationd[0m [32mcalibrationd[0m [32mtorqued[0m [32mcontrolsd[0m [32mselfdrived[0m [32mcard[0m [32mdeleter[0m [32mdmonitoringd[0m [32mqcomgpsd[0m [32mpandad[0m [32mparamsd[0m [32mlagd[0m [32mplannerd[0m [32mradard[0m [32mhardwared[0m [32mtombstoned[0m [32muploader[0m [32mstatsd[0m [32mfeedbackd[0m [32mmodeld_tinygrad[0m [32mmapd[0m [32mmapd_manager[0m [31mmtscd[0m [32mrtid[0m
[32mloggerd[0m [32mencoderd[0m [32mlogmessaged[0m [32mcamerad[0m [32mlogcatd[0m [32mproclogd[0m [32mmicd[0m [32mtimed[0m [32mdmonitoringmodeld[0m [32msensord[0m [32mui[0m [32msoundd[0m [32mlocationd[0m [32mcalibrationd[0m [32mtorqued[0m [32mcontrolsd[0m [32mselfdrived[0m [32mcard[0m [32mdeleter[0m [32mdmonitoringd[0m [32mqcomgpsd[0m [32mpandad[0m [32mparamsd[0m [32mlagd[0m [32mplannerd[0m [32mradard[0m [32mhardwared[0m [32mtombstoned[0m [32muploader[0m [32mstatsd[0m [32mfeedbackd[0m [32mmodeld_tinygrad[0m [32mmapd[0m [32mmapd_manager[0m [31mmtscd[0m [32mrtid[0m
[32mloggerd[0m [32mencoderd[0m [32mlogmessaged[0m [32mcamerad[0m [32mlogcatd[0m [32mproclogd[0m [32mmicd[0m [32mtimed[0m [32mdmonitoringmodeld[0m [32msensord[0m [32mui[0m [32msoundd[0m [32mlocationd[0m [32mcalibrationd[0m [32mtorqued[0m [32mcontrolsd[0m [32mselfdrived[0m [32mcard[0m [32mdeleter[0m [32mdmonitoringd[0m [32mqcomgpsd[0m [32mpandad[0m [32mparamsd[0m [32mlagd[0m [32mplannerd[0m [32mradard[0m [32mhardwared[0m [32mtombstoned[0m [32muploader[0m [32mstatsd[0m [32mfeedbackd[0m [32mmodeld_tinygrad[0m [32mmapd[0m [32mmapd_manager[0m [31mmtscd[0m [32mrtid[0m
[32mloggerd[0m [32mencoderd[0m [32mlogmessaged[0m [32mcamerad[0m [32mlogcatd[0m [32mproclogd[0m [32mmicd[0m [32mtimed[0m [32mdmonitoringmodeld[0m [32msensord[0m [32mui[0m [32msoundd[0m [32mlocationd[0m [32mcalibrationd[0m [32mtorqued[0m [32mcontrolsd[0m [32mselfdrived[0m [32mcard[0m [32mdeleter[0m [32mdmonitoringd[0m [32mqcomgpsd[0m [32mpandad[0m [32mparamsd[0m [32mlagd[0m [32mplannerd[0m [32mradard[0m [32mhardwared[0m [32mtombstoned[0m [32muploader[0m [32mstatsd[0m [32mfeedbackd[0m [32mmodeld_tinygrad[0m [32mmapd[0m [32mmapd_manager[0m [31mmtscd[0m [32mrtid[0m
[32mloggerd[0m [32mencoderd[0m [32mlogmessaged[0m [32mcamerad[0m [32mlogcatd[0m [32mproclogd[0m [32mmicd[0m [32mtimed[0m [32mdmonitoringmodeld[0m [32msensord[0m [32mui[0m [32msoundd[0m [32mlocationd[0m [32mcalibrationd[0m [32mtorqued[0m [32mcontrolsd[0m [32mselfdrived[0m [32mcard[0m [32mdeleter[0m [32mdmonitoringd[0m [32mqcomgpsd[0m [32mpandad[0m [32mparamsd[0m [32mlagd[0m [32mplannerd[0m [32mradard[0m [32mhardwared[0m [32mtombstoned[0m [32muploader[0m [32mstatsd[0m [32mfeedbackd[0m [32mmodeld_tinygrad[0m [32mmapd[0m [32mmapd_manager[0m [31mmtscd[0m [32mrtid[0m
[32mloggerd[0m [32mencoderd[0m [32mlogmessaged[0m [32mcamerad[0m [32mlogcatd[0m [32mproclogd[0m [32mmicd[0m [32mtimed[0m [32mdmonitoringmodeld[0m [32msensord[0m [32mui[0m [32msoundd[0m [32mlocationd[0m [32mcalibrationd[0m [32mtorqued[0m [32mcontrolsd[0m [32mselfdrived[0m [32mcard[0m [32mdeleter[0m [32mdmonitoringd[0m [32mqcomgpsd[0m [32mpandad[0m [32mparamsd[0m [32mlagd[0m [32mplannerd[0m [32mradard[0m [32mhardwared[0m [32mtombstoned[0m [32muploader[0m [32mstatsd[0m [32mfeedbackd[0m [32mmodeld_tinygrad[0m [32mmapd[0m [32mmapd_manager[0m [31mmtscd[0m [32mrtid[0m
[32mloggerd[0m [32mencoderd[0m [32mlogmessaged[0m [32mcamerad[0m [32mlogcatd[0m [32mproclogd[0m [32mmicd[0m [32mtimed[0m [32mdmonitoringmodeld[0m [32msensord[0m [32mui[0m [32msoundd[0m [32mlocationd[0m [32mcalibrationd[0m [32mtorqued[0m [32mcontrolsd[0m [32mselfdrived[0m [32mcard[0m [32mdeleter[0m [32mdmonitoringd[0m [32mqcomgpsd[0m [32mpandad[0m [32mparamsd[0m [32mlagd[0m [32mplannerd[0m [32mradard[0m [32mhardwared[0m [32mtombstoned[0m [32muploader[0m [32mstatsd[0m [32mfeedbackd[0m [32mmodeld_tinygrad[0m [32mmapd[0m [32mmapd_manager[0m [31mmtscd[0m [32mrtid[0m
[32mloggerd[0m [32mencoderd[0m [32mlogmessaged[0m [32mcamerad[0m [32mlogcatd[0m [32mproclogd[0m [32mmicd[0m [32mtimed[0m [32mdmonitoringmodeld[0m [32msensord[0m [32mui[0m [32msoundd[0m [32mlocationd[0m [32mcalibrationd[0m [32mtorqued[0m [32mcontrolsd[0m [32mselfdrived[0m [32mcard[0m [32mdeleter[0m [32mdmonitoringd[0m [32mqcomgpsd[0m [32mpandad[0m [32mparamsd[0m [32mlagd[0m [32mplannerd[0m [32mradard[0m [32mhardwared[0m [32mtombstoned[0m [32muploader[0m [32mstatsd[0m [32mfeedbackd[0m [32mmodeld_tinygrad[0m [32mmapd[0m [32mmapd_manager[0m [31mmtscd[0m [32mrtid[0m
[32mloggerd[0m [32mencoderd[0m [32mlogmessaged[0m [32mcamerad[0m [32mlogcatd[0m [32mproclogd[0m [32mmicd[0m [32mtimed[0m [32mdmonitoringmodeld[0m [32msensord[0m [32mui[0m [32msoundd[0m [32mlocationd[0m [32mcalibrationd[0m [32mtorqued[0m [32mcontrolsd[0m [32mselfdrived[0m [32mcard[0m [32mdeleter[0m [32mdmonitoringd[0m [32mqcomgpsd[0m [32mpandad[0m [32mparamsd[0m [32mlagd[0m [32mplannerd[0m [32mradard[0m [32mhardwared[0m [32mtombstoned[0m [32muploader[0m [32mstatsd[0m [32mfeedbackd[0m [32mmodeld_tinygrad[0m [32mmapd[0m [32mmapd_manager[0m [31mmtscd[0m [32mrtid[0m
[32mloggerd[0m [32mencoderd[0m [32mlogmessaged[0m [32mcamerad[0m [32mlogcatd[0m [32mproclogd[0m [32mmicd[0m [32mtimed[0m [32mdmonitoringmodeld[0m [32msensord[0m [32mui[0m [32msoundd[0m [32mlocationd[0m [32mcalibrationd[0m [32mtorqued[0m [32mcontrolsd[0m [32mselfdrived[0m [32mcard[0m [32mdeleter[0m [32mdmonitoringd[0m [32mqcomgpsd[0m [32mpandad[0m [32mparamsd[0m [32mlagd[0m [32mplannerd[0m [32mradard[0m [32mhardwared[0m [32mtombstoned[0m [32muploader[0m [32mstatsd[0m [32mfeedbackd[0m [32mmodeld_tinygrad[0m [32mmapd[0m [32mmapd_manager[0m [31mmtscd[0m [32mrtid[0m
[32mloggerd[0m [32mencoderd[0m [32mlogmessaged[0m [32mcamerad[0m [32mlogcatd[0m [32mproclogd[0m [32mmicd[0m [32mtimed[0m [32mdmonitoringmodeld[0m [32msensord[0m [32mui[0m [32msoundd[0m [32mlocationd[0m [32mcalibrationd[0m [32mtorqued[0m [32mcontrolsd[0m [32mselfdrived[0m [32mcard[0m [32mdeleter[0m [32mdmonitoringd[0m [32mqcomgpsd[0m [32mpandad[0m [32mparamsd[0m [32mlagd[0m [32mplannerd[0m [32mradard[0m [32mhardwared[0m [32mtombstoned[0m [32muploader[0m [32mstatsd[0m [32mfeedbackd[0m [32mmodeld_tinygrad[0m [32mmapd[0m [32mmapd_manager[0m [31mmtscd[0m [32mrtid[0m
[32mloggerd[0m [32mencoderd[0m [32mlogmessaged[0m [32mcamerad[0m [32mlogcatd[0m [32mproclogd[0m [32mmicd[0m [32mtimed[0m [32mdmonitoringmodeld[0m [32msensord[0m [32mui[0m [32msoundd[0m [32mlocationd[0m [32mcalibrationd[0m [32mtorqued[0m [32mcontrolsd[0m [32mselfdrived[0m [32mcard[0m [32mdeleter[0m [32mdmonitoringd[0m [32mqcomgpsd[0m [32mpandad[0m [32mparamsd[0m [32mlagd[0m [32mplannerd[0m [32mradard[0m [32mhardwared[0m [32mtombstoned[0m [32muploader[0m [32mstatsd[0m [32mfeedbackd[0m [32mmodeld_tinygrad[0m [32mmapd[0m [32mmapd_manager[0m [31mmtscd[0m [32mrtid[0m
RTI cycle took 0.028s
RTI cycle took 0.019s
RTI cycle took 0.028s
RTI cycle took 0.020s
RTI cycle took 0.019s
RTI cycle took 0.018s
RTI cycle took 0.024s
RTI cycle took 0.020s
RTI cycle took 0.028s
RTI cycle took 0.020s
RTI cycle took 0.026s
RTI cycle took 0.028s
RTI cycle took 0.016s
RTI cycle took 0.023s
RTI cycle took 0.028s
RTI cycle took 0.014s
RTI cycle took 0.034s
RTI cycle took 0.021s
RTI cycle took 0.016s
RTI cycle took 0.014s
RTI cycle took 0.014s
RTI cycle took 0.035s
RTI cycle took 0.015s
RTI cycle took 0.015s
RTI cycle took 0.013s
RTI cycle took 0.034s
RTI cycle took 0.016s
RTI cycle took 0.026s
RTI cycle took 0.016s
RTI cycle took 0.028s
RTI cycle took 0.016s
RTI cycle took 0.015s
RTI cycle took 0.014s
RTI cycle took 0.022s
RTI cycle took 0.018s
RTI cycle took 0.017s
RTI cycle took 0.017s
RTI cycle took 0.023s
RTI cycle took 0.030s
RTI cycle took 0.029s
RTI cycle took 0.027s
RTI cycle took 0.033s
RTI cycle took 0.016s
RTI cycle took 0.016s
RTI cycle took 0.022s
RTI cycle took 0.033s
RTI cycle took 0.016s
RTI cycle took 0.015s
RTI cycle took 0.034s
RTI cycle took 0.021s
RTI cycle took 0.015s
RTI cycle took 0.027s
RTI cycle took 0.027s
RTI cycle took 0.022s
RTI cycle took 0.015s
RTI cycle took 0.026s
RTI cycle took 0.016s
RTI cycle took 0.013s
RTI cycle took 0.021s
RTI cycle took 0.020s
RTI cycle took 0.027s
RTI cycle took 0.020s
RTI cycle took 0.019s
RTI cycle took 0.027s
RTI cycle took 0.020s
RTI cycle took 0.020s
RTI cycle took 0.028s
RTI cycle took 0.020s
RTI cycle took 0.025s
RTI cycle took 0.021s
RTI cycle took 0.028s
RTI cycle took 0.019s
RTI cycle took 0.021s
RTI cycle took 0.016s
RTI cycle took 0.015s
RTI cycle took 0.022s
RTI cycle took 0.033s
RTI cycle took 0.016s
RTI cycle took 0.028s
RTI cycle took 0.016s
RTI cycle took 0.014s
RTI cycle took 0.015s
RTI cycle took 0.017s
RTI cycle took 0.016s
RTI cycle took 0.016s
RTI cycle took 0.018s
RTI cycle took 0.017s
RTI cycle took 0.026s
RTI cycle took 0.029s
RTI cycle took 0.021s
RTI cycle took 0.019s
RTI cycle took 0.025s
RTI cycle took 0.019s
RTI cycle took 0.029s
RTI cycle took 0.018s
RTI cycle took 0.019s
RTI cycle took 0.013s
RTI cycle took 0.019s
RTI cycle took 0.028s
RTI cycle took 0.026s
RTI cycle took 0.019s
RTI cycle took 0.022s
RTI cycle took 0.015s
RTI cycle took 0.026s
RTI cycle took 0.016s
RTI cycle took 0.015s
RTI cycle took 0.022s
RTI cycle took 0.033s
RTI cycle took 0.027s
RTI cycle took 0.021s
RTI cycle took 0.028s
RTI cycle took 0.028s
RTI cycle took 0.019s
RTI cycle took 0.018s
RTI cycle took 0.013s
RTI cycle took 0.024s
RTI cycle took 0.016s
RTI cycle took 0.019s
RTI cycle took 0.023s
RTI cycle took 0.020s
RTI cycle took 0.028s
RTI cycle took 0.020s
RTI cycle took 0.028s
RTI cycle took 0.032s
RTI cycle took 0.016s
RTI cycle took 0.015s
RTI cycle took 0.014s
RTI cycle took 0.034s
RTI cycle took 0.013s
RTI cycle took 0.025s
RTI cycle took 0.028s
RTI cycle took 0.020s
RTI cycle took 0.016s
RTI cycle took 0.015s
RTI cycle took 0.022s
RTI cycle took 0.020s
RTI cycle took 0.020s
RTI cycle took 0.018s
RTI cycle took 0.022s
RTI cycle took 0.020s
RTI cycle took 0.020s
RTI cycle took 0.017s
RTI cycle took 0.018s
RTI cycle took 0.013s
RTI cycle took 0.024s
RTI cycle took 0.016s
RTI cycle took 0.015s
RTI cycle took 0.017s
RTI cycle took 0.028s
RTI cycle took 0.016s
RTI cycle took 0.029s
RTI cycle took 0.015s
RTI cycle took 0.016s
RTI cycle took 0.011s
RTI cycle took 0.024s
RTI cycle took 0.015s
RTI cycle took 0.020s
RTI cycle took 0.027s
RTI cycle took 0.029s
RTI cycle took 0.020s
RTI cycle took 0.028s
RTI cycle took 0.020s
RTI cycle took 0.025s
RTI cycle took 0.030s
RTI cycle took 0.027s
RTI cycle took 0.020s
RTI cycle took 0.020s
RTI cycle took 0.020s
RTI cycle took 0.014s
RTI cycle took 0.014s
RTI cycle took 0.012s
RTI cycle took 0.020s
RTI cycle took 0.020s
RTI cycle took 0.029s
RTI cycle took 0.018s
RTI cycle took 0.018s
RTI cycle took 0.015s
RTI cycle took 0.022s
RTI cycle took 0.022s
RTI cycle took 0.016s
RTI cycle took 0.029s
RTI cycle took 0.026s
RTI cycle took 0.029s
RTI cycle took 0.029s
RTI cycle took 0.029s
RTI cycle took 0.032s
RTI cycle took 0.027s
RTI cycle took 0.029s
RTI cycle took 0.019s
RTI cycle took 0.021s
RTI cycle took 0.016s
RTI cycle took 0.015s
RTI cycle took 0.012s
RTI cycle took 0.021s
RTI cycle took 0.022s
RTI cycle took 0.019s
RTI cycle took 0.026s
RTI cycle took 0.021s
RTI cycle took 0.030s
RTI cycle took 0.018s
RTI cycle took 0.026s
RTI cycle took 0.020s
RTI cycle took 0.030s
RTI cycle took 0.026s
RTI cycle took 0.028s
RTI cycle took 0.020s
RTI cycle took 0.027s
RTI cycle took 0.020s
RTI cycle took 0.019s
RTI cycle took 0.018s
RTI cycle took 0.018s
RTI cycle took 0.026s
RTI cycle took 0.024s
RTI cycle took 0.019s
RTI cycle took 0.028s
RTI cycle took 0.020s
RTI cycle took 0.029s
RTI cycle took 0.020s
RTI cycle took 0.028s
RTI cycle took 0.025s
RTI cycle took 0.024s
RTI cycle took 0.040s
RTI cycle took 0.016s
RTI cycle took 0.026s
RTI cycle took 0.016s
RTI cycle took 0.028s
RTI cycle took 0.016s
RTI cycle took 0.024s
RTI cycle took 0.016s
RTI cycle took 0.027s
RTI cycle took 0.015s
RTI cycle took 0.027s
RTI cycle took 0.026s
RTI cycle took 0.022s
RTI cycle took 0.015s
RTI cycle took 0.015s
RTI cycle took 0.013s
RTI cycle took 0.035s
RTI cycle took 0.015s
RTI cycle took 0.012s
RTI cycle took 0.020s
RTI cycle took 0.020s
[32mloggerd[0m [32mencoderd[0m [32mlogmessaged[0m [32mcamerad[0m [32mlogcatd[0m [32mproclogd[0m [32mmicd[0m [32mtimed[0m [32mdmonitoringmodeld[0m [32msensord[0m [32mui[0m [32msoundd[0m [32mlocationd[0m [32mcalibrationd[0m [32mtorqued[0m [32mcontrolsd[0m [32mselfdrived[0m [32mcard[0m [32mdeleter[0m [32mdmonitoringd[0m [32mqcomgpsd[0m [32mpandad[0m [32mparamsd[0m [32mlagd[0m [32mplannerd[0m [32mradard[0m [32mhardwared[0m [32mtombstoned[0m [32muploader[0m [32mstatsd[0m [32mfeedbackd[0m [32mmodeld_tinygrad[0m [32mmapd[0m [32mmapd_manager[0m [31mmtscd[0m [32mrtid[0m
[32mloggerd[0m [32mencoderd[0m [32mlogmessaged[0m [32mcamerad[0m [32mlogcatd[0m [32mproclogd[0m [32mmicd[0m [32mtimed[0m [32mdmonitoringmodeld[0m [32msensord[0m [32mui[0m [32msoundd[0m [32mlocationd[0m [32mcalibrationd[0m [32mtorqued[0m [32mcontrolsd[0m [32mselfdrived[0m [32mcard[0m [32mdeleter[0m [32mdmonitoringd[0m [32mqcomgpsd[0m [32mpandad[0m [32mparamsd[0m [32mlagd[0m [32mplannerd[0m [32mradard[0m [32mhardwared[0m [32mtombstoned[0m [32muploader[0m [32mstatsd[0m [32mfeedbackd[0m [32mmodeld_tinygrad[0m [32mmapd[0m [32mmapd_manager[0m [31mmtscd[0m [32mrtid[0m
[32mloggerd[0m [32mencoderd[0m [32mlogmessaged[0m [32mcamerad[0m [32mlogcatd[0m [32mproclogd[0m [32mmicd[0m [32mtimed[0m [32mdmonitoringmodeld[0m [32msensord[0m [32mui[0m [32msoundd[0m [32mlocationd[0m [32mcalibrationd[0m [32mtorqued[0m [32mcontrolsd[0m [32mselfdrived[0m [32mcard[0m [32mdeleter[0m [32mdmonitoringd[0m [32mqcomgpsd[0m [32mpandad[0m [32mparamsd[0m [32mlagd[0m [32mplannerd[0m [32mradard[0m [32mhardwared[0m [32mtombstoned[0m [32muploader[0m [32mstatsd[0m [32mfeedbackd[0m [32mmodeld_tinygrad[0m [32mmapd[0m [32mmapd_manager[0m [31mmtscd[0m [32mrtid[0m
[32mloggerd[0m [32mencoderd[0m [32mlogmessaged[0m [32mcamerad[0m [32mlogcatd[0m [32mproclogd[0m [32mmicd[0m [32mtimed[0m [32mdmonitoringmodeld[0m [32msensord[0m [32mui[0m [32msoundd[0m [32mlocationd[0m [32mcalibrationd[0m [32mtorqued[0m [32mcontrolsd[0m [32mselfdrived[0m [32mcard[0m [32mdeleter[0m [32mdmonitoringd[0m [32mqcomgpsd[0m [32mpandad[0m [32mparamsd[0m [32mlagd[0m [32mplannerd[0m [32mradard[0m [32mhardwared[0m [32mtombstoned[0m [32muploader[0m [32mstatsd[0m [32mfeedbackd[0m [32mmodeld_tinygrad[0m [32mmapd[0m [32mmapd_manager[0m [31mmtscd[0m [32mrtid[0m
[32mloggerd[0m [32mencoderd[0m [32mlogmessaged[0m [32mcamerad[0m [32mlogcatd[0m [32mproclogd[0m [32mmicd[0m [32mtimed[0m [32mdmonitoringmodeld[0m [32msensord[0m [32mui[0m [32msoundd[0m [32mlocationd[0m [32mcalibrationd[0m [32mtorqued[0m [32mcontrolsd[0m [32mselfdrived[0m [32mcard[0m [32mdeleter[0m [32mdmonitoringd[0m [32mqcomgpsd[0m [32mpandad[0m [32mparamsd[0m [32mlagd[0m [32mplannerd[0m [32mradard[0m [32mhardwared[0m [32mtombstoned[0m [32muploader[0m [32mstatsd[0m [32mfeedbackd[0m [32mmodeld_tinygrad[0m [32mmapd[0m [32mmapd_manager[0m [31mmtscd[0m [32mrtid[0m
[32mloggerd[0m [32mencoderd[0m [32mlogmessaged[0m [32mcamerad[0m [32mlogcatd[0m [32mproclogd[0m [32mmicd[0m [32mtimed[0m [32mdmonitoringmodeld[0m [32msensord[0m [32mui[0m [32msoundd[0m [32mlocationd[0m [32mcalibrationd[0m [32mtorqued[0m [32mcontrolsd[0m [32mselfdrived[0m [32mcard[0m [32mdeleter[0m [32mdmonitoringd[0m [32mqcomgpsd[0m [32mpandad[0m [32mparamsd[0m [32mlagd[0m [32mplannerd[0m [32mradard[0m [32mhardwared[0m [32mtombstoned[0m [32muploader[0m [32mstatsd[0m [32mfeedbackd[0m [32mmodeld_tinygrad[0m [32mmapd[0m [32mmapd_manager[0m [31mmtscd[0m [32mrtid[0m
[32mloggerd[0m [32mencoderd[0m [32mlogmessaged[0m [32mcamerad[0m [32mlogcatd[0m [32mproclogd[0m [32mmicd[0m [32mtimed[0m [32mdmonitoringmodeld[0m [32msensord[0m [32mui[0m [32msoundd[0m [32mlocationd[0m [32mcalibrationd[0m [32mtorqued[0m [32mcontrolsd[0m [32mselfdrived[0m [32mcard[0m [32mdeleter[0m [32mdmonitoringd[0m [32mqcomgpsd[0m [32mpandad[0m [32mparamsd[0m [32mlagd[0m [32mplannerd[0m [32mradard[0m [32mhardwared[0m [32mtombstoned[0m [32muploader[0m [32mstatsd[0m [32mfeedbackd[0m [32mmodeld_tinygrad[0m [32mmapd[0m [32mmapd_manager[0m [31mmtscd[0m [32mrtid[0m
[32mloggerd[0m [32mencoderd[0m [32mlogmessaged[0m [32mcamerad[0m [32mlogcatd[0m [32mproclogd[0m [32mmicd[0m [32mtimed[0m [32mdmonitoringmodeld[0m [32msensord[0m [32mui[0m [32msoundd[0m [32mlocationd[0m [32mcalibrationd[0m [32mtorqued[0m [32mcontrolsd[0m [32mselfdrived[0m [32mcard[0m [32mdeleter[0m [32mdmonitoringd[0m [32mqcomgpsd[0m [32mpandad[0m [32mparamsd[0m [32mlagd[0m [32mplannerd[0m [32mradard[0m [32mhardwared[0m [32mtombstoned[0m [32muploader[0m [32mstatsd[0m [32mfeedbackd[0m [32mmodeld_tinygrad[0m [32mmapd[0m [32mmapd_manager[0m [31mmtscd[0m [32mrtid[0m
[32mloggerd[0m [32mencoderd[0m [32mlogmessaged[0m [32mcamerad[0m [32mlogcatd[0m [32mproclogd[0m [32mmicd[0m [32mtimed[0m [32mdmonitoringmodeld[0m [32msensord[0m [32mui[0m [32msoundd[0m [32mlocationd[0m [32mcalibrationd[0m [32mtorqued[0m [32mcontrolsd[0m [32mselfdrived[0m [32mcard[0m [32mdeleter[0m [32mdmonitoringd[0m [32mqcomgpsd[0m [32mpandad[0m [32mparamsd[0m [32mlagd[0m [32mplannerd[0m [32mradard[0m [32mhardwared[0m [32mtombstoned[0m [32muploader[0m [32mstatsd[0m [32mfeedbackd[0m [32mmodeld_tinygrad[0m [32mmapd[0m [32mmapd_manager[0m [31mmtscd[0m [32mrtid[0m
[32mloggerd[0m [32mencoderd[0m [32mlogmessaged[0m [32mcamerad[0m [32mlogcatd[0m [32mproclogd[0m [32mmicd[0m [32mtimed[0m [32mdmonitoringmodeld[0m [32msensord[0m [32mui[0m [32msoundd[0m [32mlocationd[0m [32mcalibrationd[0m [32mtorqued[0m [32mcontrolsd[0m [32mselfdrived[0m [32mcard[0m [32mdeleter[0m [32mdmonitoringd[0m [32mqcomgpsd[0m [32mpandad[0m [32mparamsd[0m [32mlagd[0m [32mplannerd[0m [32mradard[0m [32mhardwared[0m [32mtombstoned[0m [32muploader[0m [32mstatsd[0m [32mfeedbackd[0m [32mmodeld_tinygrad[0m [32mmapd[0m [32mmapd_manager[0m [31mmtscd[0m [32mrtid[0m
[32mloggerd[0m [32mencoderd[0m [32mlogmessaged[0m [32mcamerad[0m [32mlogcatd[0m [32mproclogd[0m [32mmicd[0m [32mtimed[0m [32mdmonitoringmodeld[0m [32msensord[0m [32mui[0m [32msoundd[0m [32mlocationd[0m [32mcalibrationd[0m [32mtorqued[0m [32mcontrolsd[0m [32mselfdrived[0m [32mcard[0m [32mdeleter[0m [32mdmonitoringd[0m [32mqcomgpsd[0m [32mpandad[0m [32mparamsd[0m [32mlagd[0m [32mplannerd[0m [32mradard[0m [32mhardwared[0m [32mtombstoned[0m [32muploader[0m [32mstatsd[0m [32mfeedbackd[0m [32mmodeld_tinygrad[0m [32mmapd[0m [32mmapd_manager[0m [31mmtscd[0m [32mrtid[0m
[32mloggerd[0m [32mencoderd[0m [32mlogmessaged[0m [32mcamerad[0m [32mlogcatd[0m [32mproclogd[0m [32mmicd[0m [32mtimed[0m [32mdmonitoringmodeld[0m [32msensord[0m [32mui[0m [32msoundd[0m [32mlocationd[0m [32mcalibrationd[0m [32mtorqued[0m [32mcontrolsd[0m [32mselfdrived[0m [32mcard[0m [32mdeleter[0m [32mdmonitoringd[0m [32mqcomgpsd[0m [32mpandad[0m [32mparamsd[0m [32mlagd[0m [32mplannerd[0m [32mradard[0m [32mhardwared[0m [32mtombstoned[0m [32muploader[0m [32mstatsd[0m [32mfeedbackd[0m [32mmodeld_tinygrad[0m [32mmapd[0m [32mmapd_manager[0m [31mmtscd[0m [32mrtid[0m
RTI cycle took 0.016s
RTI cycle took 0.016s
RTI cycle took 0.023s
RTI cycle took 0.020s
RTI cycle took 0.029s
RTI cycle took 0.021s
RTI cycle took 0.026s
RTI cycle took 0.041s
RTI cycle took 0.015s
RTI cycle took 0.027s
RTI cycle took 0.016s
RTI cycle took 0.028s
RTI cycle took 0.015s
RTI cycle took 0.026s
RTI cycle took 0.016s
RTI cycle took 0.017s
RTI cycle took 0.017s
RTI cycle took 0.016s
RTI cycle took 0.022s
RTI cycle took 0.020s
RTI cycle took 0.020s
RTI cycle took 0.027s
RTI cycle took 0.030s
RTI cycle took 0.021s
RTI cycle took 0.027s
RTI cycle took 0.021s
RTI cycle took 0.027s
RTI cycle took 0.020s
RTI cycle took 0.028s
RTI cycle took 0.021s
RTI cycle took 0.029s
RTI cycle took 0.032s
RTI cycle took 0.031s
RTI cycle took 0.024s
RTI cycle took 0.020s
RTI cycle took 0.029s
RTI cycle took 0.018s
RTI cycle took 0.018s
RTI cycle took 0.013s
RTI cycle took 0.024s
RTI cycle took 0.022s
RTI cycle took 0.028s
RTI cycle took 0.029s
RTI cycle took 0.021s
RTI cycle took 0.026s
RTI cycle took 0.041s
RTI cycle took 0.030s
RTI cycle took 0.028s
RTI cycle took 0.029s
RTI cycle took 0.030s
RTI cycle took 0.029s
RTI cycle took 0.030s
RTI cycle took 0.039s
RTI cycle took 0.018s
RTI cycle took 0.028s
RTI cycle took 0.034s
RTI cycle took 0.027s
RTI cycle took 0.035s
RTI cycle took 0.014s
RTI cycle took 0.027s
RTI cycle took 0.014s
RTI cycle took 0.034s
RTI cycle took 0.020s
RTI cycle took 0.024s
RTI cycle took 0.028s
RTI cycle took 0.041s
RTI cycle took 0.027s
RTI cycle took 0.019s
RTI cycle took 0.027s
RTI cycle took 0.020s
RTI cycle took 0.036s
RTI cycle took 0.034s
RTI cycle took 0.027s
RTI cycle took 0.034s
RTI cycle took 0.012s
RTI cycle took 0.020s
RTI cycle took 0.033s
RTI cycle took 0.049s
RTI cycle took 0.015s
RTI cycle took 0.028s
RTI cycle took 0.028s
RTI cycle took 0.027s
RTI cycle took 0.021s
RTI cycle took 0.027s
RTI cycle took 0.029s
RTI cycle took 0.028s
RTI cycle took 0.033s
RTI cycle took 0.022s
RTI cycle took 0.020s
RTI cycle took 0.027s
RTI cycle took 0.020s
RTI cycle took 0.024s
RTI cycle took 0.050s
RTI cycle took 0.019s
RTI cycle took 0.025s
RTI cycle took 0.022s
RTI cycle took 0.019s
RTI cycle took 0.047s
RTI cycle took 0.037s
RTI cycle took 0.031s
RTI cycle took 0.028s
RTI cycle took 0.031s
RTI cycle took 0.026s
RTI cycle took 0.039s
RTI cycle took 0.031s
RTI cycle took 0.016s
RTI cycle took 0.049s
RTI cycle took 0.027s
RTI cycle took 0.016s
RTI cycle took 0.026s
RTI cycle took 0.022s
RTI cycle took 0.027s
RTI cycle took 0.038s
RTI cycle took 0.024s
RTI cycle took 0.032s
RTI cycle took 0.017s
RTI cycle took 0.036s
RTI cycle took 0.025s
RTI cycle took 0.020s
RTI cycle took 0.027s
RTI cycle took 0.021s
RTI cycle took 0.025s
RTI cycle took 0.025s
RTI cycle took 0.023s
RTI cycle took 0.024s
RTI cycle took 0.028s
RTI cycle took 0.042s
RTI cycle took 0.028s
RTI cycle took 0.024s
RTI cycle took 0.026s
RTI cycle took 0.047s
RTI cycle took 0.018s
RTI cycle took 0.027s
RTI cycle took 0.048s
RTI cycle took 0.032s
RTI cycle took 0.017s
RTI cycle took 0.029s
RTI cycle took 0.012s
RTI cycle took 0.026s
RTI cycle took 0.025s
RTI cycle took 0.031s
RTI cycle took 0.026s
RTI cycle took 0.030s
RTI cycle took 0.031s
RTI cycle took 0.026s
RTI cycle took 0.026s
RTI cycle took 0.028s
RTI cycle took 0.029s
RTI cycle took 0.032s
RTI cycle took 0.018s
RTI cycle took 0.029s
RTI cycle took 0.025s
RTI cycle took 0.023s
RTI cycle took 0.030s
RTI cycle took 0.024s
RTI cycle took 0.026s
RTI cycle took 0.042s
RTI cycle took 0.024s
RTI cycle took 0.028s
RTI cycle took 0.020s
RTI cycle took 0.048s
RTI cycle took 0.020s
RTI cycle took 0.029s
RTI cycle took 0.040s
RTI cycle took 0.016s
RTI cycle took 0.029s
RTI cycle took 0.030s
RTI cycle took 0.029s
RTI cycle took 0.025s
RTI cycle took 0.046s
RTI cycle took 0.025s
RTI cycle took 0.026s
RTI cycle took 0.028s
RTI cycle took 0.020s
RTI cycle took 0.018s
RTI cycle took 0.040s
RTI cycle took 0.025s
RTI cycle took 0.029s
RTI cycle took 0.020s
RTI cycle took 0.023s
RTI cycle took 0.025s
RTI cycle took 0.024s
RTI cycle took 0.028s
RTI cycle took 0.020s
RTI cycle took 0.029s
RTI cycle took 0.029s
RTI cycle took 0.018s
RTI cycle took 0.016s
RTI cycle took 0.015s
RTI cycle took 0.016s
RTI cycle took 0.023s
RTI cycle took 0.035s
RTI cycle took 0.032s
RTI cycle took 0.016s
RTI cycle took 0.014s
RTI cycle took 0.021s
RTI cycle took 0.020s
RTI cycle took 0.028s
RTI cycle took 0.019s
RTI cycle took 0.026s
RTI cycle took 0.033s
RTI cycle took 0.016s
RTI cycle took 0.016s
RTI cycle took 0.022s
RTI cycle took 0.033s
RTI cycle took 0.016s
RTI cycle took 0.022s
RTI cycle took 0.022s
RTI cycle took 0.019s
RTI cycle took 0.026s
RTI cycle took 0.019s
RTI cycle took 0.019s
RTI cycle took 0.018s
RTI cycle took 0.018s
[32mloggerd[0m [32mencoderd[0m [32mlogmessaged[0m [32mcamerad[0m [32mlogcatd[0m [32mproclogd[0m [32mmicd[0m [32mtimed[0m [32mdmonitoringmodeld[0m [32msensord[0m [32mui[0m [32msoundd[0m [32mlocationd[0m [32mcalibrationd[0m [32mtorqued[0m [32mcontrolsd[0m [32mselfdrived[0m [32mcard[0m [32mdeleter[0m [32mdmonitoringd[0m [32mqcomgpsd[0m [32mpandad[0m [32mparamsd[0m [32mlagd[0m [32mplannerd[0m [32mradard[0m [32mhardwared[0m [32mtombstoned[0m [32muploader[0m [32mstatsd[0m [32mfeedbackd[0m [32mmodeld_tinygrad[0m [32mmapd[0m [32mmapd_manager[0m [31mmtscd[0m [32mrtid[0m
[32mloggerd[0m [32mencoderd[0m [32mlogmessaged[0m [32mcamerad[0m [32mlogcatd[0m [32mproclogd[0m [32mmicd[0m [32mtimed[0m [32mdmonitoringmodeld[0m [32msensord[0m [32mui[0m [32msoundd[0m [32mlocationd[0m [32mcalibrationd[0m [32mtorqued[0m [32mcontrolsd[0m [32mselfdrived[0m [32mcard[0m [32mdeleter[0m [32mdmonitoringd[0m [32mqcomgpsd[0m [32mpandad[0m [32mparamsd[0m [32mlagd[0m [32mplannerd[0m [32mradard[0m [32mhardwared[0m [32mtombstoned[0m [32muploader[0m [32mstatsd[0m [32mfeedbackd[0m [32mmodeld_tinygrad[0m [32mmapd[0m [32mmapd_manager[0m [31mmtscd[0m [32mrtid[0m
[32mloggerd[0m [32mencoderd[0m [32mlogmessaged[0m [32mcamerad[0m [32mlogcatd[0m [32mproclogd[0m [32mmicd[0m [32mtimed[0m [32mdmonitoringmodeld[0m [32msensord[0m [32mui[0m [32msoundd[0m [32mlocationd[0m [32mcalibrationd[0m [32mtorqued[0m [32mcontrolsd[0m [32mselfdrived[0m [32mcard[0m [32mdeleter[0m [32mdmonitoringd[0m [32mqcomgpsd[0m [32mpandad[0m [32mparamsd[0m [32mlagd[0m [32mplannerd[0m [32mradard[0m [32mhardwared[0m [32mtombstoned[0m [32muploader[0m [32mstatsd[0m [32mfeedbackd[0m [32mmodeld_tinygrad[0m [32mmapd[0m [32mmapd_manager[0m [31mmtscd[0m [32mrtid[0m
[32mloggerd[0m [32mencoderd[0m [32mlogmessaged[0m [32mcamerad[0m [32mlogcatd[0m [32mproclogd[0m [32mmicd[0m [32mtimed[0m [32mdmonitoringmodeld[0m [32msensord[0m [32mui[0m [32msoundd[0m [32mlocationd[0m [32mcalibrationd[0m [32mtorqued[0m [32mcontrolsd[0m [32mselfdrived[0m [32mcard[0m [32mdeleter[0m [32mdmonitoringd[0m [32mqcomgpsd[0m [32mpandad[0m [32mparamsd[0m [32mlagd[0m [32mplannerd[0m [32mradard[0m [32mhardwared[0m [32mtombstoned[0m [32muploader[0m [32mstatsd[0m [32mfeedbackd[0m [32mmodeld_tinygrad[0m [32mmapd[0m [32mmapd_manager[0m [31mmtscd[0m [32mrtid[0m
[32mloggerd[0m [32mencoderd[0m [32mlogmessaged[0m [32mcamerad[0m [32mlogcatd[0m [32mproclogd[0m [32mmicd[0m [32mtimed[0m [32mdmonitoringmodeld[0m [32msensord[0m [32mui[0m [32msoundd[0m [32mlocationd[0m [32mcalibrationd[0m [32mtorqued[0m [32mcontrolsd[0m [32mselfdrived[0m [32mcard[0m [32mdeleter[0m [32mdmonitoringd[0m [32mqcomgpsd[0m [32mpandad[0m [32mparamsd[0m [32mlagd[0m [32mplannerd[0m [32mradard[0m [32mhardwared[0m [32mtombstoned[0m [32muploader[0m [32mstatsd[0m [32mfeedbackd[0m [32mmodeld_tinygrad[0m [32mmapd[0m [32mmapd_manager[0m [31mmtscd[0m [32mrtid[0m
[32mloggerd[0m [32mencoderd[0m [32mlogmessaged[0m [32mcamerad[0m [32mlogcatd[0m [32mproclogd[0m [32mmicd[0m [32mtimed[0m [32mdmonitoringmodeld[0m [32msensord[0m [32mui[0m [32msoundd[0m [32mlocationd[0m [32mcalibrationd[0m [32mtorqued[0m [32mcontrolsd[0m [32mselfdrived[0m [32mcard[0m [32mdeleter[0m [32mdmonitoringd[0m [32mqcomgpsd[0m [32mpandad[0m [32mparamsd[0m [32mlagd[0m [32mplannerd[0m [32mradard[0m [32mhardwared[0m [32mtombstoned[0m [32muploader[0m [32mstatsd[0m [32mfeedbackd[0m [32mmodeld_tinygrad[0m [32mmapd[0m [32mmapd_manager[0m [31mmtscd[0m [32mrtid[0m
[32mloggerd[0m [32mencoderd[0m [32mlogmessaged[0m [32mcamerad[0m [32mlogcatd[0m [32mproclogd[0m [32mmicd[0m [32mtimed[0m [32mdmonitoringmodeld[0m [32msensord[0m [32mui[0m [32msoundd[0m [32mlocationd[0m [32mcalibrationd[0m [32mtorqued[0m [32mcontrolsd[0m [32mselfdrived[0m [32mcard[0m [32mdeleter[0m [32mdmonitoringd[0m [32mqcomgpsd[0m [32mpandad[0m [32mparamsd[0m [32mlagd[0m [32mplannerd[0m [32mradard[0m [32mhardwared[0m [32mtombstoned[0m [32muploader[0m [32mstatsd[0m [32mfeedbackd[0m [32mmodeld_tinygrad[0m [32mmapd[0m [32mmapd_manager[0m [31mmtscd[0m [32mrtid[0m
[32mloggerd[0m [32mencoderd[0m [32mlogmessaged[0m [32mcamerad[0m [32mlogcatd[0m [32mproclogd[0m [32mmicd[0m [32mtimed[0m [32mdmonitoringmodeld[0m [32msensord[0m [32mui[0m [32msoundd[0m [32mlocationd[0m [32mcalibrationd[0m [32mtorqued[0m [32mcontrolsd[0m [32mselfdrived[0m [32mcard[0m [32mdeleter[0m [32mdmonitoringd[0m [32mqcomgpsd[0m [32mpandad[0m [32mparamsd[0m [32mlagd[0m [32mplannerd[0m [32mradard[0m [32mhardwared[0m [32mtombstoned[0m [32muploader[0m [32mstatsd[0m [32mfeedbackd[0m [32mmodeld_tinygrad[0m [32mmapd[0m [32mmapd_manager[0m [31mmtscd[0m [32mrtid[0m
[32mloggerd[0m [32mencoderd[0m [32mlogmessaged[0m [32mcamerad[0m [32mlogcatd[0m [32mproclogd[0m [32mmicd[0m [32mtimed[0m [32mdmonitoringmodeld[0m [32msensord[0m [32mui[0m [32msoundd[0m [32mlocationd[0m [32mcalibrationd[0m [32mtorqued[0m [32mcontrolsd[0m [32mselfdrived[0m [32mcard[0m [32mdeleter[0m [32mdmonitoringd[0m [32mqcomgpsd[0m [32mpandad[0m [32mparamsd[0m [32mlagd[0m [32mplannerd[0m [32mradard[0m [32mhardwared[0m [32mtombstoned[0m [32muploader[0m [32mstatsd[0m [32mfeedbackd[0m [32mmodeld_tinygrad[0m [32mmapd[0m [32mmapd_manager[0m [31mmtscd[0m [32mrtid[0m
[32mloggerd[0m [32mencoderd[0m [32mlogmessaged[0m [32mcamerad[0m [32mlogcatd[0m [32mproclogd[0m [32mmicd[0m [32mtimed[0m [32mdmonitoringmodeld[0m [32msensord[0m [32mui[0m [32msoundd[0m [32mlocationd[0m [32mcalibrationd[0m [32mtorqued[0m [32mcontrolsd[0m [32mselfdrived[0m [32mcard[0m [32mdeleter[0m [32mdmonitoringd[0m [32mqcomgpsd[0m [32mpandad[0m [32mparamsd[0m [32mlagd[0m [32mplannerd[0m [32mradard[0m [32mhardwared[0m [32mtombstoned[0m [32muploader[0m [32mstatsd[0m [32mfeedbackd[0m [32mmodeld_tinygrad[0m [32mmapd[0m [32mmapd_manager[0m [31mmtscd[0m [32mrtid[0m
[32mloggerd[0m [32mencoderd[0m [32mlogmessaged[0m [32mcamerad[0m [32mlogcatd[0m [32mproclogd[0m [32mmicd[0m [32mtimed[0m [32mdmonitoringmodeld[0m [32msensord[0m [32mui[0m [32msoundd[0m [32mlocationd[0m [32mcalibrationd[0m [32mtorqued[0m [32mcontrolsd[0m [32mselfdrived[0m [32mcard[0m [32mdeleter[0m [32mdmonitoringd[0m [32mqcomgpsd[0m [32mpandad[0m [32mparamsd[0m [32mlagd[0m [32mplannerd[0m [32mradard[0m [32mhardwared[0m [32mtombstoned[0m [32muploader[0m [32mstatsd[0m [32mfeedbackd[0m [32mmodeld_tinygrad[0m [32mmapd[0m [32mmapd_manager[0m [31mmtscd[0m [32mrtid[0m
[32mloggerd[0m [32mencoderd[0m [32mlogmessaged[0m [32mcamerad[0m [32mlogcatd[0m [32mproclogd[0m [32mmicd[0m [32mtimed[0m [32mdmonitoringmodeld[0m [32msensord[0m [32mui[0m [32msoundd[0m [32mlocationd[0m [32mcalibrationd[0m [32mtorqued[0m [32mcontrolsd[0m [32mselfdrived[0m [32mcard[0m [32mdeleter[0m [32mdmonitoringd[0m [32mqcomgpsd[0m [32mpandad[0m [32mparamsd[0m [32mlagd[0m [32mplannerd[0m [32mradard[0m [32mhardwared[0m [32mtombstoned[0m [32muploader[0m [32mstatsd[0m [32mfeedbackd[0m [32mmodeld_tinygrad[0m [32mmapd[0m [32mmapd_manager[0m [31mmtscd[0m [32mrtid[0m
RTI cycle took 0.028s
RTI cycle took 0.021s
RTI cycle took 0.019s
RTI cycle took 0.019s
RTI cycle took 0.017s
RTI cycle took 0.023s
RTI cycle took 0.020s
RTI cycle took 0.035s
RTI cycle took 0.032s
RTI cycle took 0.029s
RTI cycle took 0.017s
RTI cycle took 0.029s
RTI cycle took 0.019s
RTI cycle took 0.016s
RTI cycle took 0.014s
RTI cycle took 0.034s
RTI cycle took 0.027s
RTI cycle took 0.039s
RTI cycle took 0.018s
RTI cycle took 0.026s
RTI cycle took 0.019s
RTI cycle took 0.018s
RTI cycle took 0.017s
RTI cycle took 0.027s
RTI cycle took 0.027s
RTI cycle took 0.029s
RTI cycle took 0.032s
RTI cycle took 0.016s
RTI cycle took 0.015s
RTI cycle took 0.021s
RTI cycle took 0.020s
RTI cycle took 0.019s
RTI cycle took 0.028s
RTI cycle took 0.024s
RTI cycle took 0.032s
RTI cycle took 0.016s
RTI cycle took 0.044s
RTI cycle took 0.035s
RTI cycle took 0.015s
RTI cycle took 0.025s
RTI cycle took 0.012s
RTI cycle took 0.014s
RTI cycle took 0.020s
RTI cycle took 0.018s
RTI cycle took 0.018s
RTI cycle took 0.027s
RTI cycle took 0.019s
RTI cycle took 0.039s
RTI cycle took 0.028s
RTI cycle took 0.028s
RTI cycle took 0.020s
RTI cycle took 0.027s
RTI cycle took 0.041s
RTI cycle took 0.017s
RTI cycle took 0.027s
RTI cycle took 0.035s
RTI cycle took 0.028s
RTI cycle took 0.031s
RTI cycle took 0.017s
RTI cycle took 0.015s
RTI cycle took 0.024s
RTI cycle took 0.032s
RTI cycle took 0.018s
RTI cycle took 0.014s
RTI cycle took 0.019s
RTI cycle took 0.031s
RTI cycle took 0.015s
RTI cycle took 0.025s
RTI cycle took 0.017s
RTI cycle took 0.032s
RTI cycle took 0.020s
RTI cycle took 0.027s
RTI cycle took 0.028s
RTI cycle took 0.027s
RTI cycle took 0.035s
RTI cycle took 0.014s
RTI cycle took 0.011s
RTI cycle took 0.021s
RTI cycle took 0.030s
RTI cycle took 0.028s
RTI cycle took 0.029s
RTI cycle took 0.029s
RTI cycle took 0.027s
RTI cycle took 0.021s
RTI cycle took 0.028s
RTI cycle took 0.019s
RTI cycle took 0.025s
RTI cycle took 0.020s
RTI cycle took 0.020s
RTI cycle took 0.018s
RTI cycle took 0.025s
RTI cycle took 0.028s
RTI cycle took 0.029s
RTI cycle took 0.032s
RTI cycle took 0.014s
RTI cycle took 0.012s
RTI cycle took 0.018s
RTI cycle took 0.017s
RTI cycle took 0.024s
RTI cycle took 0.031s
RTI cycle took 0.017s
RTI cycle took 0.027s
RTI cycle took 0.029s
RTI cycle took 0.022s
RTI cycle took 0.020s
RTI cycle took 0.028s
RTI cycle took 0.020s
RTI cycle took 0.021s
RTI cycle took 0.019s
RTI cycle took 0.018s
RTI cycle took 0.016s
RTI cycle took 0.016s
RTI cycle took 0.023s
RTI cycle took 0.020s
RTI cycle took 0.026s
RTI cycle took 0.021s
RTI cycle took 0.027s
RTI cycle took 0.034s
RTI cycle took 0.016s
RTI cycle took 0.014s
RTI cycle took 0.024s
RTI cycle took 0.031s
RTI cycle took 0.017s
RTI cycle took 0.016s
RTI cycle took 0.015s
RTI cycle took 0.014s
RTI cycle took 0.022s
RTI cycle took 0.021s
RTI cycle took 0.028s
RTI cycle took 0.020s
RTI cycle took 0.024s
RTI cycle took 0.039s
RTI cycle took 0.018s
RTI cycle took 0.037s
RTI cycle took 0.020s
RTI cycle took 0.026s
RTI cycle took 0.041s
RTI cycle took 0.017s
RTI cycle took 0.023s
RTI cycle took 0.015s
RTI cycle took 0.015s
RTI cycle took 0.019s
RTI cycle took 0.030s
RTI cycle took 0.014s
RTI cycle took 0.028s
RTI cycle took 0.028s
RTI cycle took 0.027s
RTI cycle took 0.020s
RTI cycle took 0.028s
RTI cycle took 0.016s
RTI cycle took 0.023s
RTI cycle took 0.042s
RTI cycle took 0.026s
RTI cycle took 0.022s
RTI cycle took 0.015s
RTI cycle took 0.025s
RTI cycle took 0.028s
RTI cycle took 0.030s
RTI cycle took 0.021s
RTI cycle took 0.027s
RTI cycle took 0.022s
RTI cycle took 0.027s
RTI cycle took 0.023s
RTI cycle took 0.015s
RTI cycle took 0.012s
RTI cycle took 0.015s
RTI cycle took 0.023s
RTI cycle took 0.015s
RTI cycle took 0.023s
RTI cycle took 0.020s
RTI cycle took 0.035s
RTI cycle took 0.021s
RTI cycle took 0.021s
RTI cycle took 0.027s
RTI cycle took 0.020s
RTI cycle took 0.029s
RTI cycle took 0.020s
RTI cycle took 0.023s
RTI cycle took 0.021s
RTI cycle took 0.020s
RTI cycle took 0.028s
RTI cycle took 0.019s
RTI cycle took 0.014s
RTI cycle took 0.015s
RTI cycle took 0.019s
RTI cycle took 0.027s
RTI cycle took 0.022s
RTI cycle took 0.026s
RTI cycle took 0.021s
RTI cycle took 0.027s
RTI cycle took 0.030s
RTI cycle took 0.017s
RTI cycle took 0.018s
RTI cycle took 0.025s
RTI cycle took 0.022s
RTI cycle took 0.027s
RTI cycle took 0.021s
RTI cycle took 0.027s
RTI cycle took 0.022s
RTI cycle took 0.026s
RTI cycle took 0.031s
RTI cycle took 0.018s
RTI cycle took 0.019s
RTI cycle took 0.025s
RTI cycle took 0.023s
RTI cycle took 0.026s
RTI cycle took 0.020s
RTI cycle took 0.027s
RTI cycle took 0.026s
RTI cycle took 0.017s
RTI cycle took 0.018s
RTI cycle took 0.023s
RTI cycle took 0.021s
RTI cycle took 0.016s
RTI cycle took 0.016s
RTI cycle took 0.021s
RTI cycle took 0.021s
RTI cycle took 0.028s
RTI cycle took 0.023s
RTI cycle took 0.025s
RTI cycle took 0.024s
RTI cycle took 0.025s
RTI cycle took 0.021s
RTI cycle took 0.019s
RTI cycle took 0.015s
RTI cycle took 0.016s
RTI cycle took 0.012s
RTI cycle took 0.023s
RTI cycle took 0.027s
RTI cycle took 0.020s
RTI cycle took 0.015s
[32mloggerd[0m [32mencoderd[0m [32mlogmessaged[0m [32mcamerad[0m [32mlogcatd[0m [32mproclogd[0m [32mmicd[0m [32mtimed[0m [32mdmonitoringmodeld[0m [32msensord[0m [32mui[0m [32msoundd[0m [32mlocationd[0m [32mcalibrationd[0m [32mtorqued[0m [32mcontrolsd[0m [32mselfdrived[0m [32mcard[0m [32mdeleter[0m [32mdmonitoringd[0m [32mqcomgpsd[0m [32mpandad[0m [32mparamsd[0m [32mlagd[0m [32mplannerd[0m [32mradard[0m [32mhardwared[0m [32mtombstoned[0m [32muploader[0m [32mstatsd[0m [32mfeedbackd[0m [32mmodeld_tinygrad[0m [32mmapd[0m [32mmapd_manager[0m [31mmtscd[0m [32mrtid[0m
[32mloggerd[0m [32mencoderd[0m [32mlogmessaged[0m [32mcamerad[0m [32mlogcatd[0m [32mproclogd[0m [32mmicd[0m [32mtimed[0m [32mdmonitoringmodeld[0m [32msensord[0m [32mui[0m [32msoundd[0m [32mlocationd[0m [32mcalibrationd[0m [32mtorqued[0m [32mcontrolsd[0m [32mselfdrived[0m [32mcard[0m [32mdeleter[0m [32mdmonitoringd[0m [32mqcomgpsd[0m [32mpandad[0m [32mparamsd[0m [32mlagd[0m [32mplannerd[0m [32mradard[0m [32mhardwared[0m [32mtombstoned[0m [32muploader[0m [32mstatsd[0m [32mfeedbackd[0m [32mmodeld_tinygrad[0m [32mmapd[0m [32mmapd_manager[0m [31mmtscd[0m [32mrtid[0m
[32mloggerd[0m [32mencoderd[0m [32mlogmessaged[0m [32mcamerad[0m [32mlogcatd[0m [32mproclogd[0m [32mmicd[0m [32mtimed[0m [32mdmonitoringmodeld[0m [32msensord[0m [32mui[0m [32msoundd[0m [32mlocationd[0m [32mcalibrationd[0m [32mtorqued[0m [32mcontrolsd[0m [32mselfdrived[0m [32mcard[0m [32mdeleter[0m [32mdmonitoringd[0m [32mqcomgpsd[0m [32mpandad[0m [32mparamsd[0m [32mlagd[0m [32mplannerd[0m [32mradard[0m [32mhardwared[0m [32mtombstoned[0m [32muploader[0m [32mstatsd[0m [32mfeedbackd[0m [32mmodeld_tinygrad[0m [32mmapd[0m [32mmapd_manager[0m [31mmtscd[0m [32mrtid[0m
[32mloggerd[0m [32mencoderd[0m [32mlogmessaged[0m [32mcamerad[0m [32mlogcatd[0m [32mproclogd[0m [32mmicd[0m [32mtimed[0m [32mdmonitoringmodeld[0m [32msensord[0m [32mui[0m [32msoundd[0m [32mlocationd[0m [32mcalibrationd[0m [32mtorqued[0m [32mcontrolsd[0m [32mselfdrived[0m [32mcard[0m [32mdeleter[0m [32mdmonitoringd[0m [32mqcomgpsd[0m [32mpandad[0m [32mparamsd[0m [32mlagd[0m [32mplannerd[0m [32mradard[0m [32mhardwared[0m [32mtombstoned[0m [32muploader[0m [32mstatsd[0m [32mfeedbackd[0m [32mmodeld_tinygrad[0m [32mmapd[0m [32mmapd_manager[0m [31mmtscd[0m [32mrtid[0m
[32mloggerd[0m [32mencoderd[0m [32mlogmessaged[0m [32mcamerad[0m [32mlogcatd[0m [32mproclogd[0m [32mmicd[0m [32mtimed[0m [32mdmonitoringmodeld[0m [32msensord[0m [32mui[0m [32msoundd[0m [32mlocationd[0m [32mcalibrationd[0m [32mtorqued[0m [32mcontrolsd[0m [32mselfdrived[0m [32mcard[0m [32mdeleter[0m [32mdmonitoringd[0m [32mqcomgpsd[0m [32mpandad[0m [32mparamsd[0m [32mlagd[0m [32mplannerd[0m [32mradard[0m [32mhardwared[0m [32mtombstoned[0m [32muploader[0m [32mstatsd[0m [32mfeedbackd[0m [32mmodeld_tinygrad[0m [32mmapd[0m [32mmapd_manager[0m [31mmtscd[0m [32mrtid[0m
[32mloggerd[0m [32mencoderd[0m [32mlogmessaged[0m [32mcamerad[0m [32mlogcatd[0m [32mproclogd[0m [32mmicd[0m [32mtimed[0m [32mdmonitoringmodeld[0m [32msensord[0m [32mui[0m [32msoundd[0m [32mlocationd[0m [32mcalibrationd[0m [32mtorqued[0m [32mcontrolsd[0m [32mselfdrived[0m [32mcard[0m [32mdeleter[0m [32mdmonitoringd[0m [32mqcomgpsd[0m [32mpandad[0m [32mparamsd[0m [32mlagd[0m [32mplannerd[0m [32mradard[0m [32mhardwared[0m [32mtombstoned[0m [32muploader[0m [32mstatsd[0m [32mfeedbackd[0m [32mmodeld_tinygrad[0m [32mmapd[0m [32mmapd_manager[0m [31mmtscd[0m [32mrtid[0m
[32mloggerd[0m [32mencoderd[0m [32mlogmessaged[0m [32mcamerad[0m [32mlogcatd[0m [32mproclogd[0m [32mmicd[0m [32mtimed[0m [32mdmonitoringmodeld[0m [32msensord[0m [32mui[0m [32msoundd[0m [32mlocationd[0m [32mcalibrationd[0m [32mtorqued[0m [32mcontrolsd[0m [32mselfdrived[0m [32mcard[0m [32mdeleter[0m [32mdmonitoringd[0m [32mqcomgpsd[0m [32mpandad[0m [32mparamsd[0m [32mlagd[0m [32mplannerd[0m [32mradard[0m [32mhardwared[0m [32mtombstoned[0m [32muploader[0m [32mstatsd[0m [32mfeedbackd[0m [32mmodeld_tinygrad[0m [32mmapd[0m [32mmapd_manager[0m [31mmtscd[0m [32mrtid[0m
[32mloggerd[0m [32mencoderd[0m [32mlogmessaged[0m [32mcamerad[0m [32mlogcatd[0m [32mproclogd[0m [32mmicd[0m [32mtimed[0m [32mdmonitoringmodeld[0m [32msensord[0m [32mui[0m [32msoundd[0m [32mlocationd[0m [32mcalibrationd[0m [32mtorqued[0m [32mcontrolsd[0m [32mselfdrived[0m [32mcard[0m [32mdeleter[0m [32mdmonitoringd[0m [32mqcomgpsd[0m [32mpandad[0m [32mparamsd[0m [32mlagd[0m [32mplannerd[0m [32mradard[0m [32mhardwared[0m [32mtombstoned[0m [32muploader[0m [32mstatsd[0m [32mfeedbackd[0m [32mmodeld_tinygrad[0m [32mmapd[0m [32mmapd_manager[0m [31mmtscd[0m [32mrtid[0m
[32mloggerd[0m [32mencoderd[0m [32mlogmessaged[0m [32mcamerad[0m [32mlogcatd[0m [32mproclogd[0m [32mmicd[0m [32mtimed[0m [32mdmonitoringmodeld[0m [32msensord[0m [32mui[0m [32msoundd[0m [32mlocationd[0m [32mcalibrationd[0m [32mtorqued[0m [32mcontrolsd[0m [32mselfdrived[0m [32mcard[0m [32mdeleter[0m [32mdmonitoringd[0m [32mqcomgpsd[0m [32mpandad[0m [32mparamsd[0m [32mlagd[0m [32mplannerd[0m [32mradard[0m [32mhardwared[0m [32mtombstoned[0m [32muploader[0m [32mstatsd[0m [32mfeedbackd[0m [32mmodeld_tinygrad[0m [32mmapd[0m [32mmapd_manager[0m [31mmtscd[0m [32mrtid[0m
[32mloggerd[0m [32mencoderd[0m [32mlogmessaged[0m [32mcamerad[0m [32mlogcatd[0m [32mproclogd[0m [32mmicd[0m [32mtimed[0m [32mdmonitoringmodeld[0m [32msensord[0m [32mui[0m [32msoundd[0m [32mlocationd[0m [32mcalibrationd[0m [32mtorqued[0m [32mcontrolsd[0m [32mselfdrived[0m [32mcard[0m [32mdeleter[0m [32mdmonitoringd[0m [32mqcomgpsd[0m [32mpandad[0m [32mparamsd[0m [32mlagd[0m [32mplannerd[0m [32mradard[0m [32mhardwared[0m [32mtombstoned[0m [32muploader[0m [32mstatsd[0m [32mfeedbackd[0m [32mmodeld_tinygrad[0m [32mmapd[0m [32mmapd_manager[0m [31mmtscd[0m [32mrtid[0m
[32mloggerd[0m [32mencoderd[0m [32mlogmessaged[0m [32mcamerad[0m [32mlogcatd[0m [32mproclogd[0m [32mmicd[0m [32mtimed[0m [32mdmonitoringmodeld[0m [32msensord[0m [32mui[0m [32msoundd[0m [32mlocationd[0m [32mcalibrationd[0m [32mtorqued[0m [32mcontrolsd[0m [32mselfdrived[0m [32mcard[0m [32mdeleter[0m [32mdmonitoringd[0m [32mqcomgpsd[0m [32mpandad[0m [32mparamsd[0m [32mlagd[0m [32mplannerd[0m [32mradard[0m [32mhardwared[0m [32mtombstoned[0m [32muploader[0m [32mstatsd[0m [32mfeedbackd[0m [32mmodeld_tinygrad[0m [32mmapd[0m [32mmapd_manager[0m [31mmtscd[0m [32mrtid[0m
[32mloggerd[0m [32mencoderd[0m [32mlogmessaged[0m [32mcamerad[0m [32mlogcatd[0m [32mproclogd[0m [32mmicd[0m [32mtimed[0m [32mdmonitoringmodeld[0m [32msensord[0m [32mui[0m [32msoundd[0m [32mlocationd[0m [32mcalibrationd[0m [32mtorqued[0m [32mcontrolsd[0m [32mselfdrived[0m [32mcard[0m [32mdeleter[0m [32mdmonitoringd[0m [32mqcomgpsd[0m [32mpandad[0m [32mparamsd[0m [32mlagd[0m [32mplannerd[0m [32mradard[0m [32mhardwared[0m [32mtombstoned[0m [32muploader[0m [32mstatsd[0m [32mfeedbackd[0m [32mmodeld_tinygrad[0m [32mmapd[0m [32mmapd_manager[0m [31mmtscd[0m [32mrtid[0m
RTI cycle took 0.018s
RTI cycle took 0.020s
RTI cycle took 0.020s
RTI cycle took 0.027s
RTI cycle took 0.024s
RTI cycle took 0.032s
RTI cycle took 0.022s
RTI cycle took 0.016s
RTI cycle took 0.019s
RTI cycle took 0.022s
RTI cycle took 0.023s
RTI cycle took 0.027s
RTI cycle took 0.020s
RTI cycle took 0.019s
RTI cycle took 0.026s
RTI cycle took 0.021s
RTI cycle took 0.029s
RTI cycle took 0.019s
RTI cycle took 0.016s
RTI cycle took 0.016s
RTI cycle took 0.014s
RTI cycle took 0.024s
RTI cycle took 0.026s
RTI cycle took 0.032s
RTI cycle took 0.016s
RTI cycle took 0.026s
RTI cycle took 0.017s
RTI cycle took 0.028s
RTI cycle took 0.016s
RTI cycle took 0.018s
RTI cycle took 0.023s
RTI cycle took 0.023s
RTI cycle took 0.026s
RTI cycle took 0.023s
RTI cycle took 0.025s
RTI cycle took 0.023s
RTI cycle took 0.017s
RTI cycle took 0.018s
RTI cycle took 0.022s
RTI cycle took 0.023s
RTI cycle took 0.026s
RTI cycle took 0.030s
RTI cycle took 0.017s
RTI cycle took 0.017s
RTI cycle took 0.024s
RTI cycle took 0.028s
RTI cycle took 0.021s
RTI cycle took 0.027s
RTI cycle took 0.022s
RTI cycle took 0.025s
RTI cycle took 0.021s
RTI cycle took 0.017s
RTI cycle took 0.018s
RTI cycle took 0.024s
RTI cycle took 0.021s
RTI cycle took 0.028s
RTI cycle took 0.023s
RTI cycle took 0.025s
RTI cycle took 0.022s
RTI cycle took 0.028s
RTI cycle took 0.024s
RTI cycle took 0.017s
RTI cycle took 0.013s
RTI cycle took 0.014s
RTI cycle took 0.020s
RTI cycle took 0.021s
RTI cycle took 0.026s
RTI cycle took 0.021s
RTI cycle took 0.017s
RTI cycle took 0.038s
RTI cycle took 0.032s
RTI cycle took 0.025s
RTI cycle took 0.032s
RTI cycle took 0.017s
RTI cycle took 0.015s
RTI cycle took 0.023s
RTI cycle took 0.026s
RTI cycle took 0.022s
RTI cycle took 0.022s
RTI cycle took 0.032s
RTI cycle took 0.028s
RTI cycle took 0.026s
RTI cycle took 0.021s
RTI cycle took 0.017s
RTI cycle took 0.021s
RTI cycle took 0.023s
RTI cycle took 0.032s
RTI cycle took 0.025s
RTI cycle took 0.023s
RTI cycle took 0.026s
RTI cycle took 0.023s
RTI cycle took 0.013s
RTI cycle took 0.024s
RTI cycle took 0.026s
RTI cycle took 0.023s
RTI cycle took 0.025s
RTI cycle took 0.023s
RTI cycle took 0.025s
RTI cycle took 0.023s
RTI cycle took 0.016s
RTI cycle took 0.016s
RTI cycle took 0.018s
RTI cycle took 0.029s
RTI cycle took 0.027s
RTI cycle took 0.039s
RTI cycle took 0.023s
RTI cycle took 0.026s
RTI cycle took 0.031s
RTI cycle took 0.017s
RTI cycle took 0.016s
RTI cycle took 0.012s
RTI cycle took 0.020s
RTI cycle took 0.020s
RTI cycle took 0.015s
RTI cycle took 0.016s
RTI cycle took 0.022s
RTI cycle took 0.022s
RTI cycle took 0.026s
RTI cycle took 0.021s
RTI cycle took 0.029s
RTI cycle took 0.029s
RTI cycle took 0.032s
RTI cycle took 0.025s
RTI cycle took 0.034s
RTI cycle took 0.022s
RTI cycle took 0.016s
RTI cycle took 0.028s
RTI cycle took 0.016s
RTI cycle took 0.019s
RTI cycle took 0.024s
RTI cycle took 0.022s
RTI cycle took 0.026s
RTI cycle took 0.026s
RTI cycle took 0.022s
RTI cycle took 0.024s
RTI cycle took 0.024s
RTI cycle took 0.031s
RTI cycle took 0.027s
RTI cycle took 0.021s
RTI cycle took 0.018s
RTI cycle took 0.029s
RTI cycle took 0.016s
RTI cycle took 0.017s
RTI cycle took 0.016s
RTI cycle took 0.020s
RTI cycle took 0.015s
RTI cycle took 0.026s
RTI cycle took 0.024s
RTI cycle took 0.031s
RTI cycle took 0.027s
RTI cycle took 0.023s
RTI cycle took 0.026s
RTI cycle took 0.031s
RTI cycle took 0.017s
RTI cycle took 0.019s
RTI cycle took 0.024s
RTI cycle took 0.022s
RTI cycle took 0.016s
RTI cycle took 0.028s
RTI cycle took 0.025s
RTI cycle took 0.023s
RTI cycle took 0.017s
RTI cycle took 0.014s
RTI cycle took 0.033s
RTI cycle took 0.016s
RTI cycle took 0.016s
RTI cycle took 0.023s
RTI cycle took 0.022s
RTI cycle took 0.026s
RTI cycle took 0.041s
RTI cycle took 0.017s
RTI cycle took 0.016s
RTI cycle took 0.021s
RTI cycle took 0.031s
RTI cycle took 0.018s
RTI cycle took 0.019s
RTI cycle took 0.035s
RTI cycle took 0.028s
RTI cycle took 0.023s
RTI cycle took 0.024s
RTI cycle took 0.020s
RTI cycle took 0.017s
RTI cycle took 0.015s
RTI cycle took 0.016s
RTI cycle took 0.022s
RTI cycle took 0.030s
RTI cycle took 0.042s
RTI cycle took 0.025s
RTI cycle took 0.031s
RTI cycle took 0.033s
RTI cycle took 0.024s
RTI cycle took 0.020s
RTI cycle took 0.018s
RTI cycle took 0.015s
RTI cycle took 0.025s
RTI cycle took 0.026s
RTI cycle took 0.029s
RTI cycle took 0.019s
RTI cycle took 0.020s
RTI cycle took 0.032s
RTI cycle took 0.023s
RTI cycle took 0.022s
RTI cycle took 0.027s
RTI cycle took 0.020s
RTI cycle took 0.027s
RTI cycle took 0.021s
RTI cycle took 0.028s
RTI cycle took 0.022s
RTI cycle took 0.024s
RTI cycle took 0.027s
RTI cycle took 0.023s
RTI cycle took 0.031s
RTI cycle took 0.016s
RTI cycle took 0.017s
RTI cycle took 0.016s
RTI cycle took 0.023s
RTI cycle took 0.027s
RTI cycle took 0.022s
RTI cycle took 0.026s
RTI cycle took 0.019s
RTI cycle took 0.026s
RTI cycle took 0.023s
RTI cycle took 0.017s
RTI cycle took 0.027s
RTI cycle took 0.024s
RTI cycle took 0.021s
RTI cycle took 0.020s
RTI cycle took 0.017s
RTI cycle took 0.018s
RTI cycle took 0.013s
RTI cycle took 0.023s
RTI cycle took 0.026s
RTI cycle took 0.023s
RTI cycle took 0.026s
RTI cycle took 0.022s
[32mloggerd[0m [32mencoderd[0m [32mlogmessaged[0m [32mcamerad[0m [32mlogcatd[0m [32mproclogd[0m [32mmicd[0m [32mtimed[0m [32mdmonitoringmodeld[0m [32msensord[0m [32mui[0m [32msoundd[0m [32mlocationd[0m [32mcalibrationd[0m [32mtorqued[0m [32mcontrolsd[0m [32mselfdrived[0m [32mcard[0m [32mdeleter[0m [32mdmonitoringd[0m [32mqcomgpsd[0m [32mpandad[0m [32mparamsd[0m [32mlagd[0m [32mplannerd[0m [32mradard[0m [32mhardwared[0m [32mtombstoned[0m [32muploader[0m [32mstatsd[0m [32mfeedbackd[0m [32mmodeld_tinygrad[0m [32mmapd[0m [32mmapd_manager[0m [31mmtscd[0m [32mrtid[0m
[32mloggerd[0m [32mencoderd[0m [32mlogmessaged[0m [32mcamerad[0m [32mlogcatd[0m [32mproclogd[0m [32mmicd[0m [32mtimed[0m [32mdmonitoringmodeld[0m [32msensord[0m [32mui[0m [32msoundd[0m [32mlocationd[0m [32mcalibrationd[0m [32mtorqued[0m [32mcontrolsd[0m [32mselfdrived[0m [32mcard[0m [32mdeleter[0m [32mdmonitoringd[0m [32mqcomgpsd[0m [32mpandad[0m [32mparamsd[0m [32mlagd[0m [32mplannerd[0m [32mradard[0m [32mhardwared[0m [32mtombstoned[0m [32muploader[0m [32mstatsd[0m [32mfeedbackd[0m [32mmodeld_tinygrad[0m [32mmapd[0m [32mmapd_manager[0m [31mmtscd[0m [32mrtid[0m
[32mloggerd[0m [32mencoderd[0m [32mlogmessaged[0m [32mcamerad[0m [32mlogcatd[0m [32mproclogd[0m [32mmicd[0m [32mtimed[0m [32mdmonitoringmodeld[0m [32msensord[0m [32mui[0m [32msoundd[0m [32mlocationd[0m [32mcalibrationd[0m [32mtorqued[0m [32mcontrolsd[0m [32mselfdrived[0m [32mcard[0m [32mdeleter[0m [32mdmonitoringd[0m [32mqcomgpsd[0m [32mpandad[0m [32mparamsd[0m [32mlagd[0m [32mplannerd[0m [32mradard[0m [32mhardwared[0m [32mtombstoned[0m [32muploader[0m [32mstatsd[0m [32mfeedbackd[0m [32mmodeld_tinygrad[0m [32mmapd[0m [32mmapd_manager[0m [31mmtscd[0m [32mrtid[0m
[32mloggerd[0m [32mencoderd[0m [32mlogmessaged[0m [32mcamerad[0m [32mlogcatd[0m [32mproclogd[0m [32mmicd[0m [32mtimed[0m [32mdmonitoringmodeld[0m [32msensord[0m [32mui[0m [32msoundd[0m [32mlocationd[0m [32mcalibrationd[0m [32mtorqued[0m [32mcontrolsd[0m [32mselfdrived[0m [32mcard[0m [32mdeleter[0m [32mdmonitoringd[0m [32mqcomgpsd[0m [32mpandad[0m [32mparamsd[0m [32mlagd[0m [32mplannerd[0m [32mradard[0m [32mhardwared[0m [32mtombstoned[0m [32muploader[0m [32mstatsd[0m [32mfeedbackd[0m [32mmodeld_tinygrad[0m [32mmapd[0m [32mmapd_manager[0m [31mmtscd[0m [32mrtid[0m
[32mloggerd[0m [32mencoderd[0m [32mlogmessaged[0m [32mcamerad[0m [32mlogcatd[0m [32mproclogd[0m [32mmicd[0m [32mtimed[0m [32mdmonitoringmodeld[0m [32msensord[0m [32mui[0m [32msoundd[0m [32mlocationd[0m [32mcalibrationd[0m [32mtorqued[0m [32mcontrolsd[0m [32mselfdrived[0m [32mcard[0m [32mdeleter[0m [32mdmonitoringd[0m [32mqcomgpsd[0m [32mpandad[0m [32mparamsd[0m [32mlagd[0m [32mplannerd[0m [32mradard[0m [32mhardwared[0m [32mtombstoned[0m [32muploader[0m [32mstatsd[0m [32mfeedbackd[0m [32mmodeld_tinygrad[0m [32mmapd[0m [32mmapd_manager[0m [31mmtscd[0m [32mrtid[0m
[32mloggerd[0m [32mencoderd[0m [32mlogmessaged[0m [32mcamerad[0m [32mlogcatd[0m [32mproclogd[0m [32mmicd[0m [32mtimed[0m [32mdmonitoringmodeld[0m [32msensord[0m [32mui[0m [32msoundd[0m [32mlocationd[0m [32mcalibrationd[0m [32mtorqued[0m [32mcontrolsd[0m [32mselfdrived[0m [32mcard[0m [32mdeleter[0m [32mdmonitoringd[0m [32mqcomgpsd[0m [32mpandad[0m [32mparamsd[0m [32mlagd[0m [32mplannerd[0m [32mradard[0m [32mhardwared[0m [32mtombstoned[0m [32muploader[0m [32mstatsd[0m [32mfeedbackd[0m [32mmodeld_tinygrad[0m [32mmapd[0m [32mmapd_manager[0m [31mmtscd[0m [32mrtid[0m
[32mloggerd[0m [32mencoderd[0m [32mlogmessaged[0m [32mcamerad[0m [32mlogcatd[0m [32mproclogd[0m [32mmicd[0m [32mtimed[0m [32mdmonitoringmodeld[0m [32msensord[0m [32mui[0m [32msoundd[0m [32mlocationd[0m [32mcalibrationd[0m [32mtorqued[0m [32mcontrolsd[0m [32mselfdrived[0m [32mcard[0m [32mdeleter[0m [32mdmonitoringd[0m [32mqcomgpsd[0m [32mpandad[0m [32mparamsd[0m [32mlagd[0m [32mplannerd[0m [32mradard[0m [32mhardwared[0m [32mtombstoned[0m [32muploader[0m [32mstatsd[0m [32mfeedbackd[0m [32mmodeld_tinygrad[0m [32mmapd[0m [32mmapd_manager[0m [31mmtscd[0m [32mrtid[0m
[32mloggerd[0m [32mencoderd[0m [32mlogmessaged[0m [32mcamerad[0m [32mlogcatd[0m [32mproclogd[0m [32mmicd[0m [32mtimed[0m [32mdmonitoringmodeld[0m [32msensord[0m [32mui[0m [32msoundd[0m [32mlocationd[0m [32mcalibrationd[0m [32mtorqued[0m [32mcontrolsd[0m [32mselfdrived[0m [32mcard[0m [32mdeleter[0m [32mdmonitoringd[0m [32mqcomgpsd[0m [32mpandad[0m [32mparamsd[0m [32mlagd[0m [32mplannerd[0m [32mradard[0m [32mhardwared[0m [32mtombstoned[0m [32muploader[0m [32mstatsd[0m [32mfeedbackd[0m [32mmodeld_tinygrad[0m [32mmapd[0m [32mmapd_manager[0m [31mmtscd[0m [32mrtid[0m
[32mloggerd[0m [32mencoderd[0m [32mlogmessaged[0m [32mcamerad[0m [32mlogcatd[0m [32mproclogd[0m [32mmicd[0m [32mtimed[0m [32mdmonitoringmodeld[0m [32msensord[0m [32mui[0m [32msoundd[0m [32mlocationd[0m [32mcalibrationd[0m [32mtorqued[0m [32mcontrolsd[0m [32mselfdrived[0m [32mcard[0m [32mdeleter[0m [32mdmonitoringd[0m [32mqcomgpsd[0m [32mpandad[0m [32mparamsd[0m [32mlagd[0m [32mplannerd[0m [32mradard[0m [32mhardwared[0m [32mtombstoned[0m [32muploader[0m [32mstatsd[0m [32mfeedbackd[0m [32mmodeld_tinygrad[0m [32mmapd[0m [32mmapd_manager[0m [31mmtscd[0m [32mrtid[0m
[32mloggerd[0m [32mencoderd[0m [32mlogmessaged[0m [32mcamerad[0m [32mlogcatd[0m [32mproclogd[0m [32mmicd[0m [32mtimed[0m [32mdmonitoringmodeld[0m [32msensord[0m [32mui[0m [32msoundd[0m [32mlocationd[0m [32mcalibrationd[0m [32mtorqued[0m [32mcontrolsd[0m [32mselfdrived[0m [32mcard[0m [32mdeleter[0m [32mdmonitoringd[0m [32mqcomgpsd[0m [32mpandad[0m [32mparamsd[0m [32mlagd[0m [32mplannerd[0m [32mradard[0m [32mhardwared[0m [32mtombstoned[0m [32muploader[0m [32mstatsd[0m [32mfeedbackd[0m [32mmodeld_tinygrad[0m [32mmapd[0m [32mmapd_manager[0m [31mmtscd[0m [32mrtid[0m
[32mloggerd[0m [32mencoderd[0m [32mlogmessaged[0m [32mcamerad[0m [32mlogcatd[0m [32mproclogd[0m [32mmicd[0m [32mtimed[0m [32mdmonitoringmodeld[0m [32msensord[0m [32mui[0m [32msoundd[0m [32mlocationd[0m [32mcalibrationd[0m [32mtorqued[0m [32mcontrolsd[0m [32mselfdrived[0m [32mcard[0m [32mdeleter[0m [32mdmonitoringd[0m [32mqcomgpsd[0m [32mpandad[0m [32mparamsd[0m [32mlagd[0m [32mplannerd[0m [32mradard[0m [32mhardwared[0m [32mtombstoned[0m [32muploader[0m [32mstatsd[0m [32mfeedbackd[0m [32mmodeld_tinygrad[0m [32mmapd[0m [32mmapd_manager[0m [31mmtscd[0m [32mrtid[0m
[32mloggerd[0m [32mencoderd[0m [32mlogmessaged[0m [32mcamerad[0m [32mlogcatd[0m [32mproclogd[0m [32mmicd[0m [32mtimed[0m [32mdmonitoringmodeld[0m [32msensord[0m [32mui[0m [32msoundd[0m [32mlocationd[0m [32mcalibrationd[0m [32mtorqued[0m [32mcontrolsd[0m [32mselfdrived[0m [32mcard[0m [32mdeleter[0m [32mdmonitoringd[0m [32mqcomgpsd[0m [32mpandad[0m [32mparamsd[0m [32mlagd[0m [32mplannerd[0m [32mradard[0m [32mhardwared[0m [32mtombstoned[0m [32muploader[0m [32mstatsd[0m [32mfeedbackd[0m [32mmodeld_tinygrad[0m [32mmapd[0m [32mmapd_manager[0m [31mmtscd[0m [32mrtid[0m
RTI cycle took 0.026s
RTI cycle took 0.022s
RTI cycle took 0.029s
RTI cycle took 0.020s
RTI cycle took 0.016s
RTI cycle took 0.038s
RTI cycle took 0.017s
RTI cycle took 0.017s
RTI cycle took 0.023s
RTI cycle took 0.022s
RTI cycle took 0.016s
RTI cycle took 0.016s
RTI cycle took 0.020s
RTI cycle took 0.021s
RTI cycle took 0.026s
RTI cycle took 0.021s
RTI cycle took 0.028s
RTI cycle took 0.021s
RTI cycle took 0.019s
RTI cycle took 0.016s
RTI cycle took 0.016s
RTI cycle took 0.023s
RTI cycle took 0.029s
RTI cycle took 0.039s
RTI cycle took 0.017s
RTI cycle took 0.016s
RTI cycle took 0.023s
RTI cycle took 0.021s
RTI cycle took 0.019s
RTI cycle took 0.025s
RTI cycle took 0.015s
RTI cycle took 0.019s
RTI cycle took 0.021s
RTI cycle took 0.031s
RTI cycle took 0.018s
RTI cycle took 0.024s
RTI cycle took 0.021s
RTI cycle took 0.017s
RTI cycle took 0.018s
RTI cycle took 0.023s
RTI cycle took 0.020s
RTI cycle took 0.029s
RTI cycle took 0.032s
RTI cycle took 0.026s
RTI cycle took 0.020s
RTI cycle took 0.027s
RTI cycle took 0.023s
RTI cycle took 0.025s
RTI cycle took 0.022s
RTI cycle took 0.025s
RTI cycle took 0.032s
RTI cycle took 0.033s
RTI cycle took 0.024s
RTI cycle took 0.018s
RTI cycle took 0.017s
RTI cycle took 0.028s
RTI cycle took 0.018s
RTI cycle took 0.029s
RTI cycle took 0.015s
RTI cycle took 0.016s
RTI cycle took 0.016s
RTI cycle took 0.023s
RTI cycle took 0.025s
RTI cycle took 0.030s
RTI cycle took 0.017s
RTI cycle took 0.026s
RTI cycle took 0.028s
RTI cycle took 0.013s
RTI cycle took 0.019s
RTI cycle took 0.016s
RTI cycle took 0.033s
RTI cycle took 0.028s
RTI cycle took 0.031s
RTI cycle took 0.013s
RTI cycle took 0.020s
RTI cycle took 0.027s
RTI cycle took 0.021s
RTI cycle took 0.027s
RTI cycle took 0.025s
RTI cycle took 0.018s
RTI cycle took 0.026s
RTI cycle took 0.028s
RTI cycle took 0.023s
RTI cycle took 0.015s
RTI cycle took 0.033s
RTI cycle took 0.031s
RTI cycle took 0.028s
RTI cycle took 0.029s
RTI cycle took 0.034s
RTI cycle took 0.023s
RTI cycle took 0.031s
RTI cycle took 0.026s
RTI cycle took 0.030s
RTI cycle took 0.015s
RTI cycle took 0.018s
RTI cycle took 0.011s
RTI cycle took 0.022s
RTI cycle took 0.027s
RTI cycle took 0.021s
RTI cycle took 0.019s
RTI cycle took 0.023s
RTI cycle took 0.036s
RTI cycle took 0.027s
RTI cycle took 0.030s
RTI cycle took 0.010s
RTI cycle took 0.020s
RTI cycle took 0.026s
RTI cycle took 0.020s
RTI cycle took 0.018s
RTI cycle took 0.021s
RTI cycle took 0.020s
RTI cycle took 0.015s
RTI cycle took 0.024s
RTI cycle took 0.015s
RTI cycle took 0.016s
RTI cycle took 0.012s
RTI cycle took 0.022s
RTI cycle took 0.024s
RTI cycle took 0.023s
RTI cycle took 0.025s
RTI cycle took 0.023s
RTI cycle took 0.026s
RTI cycle took 0.018s
RTI cycle took 0.015s
RTI cycle took 0.026s
RTI cycle took 0.026s
RTI cycle took 0.022s
RTI cycle took 0.017s
RTI cycle took 0.019s
RTI cycle took 0.015s
RTI cycle took 0.012s
RTI cycle took 0.023s
RTI cycle took 0.024s
RTI cycle took 0.016s
RTI cycle took 0.021s
RTI cycle took 0.023s
RTI cycle took 0.016s
RTI cycle took 0.014s
RTI cycle took 0.020s
RTI cycle took 0.031s
RTI cycle took 0.026s
RTI cycle took 0.021s
RTI cycle took 0.017s
RTI cycle took 0.018s
RTI cycle took 0.023s
RTI cycle took 0.033s
RTI cycle took 0.015s
RTI cycle took 0.025s
RTI cycle took 0.017s
RTI cycle took 0.028s
RTI cycle took 0.016s
RTI cycle took 0.015s
RTI cycle took 0.021s
RTI cycle took 0.025s
RTI cycle took 0.019s
RTI cycle took 0.031s
RTI cycle took 0.015s
RTI cycle took 0.021s
RTI cycle took 0.025s
RTI cycle took 0.027s
RTI cycle took 0.030s
RTI cycle took 0.031s
RTI cycle took 0.012s
RTI cycle took 0.016s
RTI cycle took 0.012s
RTI cycle took 0.022s
RTI cycle took 0.026s
RTI cycle took 0.023s
RTI cycle took 0.017s
RTI cycle took 0.026s
RTI cycle took 0.015s
RTI cycle took 0.017s
RTI cycle took 0.022s
RTI cycle took 0.021s
RTI cycle took 0.020s
RTI cycle took 0.029s
RTI cycle took 0.019s
RTI cycle took 0.029s
RTI cycle took 0.028s
RTI cycle took 0.030s
RTI cycle took 0.016s
RTI cycle took 0.016s
RTI cycle took 0.016s
RTI cycle took 0.027s
RTI cycle took 0.022s
RTI cycle took 0.030s
RTI cycle took 0.018s
RTI cycle took 0.038s
RTI cycle took 0.017s
RTI cycle took 0.018s
RTI cycle took 0.025s
RTI cycle took 0.020s
RTI cycle took 0.017s
RTI cycle took 0.017s
RTI cycle took 0.016s
RTI cycle took 0.016s
RTI cycle took 0.023s
RTI cycle took 0.022s
RTI cycle took 0.020s
RTI cycle took 0.035s
RTI cycle took 0.028s
RTI cycle took 0.032s
RTI cycle took 0.037s
RTI cycle took 0.017s
RTI cycle took 0.018s
RTI cycle took 0.025s
RTI cycle took 0.024s
RTI cycle took 0.023s
RTI cycle took 0.024s
RTI cycle took 0.015s
RTI cycle took 0.012s
RTI cycle took 0.030s
RTI cycle took 0.023s
RTI cycle took 0.024s
RTI cycle took 0.022s
RTI cycle took 0.027s
RTI cycle took 0.030s
RTI cycle took 0.017s
RTI cycle took 0.026s
RTI cycle took 0.027s
RTI cycle took 0.030s
RTI cycle took 0.018s
RTI cycle took 0.027s
RTI cycle took 0.017s
RTI cycle took 0.015s
RTI cycle took 0.011s
RTI cycle took 0.020s
RTI cycle took 0.028s
RTI cycle took 0.049s
RTI cycle took 0.035s
RTI cycle took 0.032s
RTI cycle took 0.036s
RTI cycle took 0.090s
[32mloggerd[0m [32mencoderd[0m [32mlogmessaged[0m [32mcamerad[0m [32mlogcatd[0m [32mproclogd[0m [32mmicd[0m [32mtimed[0m [32mdmonitoringmodeld[0m [32msensord[0m [32mui[0m [32msoundd[0m [32mlocationd[0m [32mcalibrationd[0m [32mtorqued[0m [32mcontrolsd[0m [32mselfdrived[0m [32mcard[0m [32mdeleter[0m [32mdmonitoringd[0m [32mqcomgpsd[0m [32mpandad[0m [32mparamsd[0m [32mlagd[0m [32mplannerd[0m [32mradard[0m [32mhardwared[0m [32mtombstoned[0m [32muploader[0m [32mstatsd[0m [32mfeedbackd[0m [32mmodeld_tinygrad[0m [32mmapd[0m [32mmapd_manager[0m [31mmtscd[0m [32mrtid[0m
[32mloggerd[0m [32mencoderd[0m [32mlogmessaged[0m [32mcamerad[0m [32mlogcatd[0m [32mproclogd[0m [32mmicd[0m [32mtimed[0m [32mdmonitoringmodeld[0m [32msensord[0m [32mui[0m [32msoundd[0m [32mlocationd[0m [32mcalibrationd[0m [32mtorqued[0m [32mcontrolsd[0m [32mselfdrived[0m [32mcard[0m [32mdeleter[0m [32mdmonitoringd[0m [32mqcomgpsd[0m [32mpandad[0m [32mparamsd[0m [32mlagd[0m [32mplannerd[0m [32mradard[0m [32mhardwared[0m [32mtombstoned[0m [32muploader[0m [32mstatsd[0m [32mfeedbackd[0m [32mmodeld_tinygrad[0m [32mmapd[0m [32mmapd_manager[0m [31mmtscd[0m [32mrtid[0m
[32mloggerd[0m [32mencoderd[0m [32mlogmessaged[0m [32mcamerad[0m [32mlogcatd[0m [32mproclogd[0m [32mmicd[0m [32mtimed[0m [32mdmonitoringmodeld[0m [32msensord[0m [32mui[0m [32msoundd[0m [32mlocationd[0m [32mcalibrationd[0m [32mtorqued[0m [32mcontrolsd[0m [32mselfdrived[0m [32mcard[0m [32mdeleter[0m [32mdmonitoringd[0m [32mqcomgpsd[0m [32mpandad[0m [32mparamsd[0m [32mlagd[0m [32mplannerd[0m [32mradard[0m [32mhardwared[0m [32mtombstoned[0m [32muploader[0m [32mstatsd[0m [32mfeedbackd[0m [32mmodeld_tinygrad[0m [32mmapd[0m [32mmapd_manager[0m [31mmtscd[0m [32mrtid[0m
[32mloggerd[0m [32mencoderd[0m [32mlogmessaged[0m [32mcamerad[0m [32mlogcatd[0m [32mproclogd[0m [32mmicd[0m [32mtimed[0m [32mdmonitoringmodeld[0m [32msensord[0m [32mui[0m [32msoundd[0m [32mlocationd[0m [32mcalibrationd[0m [32mtorqued[0m [32mcontrolsd[0m [32mselfdrived[0m [32mcard[0m [32mdeleter[0m [32mdmonitoringd[0m [32mqcomgpsd[0m [32mpandad[0m [32mparamsd[0m [32mlagd[0m [32mplannerd[0m [32mradard[0m [32mhardwared[0m [32mtombstoned[0m [32muploader[0m [32mstatsd[0m [32mfeedbackd[0m [32mmodeld_tinygrad[0m [32mmapd[0m [32mmapd_manager[0m [31mmtscd[0m [32mrtid[0m
[32mloggerd[0m [32mencoderd[0m [32mlogmessaged[0m [32mcamerad[0m [32mlogcatd[0m [32mproclogd[0m [32mmicd[0m [32mtimed[0m [32mdmonitoringmodeld[0m [32msensord[0m [32mui[0m [32msoundd[0m [32mlocationd[0m [32mcalibrationd[0m [32mtorqued[0m [32mcontrolsd[0m [32mselfdrived[0m [32mcard[0m [32mdeleter[0m [32mdmonitoringd[0m [32mqcomgpsd[0m [32mpandad[0m [32mparamsd[0m [32mlagd[0m [32mplannerd[0m [32mradard[0m [32mhardwared[0m [32mtombstoned[0m [32muploader[0m [32mstatsd[0m [32mfeedbackd[0m [32mmodeld_tinygrad[0m [32mmapd[0m [32mmapd_manager[0m [31mmtscd[0m [32mrtid[0m
[32mloggerd[0m [32mencoderd[0m [32mlogmessaged[0m [32mcamerad[0m [32mlogcatd[0m [32mproclogd[0m [32mmicd[0m [32mtimed[0m [32mdmonitoringmodeld[0m [32msensord[0m [32mui[0m [32msoundd[0m [32mlocationd[0m [32mcalibrationd[0m [32mtorqued[0m [32mcontrolsd[0m [32mselfdrived[0m [32mcard[0m [32mdeleter[0m [32mdmonitoringd[0m [32mqcomgpsd[0m [32mpandad[0m [32mparamsd[0m [32mlagd[0m [32mplannerd[0m [32mradard[0m [32mhardwared[0m [32mtombstoned[0m [32muploader[0m [32mstatsd[0m [32mfeedbackd[0m [32mmodeld_tinygrad[0m [32mmapd[0m [32mmapd_manager[0m [31mmtscd[0m [32mrtid[0m
[32mloggerd[0m [32mencoderd[0m [32mlogmessaged[0m [32mcamerad[0m [32mlogcatd[0m [32mproclogd[0m [32mmicd[0m [32mtimed[0m [32mdmonitoringmodeld[0m [32msensord[0m [32mui[0m [32msoundd[0m [32mlocationd[0m [32mcalibrationd[0m [32mtorqued[0m [32mcontrolsd[0m [32mselfdrived[0m [32mcard[0m [32mdeleter[0m [32mdmonitoringd[0m [32mqcomgpsd[0m [32mpandad[0m [32mparamsd[0m [32mlagd[0m [32mplannerd[0m [32mradard[0m [32mhardwared[0m [32mtombstoned[0m [32muploader[0m [32mstatsd[0m [32mfeedbackd[0m [32mmodeld_tinygrad[0m [32mmapd[0m [32mmapd_manager[0m [31mmtscd[0m [32mrtid[0m
[32mloggerd[0m [32mencoderd[0m [32mlogmessaged[0m [32mcamerad[0m [32mlogcatd[0m [32mproclogd[0m [32mmicd[0m [32mtimed[0m [32mdmonitoringmodeld[0m [32msensord[0m [32mui[0m [32msoundd[0m [32mlocationd[0m [32mcalibrationd[0m [32mtorqued[0m [32mcontrolsd[0m [32mselfdrived[0m [32mcard[0m [32mdeleter[0m [32mdmonitoringd[0m [32mqcomgpsd[0m [32mpandad[0m [32mparamsd[0m [32mlagd[0m [32mplannerd[0m [32mradard[0m [32mhardwared[0m [32mtombstoned[0m [32muploader[0m [32mstatsd[0m [32mfeedbackd[0m [32mmodeld_tinygrad[0m [32mmapd[0m [32mmapd_manager[0m [31mmtscd[0m [32mrtid[0m
[32mloggerd[0m [32mencoderd[0m [32mlogmessaged[0m [32mcamerad[0m [32mlogcatd[0m [32mproclogd[0m [32mmicd[0m [32mtimed[0m [32mdmonitoringmodeld[0m [32msensord[0m [32mui[0m [32msoundd[0m [32mlocationd[0m [32mcalibrationd[0m [32mtorqued[0m [32mcontrolsd[0m [32mselfdrived[0m [32mcard[0m [32mdeleter[0m [32mdmonitoringd[0m [32mqcomgpsd[0m [32mpandad[0m [32mparamsd[0m [32mlagd[0m [32mplannerd[0m [32mradard[0m [32mhardwared[0m [32mtombstoned[0m [32muploader[0m [32mstatsd[0m [32mfeedbackd[0m [32mmodeld_tinygrad[0m [32mmapd[0m [32mmapd_manager[0m [31mmtscd[0m [32mrtid[0m
[32mloggerd[0m [32mencoderd[0m [32mlogmessaged[0m [32mcamerad[0m [32mlogcatd[0m [32mproclogd[0m [32mmicd[0m [32mtimed[0m [32mdmonitoringmodeld[0m [32msensord[0m [32mui[0m [32msoundd[0m [32mlocationd[0m [32mcalibrationd[0m [32mtorqued[0m [32mcontrolsd[0m [32mselfdrived[0m [32mcard[0m [32mdeleter[0m [32mdmonitoringd[0m [32mqcomgpsd[0m [32mpandad[0m [32mparamsd[0m [32mlagd[0m [32mplannerd[0m [32mradard[0m [32mhardwared[0m [32mtombstoned[0m [32muploader[0m [32mstatsd[0m [32mfeedbackd[0m [32mmodeld_tinygrad[0m [32mmapd[0m [32mmapd_manager[0m [31mmtscd[0m [32mrtid[0m
[32mloggerd[0m [32mencoderd[0m [32mlogmessaged[0m [32mcamerad[0m [32mlogcatd[0m [32mproclogd[0m [32mmicd[0m [32mtimed[0m [32mdmonitoringmodeld[0m [32msensord[0m [32mui[0m [32msoundd[0m [32mlocationd[0m [32mcalibrationd[0m [32mtorqued[0m [32mcontrolsd[0m [32mselfdrived[0m [32mcard[0m [32mdeleter[0m [32mdmonitoringd[0m [32mqcomgpsd[0m [32mpandad[0m [32mparamsd[0m [32mlagd[0m [32mplannerd[0m [32mradard[0m [32mhardwared[0m [32mtombstoned[0m [32muploader[0m [32mstatsd[0m [32mfeedbackd[0m [32mmodeld_tinygrad[0m [32mmapd[0m [32mmapd_manager[0m [31mmtscd[0m [32mrtid[0m
[32mloggerd[0m [32mencoderd[0m [32mlogmessaged[0m [32mcamerad[0m [32mlogcatd[0m [32mproclogd[0m [32mmicd[0m [32mtimed[0m [32mdmonitoringmodeld[0m [32msensord[0m [32mui[0m [32msoundd[0m [32mlocationd[0m [32mcalibrationd[0m [32mtorqued[0m [32mcontrolsd[0m [32mselfdrived[0m [32mcard[0m [32mdeleter[0m [32mdmonitoringd[0m [32mqcomgpsd[0m [32mpandad[0m [32mparamsd[0m [32mlagd[0m [32mplannerd[0m [32mradard[0m [32mhardwared[0m [32mtombstoned[0m [32muploader[0m [32mstatsd[0m [32mfeedbackd[0m [32mmodeld_tinygrad[0m [32mmapd[0m [32mmapd_manager[0m [31mmtscd[0m [32mrtid[0m
RTI cycle took 0.046s
RTI cycle took 0.032s
RTI cycle took 0.046s
RTI cycle took 0.042s
RTI cycle took 0.028s
RTI cycle took 0.036s
RTI cycle took 0.030s
RTI cycle took 0.049s
RTI cycle took 0.020s
RTI cycle took 0.032s
RTI cycle took 0.035s
RTI cycle took 0.036s
RTI cycle took 0.027s
RTI cycle took 0.021s
RTI cycle took 0.038s
RTI cycle took 0.023s
RTI cycle took 0.025s
RTI cycle took 0.038s
RTI cycle took 0.025s
RTI cycle took 0.027s
RTI cycle took 0.041s
RTI cycle took 0.032s
RTI cycle took 0.017s
RTI cycle took 0.027s
RTI cycle took 0.030s
RTI cycle took 0.035s
RTI cycle took 0.021s
RTI cycle took 0.027s
RTI cycle took 0.043s
RTI cycle took 0.037s
RTI cycle took 0.017s
RTI cycle took 0.028s
RTI cycle took 0.015s
RTI cycle took 0.017s
RTI cycle took 0.046s
RTI cycle took 0.024s
RTI cycle took 0.025s
RTI cycle took 0.021s
RTI cycle took 0.024s
RTI cycle took 0.023s
RTI cycle took 0.017s
RTI cycle took 0.025s
RTI cycle took 0.038s
RTI cycle took 0.032s
RTI cycle took 0.013s
RTI cycle took 0.032s
RTI cycle took 0.017s
RTI cycle took 0.020s
RTI cycle took 0.024s
RTI cycle took 0.031s
RTI cycle took 0.017s
RTI cycle took 0.014s
RTI cycle took 0.022s
RTI cycle took 0.028s
RTI cycle took 0.031s
RTI cycle took 0.025s
RTI cycle took 0.031s
RTI cycle took 0.026s
RTI cycle took 0.031s
RTI cycle took 0.018s
RTI cycle took 0.019s
RTI cycle took 0.024s
RTI cycle took 0.043s
RTI cycle took 0.016s
RTI cycle took 0.030s
RTI cycle took 0.069s
RTI cycle took 0.035s
RTI cycle took 0.017s
RTI cycle took 0.035s
RTI cycle took 0.039s
RTI cycle took 0.018s
RTI cycle took 0.029s
RTI cycle took 0.026s
RTI cycle took 0.033s
RTI cycle took 0.038s
RTI cycle took 0.028s
RTI cycle took 0.031s
RTI cycle took 0.027s
RTI cycle took 0.023s
RTI cycle took 0.023s
RTI cycle took 0.022s
RTI cycle took 0.029s
RTI cycle took 0.027s
RTI cycle took 0.022s
RTI cycle took 0.015s
RTI cycle took 0.016s
RTI cycle took 0.013s
RTI cycle took 0.024s
RTI cycle took 0.023s
RTI cycle took 0.028s
RTI cycle took 0.019s
RTI cycle took 0.030s
RTI cycle took 0.025s
RTI cycle took 0.022s
RTI cycle took 0.026s
RTI cycle took 0.035s
RTI cycle took 0.028s
RTI cycle took 0.026s
RTI cycle took 0.024s
RTI cycle took 0.024s
RTI cycle took 0.024s
RTI cycle took 0.021s
RTI cycle took 0.027s
RTI cycle took 0.021s
RTI cycle took 0.027s
RTI cycle took 0.021s
RTI cycle took 0.028s
RTI cycle took 0.033s
RTI cycle took 0.023s
RTI cycle took 0.022s
RTI cycle took 0.016s
RTI cycle took 0.027s
RTI cycle took 0.027s
RTI cycle took 0.031s
RTI cycle took 0.036s
RTI cycle took 0.016s
RTI cycle took 0.027s
RTI cycle took 0.026s
RTI cycle took 0.022s
RTI cycle took 0.026s
RTI cycle took 0.021s
RTI cycle took 0.017s
RTI cycle took 0.018s
RTI cycle took 0.023s
RTI cycle took 0.032s
RTI cycle took 0.026s
RTI cycle took 0.021s
RTI cycle took 0.028s
RTI cycle took 0.032s
RTI cycle took 0.028s
RTI cycle took 0.026s
RTI cycle took 0.043s
RTI cycle took 0.039s
RTI cycle took 0.017s
RTI cycle took 0.027s
RTI cycle took 0.016s
RTI cycle took 0.026s
RTI cycle took 0.017s
RTI cycle took 0.027s
RTI cycle took 0.025s
RTI cycle took 0.023s
RTI cycle took 0.025s
RTI cycle took 0.020s
RTI cycle took 0.017s
RTI cycle took 0.025s
RTI cycle took 0.016s
RTI cycle took 0.024s
RTI cycle took 0.018s
RTI cycle took 0.019s
RTI cycle took 0.024s
RTI cycle took 0.023s
RTI cycle took 0.026s
RTI cycle took 0.022s
RTI cycle took 0.027s
RTI cycle took 0.040s
RTI cycle took 0.017s
RTI cycle took 0.027s
RTI cycle took 0.017s
RTI cycle took 0.026s
RTI cycle took 0.018s
RTI cycle took 0.020s
RTI cycle took 0.023s
RTI cycle took 0.030s
RTI cycle took 0.017s
RTI cycle took 0.018s
RTI cycle took 0.024s
RTI cycle took 0.023s
RTI cycle took 0.025s
RTI cycle took 0.031s
RTI cycle took 0.017s
RTI cycle took 0.016s
RTI cycle took 0.040s
RTI cycle took 0.024s
RTI cycle took 0.023s
RTI cycle took 0.024s
RTI cycle took 0.040s
RTI cycle took 0.016s
RTI cycle took 0.022s
RTI cycle took 0.022s
RTI cycle took 0.026s
RTI cycle took 0.042s
RTI cycle took 0.017s
RTI cycle took 0.016s
RTI cycle took 0.023s
RTI cycle took 0.032s
RTI cycle took 0.038s
RTI cycle took 0.026s
RTI cycle took 0.032s
RTI cycle took 0.031s
RTI cycle took 0.024s
RTI cycle took 0.054s
RTI cycle took 0.019s
RTI cycle took 0.026s
RTI cycle took 0.026s
RTI cycle took 0.021s
RTI cycle took 0.027s
RTI cycle took 0.030s
RTI cycle took 0.017s
RTI cycle took 0.027s
RTI cycle took 0.028s
RTI cycle took 0.041s
RTI cycle took 0.031s
RTI cycle took 0.022s
RTI cycle took 0.022s
RTI cycle took 0.027s
RTI cycle took 0.032s
RTI cycle took 0.024s
[32mloggerd[0m [32mencoderd[0m [32mlogmessaged[0m [32mcamerad[0m [32mlogcatd[0m [32mproclogd[0m [32mmicd[0m [32mtimed[0m [32mdmonitoringmodeld[0m [32msensord[0m [32mui[0m [32msoundd[0m [32mlocationd[0m [32mcalibrationd[0m [32mtorqued[0m [32mcontrolsd[0m [32mselfdrived[0m [32mcard[0m [32mdeleter[0m [32mdmonitoringd[0m [32mqcomgpsd[0m [32mpandad[0m [32mparamsd[0m [32mlagd[0m [32mplannerd[0m [32mradard[0m [32mhardwared[0m [32mtombstoned[0m [32muploader[0m [32mstatsd[0m [32mfeedbackd[0m [32mmodeld_tinygrad[0m [32mmapd[0m [32mmapd_manager[0m [31mmtscd[0m [32mrtid[0m
[32mloggerd[0m [32mencoderd[0m [32mlogmessaged[0m [32mcamerad[0m [32mlogcatd[0m [32mproclogd[0m [32mmicd[0m [32mtimed[0m [32mdmonitoringmodeld[0m [32msensord[0m [32mui[0m [32msoundd[0m [32mlocationd[0m [32mcalibrationd[0m [32mtorqued[0m [32mcontrolsd[0m [32mselfdrived[0m [32mcard[0m [32mdeleter[0m [32mdmonitoringd[0m [32mqcomgpsd[0m [32mpandad[0m [32mparamsd[0m [32mlagd[0m [32mplannerd[0m [32mradard[0m [32mhardwared[0m [32mtombstoned[0m [32muploader[0m [32mstatsd[0m [32mfeedbackd[0m [32mmodeld_tinygrad[0m [32mmapd[0m [32mmapd_manager[0m [31mmtscd[0m [32mrtid[0m
[32mloggerd[0m [32mencoderd[0m [32mlogmessaged[0m [32mcamerad[0m [32mlogcatd[0m [32mproclogd[0m [32mmicd[0m [32mtimed[0m [32mdmonitoringmodeld[0m [32msensord[0m [32mui[0m [32msoundd[0m [32mlocationd[0m [32mcalibrationd[0m [32mtorqued[0m [32mcontrolsd[0m [32mselfdrived[0m [32mcard[0m [32mdeleter[0m [32mdmonitoringd[0m [32mqcomgpsd[0m [32mpandad[0m [32mparamsd[0m [32mlagd[0m [32mplannerd[0m [32mradard[0m [32mhardwared[0m [32mtombstoned[0m [32muploader[0m [32mstatsd[0m [32mfeedbackd[0m [32mmodeld_tinygrad[0m [32mmapd[0m [32mmapd_manager[0m [31mmtscd[0m [32mrtid[0m
[32mloggerd[0m [32mencoderd[0m [32mlogmessaged[0m [32mcamerad[0m [32mlogcatd[0m [32mproclogd[0m [32mmicd[0m [32mtimed[0m [32mdmonitoringmodeld[0m [32msensord[0m [32mui[0m [32msoundd[0m [32mlocationd[0m [32mcalibrationd[0m [32mtorqued[0m [32mcontrolsd[0m [32mselfdrived[0m [32mcard[0m [32mdeleter[0m [32mdmonitoringd[0m [32mqcomgpsd[0m [32mpandad[0m [32mparamsd[0m [32mlagd[0m [32mplannerd[0m [32mradard[0m [32mhardwared[0m [32mtombstoned[0m [32muploader[0m [32mstatsd[0m [32mfeedbackd[0m [32mmodeld_tinygrad[0m [32mmapd[0m [32mmapd_manager[0m [31mmtscd[0m [32mrtid[0m
[32mloggerd[0m [32mencoderd[0m [32mlogmessaged[0m [32mcamerad[0m [32mlogcatd[0m [32mproclogd[0m [32mmicd[0m [32mtimed[0m [32mdmonitoringmodeld[0m [32msensord[0m [32mui[0m [32msoundd[0m [32mlocationd[0m [32mcalibrationd[0m [32mtorqued[0m [32mcontrolsd[0m [32mselfdrived[0m [32mcard[0m [32mdeleter[0m [32mdmonitoringd[0m [32mqcomgpsd[0m [32mpandad[0m [32mparamsd[0m [32mlagd[0m [32mplannerd[0m [32mradard[0m [32mhardwared[0m [32mtombstoned[0m [32muploader[0m [32mstatsd[0m [32mfeedbackd[0m [32mmodeld_tinygrad[0m [32mmapd[0m [32mmapd_manager[0m [31mmtscd[0m [32mrtid[0m
[32mloggerd[0m [32mencoderd[0m [32mlogmessaged[0m [32mcamerad[0m [32mlogcatd[0m [32mproclogd[0m [32mmicd[0m [32mtimed[0m [32mdmonitoringmodeld[0m [32msensord[0m [32mui[0m [32msoundd[0m [32mlocationd[0m [32mcalibrationd[0m [32mtorqued[0m [32mcontrolsd[0m [32mselfdrived[0m [32mcard[0m [32mdeleter[0m [32mdmonitoringd[0m [32mqcomgpsd[0m [32mpandad[0m [32mparamsd[0m [32mlagd[0m [32mplannerd[0m [32mradard[0m [32mhardwared[0m [32mtombstoned[0m [32muploader[0m [32mstatsd[0m [32mfeedbackd[0m [32mmodeld_tinygrad[0m [32mmapd[0m [32mmapd_manager[0m [31mmtscd[0m [32mrtid[0m
[32mloggerd[0m [32mencoderd[0m [32mlogmessaged[0m [32mcamerad[0m [32mlogcatd[0m [32mproclogd[0m [32mmicd[0m [32mtimed[0m [32mdmonitoringmodeld[0m [32msensord[0m [32mui[0m [32msoundd[0m [32mlocationd[0m [32mcalibrationd[0m [32mtorqued[0m [32mcontrolsd[0m [32mselfdrived[0m [32mcard[0m [32mdeleter[0m [32mdmonitoringd[0m [32mqcomgpsd[0m [32mpandad[0m [32mparamsd[0m [32mlagd[0m [32mplannerd[0m [32mradard[0m [32mhardwared[0m [32mtombstoned[0m [32muploader[0m [32mstatsd[0m [32mfeedbackd[0m [32mmodeld_tinygrad[0m [32mmapd[0m [32mmapd_manager[0m [31mmtscd[0m [32mrtid[0m
[32mloggerd[0m [32mencoderd[0m [32mlogmessaged[0m [32mcamerad[0m [32mlogcatd[0m [32mproclogd[0m [32mmicd[0m [32mtimed[0m [32mdmonitoringmodeld[0m [32msensord[0m [32mui[0m [32msoundd[0m [32mlocationd[0m [32mcalibrationd[0m [32mtorqued[0m [32mcontrolsd[0m [32mselfdrived[0m [32mcard[0m [32mdeleter[0m [32mdmonitoringd[0m [32mqcomgpsd[0m [32mpandad[0m [32mparamsd[0m [32mlagd[0m [32mplannerd[0m [32mradard[0m [32mhardwared[0m [32mtombstoned[0m [32muploader[0m [32mstatsd[0m [32mfeedbackd[0m [32mmodeld_tinygrad[0m [32mmapd[0m [32mmapd_manager[0m [31mmtscd[0m [32mrtid[0m
[32mloggerd[0m [32mencoderd[0m [32mlogmessaged[0m [32mcamerad[0m [32mlogcatd[0m [32mproclogd[0m [32mmicd[0m [32mtimed[0m [32mdmonitoringmodeld[0m [32msensord[0m [32mui[0m [32msoundd[0m [32mlocationd[0m [32mcalibrationd[0m [32mtorqued[0m [32mcontrolsd[0m [32mselfdrived[0m [32mcard[0m [32mdeleter[0m [32mdmonitoringd[0m [32mqcomgpsd[0m [32mpandad[0m [32mparamsd[0m [32mlagd[0m [32mplannerd[0m [32mradard[0m [32mhardwared[0m [32mtombstoned[0m [32muploader[0m [32mstatsd[0m [32mfeedbackd[0m [32mmodeld_tinygrad[0m [32mmapd[0m [32mmapd_manager[0m [31mmtscd[0m [32mrtid[0m
[32mloggerd[0m [32mencoderd[0m [32mlogmessaged[0m [32mcamerad[0m [32mlogcatd[0m [32mproclogd[0m [32mmicd[0m [32mtimed[0m [32mdmonitoringmodeld[0m [32msensord[0m [32mui[0m [32msoundd[0m [32mlocationd[0m [32mcalibrationd[0m [32mtorqued[0m [32mcontrolsd[0m [32mselfdrived[0m [32mcard[0m [32mdeleter[0m [32mdmonitoringd[0m [32mqcomgpsd[0m [32mpandad[0m [32mparamsd[0m [32mlagd[0m [32mplannerd[0m [32mradard[0m [32mhardwared[0m [32mtombstoned[0m [32muploader[0m [32mstatsd[0m [32mfeedbackd[0m [32mmodeld_tinygrad[0m [32mmapd[0m [32mmapd_manager[0m [31mmtscd[0m [32mrtid[0m
[32mloggerd[0m [32mencoderd[0m [32mlogmessaged[0m [32mcamerad[0m [32mlogcatd[0m [32mproclogd[0m [32mmicd[0m [32mtimed[0m [32mdmonitoringmodeld[0m [32msensord[0m [32mui[0m [32msoundd[0m [32mlocationd[0m [32mcalibrationd[0m [32mtorqued[0m [32mcontrolsd[0m [32mselfdrived[0m [32mcard[0m [32mdeleter[0m [32mdmonitoringd[0m [32mqcomgpsd[0m [32mpandad[0m [32mparamsd[0m [32mlagd[0m [32mplannerd[0m [32mradard[0m [32mhardwared[0m [32mtombstoned[0m [32muploader[0m [32mstatsd[0m [32mfeedbackd[0m [32mmodeld_tinygrad[0m [32mmapd[0m [32mmapd_manager[0m [31mmtscd[0m [32mrtid[0m
[32mloggerd[0m [32mencoderd[0m [32mlogmessaged[0m [32mcamerad[0m [32mlogcatd[0m [32mproclogd[0m [32mmicd[0m [32mtimed[0m [32mdmonitoringmodeld[0m [32msensord[0m [32mui[0m [32msoundd[0m [32mlocationd[0m [32mcalibrationd[0m [32mtorqued[0m [32mcontrolsd[0m [32mselfdrived[0m [32mcard[0m [32mdeleter[0m [32mdmonitoringd[0m [32mqcomgpsd[0m [32mpandad[0m [32mparamsd[0m [32mlagd[0m [32mplannerd[0m [32mradard[0m [32mhardwared[0m [32mtombstoned[0m [32muploader[0m [32mstatsd[0m [32mfeedbackd[0m [32mmodeld_tinygrad[0m [32mmapd[0m [32mmapd_manager[0m [31mmtscd[0m [32mrtid[0m
RTI cycle took 0.028s
RTI cycle took 0.031s
RTI cycle took 0.037s
RTI cycle took 0.027s
RTI cycle took 0.044s
RTI cycle took 0.040s
RTI cycle took 0.042s
RTI cycle took 0.021s
RTI cycle took 0.021s
RTI cycle took 0.026s
RTI cycle took 0.034s
RTI cycle took 0.015s
RTI cycle took 0.016s
RTI cycle took 0.019s
RTI cycle took 0.035s
RTI cycle took 0.018s
RTI cycle took 0.022s
RTI cycle took 0.033s
RTI cycle took 0.026s
RTI cycle took 0.022s
RTI cycle took 0.014s
RTI cycle took 0.012s
RTI cycle took 0.019s
RTI cycle took 0.018s
RTI cycle took 0.014s
RTI cycle took 0.037s
RTI cycle took 0.024s
RTI cycle took 0.020s
RTI cycle took 0.028s
RTI cycle took 0.035s
RTI cycle took 0.030s
RTI cycle took 0.032s
RTI cycle took 0.027s
RTI cycle took 0.032s
RTI cycle took 0.018s
RTI cycle took 0.037s
RTI cycle took 0.041s
RTI cycle took 0.028s
RTI cycle took 0.026s
RTI cycle took 0.028s
RTI cycle took 0.018s
RTI cycle took 0.045s
RTI cycle took 0.013s
RTI cycle took 0.028s
RTI cycle took 0.046s
RTI cycle took 0.010s
RTI cycle took 0.022s
RTI cycle took 0.027s
RTI cycle took 0.036s
RTI cycle took 0.023s
RTI cycle took 0.018s
RTI cycle took 0.016s
RTI cycle took 0.024s
RTI cycle took 0.019s
RTI cycle took 0.025s
RTI cycle took 0.020s
RTI cycle took 0.023s
RTI cycle took 0.019s
RTI cycle took 0.022s
RTI cycle took 0.022s
RTI cycle took 0.022s
RTI cycle took 0.021s
RTI cycle took 0.021s
RTI cycle took 0.028s
RTI cycle took 0.019s
RTI cycle took 0.016s
RTI cycle took 0.058s
RTI cycle took 0.044s
RTI cycle took 0.033s
RTI cycle took 0.028s
RTI cycle took 0.027s
RTI cycle took 0.032s
RTI cycle took 0.028s
RTI cycle took 0.034s
RTI cycle took 0.045s
RTI cycle took 0.029s
RTI cycle took 0.025s
RTI cycle took 0.023s
RTI cycle took 0.025s
RTI cycle took 0.042s
RTI cycle took 0.040s
RTI cycle took 0.015s
RTI cycle took 0.028s
RTI cycle took 0.014s
RTI cycle took 0.034s
RTI cycle took 0.018s
RTI cycle took 0.019s
RTI cycle took 0.014s
RTI cycle took 0.014s
RTI cycle took 0.012s
RTI cycle took 0.018s
RTI cycle took 0.027s
RTI cycle took 0.020s
RTI cycle took 0.026s
RTI cycle took 0.042s
RTI cycle took 0.016s
RTI cycle took 0.016s
RTI cycle took 0.029s
RTI cycle took 0.033s
RTI cycle took 0.020s
RTI cycle took 0.029s
RTI cycle took 0.039s
RTI cycle took 0.039s
RTI cycle took 0.019s
RTI cycle took 0.043s
RTI cycle took 0.034s
RTI cycle took 0.014s
RTI cycle took 0.026s
RTI cycle took 0.024s
RTI cycle took 0.032s
RTI cycle took 0.018s
RTI cycle took 0.021s
RTI cycle took 0.018s
RTI cycle took 0.028s
RTI cycle took 0.030s
RTI cycle took 0.027s
RTI cycle took 0.032s
RTI cycle took 0.027s
RTI cycle took 0.021s
RTI cycle took 0.017s
RTI cycle took 0.024s
RTI cycle took 0.041s
RTI cycle took 0.020s
RTI cycle took 0.023s
RTI cycle took 0.026s
RTI cycle took 0.039s
RTI cycle took 0.016s
RTI cycle took 0.016s
RTI cycle took 0.013s
RTI cycle took 0.031s
RTI cycle took 0.017s
RTI cycle took 0.017s
RTI cycle took 0.016s
RTI cycle took 0.024s
RTI cycle took 0.018s
RTI cycle took 0.016s
RTI cycle took 0.014s
RTI cycle took 0.023s
RTI cycle took 0.028s
RTI cycle took 0.021s
RTI cycle took 0.022s
RTI cycle took 0.020s
RTI cycle took 0.023s
RTI cycle took 0.033s
RTI cycle took 0.025s
RTI cycle took 0.025s
RTI cycle took 0.022s
RTI cycle took 0.022s
RTI cycle took 0.016s
RTI cycle took 0.016s
RTI cycle took 0.024s
RTI cycle took 0.030s
RTI cycle took 0.015s
RTI cycle took 0.034s
RTI cycle took 0.029s
RTI cycle took 0.028s
RTI cycle took 0.020s
RTI cycle took 0.028s
RTI cycle took 0.040s
RTI cycle took 0.039s
RTI cycle took 0.017s
RTI cycle took 0.017s
RTI cycle took 0.022s
RTI cycle took 0.020s
RTI cycle took 0.026s
RTI cycle took 0.032s
RTI cycle took 0.016s
RTI cycle took 0.016s
RTI cycle took 0.023s
RTI cycle took 0.032s
RTI cycle took 0.027s
RTI cycle took 0.022s
RTI cycle took 0.024s
RTI cycle took 0.022s
RTI cycle took 0.019s
RTI cycle took 0.017s
RTI cycle took 0.020s
RTI cycle took 0.033s
RTI cycle took 0.039s
RTI cycle took 0.018s
RTI cycle took 0.028s
RTI cycle took 0.021s
RTI cycle took 0.027s
RTI cycle took 0.030s
RTI cycle took 0.028s
RTI cycle took 0.034s
RTI cycle took 0.035s
RTI cycle took 0.018s
RTI cycle took 0.018s
RTI cycle took 0.023s
RTI cycle took 0.019s
RTI cycle took 0.025s
RTI cycle took 0.022s
RTI cycle took 0.016s
RTI cycle took 0.027s
RTI cycle took 0.017s
RTI cycle took 0.017s
RTI cycle took 0.023s
RTI cycle took 0.020s
RTI cycle took 0.017s
RTI cycle took 0.036s
RTI cycle took 0.017s
RTI cycle took 0.016s
RTI cycle took 0.022s
RTI cycle took 0.021s
RTI cycle took 0.028s
RTI cycle took 0.021s
RTI cycle took 0.018s
RTI cycle took 0.024s
RTI cycle took 0.021s
RTI cycle took 0.043s
RTI cycle took 0.015s
RTI cycle took 0.030s
RTI cycle took 0.014s
RTI cycle took 0.023s
RTI cycle took 0.018s
[32mloggerd[0m [32mencoderd[0m [32mlogmessaged[0m [32mcamerad[0m [32mlogcatd[0m [32mproclogd[0m [32mmicd[0m [32mtimed[0m [32mdmonitoringmodeld[0m [32msensord[0m [32mui[0m [32msoundd[0m [32mlocationd[0m [32mcalibrationd[0m [32mtorqued[0m [32mcontrolsd[0m [32mselfdrived[0m [32mcard[0m [32mdeleter[0m [32mdmonitoringd[0m [32mqcomgpsd[0m [32mpandad[0m [32mparamsd[0m [32mlagd[0m [32mplannerd[0m [32mradard[0m [32mhardwared[0m [32mtombstoned[0m [32muploader[0m [32mstatsd[0m [32mfeedbackd[0m [32mmodeld_tinygrad[0m [32mmapd[0m [32mmapd_manager[0m [31mmtscd[0m [32mrtid[0m
[32mloggerd[0m [32mencoderd[0m [32mlogmessaged[0m [32mcamerad[0m [32mlogcatd[0m [32mproclogd[0m [32mmicd[0m [32mtimed[0m [32mdmonitoringmodeld[0m [32msensord[0m [32mui[0m [32msoundd[0m [32mlocationd[0m [32mcalibrationd[0m [32mtorqued[0m [32mcontrolsd[0m [32mselfdrived[0m [32mcard[0m [32mdeleter[0m [32mdmonitoringd[0m [32mqcomgpsd[0m [32mpandad[0m [32mparamsd[0m [32mlagd[0m [32mplannerd[0m [32mradard[0m [32mhardwared[0m [32mtombstoned[0m [32muploader[0m [32mstatsd[0m [32mfeedbackd[0m [32mmodeld_tinygrad[0m [32mmapd[0m [32mmapd_manager[0m [31mmtscd[0m [32mrtid[0m
[32mloggerd[0m [32mencoderd[0m [32mlogmessaged[0m [32mcamerad[0m [32mlogcatd[0m [32mproclogd[0m [32mmicd[0m [32mtimed[0m [32mdmonitoringmodeld[0m [32msensord[0m [32mui[0m [32msoundd[0m [32mlocationd[0m [32mcalibrationd[0m [32mtorqued[0m [32mcontrolsd[0m [32mselfdrived[0m [32mcard[0m [32mdeleter[0m [32mdmonitoringd[0m [32mqcomgpsd[0m [32mpandad[0m [32mparamsd[0m [32mlagd[0m [32mplannerd[0m [32mradard[0m [32mhardwared[0m [32mtombstoned[0m [32muploader[0m [32mstatsd[0m [32mfeedbackd[0m [32mmodeld_tinygrad[0m [32mmapd[0m [32mmapd_manager[0m [31mmtscd[0m [32mrtid[0m
[32mloggerd[0m [32mencoderd[0m [32mlogmessaged[0m [32mcamerad[0m [32mlogcatd[0m [32mproclogd[0m [32mmicd[0m [32mtimed[0m [32mdmonitoringmodeld[0m [32msensord[0m [32mui[0m [32msoundd[0m [32mlocationd[0m [32mcalibrationd[0m [32mtorqued[0m [32mcontrolsd[0m [32mselfdrived[0m [32mcard[0m [32mdeleter[0m [32mdmonitoringd[0m [32mqcomgpsd[0m [32mpandad[0m [32mparamsd[0m [32mlagd[0m [32mplannerd[0m [32mradard[0m [32mhardwared[0m [32mtombstoned[0m [32muploader[0m [32mstatsd[0m [32mfeedbackd[0m [32mmodeld_tinygrad[0m [32mmapd[0m [32mmapd_manager[0m [31mmtscd[0m [32mrtid[0m
[32mloggerd[0m [32mencoderd[0m [32mlogmessaged[0m [32mcamerad[0m [32mlogcatd[0m [32mproclogd[0m [32mmicd[0m [32mtimed[0m [32mdmonitoringmodeld[0m [32msensord[0m [32mui[0m [32msoundd[0m [32mlocationd[0m [32mcalibrationd[0m [32mtorqued[0m [32mcontrolsd[0m [32mselfdrived[0m [32mcard[0m [32mdeleter[0m [32mdmonitoringd[0m [32mqcomgpsd[0m [32mpandad[0m [32mparamsd[0m [32mlagd[0m [32mplannerd[0m [32mradard[0m [32mhardwared[0m [32mtombstoned[0m [32muploader[0m [32mstatsd[0m [32mfeedbackd[0m [32mmodeld_tinygrad[0m [32mmapd[0m [32mmapd_manager[0m [31mmtscd[0m [32mrtid[0m
[32mloggerd[0m [32mencoderd[0m [32mlogmessaged[0m [32mcamerad[0m [32mlogcatd[0m [32mproclogd[0m [32mmicd[0m [32mtimed[0m [32mdmonitoringmodeld[0m [32msensord[0m [32mui[0m [32msoundd[0m [32mlocationd[0m [32mcalibrationd[0m [32mtorqued[0m [32mcontrolsd[0m [32mselfdrived[0m [32mcard[0m [32mdeleter[0m [32mdmonitoringd[0m [32mqcomgpsd[0m [32mpandad[0m [32mparamsd[0m [32mlagd[0m [32mplannerd[0m [32mradard[0m [32mhardwared[0m [32mtombstoned[0m [32muploader[0m [32mstatsd[0m [32mfeedbackd[0m [32mmodeld_tinygrad[0m [32mmapd[0m [32mmapd_manager[0m [31mmtscd[0m [32mrtid[0m
[32mloggerd[0m [32mencoderd[0m [32mlogmessaged[0m [32mcamerad[0m [32mlogcatd[0m [32mproclogd[0m [32mmicd[0m [32mtimed[0m [32mdmonitoringmodeld[0m [32msensord[0m [32mui[0m [32msoundd[0m [32mlocationd[0m [32mcalibrationd[0m [32mtorqued[0m [32mcontrolsd[0m [32mselfdrived[0m [32mcard[0m [32mdeleter[0m [32mdmonitoringd[0m [32mqcomgpsd[0m [32mpandad[0m [32mparamsd[0m [32mlagd[0m [32mplannerd[0m [32mradard[0m [32mhardwared[0m [32mtombstoned[0m [32muploader[0m [32mstatsd[0m [32mfeedbackd[0m [32mmodeld_tinygrad[0m [32mmapd[0m [32mmapd_manager[0m [31mmtscd[0m [32mrtid[0m
[32mloggerd[0m [32mencoderd[0m [32mlogmessaged[0m [32mcamerad[0m [32mlogcatd[0m [32mproclogd[0m [32mmicd[0m [32mtimed[0m [32mdmonitoringmodeld[0m [32msensord[0m [32mui[0m [32msoundd[0m [32mlocationd[0m [32mcalibrationd[0m [32mtorqued[0m [32mcontrolsd[0m [32mselfdrived[0m [32mcard[0m [32mdeleter[0m [32mdmonitoringd[0m [32mqcomgpsd[0m [32mpandad[0m [32mparamsd[0m [32mlagd[0m [32mplannerd[0m [32mradard[0m [32mhardwared[0m [32mtombstoned[0m [32muploader[0m [32mstatsd[0m [32mfeedbackd[0m [32mmodeld_tinygrad[0m [32mmapd[0m [32mmapd_manager[0m [31mmtscd[0m [32mrtid[0m
[32mloggerd[0m [32mencoderd[0m [32mlogmessaged[0m [32mcamerad[0m [32mlogcatd[0m [32mproclogd[0m [32mmicd[0m [32mtimed[0m [32mdmonitoringmodeld[0m [32msensord[0m [32mui[0m [32msoundd[0m [32mlocationd[0m [32mcalibrationd[0m [32mtorqued[0m [32mcontrolsd[0m [32mselfdrived[0m [32mcard[0m [32mdeleter[0m [32mdmonitoringd[0m [32mqcomgpsd[0m [32mpandad[0m [32mparamsd[0m [32mlagd[0m [32mplannerd[0m [32mradard[0m [32mhardwared[0m [32mtombstoned[0m [32muploader[0m [32mstatsd[0m [32mfeedbackd[0m [32mmodeld_tinygrad[0m [32mmapd[0m [32mmapd_manager[0m [31mmtscd[0m [32mrtid[0m
[32mloggerd[0m [32mencoderd[0m [32mlogmessaged[0m [32mcamerad[0m [32mlogcatd[0m [32mproclogd[0m [32mmicd[0m [32mtimed[0m [32mdmonitoringmodeld[0m [32msensord[0m [32mui[0m [32msoundd[0m [32mlocationd[0m [32mcalibrationd[0m [32mtorqued[0m [32mcontrolsd[0m [32mselfdrived[0m [32mcard[0m [32mdeleter[0m [32mdmonitoringd[0m [32mqcomgpsd[0m [32mpandad[0m [32mparamsd[0m [32mlagd[0m [32mplannerd[0m [32mradard[0m [32mhardwared[0m [32mtombstoned[0m [32muploader[0m [32mstatsd[0m [32mfeedbackd[0m [32mmodeld_tinygrad[0m [32mmapd[0m [32mmapd_manager[0m [31mmtscd[0m [32mrtid[0m
[32mloggerd[0m [32mencoderd[0m [32mlogmessaged[0m [32mcamerad[0m [32mlogcatd[0m [32mproclogd[0m [32mmicd[0m [32mtimed[0m [32mdmonitoringmodeld[0m [32msensord[0m [32mui[0m [32msoundd[0m [32mlocationd[0m [32mcalibrationd[0m [32mtorqued[0m [32mcontrolsd[0m [32mselfdrived[0m [32mcard[0m [32mdeleter[0m [32mdmonitoringd[0m [32mqcomgpsd[0m [32mpandad[0m [32mparamsd[0m [32mlagd[0m [32mplannerd[0m [32mradard[0m [32mhardwared[0m [32mtombstoned[0m [32muploader[0m [32mstatsd[0m [32mfeedbackd[0m [32mmodeld_tinygrad[0m [32mmapd[0m [32mmapd_manager[0m [31mmtscd[0m [32mrtid[0m
[32mloggerd[0m [32mencoderd[0m [32mlogmessaged[0m [32mcamerad[0m [32mlogcatd[0m [32mproclogd[0m [32mmicd[0m [32mtimed[0m [32mdmonitoringmodeld[0m [32msensord[0m [32mui[0m [32msoundd[0m [32mlocationd[0m [32mcalibrationd[0m [32mtorqued[0m [32mcontrolsd[0m [32mselfdrived[0m [32mcard[0m [32mdeleter[0m [32mdmonitoringd[0m [32mqcomgpsd[0m [32mpandad[0m [32mparamsd[0m [32mlagd[0m [32mplannerd[0m [32mradard[0m [32mhardwared[0m [32mtombstoned[0m [32muploader[0m [32mstatsd[0m [32mfeedbackd[0m [32mmodeld_tinygrad[0m [32mmapd[0m [32mmapd_manager[0m [31mmtscd[0m [32mrtid[0m
RTI cycle took 0.025s
RTI cycle took 0.028s
RTI cycle took 0.027s
RTI cycle took 0.033s
RTI cycle took 0.026s
RTI cycle took 0.022s
RTI cycle took 0.031s
RTI cycle took 0.027s
RTI cycle took 0.031s
RTI cycle took 0.035s
RTI cycle took 0.030s
RTI cycle took 0.033s
RTI cycle took 0.025s
RTI cycle took 0.031s
RTI cycle took 0.025s
RTI cycle took 0.030s
RTI cycle took 0.021s
RTI cycle took 0.020s
RTI cycle took 0.015s
RTI cycle took 0.026s
RTI cycle took 0.016s
RTI cycle took 0.015s
RTI cycle took 0.022s
RTI cycle took 0.032s
RTI cycle took 0.016s
RTI cycle took 0.014s
RTI cycle took 0.023s
RTI cycle took 0.031s
RTI cycle took 0.017s
RTI cycle took 0.014s
RTI cycle took 0.023s
RTI cycle took 0.022s
RTI cycle took 0.027s
RTI cycle took 0.020s
RTI cycle took 0.028s
RTI cycle took 0.033s
RTI cycle took 0.020s
RTI cycle took 0.028s
RTI cycle took 0.026s
RTI cycle took 0.021s
RTI cycle took 0.017s
RTI cycle took 0.017s
RTI cycle took 0.022s
RTI cycle took 0.032s
RTI cycle took 0.016s
RTI cycle took 0.029s
RTI cycle took 0.025s
RTI cycle took 0.021s
RTI cycle took 0.029s
RTI cycle took 0.029s
RTI cycle took 0.018s
RTI cycle took 0.018s
RTI cycle took 0.028s
RTI cycle took 0.017s
RTI cycle took 0.022s
RTI cycle took 0.022s
RTI cycle took 0.016s
RTI cycle took 0.016s
RTI cycle took 0.021s
RTI cycle took 0.021s
RTI cycle took 0.014s
RTI cycle took 0.015s
RTI cycle took 0.023s
RTI cycle took 0.029s
RTI cycle took 0.027s
RTI cycle took 0.021s
RTI cycle took 0.027s
RTI cycle took 0.021s
RTI cycle took 0.019s
RTI cycle took 0.027s
RTI cycle took 0.018s
RTI cycle took 0.015s
RTI cycle took 0.025s
RTI cycle took 0.020s
RTI cycle took 0.025s
RTI cycle took 0.030s
RTI cycle took 0.042s
RTI cycle took 0.016s
RTI cycle took 0.016s
RTI cycle took 0.022s
RTI cycle took 0.020s
RTI cycle took 0.018s
RTI cycle took 0.030s
RTI cycle took 0.026s
RTI cycle took 0.022s
RTI cycle took 0.028s
RTI cycle took 0.020s
RTI cycle took 0.018s
RTI cycle took 0.039s
RTI cycle took 0.016s
RTI cycle took 0.027s
RTI cycle took 0.016s
RTI cycle took 0.014s
RTI cycle took 0.021s
RTI cycle took 0.021s
RTI cycle took 0.027s
RTI cycle took 0.020s
RTI cycle took 0.024s
RTI cycle took 0.021s
RTI cycle took 0.019s
RTI cycle took 0.016s
RTI cycle took 0.014s
RTI cycle took 0.018s
RTI cycle took 0.021s
RTI cycle took 0.015s
RTI cycle took 0.028s
RTI cycle took 0.016s
RTI cycle took 0.021s
RTI cycle took 0.017s
RTI cycle took 0.017s
RTI cycle took 0.014s
RTI cycle took 0.013s
RTI cycle took 0.013s
RTI cycle took 0.021s
RTI cycle took 0.020s
RTI cycle took 0.024s
RTI cycle took 0.023s
RTI cycle took 0.021s
RTI cycle took 0.027s
RTI cycle took 0.016s
RTI cycle took 0.016s
RTI cycle took 0.023s
RTI cycle took 0.019s
RTI cycle took 0.027s
RTI cycle took 0.021s
RTI cycle took 0.019s
RTI cycle took 0.017s
RTI cycle took 0.024s
RTI cycle took 0.018s
RTI cycle took 0.019s
RTI cycle took 0.015s
RTI cycle took 0.037s
RTI cycle took 0.017s
RTI cycle took 0.026s
RTI cycle took 0.029s
RTI cycle took 0.019s
RTI cycle took 0.017s
RTI cycle took 0.018s
RTI cycle took 0.035s
RTI cycle took 0.027s
RTI cycle took 0.020s
RTI cycle took 0.018s
RTI cycle took 0.026s
RTI cycle took 0.019s
RTI cycle took 0.027s
RTI cycle took 0.026s
RTI cycle took 0.039s
RTI cycle took 0.019s
RTI cycle took 0.021s
RTI cycle took 0.017s
RTI cycle took 0.028s
RTI cycle took 0.026s
RTI cycle took 0.021s
RTI cycle took 0.028s
RTI cycle took 0.022s
RTI cycle took 0.016s
RTI cycle took 0.016s
RTI cycle took 0.021s
RTI cycle took 0.021s
RTI cycle took 0.019s
RTI cycle took 0.016s
RTI cycle took 0.017s
RTI cycle took 0.022s
RTI cycle took 0.023s
RTI cycle took 0.016s
RTI cycle took 0.027s
RTI cycle took 0.026s
RTI cycle took 0.023s
RTI cycle took 0.025s
RTI cycle took 0.023s
RTI cycle took 0.015s
RTI cycle took 0.027s
RTI cycle took 0.026s
RTI cycle took 0.022s
RTI cycle took 0.017s
RTI cycle took 0.029s
RTI cycle took 0.025s
RTI cycle took 0.030s
RTI cycle took 0.018s
RTI cycle took 0.018s
RTI cycle took 0.022s
RTI cycle took 0.022s
RTI cycle took 0.015s
RTI cycle took 0.013s
RTI cycle took 0.024s
RTI cycle took 0.027s
RTI cycle took 0.022s
RTI cycle took 0.028s
RTI cycle took 0.020s
RTI cycle took 0.020s
RTI cycle took 0.028s
RTI cycle took 0.018s
RTI cycle took 0.016s
RTI cycle took 0.018s
RTI cycle took 0.014s
RTI cycle took 0.023s
RTI cycle took 0.016s
RTI cycle took 0.017s
RTI cycle took 0.015s
RTI cycle took 0.023s
RTI cycle took 0.019s
RTI cycle took 0.028s
RTI cycle took 0.020s
RTI cycle took 0.026s
RTI cycle took 0.020s
RTI cycle took 0.018s
RTI cycle took 0.028s
RTI cycle took 0.030s
RTI cycle took 0.026s
RTI cycle took 0.021s
RTI cycle took 0.018s
RTI cycle took 0.039s
RTI cycle took 0.016s
RTI cycle took 0.023s
RTI cycle took 0.016s
RTI cycle took 0.029s
RTI cycle took 0.016s
RTI cycle took 0.027s
RTI cycle took 0.029s
RTI cycle took 0.028s
RTI cycle took 0.028s
RTI cycle took 0.019s
RTI cycle took 0.028s
RTI cycle took 0.026s
RTI cycle took 0.033s
RTI cycle took 0.026s
RTI cycle took 0.029s
RTI cycle took 0.031s
RTI cycle took 0.026s
RTI cycle took 0.032s
RTI cycle took 0.017s
RTI cycle took 0.018s
RTI cycle took 0.022s
RTI cycle took 0.020s
RTI cycle took 0.030s
RTI cycle took 0.019s
RTI cycle took 0.020s
[32mloggerd[0m [32mencoderd[0m [32mlogmessaged[0m [32mcamerad[0m [32mlogcatd[0m [32mproclogd[0m [32mmicd[0m [32mtimed[0m [32mdmonitoringmodeld[0m [32msensord[0m [32mui[0m [32msoundd[0m [32mlocationd[0m [32mcalibrationd[0m [32mtorqued[0m [32mcontrolsd[0m [32mselfdrived[0m [32mcard[0m [32mdeleter[0m [32mdmonitoringd[0m [32mqcomgpsd[0m [32mpandad[0m [32mparamsd[0m [32mlagd[0m [32mplannerd[0m [32mradard[0m [32mhardwared[0m [32mtombstoned[0m [32muploader[0m [32mstatsd[0m [32mfeedbackd[0m [32mmodeld_tinygrad[0m [32mmapd[0m [32mmapd_manager[0m [31mmtscd[0m [32mrtid[0m
[32mloggerd[0m [32mencoderd[0m [32mlogmessaged[0m [32mcamerad[0m [32mlogcatd[0m [32mproclogd[0m [32mmicd[0m [32mtimed[0m [32mdmonitoringmodeld[0m [32msensord[0m [32mui[0m [32msoundd[0m [32mlocationd[0m [32mcalibrationd[0m [32mtorqued[0m [32mcontrolsd[0m [32mselfdrived[0m [32mcard[0m [32mdeleter[0m [32mdmonitoringd[0m [32mqcomgpsd[0m [32mpandad[0m [32mparamsd[0m [32mlagd[0m [32mplannerd[0m [32mradard[0m [32mhardwared[0m [32mtombstoned[0m [32muploader[0m [32mstatsd[0m [32mfeedbackd[0m [32mmodeld_tinygrad[0m [32mmapd[0m [32mmapd_manager[0m [31mmtscd[0m [32mrtid[0m
[32mloggerd[0m [32mencoderd[0m [32mlogmessaged[0m [32mcamerad[0m [32mlogcatd[0m [32mproclogd[0m [32mmicd[0m [32mtimed[0m [32mdmonitoringmodeld[0m [32msensord[0m [32mui[0m [32msoundd[0m [32mlocationd[0m [32mcalibrationd[0m [32mtorqued[0m [32mcontrolsd[0m [32mselfdrived[0m [32mcard[0m [32mdeleter[0m [32mdmonitoringd[0m [32mqcomgpsd[0m [32mpandad[0m [32mparamsd[0m [32mlagd[0m [32mplannerd[0m [32mradard[0m [32mhardwared[0m [32mtombstoned[0m [32muploader[0m [32mstatsd[0m [32mfeedbackd[0m [32mmodeld_tinygrad[0m [32mmapd[0m [32mmapd_manager[0m [31mmtscd[0m [32mrtid[0m
[32mloggerd[0m [32mencoderd[0m [32mlogmessaged[0m [32mcamerad[0m [32mlogcatd[0m [32mproclogd[0m [32mmicd[0m [32mtimed[0m [32mdmonitoringmodeld[0m [32msensord[0m [32mui[0m [32msoundd[0m [32mlocationd[0m [32mcalibrationd[0m [32mtorqued[0m [32mcontrolsd[0m [32mselfdrived[0m [32mcard[0m [32mdeleter[0m [32mdmonitoringd[0m [32mqcomgpsd[0m [32mpandad[0m [32mparamsd[0m [32mlagd[0m [32mplannerd[0m [32mradard[0m [32mhardwared[0m [32mtombstoned[0m [32muploader[0m [32mstatsd[0m [32mfeedbackd[0m [32mmodeld_tinygrad[0m [32mmapd[0m [32mmapd_manager[0m [31mmtscd[0m [32mrtid[0m
[32mloggerd[0m [32mencoderd[0m [32mlogmessaged[0m [32mcamerad[0m [32mlogcatd[0m [32mproclogd[0m [32mmicd[0m [32mtimed[0m [32mdmonitoringmodeld[0m [32msensord[0m [32mui[0m [32msoundd[0m [32mlocationd[0m [32mcalibrationd[0m [32mtorqued[0m [32mcontrolsd[0m [32mselfdrived[0m [32mcard[0m [32mdeleter[0m [32mdmonitoringd[0m [32mqcomgpsd[0m [32mpandad[0m [32mparamsd[0m [32mlagd[0m [32mplannerd[0m [32mradard[0m [32mhardwared[0m [32mtombstoned[0m [32muploader[0m [32mstatsd[0m [32mfeedbackd[0m [32mmodeld_tinygrad[0m [32mmapd[0m [32mmapd_manager[0m [31mmtscd[0m [32mrtid[0m
[32mloggerd[0m [32mencoderd[0m [32mlogmessaged[0m [32mcamerad[0m [32mlogcatd[0m [32mproclogd[0m [32mmicd[0m [32mtimed[0m [32mdmonitoringmodeld[0m [32msensord[0m [32mui[0m [32msoundd[0m [32mlocationd[0m [32mcalibrationd[0m [32mtorqued[0m [32mcontrolsd[0m [32mselfdrived[0m [32mcard[0m [32mdeleter[0m [32mdmonitoringd[0m [32mqcomgpsd[0m [32mpandad[0m [32mparamsd[0m [32mlagd[0m [32mplannerd[0m [32mradard[0m [32mhardwared[0m [32mtombstoned[0m [32muploader[0m [32mstatsd[0m [32mfeedbackd[0m [32mmodeld_tinygrad[0m [32mmapd[0m [32mmapd_manager[0m [31mmtscd[0m [32mrtid[0m
[32mloggerd[0m [32mencoderd[0m [32mlogmessaged[0m [32mcamerad[0m [32mlogcatd[0m [32mproclogd[0m [32mmicd[0m [32mtimed[0m [32mdmonitoringmodeld[0m [32msensord[0m [32mui[0m [32msoundd[0m [32mlocationd[0m [32mcalibrationd[0m [32mtorqued[0m [32mcontrolsd[0m [32mselfdrived[0m [32mcard[0m [32mdeleter[0m [32mdmonitoringd[0m [32mqcomgpsd[0m [32mpandad[0m [32mparamsd[0m [32mlagd[0m [32mplannerd[0m [32mradard[0m [32mhardwared[0m [32mtombstoned[0m [32muploader[0m [32mstatsd[0m [32mfeedbackd[0m [32mmodeld_tinygrad[0m [32mmapd[0m [32mmapd_manager[0m [31mmtscd[0m [32mrtid[0m
[32mloggerd[0m [32mencoderd[0m [32mlogmessaged[0m [32mcamerad[0m [32mlogcatd[0m [32mproclogd[0m [32mmicd[0m [32mtimed[0m [32mdmonitoringmodeld[0m [32msensord[0m [32mui[0m [32msoundd[0m [32mlocationd[0m [32mcalibrationd[0m [32mtorqued[0m [32mcontrolsd[0m [32mselfdrived[0m [32mcard[0m [32mdeleter[0m [32mdmonitoringd[0m [32mqcomgpsd[0m [32mpandad[0m [32mparamsd[0m [32mlagd[0m [32mplannerd[0m [32mradard[0m [32mhardwared[0m [32mtombstoned[0m [32muploader[0m [32mstatsd[0m [32mfeedbackd[0m [32mmodeld_tinygrad[0m [32mmapd[0m [32mmapd_manager[0m [31mmtscd[0m [32mrtid[0m
[32mloggerd[0m [32mencoderd[0m [32mlogmessaged[0m [32mcamerad[0m [32mlogcatd[0m [32mproclogd[0m [32mmicd[0m [32mtimed[0m [32mdmonitoringmodeld[0m [32msensord[0m [32mui[0m [32msoundd[0m [32mlocationd[0m [32mcalibrationd[0m [32mtorqued[0m [32mcontrolsd[0m [32mselfdrived[0m [32mcard[0m [32mdeleter[0m [32mdmonitoringd[0m [32mqcomgpsd[0m [32mpandad[0m [32mparamsd[0m [32mlagd[0m [32mplannerd[0m [32mradard[0m [32mhardwared[0m [32mtombstoned[0m [32muploader[0m [32mstatsd[0m [32mfeedbackd[0m [32mmodeld_tinygrad[0m [32mmapd[0m [32mmapd_manager[0m [31mmtscd[0m [32mrtid[0m
[32mloggerd[0m [32mencoderd[0m [32mlogmessaged[0m [32mcamerad[0m [32mlogcatd[0m [32mproclogd[0m [32mmicd[0m [32mtimed[0m [32mdmonitoringmodeld[0m [32msensord[0m [32mui[0m [32msoundd[0m [32mlocationd[0m [32mcalibrationd[0m [32mtorqued[0m [32mcontrolsd[0m [32mselfdrived[0m [32mcard[0m [32mdeleter[0m [32mdmonitoringd[0m [32mqcomgpsd[0m [32mpandad[0m [32mparamsd[0m [32mlagd[0m [32mplannerd[0m [32mradard[0m [32mhardwared[0m [32mtombstoned[0m [32muploader[0m [32mstatsd[0m [32mfeedbackd[0m [32mmodeld_tinygrad[0m [32mmapd[0m [32mmapd_manager[0m [31mmtscd[0m [32mrtid[0m
[32mloggerd[0m [32mencoderd[0m [32mlogmessaged[0m [32mcamerad[0m [32mlogcatd[0m [32mproclogd[0m [32mmicd[0m [32mtimed[0m [32mdmonitoringmodeld[0m [32msensord[0m [32mui[0m [32msoundd[0m [32mlocationd[0m [32mcalibrationd[0m [32mtorqued[0m [32mcontrolsd[0m [32mselfdrived[0m [32mcard[0m [32mdeleter[0m [32mdmonitoringd[0m [32mqcomgpsd[0m [32mpandad[0m [32mparamsd[0m [32mlagd[0m [32mplannerd[0m [32mradard[0m [32mhardwared[0m [32mtombstoned[0m [32muploader[0m [32mstatsd[0m [32mfeedbackd[0m [32mmodeld_tinygrad[0m [32mmapd[0m [32mmapd_manager[0m [31mmtscd[0m [32mrtid[0m
[32mloggerd[0m [32mencoderd[0m [32mlogmessaged[0m [32mcamerad[0m [32mlogcatd[0m [32mproclogd[0m [32mmicd[0m [32mtimed[0m [32mdmonitoringmodeld[0m [32msensord[0m [32mui[0m [32msoundd[0m [32mlocationd[0m [32mcalibrationd[0m [32mtorqued[0m [32mcontrolsd[0m [32mselfdrived[0m [32mcard[0m [32mdeleter[0m [32mdmonitoringd[0m [32mqcomgpsd[0m [32mpandad[0m [32mparamsd[0m [32mlagd[0m [32mplannerd[0m [32mradard[0m [32mhardwared[0m [32mtombstoned[0m [32muploader[0m [32mstatsd[0m [32mfeedbackd[0m [32mmodeld_tinygrad[0m [32mmapd[0m [32mmapd_manager[0m [31mmtscd[0m [32mrtid[0m
RTI cycle took 0.033s
RTI cycle took 0.016s
RTI cycle took 0.016s
RTI cycle took 0.012s
RTI cycle took 0.021s
RTI cycle took 0.019s
RTI cycle took 0.028s
RTI cycle took 0.019s
RTI cycle took 0.015s
RTI cycle took 0.023s
RTI cycle took 0.030s
RTI cycle took 0.028s
RTI cycle took 0.034s
RTI cycle took 0.024s
RTI cycle took 0.022s
RTI cycle took 0.027s
RTI cycle took 0.029s
RTI cycle took 0.019s
RTI cycle took 0.029s
RTI cycle took 0.017s
RTI cycle took 0.015s
RTI cycle took 0.020s
RTI cycle took 0.021s
RTI cycle took 0.017s
RTI cycle took 0.017s
RTI cycle took 0.015s
RTI cycle took 0.012s
RTI cycle took 0.012s
RTI cycle took 0.018s
RTI cycle took 0.012s
RTI cycle took 0.021s
RTI cycle took 0.027s
RTI cycle took 0.021s
RTI cycle took 0.019s
RTI cycle took 0.028s
RTI cycle took 0.027s
RTI cycle took 0.021s
RTI cycle took 0.032s
RTI cycle took 0.030s
RTI cycle took 0.014s
RTI cycle took 0.015s
RTI cycle took 0.012s
RTI cycle took 0.021s
RTI cycle took 0.020s
RTI cycle took 0.027s
RTI cycle took 0.019s
RTI cycle took 0.017s
RTI cycle took 0.017s
RTI cycle took 0.024s
RTI cycle took 0.021s
RTI cycle took 0.030s
RTI cycle took 0.026s
RTI cycle took 0.023s
RTI cycle took 0.022s
RTI cycle took 0.017s
RTI cycle took 0.016s
RTI cycle took 0.023s
RTI cycle took 0.022s
RTI cycle took 0.016s
RTI cycle took 0.017s
RTI cycle took 0.023s
RTI cycle took 0.020s
RTI cycle took 0.017s
RTI cycle took 0.016s
RTI cycle took 0.021s
RTI cycle took 0.020s
RTI cycle took 0.038s
RTI cycle took 0.021s
RTI cycle took 0.019s
RTI cycle took 0.017s
RTI cycle took 0.033s
RTI cycle took 0.021s
RTI cycle took 0.020s
RTI cycle took 0.027s
RTI cycle took 0.028s
RTI cycle took 0.021s
RTI cycle took 0.021s
RTI cycle took 0.017s
RTI cycle took 0.016s
RTI cycle took 0.020s
RTI cycle took 0.022s
RTI cycle took 0.017s
RTI cycle took 0.024s
RTI cycle took 0.016s
RTI cycle took 0.017s
RTI cycle took 0.014s
RTI cycle took 0.021s
RTI cycle took 0.029s
RTI cycle took 0.020s
RTI cycle took 0.027s
RTI cycle took 0.033s
RTI cycle took 0.025s
RTI cycle took 0.031s
RTI cycle took 0.020s
RTI cycle took 0.020s
RTI cycle took 0.015s
RTI cycle took 0.015s
RTI cycle took 0.013s
RTI cycle took 0.022s
RTI cycle took 0.017s
RTI cycle took 0.028s
RTI cycle took 0.028s
RTI cycle took 0.020s
RTI cycle took 0.027s
RTI cycle took 0.021s
RTI cycle took 0.019s
RTI cycle took 0.020s
RTI cycle took 0.015s
RTI cycle took 0.011s
RTI cycle took 0.023s
RTI cycle took 0.017s
RTI cycle took 0.029s
RTI cycle took 0.016s
RTI cycle took 0.017s
RTI cycle took 0.023s
RTI cycle took 0.020s
RTI cycle took 0.018s
RTI cycle took 0.016s
RTI cycle took 0.015s
RTI cycle took 0.011s
RTI cycle took 0.028s
RTI cycle took 0.019s
RTI cycle took 0.028s
RTI cycle took 0.014s
RTI cycle took 0.019s
RTI cycle took 0.024s
RTI cycle took 0.030s
RTI cycle took 0.020s
RTI cycle took 0.020s
RTI cycle took 0.015s
RTI cycle took 0.015s
RTI cycle took 0.013s
RTI cycle took 0.020s
RTI cycle took 0.028s
RTI cycle took 0.021s
RTI cycle took 0.019s
RTI cycle took 0.026s
RTI cycle took 0.027s
RTI cycle took 0.021s
RTI cycle took 0.017s
RTI cycle took 0.027s
RTI cycle took 0.028s
RTI cycle took 0.033s
RTI cycle took 0.030s
RTI cycle took 0.022s
RTI cycle took 0.018s
RTI cycle took 0.019s
RTI cycle took 0.015s
RTI cycle took 0.026s
RTI cycle took 0.015s
RTI cycle took 0.014s
RTI cycle took 0.013s
RTI cycle took 0.024s
RTI cycle took 0.027s
RTI cycle took 0.020s
RTI cycle took 0.028s
RTI cycle took 0.020s
RTI cycle took 0.024s
RTI cycle took 0.031s
RTI cycle took 0.031s
RTI cycle took 0.026s
RTI cycle took 0.017s
RTI cycle took 0.019s
RTI cycle took 0.024s
RTI cycle took 0.029s
RTI cycle took 0.018s
RTI cycle took 0.019s
RTI cycle took 0.023s
RTI cycle took 0.024s
RTI cycle took 0.019s
RTI cycle took 0.019s
RTI cycle took 0.025s
RTI cycle took 0.022s
RTI cycle took 0.018s
RTI cycle took 0.023s
RTI cycle took 0.028s
RTI cycle took 0.029s
RTI cycle took 0.017s
RTI cycle took 0.017s
RTI cycle took 0.012s
RTI cycle took 0.028s
RTI cycle took 0.020s
RTI cycle took 0.029s
RTI cycle took 0.042s
RTI cycle took 0.014s
RTI cycle took 0.026s
RTI cycle took 0.016s
RTI cycle took 0.026s
RTI cycle took 0.016s
RTI cycle took 0.015s
RTI cycle took 0.011s
RTI cycle took 0.028s
RTI cycle took 0.020s
RTI cycle took 0.015s
RTI cycle took 0.014s
RTI cycle took 0.022s
RTI cycle took 0.020s
RTI cycle took 0.016s
RTI cycle took 0.038s
RTI cycle took 0.027s
RTI cycle took 0.016s
RTI cycle took 0.026s
RTI cycle took 0.023s
RTI cycle took 0.027s
RTI cycle took 0.024s
RTI cycle took 0.023s
RTI cycle took 0.027s
stats dir full
RTI cycle took 0.028s
RTI cycle took 0.024s
RTI cycle took 0.022s
RTI cycle took 0.029s
RTI cycle took 0.021s
RTI cycle took 0.027s
RTI cycle took 0.028s
RTI cycle took 0.021s
RTI cycle took 0.027s
RTI cycle took 0.028s
RTI cycle took 0.015s
RTI cycle took 0.029s
RTI cycle took 0.024s
RTI cycle took 0.031s
RTI cycle took 0.018s
RTI cycle took 0.015s
RTI cycle took 0.011s
RTI cycle took 0.024s
RTI cycle took 0.021s
RTI cycle took 0.048s
RTI cycle took 0.031s
RTI cycle took 0.030s
RTI cycle took 0.020s
RTI cycle took 0.024s
RTI cycle took 0.016s
RTI cycle took 0.019s
RTI cycle took 0.023s
RTI cycle took 0.033s
RTI cycle took 0.039s
RTI cycle took 0.023s
RTI cycle took 0.023s
[32mloggerd[0m [32mencoderd[0m [32mlogmessaged[0m [32mcamerad[0m [32mlogcatd[0m [32mproclogd[0m [32mmicd[0m [32mtimed[0m [32mdmonitoringmodeld[0m [32msensord[0m [32mui[0m [32msoundd[0m [32mlocationd[0m [32mcalibrationd[0m [32mtorqued[0m [32mcontrolsd[0m [32mselfdrived[0m [32mcard[0m [32mdeleter[0m [32mdmonitoringd[0m [32mqcomgpsd[0m [32mpandad[0m [32mparamsd[0m [32mlagd[0m [32mplannerd[0m [32mradard[0m [32mhardwared[0m [32mtombstoned[0m [32muploader[0m [32mstatsd[0m [32mfeedbackd[0m [32mmodeld_tinygrad[0m [32mmapd[0m [32mmapd_manager[0m [31mmtscd[0m [32mrtid[0m
[32mloggerd[0m [32mencoderd[0m [32mlogmessaged[0m [32mcamerad[0m [32mlogcatd[0m [32mproclogd[0m [32mmicd[0m [32mtimed[0m [32mdmonitoringmodeld[0m [32msensord[0m [32mui[0m [32msoundd[0m [32mlocationd[0m [32mcalibrationd[0m [32mtorqued[0m [32mcontrolsd[0m [32mselfdrived[0m [32mcard[0m [32mdeleter[0m [32mdmonitoringd[0m [32mqcomgpsd[0m [32mpandad[0m [32mparamsd[0m [32mlagd[0m [32mplannerd[0m [32mradard[0m [32mhardwared[0m [32mtombstoned[0m [32muploader[0m [32mstatsd[0m [32mfeedbackd[0m [32mmodeld_tinygrad[0m [32mmapd[0m [32mmapd_manager[0m [31mmtscd[0m [32mrtid[0m
[32mloggerd[0m [32mencoderd[0m [32mlogmessaged[0m [32mcamerad[0m [32mlogcatd[0m [32mproclogd[0m [32mmicd[0m [32mtimed[0m [32mdmonitoringmodeld[0m [32msensord[0m [32mui[0m [32msoundd[0m [32mlocationd[0m [32mcalibrationd[0m [32mtorqued[0m [32mcontrolsd[0m [32mselfdrived[0m [32mcard[0m [32mdeleter[0m [32mdmonitoringd[0m [32mqcomgpsd[0m [32mpandad[0m [32mparamsd[0m [32mlagd[0m [32mplannerd[0m [32mradard[0m [32mhardwared[0m [32mtombstoned[0m [32muploader[0m [32mstatsd[0m [32mfeedbackd[0m [32mmodeld_tinygrad[0m [32mmapd[0m [32mmapd_manager[0m [31mmtscd[0m [32mrtid[0m
[32mloggerd[0m [32mencoderd[0m [32mlogmessaged[0m [32mcamerad[0m [32mlogcatd[0m [32mproclogd[0m [32mmicd[0m [32mtimed[0m [32mdmonitoringmodeld[0m [32msensord[0m [32mui[0m [32msoundd[0m [32mlocationd[0m [32mcalibrationd[0m [32mtorqued[0m [32mcontrolsd[0m [32mselfdrived[0m [32mcard[0m [32mdeleter[0m [32mdmonitoringd[0m [32mqcomgpsd[0m [32mpandad[0m [32mparamsd[0m [32mlagd[0m [32mplannerd[0m [32mradard[0m [32mhardwared[0m [32mtombstoned[0m [32muploader[0m [32mstatsd[0m [32mfeedbackd[0m [32mmodeld_tinygrad[0m [32mmapd[0m [32mmapd_manager[0m [31mmtscd[0m [32mrtid[0m
[32mloggerd[0m [32mencoderd[0m [32mlogmessaged[0m [32mcamerad[0m [32mlogcatd[0m [32mproclogd[0m [32mmicd[0m [32mtimed[0m [32mdmonitoringmodeld[0m [32msensord[0m [32mui[0m [32msoundd[0m [32mlocationd[0m [32mcalibrationd[0m [32mtorqued[0m [32mcontrolsd[0m [32mselfdrived[0m [32mcard[0m [32mdeleter[0m [32mdmonitoringd[0m [32mqcomgpsd[0m [32mpandad[0m [32mparamsd[0m [32mlagd[0m [32mplannerd[0m [32mradard[0m [32mhardwared[0m [32mtombstoned[0m [32muploader[0m [32mstatsd[0m [32mfeedbackd[0m [32mmodeld_tinygrad[0m [32mmapd[0m [32mmapd_manager[0m [31mmtscd[0m [32mrtid[0m
[32mloggerd[0m [32mencoderd[0m [32mlogmessaged[0m [32mcamerad[0m [32mlogcatd[0m [32mproclogd[0m [32mmicd[0m [32mtimed[0m [32mdmonitoringmodeld[0m [32msensord[0m [32mui[0m [32msoundd[0m [32mlocationd[0m [32mcalibrationd[0m [32mtorqued[0m [32mcontrolsd[0m [32mselfdrived[0m [32mcard[0m [32mdeleter[0m [32mdmonitoringd[0m [32mqcomgpsd[0m [32mpandad[0m [32mparamsd[0m [32mlagd[0m [32mplannerd[0m [32mradard[0m [32mhardwared[0m [32mtombstoned[0m [32muploader[0m [32mstatsd[0m [32mfeedbackd[0m [32mmodeld_tinygrad[0m [32mmapd[0m [32mmapd_manager[0m [31mmtscd[0m [32mrtid[0m
[32mloggerd[0m [32mencoderd[0m [32mlogmessaged[0m [32mcamerad[0m [32mlogcatd[0m [32mproclogd[0m [32mmicd[0m [32mtimed[0m [32mdmonitoringmodeld[0m [32msensord[0m [32mui[0m [32msoundd[0m [32mlocationd[0m [32mcalibrationd[0m [32mtorqued[0m [32mcontrolsd[0m [32mselfdrived[0m [32mcard[0m [32mdeleter[0m [32mdmonitoringd[0m [32mqcomgpsd[0m [32mpandad[0m [32mparamsd[0m [32mlagd[0m [32mplannerd[0m [32mradard[0m [32mhardwared[0m [32mtombstoned[0m [32muploader[0m [32mstatsd[0m [32mfeedbackd[0m [32mmodeld_tinygrad[0m [32mmapd[0m [32mmapd_manager[0m [31mmtscd[0m [32mrtid[0m
[32mloggerd[0m [32mencoderd[0m [32mlogmessaged[0m [32mcamerad[0m [32mlogcatd[0m [32mproclogd[0m [32mmicd[0m [32mtimed[0m [32mdmonitoringmodeld[0m [32msensord[0m [32mui[0m [32msoundd[0m [32mlocationd[0m [32mcalibrationd[0m [32mtorqued[0m [32mcontrolsd[0m [32mselfdrived[0m [32mcard[0m [32mdeleter[0m [32mdmonitoringd[0m [32mqcomgpsd[0m [32mpandad[0m [32mparamsd[0m [32mlagd[0m [32mplannerd[0m [32mradard[0m [32mhardwared[0m [32mtombstoned[0m [32muploader[0m [32mstatsd[0m [32mfeedbackd[0m [32mmodeld_tinygrad[0m [32mmapd[0m [32mmapd_manager[0m [31mmtscd[0m [32mrtid[0m
[32mloggerd[0m [32mencoderd[0m [32mlogmessaged[0m [32mcamerad[0m [32mlogcatd[0m [32mproclogd[0m [32mmicd[0m [32mtimed[0m [32mdmonitoringmodeld[0m [32msensord[0m [32mui[0m [32msoundd[0m [32mlocationd[0m [32mcalibrationd[0m [32mtorqued[0m [32mcontrolsd[0m [32mselfdrived[0m [32mcard[0m [32mdeleter[0m [32mdmonitoringd[0m [32mqcomgpsd[0m [32mpandad[0m [32mparamsd[0m [32mlagd[0m [32mplannerd[0m [32mradard[0m [32mhardwared[0m [32mtombstoned[0m [32muploader[0m [32mstatsd[0m [32mfeedbackd[0m [32mmodeld_tinygrad[0m [32mmapd[0m [32mmapd_manager[0m [31mmtscd[0m [32mrtid[0m
[32mloggerd[0m [32mencoderd[0m [32mlogmessaged[0m [32mcamerad[0m [32mlogcatd[0m [32mproclogd[0m [32mmicd[0m [32mtimed[0m [32mdmonitoringmodeld[0m [32msensord[0m [32mui[0m [32msoundd[0m [32mlocationd[0m [32mcalibrationd[0m [32mtorqued[0m [32mcontrolsd[0m [32mselfdrived[0m [32mcard[0m [32mdeleter[0m [32mdmonitoringd[0m [32mqcomgpsd[0m [32mpandad[0m [32mparamsd[0m [32mlagd[0m [32mplannerd[0m [32mradard[0m [32mhardwared[0m [32mtombstoned[0m [32muploader[0m [32mstatsd[0m [32mfeedbackd[0m [32mmodeld_tinygrad[0m [32mmapd[0m [32mmapd_manager[0m [31mmtscd[0m [32mrtid[0m
[32mloggerd[0m [32mencoderd[0m [32mlogmessaged[0m [32mcamerad[0m [32mlogcatd[0m [32mproclogd[0m [32mmicd[0m [32mtimed[0m [32mdmonitoringmodeld[0m [32msensord[0m [32mui[0m [32msoundd[0m [32mlocationd[0m [32mcalibrationd[0m [32mtorqued[0m [32mcontrolsd[0m [32mselfdrived[0m [32mcard[0m [32mdeleter[0m [32mdmonitoringd[0m [32mqcomgpsd[0m [32mpandad[0m [32mparamsd[0m [32mlagd[0m [32mplannerd[0m [32mradard[0m [32mhardwared[0m [32mtombstoned[0m [32muploader[0m [32mstatsd[0m [32mfeedbackd[0m [32mmodeld_tinygrad[0m [32mmapd[0m [32mmapd_manager[0m [31mmtscd[0m [32mrtid[0m
[32mloggerd[0m [32mencoderd[0m [32mlogmessaged[0m [32mcamerad[0m [32mlogcatd[0m [32mproclogd[0m [32mmicd[0m [32mtimed[0m [32mdmonitoringmodeld[0m [32msensord[0m [32mui[0m [32msoundd[0m [32mlocationd[0m [32mcalibrationd[0m [32mtorqued[0m [32mcontrolsd[0m [32mselfdrived[0m [32mcard[0m [32mdeleter[0m [32mdmonitoringd[0m [32mqcomgpsd[0m [32mpandad[0m [32mparamsd[0m [32mlagd[0m [32mplannerd[0m [32mradard[0m [32mhardwared[0m [32mtombstoned[0m [32muploader[0m [32mstatsd[0m [32mfeedbackd[0m [32mmodeld_tinygrad[0m [32mmapd[0m [32mmapd_manager[0m [31mmtscd[0m [32mrtid[0m
RTI cycle took 0.025s
RTI cycle took 0.027s
RTI cycle took 0.032s
RTI cycle took 0.025s
RTI cycle took 0.041s
RTI cycle took 0.027s
RTI cycle took 0.031s
RTI cycle took 0.038s
RTI cycle took 0.017s
RTI cycle took 0.027s
RTI cycle took 0.028s
RTI cycle took 0.029s
RTI cycle took 0.040s
RTI cycle took 0.028s
RTI cycle took 0.029s
RTI cycle took 0.024s
RTI cycle took 0.028s
RTI cycle took 0.023s
RTI cycle took 0.015s
RTI cycle took 0.027s
RTI cycle took 0.024s
RTI cycle took 0.046s
RTI cycle took 0.022s
RTI cycle took 0.029s
RTI cycle took 0.020s
RTI cycle took 0.019s
RTI cycle took 0.018s
RTI cycle took 0.025s
RTI cycle took 0.019s
system/loggerd/loggerd.cc: rotated to /data/media/0/realdata/00000062--5fe8af6682--5
RTI cycle took 0.033s
RTI cycle took 0.028s
RTI cycle took 0.032s
RTI cycle took 0.032s
RTI cycle took 0.024s
RTI cycle took 0.026s
RTI cycle took 0.038s
RTI cycle took 0.021s
RTI cycle took 0.034s
RTI cycle took 0.015s
RTI cycle took 0.025s
RTI cycle took 0.039s
RTI cycle took 0.026s
RTI cycle took 0.031s
RTI cycle took 0.017s
RTI cycle took 0.031s
RTI cycle took 0.025s
RTI cycle took 0.039s
RTI cycle took 0.049s
RTI cycle took 0.044s
RTI cycle took 0.034s
RTI cycle took 0.019s
RTI cycle took 0.022s
RTI cycle took 0.013s
RTI cycle took 0.030s
RTI cycle took 0.027s
RTI cycle took 0.022s
RTI cycle took 0.016s
RTI cycle took 0.016s
RTI cycle took 0.014s
RTI cycle took 0.022s
RTI cycle took 0.027s
RTI cycle took 0.021s
RTI cycle took 0.019s
RTI cycle took 0.017s
RTI cycle took 0.018s
RTI cycle took 0.017s
RTI cycle took 0.021s
RTI cycle took 0.016s
RTI cycle took 0.016s
RTI cycle took 0.023s
RTI cycle took 0.021s
RTI cycle took 0.018s
RTI cycle took 0.027s
RTI cycle took 0.028s
RTI cycle took 0.021s
RTI cycle took 0.018s
RTI cycle took 0.027s
RTI cycle took 0.019s
RTI cycle took 0.039s
RTI cycle took 0.016s
RTI cycle took 0.017s
RTI cycle took 0.024s
RTI cycle took 0.031s
RTI cycle took 0.018s
RTI cycle took 0.017s
RTI cycle took 0.024s
RTI cycle took 0.021s
RTI cycle took 0.029s
RTI cycle took 0.032s
RTI cycle took 0.039s
RTI cycle took 0.013s
RTI cycle took 0.024s
RTI cycle took 0.018s
RTI cycle took 0.038s
RTI cycle took 0.015s
RTI cycle took 0.016s
RTI cycle took 0.022s
RTI cycle took 0.034s
RTI cycle took 0.024s
RTI cycle took 0.021s
RTI cycle took 0.017s
RTI cycle took 0.018s
RTI cycle took 0.014s
RTI cycle took 0.023s
RTI cycle took 0.019s
RTI cycle took 0.015s
RTI cycle took 0.015s
RTI cycle took 0.012s
RTI cycle took 0.022s
RTI cycle took 0.016s
RTI cycle took 0.016s
RTI cycle took 0.023s
RTI cycle took 0.020s
RTI cycle took 0.026s
RTI cycle took 0.020s
RTI cycle took 0.026s
RTI cycle took 0.021s
RTI cycle took 0.027s
RTI cycle took 0.020s
RTI cycle took 0.028s
RTI cycle took 0.032s
RTI cycle took 0.017s
RTI cycle took 0.029s
RTI cycle took 0.026s
RTI cycle took 0.016s
RTI cycle took 0.022s
RTI cycle took 0.021s
RTI cycle took 0.016s
RTI cycle took 0.025s
RTI cycle took 0.019s
RTI cycle took 0.040s
RTI cycle took 0.016s
RTI cycle took 0.018s
RTI cycle took 0.014s
RTI cycle took 0.013s
RTI cycle took 0.021s
RTI cycle took 0.032s
RTI cycle took 0.025s
RTI cycle took 0.031s
RTI cycle took 0.030s
RTI cycle took 0.019s
RTI cycle took 0.028s
RTI cycle took 0.028s
RTI cycle took 0.019s
RTI cycle took 0.018s
RTI cycle took 0.025s
RTI cycle took 0.025s
RTI cycle took 0.015s
RTI cycle took 0.014s
RTI cycle took 0.022s
RTI cycle took 0.011s
RTI cycle took 0.022s
RTI cycle took 0.017s
RTI cycle took 0.029s
RTI cycle took 0.025s
RTI cycle took 0.022s
RTI cycle took 0.015s
RTI cycle took 0.035s
RTI cycle took 0.019s
RTI cycle took 0.021s
RTI cycle took 0.017s
RTI cycle took 0.035s
RTI cycle took 0.019s
RTI cycle took 0.021s
RTI cycle took 0.017s
RTI cycle took 0.027s
RTI cycle took 0.016s
RTI cycle took 0.020s
RTI cycle took 0.023s
RTI cycle took 0.032s
RTI cycle took 0.016s
RTI cycle took 0.017s
RTI cycle took 0.014s
RTI cycle took 0.024s
RTI cycle took 0.027s
RTI cycle took 0.022s
RTI cycle took 0.026s
RTI cycle took 0.032s
RTI cycle took 0.017s
RTI cycle took 0.017s
RTI cycle took 0.014s
RTI cycle took 0.033s
RTI cycle took 0.017s
RTI cycle took 0.014s
RTI cycle took 0.019s
RTI cycle took 0.019s
RTI cycle took 0.016s
RTI cycle took 0.013s
RTI cycle took 0.017s
RTI cycle took 0.020s
RTI cycle took 0.026s
RTI cycle took 0.041s
RTI cycle took 0.016s
RTI cycle took 0.029s
RTI cycle took 0.016s
RTI cycle took 0.016s
RTI cycle took 0.013s
RTI cycle took 0.021s
RTI cycle took 0.028s
RTI cycle took 0.031s
RTI cycle took 0.027s
RTI cycle took 0.027s
RTI cycle took 0.029s
RTI cycle took 0.027s
RTI cycle took 0.020s
RTI cycle took 0.026s
RTI cycle took 0.021s
RTI cycle took 0.027s
RTI cycle took 0.032s
RTI cycle took 0.017s
RTI cycle took 0.017s
RTI cycle took 0.014s
RTI cycle took 0.024s
RTI cycle took 0.027s
RTI cycle took 0.020s
RTI cycle took 0.018s
RTI cycle took 0.028s
RTI cycle took 0.028s
RTI cycle took 0.020s
RTI cycle took 0.016s
RTI cycle took 0.013s
RTI cycle took 0.016s
RTI cycle took 0.020s
RTI cycle took 0.021s
RTI cycle took 0.016s
RTI cycle took 0.017s
RTI cycle took 0.024s
RTI cycle took 0.021s
RTI cycle took 0.027s
[32mloggerd[0m [32mencoderd[0m [32mlogmessaged[0m [32mcamerad[0m [32mlogcatd[0m [32mproclogd[0m [32mmicd[0m [32mtimed[0m [32mdmonitoringmodeld[0m [32msensord[0m [32mui[0m [32msoundd[0m [32mlocationd[0m [32mcalibrationd[0m [32mtorqued[0m [32mcontrolsd[0m [32mselfdrived[0m [32mcard[0m [32mdeleter[0m [32mdmonitoringd[0m [32mqcomgpsd[0m [32mpandad[0m [32mparamsd[0m [32mlagd[0m [32mplannerd[0m [32mradard[0m [32mhardwared[0m [32mtombstoned[0m [32muploader[0m [32mstatsd[0m [32mfeedbackd[0m [32mmodeld_tinygrad[0m [32mmapd[0m [32mmapd_manager[0m [31mmtscd[0m [32mrtid[0m
[32mloggerd[0m [32mencoderd[0m [32mlogmessaged[0m [32mcamerad[0m [32mlogcatd[0m [32mproclogd[0m [32mmicd[0m [32mtimed[0m [32mdmonitoringmodeld[0m [32msensord[0m [32mui[0m [32msoundd[0m [32mlocationd[0m [32mcalibrationd[0m [32mtorqued[0m [32mcontrolsd[0m [32mselfdrived[0m [32mcard[0m [32mdeleter[0m [32mdmonitoringd[0m [32mqcomgpsd[0m [32mpandad[0m [32mparamsd[0m [32mlagd[0m [32mplannerd[0m [32mradard[0m [32mhardwared[0m [32mtombstoned[0m [32muploader[0m [32mstatsd[0m [32mfeedbackd[0m [32mmodeld_tinygrad[0m [32mmapd[0m [32mmapd_manager[0m [31mmtscd[0m [32mrtid[0m
[32mloggerd[0m [32mencoderd[0m [32mlogmessaged[0m [32mcamerad[0m [32mlogcatd[0m [32mproclogd[0m [32mmicd[0m [32mtimed[0m [32mdmonitoringmodeld[0m [32msensord[0m [32mui[0m [32msoundd[0m [32mlocationd[0m [32mcalibrationd[0m [32mtorqued[0m [32mcontrolsd[0m [32mselfdrived[0m [32mcard[0m [32mdeleter[0m [32mdmonitoringd[0m [32mqcomgpsd[0m [32mpandad[0m [32mparamsd[0m [32mlagd[0m [32mplannerd[0m [32mradard[0m [32mhardwared[0m [32mtombstoned[0m [32muploader[0m [32mstatsd[0m [32mfeedbackd[0m [32mmodeld_tinygrad[0m [32mmapd[0m [32mmapd_manager[0m [31mmtscd[0m [32mrtid[0m
[32mloggerd[0m [32mencoderd[0m [32mlogmessaged[0m [32mcamerad[0m [32mlogcatd[0m [32mproclogd[0m [32mmicd[0m [32mtimed[0m [32mdmonitoringmodeld[0m [32msensord[0m [32mui[0m [32msoundd[0m [32mlocationd[0m [32mcalibrationd[0m [32mtorqued[0m [32mcontrolsd[0m [32mselfdrived[0m [32mcard[0m [32mdeleter[0m [32mdmonitoringd[0m [32mqcomgpsd[0m [32mpandad[0m [32mparamsd[0m [32mlagd[0m [32mplannerd[0m [32mradard[0m [32mhardwared[0m [32mtombstoned[0m [32muploader[0m [32mstatsd[0m [32mfeedbackd[0m [32mmodeld_tinygrad[0m [32mmapd[0m [32mmapd_manager[0m [31mmtscd[0m [32mrtid[0m
[32mloggerd[0m [32mencoderd[0m [32mlogmessaged[0m [32mcamerad[0m [32mlogcatd[0m [32mproclogd[0m [32mmicd[0m [32mtimed[0m [32mdmonitoringmodeld[0m [32msensord[0m [32mui[0m [32msoundd[0m [32mlocationd[0m [32mcalibrationd[0m [32mtorqued[0m [32mcontrolsd[0m [32mselfdrived[0m [32mcard[0m [32mdeleter[0m [32mdmonitoringd[0m [32mqcomgpsd[0m [32mpandad[0m [32mparamsd[0m [32mlagd[0m [32mplannerd[0m [32mradard[0m [32mhardwared[0m [32mtombstoned[0m [32muploader[0m [32mstatsd[0m [32mfeedbackd[0m [32mmodeld_tinygrad[0m [32mmapd[0m [32mmapd_manager[0m [31mmtscd[0m [32mrtid[0m
[32mloggerd[0m [32mencoderd[0m [32mlogmessaged[0m [32mcamerad[0m [32mlogcatd[0m [32mproclogd[0m [32mmicd[0m [32mtimed[0m [32mdmonitoringmodeld[0m [32msensord[0m [32mui[0m [32msoundd[0m [32mlocationd[0m [32mcalibrationd[0m [32mtorqued[0m [32mcontrolsd[0m [32mselfdrived[0m [32mcard[0m [32mdeleter[0m [32mdmonitoringd[0m [32mqcomgpsd[0m [32mpandad[0m [32mparamsd[0m [32mlagd[0m [32mplannerd[0m [32mradard[0m [32mhardwared[0m [32mtombstoned[0m [32muploader[0m [32mstatsd[0m [32mfeedbackd[0m [32mmodeld_tinygrad[0m [32mmapd[0m [32mmapd_manager[0m [31mmtscd[0m [32mrtid[0m
[32mloggerd[0m [32mencoderd[0m [32mlogmessaged[0m [32mcamerad[0m [32mlogcatd[0m [32mproclogd[0m [32mmicd[0m [32mtimed[0m [32mdmonitoringmodeld[0m [32msensord[0m [32mui[0m [32msoundd[0m [32mlocationd[0m [32mcalibrationd[0m [32mtorqued[0m [32mcontrolsd[0m [32mselfdrived[0m [32mcard[0m [32mdeleter[0m [32mdmonitoringd[0m [32mqcomgpsd[0m [32mpandad[0m [32mparamsd[0m [32mlagd[0m [32mplannerd[0m [32mradard[0m [32mhardwared[0m [32mtombstoned[0m [32muploader[0m [32mstatsd[0m [32mfeedbackd[0m [32mmodeld_tinygrad[0m [32mmapd[0m [32mmapd_manager[0m [31mmtscd[0m [32mrtid[0m
[32mloggerd[0m [32mencoderd[0m [32mlogmessaged[0m [32mcamerad[0m [32mlogcatd[0m [32mproclogd[0m [32mmicd[0m [32mtimed[0m [32mdmonitoringmodeld[0m [32msensord[0m [32mui[0m [32msoundd[0m [32mlocationd[0m [32mcalibrationd[0m [32mtorqued[0m [32mcontrolsd[0m [32mselfdrived[0m [32mcard[0m [32mdeleter[0m [32mdmonitoringd[0m [32mqcomgpsd[0m [32mpandad[0m [32mparamsd[0m [32mlagd[0m [32mplannerd[0m [32mradard[0m [32mhardwared[0m [32mtombstoned[0m [32muploader[0m [32mstatsd[0m [32mfeedbackd[0m [32mmodeld_tinygrad[0m [32mmapd[0m [32mmapd_manager[0m [31mmtscd[0m [32mrtid[0m
[32mloggerd[0m [32mencoderd[0m [32mlogmessaged[0m [32mcamerad[0m [32mlogcatd[0m [32mproclogd[0m [32mmicd[0m [32mtimed[0m [32mdmonitoringmodeld[0m [32msensord[0m [32mui[0m [32msoundd[0m [32mlocationd[0m [32mcalibrationd[0m [32mtorqued[0m [32mcontrolsd[0m [32mselfdrived[0m [32mcard[0m [32mdeleter[0m [32mdmonitoringd[0m [32mqcomgpsd[0m [32mpandad[0m [32mparamsd[0m [32mlagd[0m [32mplannerd[0m [32mradard[0m [32mhardwared[0m [32mtombstoned[0m [32muploader[0m [32mstatsd[0m [32mfeedbackd[0m [32mmodeld_tinygrad[0m [32mmapd[0m [32mmapd_manager[0m [31mmtscd[0m [32mrtid[0m
[32mloggerd[0m [32mencoderd[0m [32mlogmessaged[0m [32mcamerad[0m [32mlogcatd[0m [32mproclogd[0m [32mmicd[0m [32mtimed[0m [32mdmonitoringmodeld[0m [32msensord[0m [32mui[0m [32msoundd[0m [32mlocationd[0m [32mcalibrationd[0m [32mtorqued[0m [32mcontrolsd[0m [32mselfdrived[0m [32mcard[0m [32mdeleter[0m [32mdmonitoringd[0m [32mqcomgpsd[0m [32mpandad[0m [32mparamsd[0m [32mlagd[0m [32mplannerd[0m [32mradard[0m [32mhardwared[0m [32mtombstoned[0m [32muploader[0m [32mstatsd[0m [32mfeedbackd[0m [32mmodeld_tinygrad[0m [32mmapd[0m [32mmapd_manager[0m [31mmtscd[0m [32mrtid[0m
[32mloggerd[0m [32mencoderd[0m [32mlogmessaged[0m [32mcamerad[0m [32mlogcatd[0m [32mproclogd[0m [32mmicd[0m [32mtimed[0m [32mdmonitoringmodeld[0m [32msensord[0m [32mui[0m [32msoundd[0m [32mlocationd[0m [32mcalibrationd[0m [32mtorqued[0m [32mcontrolsd[0m [32mselfdrived[0m [32mcard[0m [32mdeleter[0m [32mdmonitoringd[0m [32mqcomgpsd[0m [32mpandad[0m [32mparamsd[0m [32mlagd[0m [32mplannerd[0m [32mradard[0m [32mhardwared[0m [32mtombstoned[0m [32muploader[0m [32mstatsd[0m [32mfeedbackd[0m [32mmodeld_tinygrad[0m [32mmapd[0m [32mmapd_manager[0m [31mmtscd[0m [32mrtid[0m
[32mloggerd[0m [32mencoderd[0m [32mlogmessaged[0m [32mcamerad[0m [32mlogcatd[0m [32mproclogd[0m [32mmicd[0m [32mtimed[0m [32mdmonitoringmodeld[0m [32msensord[0m [32mui[0m [32msoundd[0m [32mlocationd[0m [32mcalibrationd[0m [32mtorqued[0m [32mcontrolsd[0m [32mselfdrived[0m [32mcard[0m [32mdeleter[0m [32mdmonitoringd[0m [32mqcomgpsd[0m [32mpandad[0m [32mparamsd[0m [32mlagd[0m [32mplannerd[0m [32mradard[0m [32mhardwared[0m [32mtombstoned[0m [32muploader[0m [32mstatsd[0m [32mfeedbackd[0m [32mmodeld_tinygrad[0m [32mmapd[0m [32mmapd_manager[0m [31mmtscd[0m [32mrtid[0m
RTI cycle took 0.023s
RTI cycle took 0.015s
RTI cycle took 0.012s
RTI cycle took 0.013s
RTI cycle took 0.021s
RTI cycle took 0.021s
RTI cycle took 0.017s
RTI cycle took 0.017s
RTI cycle took 0.023s
RTI cycle took 0.022s
RTI cycle took 0.027s
RTI cycle took 0.021s
RTI cycle took 0.019s
RTI cycle took 0.016s
RTI cycle took 0.018s
RTI cycle took 0.023s
RTI cycle took 0.022s
RTI cycle took 0.017s
RTI cycle took 0.016s
RTI cycle took 0.014s
RTI cycle took 0.024s
RTI cycle took 0.018s
RTI cycle took 0.039s
RTI cycle took 0.026s
RTI cycle took 0.024s
RTI cycle took 0.025s
RTI cycle took 0.019s
RTI cycle took 0.016s
RTI cycle took 0.015s
RTI cycle took 0.013s
RTI cycle took 0.022s
RTI cycle took 0.019s
RTI cycle took 0.017s
RTI cycle took 0.017s
RTI cycle took 0.014s
RTI cycle took 0.014s
RTI cycle took 0.011s
RTI cycle took 0.020s
RTI cycle took 0.020s
RTI cycle took 0.029s
RTI cycle took 0.029s
RTI cycle took 0.021s
RTI cycle took 0.015s
RTI cycle took 0.011s
RTI cycle took 0.019s
RTI cycle took 0.016s
RTI cycle took 0.019s
RTI cycle took 0.014s
RTI cycle took 0.032s
RTI cycle took 0.018s
RTI cycle took 0.020s
RTI cycle took 0.016s
RTI cycle took 0.026s
RTI cycle took 0.017s
RTI cycle took 0.017s
RTI cycle took 0.023s
RTI cycle took 0.034s
RTI cycle took 0.015s
RTI cycle took 0.015s
RTI cycle took 0.013s
RTI cycle took 0.021s
RTI cycle took 0.019s
RTI cycle took 0.029s
RTI cycle took 0.028s
RTI cycle took 0.032s
RTI cycle took 0.026s
RTI cycle took 0.022s
RTI cycle took 0.016s
RTI cycle took 0.018s
RTI cycle took 0.024s
RTI cycle took 0.019s
RTI cycle took 0.018s
RTI cycle took 0.021s
RTI cycle took 0.023s
RTI cycle took 0.019s
RTI cycle took 0.027s
RTI cycle took 0.020s
RTI cycle took 0.019s
RTI cycle took 0.016s
RTI cycle took 0.016s
RTI cycle took 0.022s
RTI cycle took 0.021s
RTI cycle took 0.028s
RTI cycle took 0.020s
RTI cycle took 0.027s
RTI cycle took 0.034s
RTI cycle took 0.024s
RTI cycle took 0.024s
RTI cycle took 0.026s
RTI cycle took 0.022s
RTI cycle took 0.026s
RTI cycle took 0.025s
RTI cycle took 0.019s
RTI cycle took 0.021s
RTI cycle took 0.024s
RTI cycle took 0.023s
RTI cycle took 0.015s
RTI cycle took 0.015s
RTI cycle took 0.021s
RTI cycle took 0.021s
RTI cycle took 0.027s
RTI cycle took 0.021s
RTI cycle took 0.018s
RTI cycle took 0.016s
RTI cycle took 0.033s
RTI cycle took 0.032s
RTI cycle took 0.025s
RTI cycle took 0.025s
RTI cycle took 0.025s
RTI cycle took 0.022s
RTI cycle took 0.016s
RTI cycle took 0.015s
RTI cycle took 0.022s
RTI cycle took 0.033s
RTI cycle took 0.026s
RTI cycle took 0.035s
RTI cycle took 0.014s
RTI cycle took 0.014s
RTI cycle took 0.020s
RTI cycle took 0.023s
RTI cycle took 0.026s
RTI cycle took 0.023s
RTI cycle took 0.016s
RTI cycle took 0.028s
RTI cycle took 0.029s
RTI cycle took 0.020s
RTI cycle took 0.025s
RTI cycle took 0.029s
RTI cycle took 0.019s
RTI cycle took 0.022s
RTI cycle took 0.025s
RTI cycle took 0.022s
RTI cycle took 0.017s
RTI cycle took 0.030s
RTI cycle took 0.025s
RTI cycle took 0.022s
RTI cycle took 0.024s
RTI cycle took 0.022s
RTI cycle took 0.016s
RTI cycle took 0.016s
RTI cycle took 0.014s
RTI cycle took 0.012s
RTI cycle took 0.019s
RTI cycle took 0.028s
RTI cycle took 0.019s
RTI cycle took 0.027s
RTI cycle took 0.030s
RTI cycle took 0.030s
RTI cycle took 0.016s
RTI cycle took 0.027s
RTI cycle took 0.015s
RTI cycle took 0.024s
RTI cycle took 0.017s
RTI cycle took 0.018s
RTI cycle took 0.014s
RTI cycle took 0.013s
RTI cycle took 0.014s
RTI cycle took 0.017s
RTI cycle took 0.016s
RTI cycle took 0.012s
RTI cycle took 0.022s
RTI cycle took 0.016s
RTI cycle took 0.015s
RTI cycle took 0.014s
RTI cycle took 0.023s
RTI cycle took 0.027s
RTI cycle took 0.018s
RTI cycle took 0.026s
RTI cycle took 0.020s
RTI cycle took 0.017s
RTI cycle took 0.026s
RTI cycle took 0.019s
RTI cycle took 0.018s
RTI cycle took 0.014s
RTI cycle took 0.027s
RTI cycle took 0.016s
RTI cycle took 0.016s
RTI cycle took 0.014s
RTI cycle took 0.023s
RTI cycle took 0.028s
RTI cycle took 0.032s
RTI cycle took 0.027s
RTI cycle took 0.023s
RTI cycle took 0.025s
RTI cycle took 0.023s
RTI cycle took 0.018s
RTI cycle took 0.016s
RTI cycle took 0.015s
RTI cycle took 0.012s
RTI cycle took 0.021s
RTI cycle took 0.021s
RTI cycle took 0.020s
RTI cycle took 0.017s
RTI cycle took 0.017s
RTI cycle took 0.022s
RTI cycle took 0.021s
RTI cycle took 0.018s
RTI cycle took 0.028s
RTI cycle took 0.018s
RTI cycle took 0.027s
RTI cycle took 0.019s
RTI cycle took 0.030s
RTI cycle took 0.019s
RTI cycle took 0.017s
RTI cycle took 0.022s
RTI cycle took 0.030s
RTI cycle took 0.030s
RTI cycle took 0.027s
RTI cycle took 0.020s
RTI cycle took 0.026s
RTI cycle took 0.033s
RTI cycle took 0.017s
RTI cycle took 0.026s
RTI cycle took 0.016s
RTI cycle took 0.016s
RTI cycle took 0.024s
RTI cycle took 0.021s
RTI cycle took 0.018s
[32mloggerd[0m [32mencoderd[0m [32mlogmessaged[0m [32mcamerad[0m [32mlogcatd[0m [32mproclogd[0m [32mmicd[0m [32mtimed[0m [32mdmonitoringmodeld[0m [32msensord[0m [32mui[0m [32msoundd[0m [32mlocationd[0m [32mcalibrationd[0m [32mtorqued[0m [32mcontrolsd[0m [32mselfdrived[0m [32mcard[0m [32mdeleter[0m [32mdmonitoringd[0m [32mqcomgpsd[0m [32mpandad[0m [32mparamsd[0m [32mlagd[0m [32mplannerd[0m [32mradard[0m [32mhardwared[0m [32mtombstoned[0m [32muploader[0m [32mstatsd[0m [32mfeedbackd[0m [32mmodeld_tinygrad[0m [32mmapd[0m [32mmapd_manager[0m [31mmtscd[0m [32mrtid[0m
[32mloggerd[0m [32mencoderd[0m [32mlogmessaged[0m [32mcamerad[0m [32mlogcatd[0m [32mproclogd[0m [32mmicd[0m [32mtimed[0m [32mdmonitoringmodeld[0m [32msensord[0m [32mui[0m [32msoundd[0m [32mlocationd[0m [32mcalibrationd[0m [32mtorqued[0m [32mcontrolsd[0m [32mselfdrived[0m [32mcard[0m [32mdeleter[0m [32mdmonitoringd[0m [32mqcomgpsd[0m [32mpandad[0m [32mparamsd[0m [32mlagd[0m [32mplannerd[0m [32mradard[0m [32mhardwared[0m [32mtombstoned[0m [32muploader[0m [32mstatsd[0m [32mfeedbackd[0m [32mmodeld_tinygrad[0m [32mmapd[0m [32mmapd_manager[0m [31mmtscd[0m [32mrtid[0m
[32mloggerd[0m [32mencoderd[0m [32mlogmessaged[0m [32mcamerad[0m [32mlogcatd[0m [32mproclogd[0m [32mmicd[0m [32mtimed[0m [32mdmonitoringmodeld[0m [32msensord[0m [32mui[0m [32msoundd[0m [32mlocationd[0m [32mcalibrationd[0m [32mtorqued[0m [32mcontrolsd[0m [32mselfdrived[0m [32mcard[0m [32mdeleter[0m [32mdmonitoringd[0m [32mqcomgpsd[0m [32mpandad[0m [32mparamsd[0m [32mlagd[0m [32mplannerd[0m [32mradard[0m [32mhardwared[0m [32mtombstoned[0m [32muploader[0m [32mstatsd[0m [32mfeedbackd[0m [32mmodeld_tinygrad[0m [32mmapd[0m [32mmapd_manager[0m [31mmtscd[0m [32mrtid[0m
[32mloggerd[0m [32mencoderd[0m [32mlogmessaged[0m [32mcamerad[0m [32mlogcatd[0m [32mproclogd[0m [32mmicd[0m [32mtimed[0m [32mdmonitoringmodeld[0m [32msensord[0m [32mui[0m [32msoundd[0m [32mlocationd[0m [32mcalibrationd[0m [32mtorqued[0m [32mcontrolsd[0m [32mselfdrived[0m [32mcard[0m [32mdeleter[0m [32mdmonitoringd[0m [32mqcomgpsd[0m [32mpandad[0m [32mparamsd[0m [32mlagd[0m [32mplannerd[0m [32mradard[0m [32mhardwared[0m [32mtombstoned[0m [32muploader[0m [32mstatsd[0m [32mfeedbackd[0m [32mmodeld_tinygrad[0m [32mmapd[0m [32mmapd_manager[0m [31mmtscd[0m [32mrtid[0m
[32mloggerd[0m [32mencoderd[0m [32mlogmessaged[0m [32mcamerad[0m [32mlogcatd[0m [32mproclogd[0m [32mmicd[0m [32mtimed[0m [32mdmonitoringmodeld[0m [32msensord[0m [32mui[0m [32msoundd[0m [32mlocationd[0m [32mcalibrationd[0m [32mtorqued[0m [32mcontrolsd[0m [32mselfdrived[0m [32mcard[0m [32mdeleter[0m [32mdmonitoringd[0m [32mqcomgpsd[0m [32mpandad[0m [32mparamsd[0m [32mlagd[0m [32mplannerd[0m [32mradard[0m [32mhardwared[0m [32mtombstoned[0m [32muploader[0m [32mstatsd[0m [32mfeedbackd[0m [32mmodeld_tinygrad[0m [32mmapd[0m [32mmapd_manager[0m [31mmtscd[0m [32mrtid[0m
[32mloggerd[0m [32mencoderd[0m [32mlogmessaged[0m [32mcamerad[0m [32mlogcatd[0m [32mproclogd[0m [32mmicd[0m [32mtimed[0m [32mdmonitoringmodeld[0m [32msensord[0m [32mui[0m [32msoundd[0m [32mlocationd[0m [32mcalibrationd[0m [32mtorqued[0m [32mcontrolsd[0m [32mselfdrived[0m [32mcard[0m [32mdeleter[0m [32mdmonitoringd[0m [32mqcomgpsd[0m [32mpandad[0m [32mparamsd[0m [32mlagd[0m [32mplannerd[0m [32mradard[0m [32mhardwared[0m [32mtombstoned[0m [32muploader[0m [32mstatsd[0m [32mfeedbackd[0m [32mmodeld_tinygrad[0m [32mmapd[0m [32mmapd_manager[0m [31mmtscd[0m [32mrtid[0m
[32mloggerd[0m [32mencoderd[0m [32mlogmessaged[0m [32mcamerad[0m [32mlogcatd[0m [32mproclogd[0m [32mmicd[0m [32mtimed[0m [32mdmonitoringmodeld[0m [32msensord[0m [32mui[0m [32msoundd[0m [32mlocationd[0m [32mcalibrationd[0m [32mtorqued[0m [32mcontrolsd[0m [32mselfdrived[0m [32mcard[0m [32mdeleter[0m [32mdmonitoringd[0m [32mqcomgpsd[0m [32mpandad[0m [32mparamsd[0m [32mlagd[0m [32mplannerd[0m [32mradard[0m [32mhardwared[0m [32mtombstoned[0m [32muploader[0m [32mstatsd[0m [32mfeedbackd[0m [32mmodeld_tinygrad[0m [32mmapd[0m [32mmapd_manager[0m [31mmtscd[0m [32mrtid[0m
[32mloggerd[0m [32mencoderd[0m [32mlogmessaged[0m [32mcamerad[0m [32mlogcatd[0m [32mproclogd[0m [32mmicd[0m [32mtimed[0m [32mdmonitoringmodeld[0m [32msensord[0m [32mui[0m [32msoundd[0m [32mlocationd[0m [32mcalibrationd[0m [32mtorqued[0m [32mcontrolsd[0m [32mselfdrived[0m [32mcard[0m [32mdeleter[0m [32mdmonitoringd[0m [32mqcomgpsd[0m [32mpandad[0m [32mparamsd[0m [32mlagd[0m [32mplannerd[0m [32mradard[0m [32mhardwared[0m [32mtombstoned[0m [32muploader[0m [32mstatsd[0m [32mfeedbackd[0m [32mmodeld_tinygrad[0m [32mmapd[0m [32mmapd_manager[0m [31mmtscd[0m [32mrtid[0m
[32mloggerd[0m [32mencoderd[0m [32mlogmessaged[0m [32mcamerad[0m [32mlogcatd[0m [32mproclogd[0m [32mmicd[0m [32mtimed[0m [32mdmonitoringmodeld[0m [32msensord[0m [32mui[0m [32msoundd[0m [32mlocationd[0m [32mcalibrationd[0m [32mtorqued[0m [32mcontrolsd[0m [32mselfdrived[0m [32mcard[0m [32mdeleter[0m [32mdmonitoringd[0m [32mqcomgpsd[0m [32mpandad[0m [32mparamsd[0m [32mlagd[0m [32mplannerd[0m [32mradard[0m [32mhardwared[0m [32mtombstoned[0m [32muploader[0m [32mstatsd[0m [32mfeedbackd[0m [32mmodeld_tinygrad[0m [32mmapd[0m [32mmapd_manager[0m [31mmtscd[0m [32mrtid[0m
[32mloggerd[0m [32mencoderd[0m [32mlogmessaged[0m [32mcamerad[0m [32mlogcatd[0m [32mproclogd[0m [32mmicd[0m [32mtimed[0m [32mdmonitoringmodeld[0m [32msensord[0m [32mui[0m [32msoundd[0m [32mlocationd[0m [32mcalibrationd[0m [32mtorqued[0m [32mcontrolsd[0m [32mselfdrived[0m [32mcard[0m [32mdeleter[0m [32mdmonitoringd[0m [32mqcomgpsd[0m [32mpandad[0m [32mparamsd[0m [32mlagd[0m [32mplannerd[0m [32mradard[0m [32mhardwared[0m [32mtombstoned[0m [32muploader[0m [32mstatsd[0m [32mfeedbackd[0m [32mmodeld_tinygrad[0m [32mmapd[0m [32mmapd_manager[0m [31mmtscd[0m [32mrtid[0m
[32mloggerd[0m [32mencoderd[0m [32mlogmessaged[0m [32mcamerad[0m [32mlogcatd[0m [32mproclogd[0m [32mmicd[0m [32mtimed[0m [32mdmonitoringmodeld[0m [32msensord[0m [32mui[0m [32msoundd[0m [32mlocationd[0m [32mcalibrationd[0m [32mtorqued[0m [32mcontrolsd[0m [32mselfdrived[0m [32mcard[0m [32mdeleter[0m [32mdmonitoringd[0m [32mqcomgpsd[0m [32mpandad[0m [32mparamsd[0m [32mlagd[0m [32mplannerd[0m [32mradard[0m [32mhardwared[0m [32mtombstoned[0m [32muploader[0m [32mstatsd[0m [32mfeedbackd[0m [32mmodeld_tinygrad[0m [32mmapd[0m [32mmapd_manager[0m [31mmtscd[0m [32mrtid[0m
[32mloggerd[0m [32mencoderd[0m [32mlogmessaged[0m [32mcamerad[0m [32mlogcatd[0m [32mproclogd[0m [32mmicd[0m [32mtimed[0m [32mdmonitoringmodeld[0m [32msensord[0m [32mui[0m [32msoundd[0m [32mlocationd[0m [32mcalibrationd[0m [32mtorqued[0m [32mcontrolsd[0m [32mselfdrived[0m [32mcard[0m [32mdeleter[0m [32mdmonitoringd[0m [32mqcomgpsd[0m [32mpandad[0m [32mparamsd[0m [32mlagd[0m [32mplannerd[0m [32mradard[0m [32mhardwared[0m [32mtombstoned[0m [32muploader[0m [32mstatsd[0m [32mfeedbackd[0m [32mmodeld_tinygrad[0m [32mmapd[0m [32mmapd_manager[0m [31mmtscd[0m [32mrtid[0m
RTI cycle took 2.445s
RTI cycle took 0.030s
RTI cycle took 0.018s
RTI cycle took 0.015s
RTI cycle took 0.023s
RTI cycle took 0.018s
RTI cycle took 0.026s
RTI cycle took 0.011s
RTI cycle took 0.019s
RTI cycle took 0.015s
RTI cycle took 0.026s
RTI cycle took 0.028s
RTI cycle took 0.015s
RTI cycle took 0.019s
RTI cycle took 0.022s
RTI cycle took 0.016s
RTI cycle took 0.026s
RTI cycle took 0.017s
RTI cycle took 0.028s
RTI cycle took 0.027s
RTI cycle took 0.026s
RTI cycle took 0.028s
RTI cycle took 0.029s
RTI cycle took 0.035s
RTI cycle took 0.032s
RTI cycle took 0.019s
RTI cycle took 0.028s
RTI cycle took 0.017s
RTI cycle took 0.016s
RTI cycle took 0.026s
RTI cycle took 0.027s
RTI cycle took 0.028s
RTI cycle took 0.019s
RTI cycle took 0.018s
RTI cycle took 0.026s
RTI cycle took 0.027s
RTI cycle took 0.031s
RTI cycle took 0.017s
RTI cycle took 0.027s
RTI cycle took 0.026s
RTI cycle took 0.029s
RTI cycle took 0.020s
RTI cycle took 0.025s
RTI cycle took 0.020s
RTI cycle took 0.039s
RTI cycle took 0.021s
RTI cycle took 0.019s
RTI cycle took 0.016s
RTI cycle took 0.016s
RTI cycle took 0.018s
RTI cycle took 0.024s
RTI cycle took 0.028s
RTI cycle took 0.022s
RTI cycle took 0.022s
RTI cycle took 0.040s
RTI cycle took 0.018s
RTI cycle took 0.032s
RTI cycle took 0.021s
RTI cycle took 0.042s
RTI cycle took 0.015s
RTI cycle took 0.027s
RTI cycle took 0.029s
RTI cycle took 0.018s
RTI cycle took 0.028s
RTI cycle took 0.021s
RTI cycle took 0.028s
RTI cycle took 0.028s
RTI cycle took 0.034s
RTI cycle took 0.020s
RTI cycle took 0.022s
RTI cycle took 0.024s
RTI cycle took 0.021s
RTI cycle took 0.024s
RTI cycle took 0.024s
RTI cycle took 0.036s
RTI cycle took 0.019s
RTI cycle took 0.028s
RTI cycle took 0.028s
RTI cycle took 0.018s
RTI cycle took 0.035s
RTI cycle took 0.021s
RTI cycle took 0.017s
RTI cycle took 0.030s
RTI cycle took 0.021s
RTI cycle took 0.033s
RTI cycle took 0.017s
RTI cycle took 0.028s
RTI cycle took 0.021s
RTI cycle took 0.026s
RTI cycle took 0.030s
RTI cycle took 0.017s
RTI cycle took 0.016s
RTI cycle took 0.014s
RTI cycle took 0.044s
RTI cycle took 0.015s
RTI cycle took 0.013s
RTI cycle took 0.022s
RTI cycle took 0.027s
RTI cycle took 0.029s
RTI cycle took 0.029s
RTI cycle took 0.033s
RTI cycle took 0.039s
RTI cycle took 0.018s
RTI cycle took 0.026s
RTI cycle took 0.022s
RTI cycle took 0.029s
RTI cycle took 0.054s
RTI cycle took 0.032s
RTI cycle took 0.026s
RTI cycle took 0.033s
RTI cycle took 0.027s
RTI cycle took 0.036s
RTI cycle took 0.021s
RTI cycle took 0.026s
RTI cycle took 0.034s
RTI cycle took 0.015s
RTI cycle took 0.028s
RTI cycle took 0.016s
RTI cycle took 0.024s
RTI cycle took 0.042s
RTI cycle took 0.026s
RTI cycle took 0.031s
RTI cycle took 0.028s
RTI cycle took 0.029s
RTI cycle took 0.021s
RTI cycle took 0.081s
RTI cycle took 0.044s
RTI cycle took 0.033s
RTI cycle took 0.024s
RTI cycle took 0.023s
RTI cycle took 0.027s
RTI cycle took 0.024s
RTI cycle took 0.021s
RTI cycle took 0.038s
RTI cycle took 0.028s
RTI cycle took 0.036s
RTI cycle took 0.012s
RTI cycle took 0.026s
RTI cycle took 0.034s
RTI cycle took 0.039s
RTI cycle took 0.021s
RTI cycle took 0.023s
RTI cycle took 0.042s
RTI cycle took 0.020s
RTI cycle took 0.019s
RTI cycle took 0.038s
RTI cycle took 0.017s
RTI cycle took 0.026s
RTI cycle took 0.040s
RTI cycle took 0.026s
[32mloggerd[0m [32mencoderd[0m [32mlogmessaged[0m [32mcamerad[0m [32mlogcatd[0m [32mproclogd[0m [32mmicd[0m [32mtimed[0m [32mdmonitoringmodeld[0m [32msensord[0m [32mui[0m [32msoundd[0m [32mlocationd[0m [32mcalibrationd[0m [32mtorqued[0m [32mcontrolsd[0m [32mselfdrived[0m [32mcard[0m [32mdeleter[0m [32mdmonitoringd[0m [32mqcomgpsd[0m [32mpandad[0m [32mparamsd[0m [32mlagd[0m [32mplannerd[0m [32mradard[0m [32mhardwared[0m [32mtombstoned[0m [32muploader[0m [32mstatsd[0m [32mfeedbackd[0m [32mmodeld_tinygrad[0m [32mmapd[0m [32mmapd_manager[0m [31mmtscd[0m [32mrtid[0m
[32mloggerd[0m [32mencoderd[0m [32mlogmessaged[0m [32mcamerad[0m [32mlogcatd[0m [32mproclogd[0m [32mmicd[0m [32mtimed[0m [32mdmonitoringmodeld[0m [32msensord[0m [32mui[0m [32msoundd[0m [32mlocationd[0m [32mcalibrationd[0m [32mtorqued[0m [32mcontrolsd[0m [32mselfdrived[0m [32mcard[0m [32mdeleter[0m [32mdmonitoringd[0m [32mqcomgpsd[0m [32mpandad[0m [32mparamsd[0m [32mlagd[0m [32mplannerd[0m [32mradard[0m [32mhardwared[0m [32mtombstoned[0m [32muploader[0m [32mstatsd[0m [32mfeedbackd[0m [32mmodeld_tinygrad[0m [32mmapd[0m [32mmapd_manager[0m [31mmtscd[0m [32mrtid[0m
[32mloggerd[0m [32mencoderd[0m [32mlogmessaged[0m [32mcamerad[0m [32mlogcatd[0m [32mproclogd[0m [32mmicd[0m [32mtimed[0m [32mdmonitoringmodeld[0m [32msensord[0m [32mui[0m [32msoundd[0m [32mlocationd[0m [32mcalibrationd[0m [32mtorqued[0m [32mcontrolsd[0m [32mselfdrived[0m [32mcard[0m [32mdeleter[0m [32mdmonitoringd[0m [32mqcomgpsd[0m [32mpandad[0m [32mparamsd[0m [32mlagd[0m [32mplannerd[0m [32mradard[0m [32mhardwared[0m [32mtombstoned[0m [32muploader[0m [32mstatsd[0m [32mfeedbackd[0m [32mmodeld_tinygrad[0m [32mmapd[0m [32mmapd_manager[0m [31mmtscd[0m [32mrtid[0m
[32mloggerd[0m [32mencoderd[0m [32mlogmessaged[0m [32mcamerad[0m [32mlogcatd[0m [32mproclogd[0m [32mmicd[0m [32mtimed[0m [32mdmonitoringmodeld[0m [32msensord[0m [32mui[0m [32msoundd[0m [32mlocationd[0m [32mcalibrationd[0m [32mtorqued[0m [32mcontrolsd[0m [32mselfdrived[0m [32mcard[0m [32mdeleter[0m [32mdmonitoringd[0m [32mqcomgpsd[0m [32mpandad[0m [32mparamsd[0m [32mlagd[0m [32mplannerd[0m [32mradard[0m [32mhardwared[0m [32mtombstoned[0m [32muploader[0m [32mstatsd[0m [32mfeedbackd[0m [32mmodeld_tinygrad[0m [32mmapd[0m [32mmapd_manager[0m [31mmtscd[0m [32mrtid[0m
[32mloggerd[0m [32mencoderd[0m [32mlogmessaged[0m [32mcamerad[0m [32mlogcatd[0m [32mproclogd[0m [32mmicd[0m [32mtimed[0m [32mdmonitoringmodeld[0m [32msensord[0m [32mui[0m [32msoundd[0m [32mlocationd[0m [32mcalibrationd[0m [32mtorqued[0m [32mcontrolsd[0m [32mselfdrived[0m [32mcard[0m [32mdeleter[0m [32mdmonitoringd[0m [32mqcomgpsd[0m [32mpandad[0m [32mparamsd[0m [32mlagd[0m [32mplannerd[0m [32mradard[0m [32mhardwared[0m [32mtombstoned[0m [32muploader[0m [32mstatsd[0m [32mfeedbackd[0m [32mmodeld_tinygrad[0m [32mmapd[0m [32mmapd_manager[0m [31mmtscd[0m [32mrtid[0m
[32mloggerd[0m [32mencoderd[0m [32mlogmessaged[0m [32mcamerad[0m [32mlogcatd[0m [32mproclogd[0m [32mmicd[0m [32mtimed[0m [32mdmonitoringmodeld[0m [32msensord[0m [32mui[0m [32msoundd[0m [32mlocationd[0m [32mcalibrationd[0m [32mtorqued[0m [32mcontrolsd[0m [32mselfdrived[0m [32mcard[0m [32mdeleter[0m [32mdmonitoringd[0m [32mqcomgpsd[0m [32mpandad[0m [32mparamsd[0m [32mlagd[0m [32mplannerd[0m [32mradard[0m [32mhardwared[0m [32mtombstoned[0m [32muploader[0m [32mstatsd[0m [32mfeedbackd[0m [32mmodeld_tinygrad[0m [32mmapd[0m [32mmapd_manager[0m [31mmtscd[0m [32mrtid[0m
[32mloggerd[0m [32mencoderd[0m [32mlogmessaged[0m [32mcamerad[0m [32mlogcatd[0m [32mproclogd[0m [32mmicd[0m [32mtimed[0m [32mdmonitoringmodeld[0m [32msensord[0m [32mui[0m [32msoundd[0m [32mlocationd[0m [32mcalibrationd[0m [32mtorqued[0m [32mcontrolsd[0m [32mselfdrived[0m [32mcard[0m [32mdeleter[0m [32mdmonitoringd[0m [32mqcomgpsd[0m [32mpandad[0m [32mparamsd[0m [32mlagd[0m [32mplannerd[0m [32mradard[0m [32mhardwared[0m [32mtombstoned[0m [32muploader[0m [32mstatsd[0m [32mfeedbackd[0m [32mmodeld_tinygrad[0m [32mmapd[0m [32mmapd_manager[0m [31mmtscd[0m [32mrtid[0m
[32mloggerd[0m [32mencoderd[0m [32mlogmessaged[0m [32mcamerad[0m [32mlogcatd[0m [32mproclogd[0m [32mmicd[0m [32mtimed[0m [32mdmonitoringmodeld[0m [32msensord[0m [32mui[0m [32msoundd[0m [32mlocationd[0m [32mcalibrationd[0m [32mtorqued[0m [32mcontrolsd[0m [32mselfdrived[0m [32mcard[0m [32mdeleter[0m [32mdmonitoringd[0m [32mqcomgpsd[0m [32mpandad[0m [32mparamsd[0m [32mlagd[0m [32mplannerd[0m [32mradard[0m [32mhardwared[0m [32mtombstoned[0m [32muploader[0m [32mstatsd[0m [32mfeedbackd[0m [32mmodeld_tinygrad[0m [32mmapd[0m [32mmapd_manager[0m [31mmtscd[0m [32mrtid[0m
[32mloggerd[0m [32mencoderd[0m [32mlogmessaged[0m [32mcamerad[0m [32mlogcatd[0m [32mproclogd[0m [32mmicd[0m [32mtimed[0m [32mdmonitoringmodeld[0m [32msensord[0m [32mui[0m [32msoundd[0m [32mlocationd[0m [32mcalibrationd[0m [32mtorqued[0m [32mcontrolsd[0m [32mselfdrived[0m [32mcard[0m [32mdeleter[0m [32mdmonitoringd[0m [32mqcomgpsd[0m [32mpandad[0m [32mparamsd[0m [32mlagd[0m [32mplannerd[0m [32mradard[0m [32mhardwared[0m [32mtombstoned[0m [32muploader[0m [32mstatsd[0m [32mfeedbackd[0m [32mmodeld_tinygrad[0m [32mmapd[0m [32mmapd_manager[0m [31mmtscd[0m [32mrtid[0m
[32mloggerd[0m [32mencoderd[0m [32mlogmessaged[0m [32mcamerad[0m [32mlogcatd[0m [32mproclogd[0m [32mmicd[0m [32mtimed[0m [32mdmonitoringmodeld[0m [32msensord[0m [32mui[0m [32msoundd[0m [32mlocationd[0m [32mcalibrationd[0m [32mtorqued[0m [32mcontrolsd[0m [32mselfdrived[0m [32mcard[0m [32mdeleter[0m [32mdmonitoringd[0m [32mqcomgpsd[0m [32mpandad[0m [32mparamsd[0m [32mlagd[0m [32mplannerd[0m [32mradard[0m [32mhardwared[0m [32mtombstoned[0m [32muploader[0m [32mstatsd[0m [32mfeedbackd[0m [32mmodeld_tinygrad[0m [32mmapd[0m [32mmapd_manager[0m [31mmtscd[0m [32mrtid[0m
[32mloggerd[0m [32mencoderd[0m [32mlogmessaged[0m [32mcamerad[0m [32mlogcatd[0m [32mproclogd[0m [32mmicd[0m [32mtimed[0m [32mdmonitoringmodeld[0m [32msensord[0m [32mui[0m [32msoundd[0m [32mlocationd[0m [32mcalibrationd[0m [32mtorqued[0m [32mcontrolsd[0m [32mselfdrived[0m [32mcard[0m [32mdeleter[0m [32mdmonitoringd[0m [32mqcomgpsd[0m [32mpandad[0m [32mparamsd[0m [32mlagd[0m [32mplannerd[0m [32mradard[0m [32mhardwared[0m [32mtombstoned[0m [32muploader[0m [32mstatsd[0m [32mfeedbackd[0m [32mmodeld_tinygrad[0m [32mmapd[0m [32mmapd_manager[0m [31mmtscd[0m [32mrtid[0m
[32mloggerd[0m [32mencoderd[0m [32mlogmessaged[0m [32mcamerad[0m [32mlogcatd[0m [32mproclogd[0m [32mmicd[0m [32mtimed[0m [32mdmonitoringmodeld[0m [32msensord[0m [32mui[0m [32msoundd[0m [32mlocationd[0m [32mcalibrationd[0m [32mtorqued[0m [32mcontrolsd[0m [32mselfdrived[0m [32mcard[0m [32mdeleter[0m [32mdmonitoringd[0m [32mqcomgpsd[0m [32mpandad[0m [32mparamsd[0m [32mlagd[0m [32mplannerd[0m [32mradard[0m [32mhardwared[0m [32mtombstoned[0m [32muploader[0m [32mstatsd[0m [32mfeedbackd[0m [32mmodeld_tinygrad[0m [32mmapd[0m [32mmapd_manager[0m [31mmtscd[0m [32mrtid[0m
RTI cycle took 0.033s
RTI cycle took 0.015s
RTI cycle took 0.034s
RTI cycle took 0.015s
RTI cycle took 0.031s
RTI cycle took 0.020s
RTI cycle took 0.024s
RTI cycle took 0.022s
RTI cycle took 0.028s
RTI cycle took 0.032s
RTI cycle took 0.015s
RTI cycle took 0.014s
RTI cycle took 0.021s
RTI cycle took 0.021s
RTI cycle took 0.028s
RTI cycle took 0.032s
RTI cycle took 0.016s
RTI cycle took 0.028s
RTI cycle took 0.024s
RTI cycle took 0.039s
RTI cycle took 0.021s
RTI cycle took 0.019s
RTI cycle took 0.027s
RTI cycle took 0.020s
RTI cycle took 0.027s
RTI cycle took 0.019s
RTI cycle took 0.016s
RTI cycle took 0.023s
RTI cycle took 0.017s
RTI cycle took 0.020s
RTI cycle took 0.016s
RTI cycle took 0.028s
RTI cycle took 0.026s
RTI cycle took 0.022s
RTI cycle took 0.016s
RTI cycle took 0.027s
RTI cycle took 0.017s
RTI cycle took 0.036s
RTI cycle took 0.024s
RTI cycle took 0.014s
RTI cycle took 0.031s
RTI cycle took 0.024s
RTI cycle took 0.026s
RTI cycle took 0.020s
RTI cycle took 0.025s
RTI cycle took 0.035s
RTI cycle took 0.022s
RTI cycle took 0.023s
RTI cycle took 0.026s
RTI cycle took 0.030s
RTI cycle took 0.018s
RTI cycle took 0.016s
RTI cycle took 0.023s
RTI cycle took 0.022s
RTI cycle took 0.026s
RTI cycle took 0.021s
RTI cycle took 0.026s
RTI cycle took 0.024s
RTI cycle took 0.024s
RTI cycle took 0.016s
RTI cycle took 0.020s
RTI cycle took 0.037s
RTI cycle took 0.021s
RTI cycle took 0.018s
RTI cycle took 0.040s
RTI cycle took 0.011s
RTI cycle took 0.032s
RTI cycle took 0.027s
RTI cycle took 0.018s
RTI cycle took 0.027s
RTI cycle took 0.019s
RTI cycle took 0.023s
RTI cycle took 0.019s
RTI cycle took 0.028s
RTI cycle took 0.037s
RTI cycle took 0.036s
RTI cycle took 0.022s
RTI cycle took 0.026s
RTI cycle took 0.033s
RTI cycle took 0.016s
RTI cycle took 0.029s
RTI cycle took 0.024s
RTI cycle took 0.023s
RTI cycle took 0.025s
RTI cycle took 0.039s
RTI cycle took 0.021s
RTI cycle took 0.028s
RTI cycle took 0.040s
RTI cycle took 0.031s
RTI cycle took 0.027s
RTI cycle took 0.034s
RTI cycle took 0.036s
RTI cycle took 0.017s
RTI cycle took 0.016s
RTI cycle took 0.018s
RTI cycle took 0.022s
RTI cycle took 0.027s
RTI cycle took 0.030s
RTI cycle took 0.027s
RTI cycle took 0.031s
RTI cycle took 0.030s
RTI cycle took 0.035s
RTI cycle took 0.019s
RTI cycle took 0.029s
RTI cycle took 0.029s
RTI cycle took 0.027s
RTI cycle took 0.026s
RTI cycle took 0.031s
RTI cycle took 0.028s
RTI cycle took 0.048s
RTI cycle took 0.036s
RTI cycle took 0.029s
RTI cycle took 0.028s
RTI cycle took 0.031s
RTI cycle took 0.029s
RTI cycle took 0.028s
RTI cycle took 0.040s
RTI cycle took 0.016s
RTI cycle took 0.035s
RTI cycle took 0.042s
RTI cycle took 0.027s
RTI cycle took 0.029s
RTI cycle took 0.031s
RTI cycle took 0.025s
RTI cycle took 0.032s
RTI cycle took 0.027s
RTI cycle took 0.025s
RTI cycle took 0.026s
RTI cycle took 0.040s
RTI cycle took 0.031s
RTI cycle took 0.036s
RTI cycle took 0.027s
RTI cycle took 0.039s
RTI cycle took 0.041s
RTI cycle took 0.033s
RTI cycle took 0.028s
RTI cycle took 0.040s
RTI cycle took 0.037s
RTI cycle took 0.025s
RTI cycle took 0.020s
RTI cycle took 0.027s
RTI cycle took 0.029s
RTI cycle took 0.040s
RTI cycle took 0.016s
RTI cycle took 0.027s
RTI cycle took 0.017s
RTI cycle took 0.038s
RTI cycle took 0.040s
RTI cycle took 0.027s
RTI cycle took 0.031s
RTI cycle took 0.039s
RTI cycle took 0.017s
RTI cycle took 0.037s
RTI cycle took 0.019s
RTI cycle took 0.033s
RTI cycle took 0.028s
RTI cycle took 0.017s
RTI cycle took 0.028s
RTI cycle took 0.015s
RTI cycle took 0.033s
RTI cycle took 0.019s
RTI cycle took 0.027s
RTI cycle took 0.030s
RTI cycle took 0.027s
RTI cycle took 0.031s
RTI cycle took 0.027s
RTI cycle took 0.030s
RTI cycle took 0.041s
RTI cycle took 0.017s
RTI cycle took 0.028s
RTI cycle took 0.026s
RTI cycle took 0.030s
RTI cycle took 0.042s
RTI cycle took 0.015s
RTI cycle took 0.034s
RTI cycle took 0.021s
RTI cycle took 0.033s
RTI cycle took 0.020s
RTI cycle took 0.028s
RTI cycle took 0.032s
RTI cycle took 0.027s
RTI cycle took 0.028s
RTI cycle took 0.040s
RTI cycle took 0.017s
RTI cycle took 0.032s
RTI cycle took 0.042s
RTI cycle took 0.016s
RTI cycle took 0.016s
RTI cycle took 0.012s
RTI cycle took 0.034s
RTI cycle took 0.024s
RTI cycle took 0.016s
RTI cycle took 0.020s
RTI cycle took 0.022s
RTI cycle took 0.026s
RTI cycle took 0.031s
RTI cycle took 0.029s
RTI cycle took 0.028s
RTI cycle took 0.022s
RTI cycle took 0.025s
RTI cycle took 0.044s
RTI cycle took 0.015s
RTI cycle took 0.023s
RTI cycle took 0.042s
RTI cycle took 0.016s
RTI cycle took 0.035s
[32mloggerd[0m [32mencoderd[0m [32mlogmessaged[0m [32mcamerad[0m [32mlogcatd[0m [32mproclogd[0m [32mmicd[0m [32mtimed[0m [32mdmonitoringmodeld[0m [32msensord[0m [32mui[0m [32msoundd[0m [32mlocationd[0m [32mcalibrationd[0m [32mtorqued[0m [32mcontrolsd[0m [32mselfdrived[0m [32mcard[0m [32mdeleter[0m [32mdmonitoringd[0m [32mqcomgpsd[0m [32mpandad[0m [32mparamsd[0m [32mlagd[0m [32mplannerd[0m [32mradard[0m [32mhardwared[0m [32mtombstoned[0m [32muploader[0m [32mstatsd[0m [32mfeedbackd[0m [32mmodeld_tinygrad[0m [32mmapd[0m [32mmapd_manager[0m [31mmtscd[0m [32mrtid[0m
[32mloggerd[0m [32mencoderd[0m [32mlogmessaged[0m [32mcamerad[0m [32mlogcatd[0m [32mproclogd[0m [32mmicd[0m [32mtimed[0m [32mdmonitoringmodeld[0m [32msensord[0m [32mui[0m [32msoundd[0m [32mlocationd[0m [32mcalibrationd[0m [32mtorqued[0m [32mcontrolsd[0m [32mselfdrived[0m [32mcard[0m [32mdeleter[0m [32mdmonitoringd[0m [32mqcomgpsd[0m [32mpandad[0m [32mparamsd[0m [32mlagd[0m [32mplannerd[0m [32mradard[0m [32mhardwared[0m [32mtombstoned[0m [32muploader[0m [32mstatsd[0m [32mfeedbackd[0m [32mmodeld_tinygrad[0m [32mmapd[0m [32mmapd_manager[0m [31mmtscd[0m [32mrtid[0m
[32mloggerd[0m [32mencoderd[0m [32mlogmessaged[0m [32mcamerad[0m [32mlogcatd[0m [32mproclogd[0m [32mmicd[0m [32mtimed[0m [32mdmonitoringmodeld[0m [32msensord[0m [32mui[0m [32msoundd[0m [32mlocationd[0m [32mcalibrationd[0m [32mtorqued[0m [32mcontrolsd[0m [32mselfdrived[0m [32mcard[0m [32mdeleter[0m [32mdmonitoringd[0m [32mqcomgpsd[0m [32mpandad[0m [32mparamsd[0m [32mlagd[0m [32mplannerd[0m [32mradard[0m [32mhardwared[0m [32mtombstoned[0m [32muploader[0m [32mstatsd[0m [32mfeedbackd[0m [32mmodeld_tinygrad[0m [32mmapd[0m [32mmapd_manager[0m [31mmtscd[0m [32mrtid[0m
[32mloggerd[0m [32mencoderd[0m [32mlogmessaged[0m [32mcamerad[0m [32mlogcatd[0m [32mproclogd[0m [32mmicd[0m [32mtimed[0m [32mdmonitoringmodeld[0m [32msensord[0m [32mui[0m [32msoundd[0m [32mlocationd[0m [32mcalibrationd[0m [32mtorqued[0m [32mcontrolsd[0m [32mselfdrived[0m [32mcard[0m [32mdeleter[0m [32mdmonitoringd[0m [32mqcomgpsd[0m [32mpandad[0m [32mparamsd[0m [32mlagd[0m [32mplannerd[0m [32mradard[0m [32mhardwared[0m [32mtombstoned[0m [32muploader[0m [32mstatsd[0m [32mfeedbackd[0m [32mmodeld_tinygrad[0m [32mmapd[0m [32mmapd_manager[0m [31mmtscd[0m [32mrtid[0m
[32mloggerd[0m [32mencoderd[0m [32mlogmessaged[0m [32mcamerad[0m [32mlogcatd[0m [32mproclogd[0m [32mmicd[0m [32mtimed[0m [32mdmonitoringmodeld[0m [32msensord[0m [32mui[0m [32msoundd[0m [32mlocationd[0m [32mcalibrationd[0m [32mtorqued[0m [32mcontrolsd[0m [32mselfdrived[0m [32mcard[0m [32mdeleter[0m [32mdmonitoringd[0m [32mqcomgpsd[0m [32mpandad[0m [32mparamsd[0m [32mlagd[0m [32mplannerd[0m [32mradard[0m [32mhardwared[0m [32mtombstoned[0m [32muploader[0m [32mstatsd[0m [32mfeedbackd[0m [32mmodeld_tinygrad[0m [32mmapd[0m [32mmapd_manager[0m [31mmtscd[0m [32mrtid[0m
[32mloggerd[0m [32mencoderd[0m [32mlogmessaged[0m [32mcamerad[0m [32mlogcatd[0m [32mproclogd[0m [32mmicd[0m [32mtimed[0m [32mdmonitoringmodeld[0m [32msensord[0m [32mui[0m [32msoundd[0m [32mlocationd[0m [32mcalibrationd[0m [32mtorqued[0m [32mcontrolsd[0m [32mselfdrived[0m [32mcard[0m [32mdeleter[0m [32mdmonitoringd[0m [32mqcomgpsd[0m [32mpandad[0m [32mparamsd[0m [32mlagd[0m [32mplannerd[0m [32mradard[0m [32mhardwared[0m [32mtombstoned[0m [32muploader[0m [32mstatsd[0m [32mfeedbackd[0m [32mmodeld_tinygrad[0m [32mmapd[0m [32mmapd_manager[0m [31mmtscd[0m [32mrtid[0m
[32mloggerd[0m [32mencoderd[0m [32mlogmessaged[0m [32mcamerad[0m [32mlogcatd[0m [32mproclogd[0m [32mmicd[0m [32mtimed[0m [32mdmonitoringmodeld[0m [32msensord[0m [32mui[0m [32msoundd[0m [32mlocationd[0m [32mcalibrationd[0m [32mtorqued[0m [32mcontrolsd[0m [32mselfdrived[0m [32mcard[0m [32mdeleter[0m [32mdmonitoringd[0m [32mqcomgpsd[0m [32mpandad[0m [32mparamsd[0m [32mlagd[0m [32mplannerd[0m [32mradard[0m [32mhardwared[0m [32mtombstoned[0m [32muploader[0m [32mstatsd[0m [32mfeedbackd[0m [32mmodeld_tinygrad[0m [32mmapd[0m [32mmapd_manager[0m [31mmtscd[0m [32mrtid[0m
[32mloggerd[0m [32mencoderd[0m [32mlogmessaged[0m [32mcamerad[0m [32mlogcatd[0m [32mproclogd[0m [32mmicd[0m [32mtimed[0m [32mdmonitoringmodeld[0m [32msensord[0m [32mui[0m [32msoundd[0m [32mlocationd[0m [32mcalibrationd[0m [32mtorqued[0m [32mcontrolsd[0m [32mselfdrived[0m [32mcard[0m [32mdeleter[0m [32mdmonitoringd[0m [32mqcomgpsd[0m [32mpandad[0m [32mparamsd[0m [32mlagd[0m [32mplannerd[0m [32mradard[0m [32mhardwared[0m [32mtombstoned[0m [32muploader[0m [32mstatsd[0m [32mfeedbackd[0m [32mmodeld_tinygrad[0m [32mmapd[0m [32mmapd_manager[0m [31mmtscd[0m [32mrtid[0m
[32mloggerd[0m [32mencoderd[0m [32mlogmessaged[0m [32mcamerad[0m [32mlogcatd[0m [32mproclogd[0m [32mmicd[0m [32mtimed[0m [32mdmonitoringmodeld[0m [32msensord[0m [32mui[0m [32msoundd[0m [32mlocationd[0m [32mcalibrationd[0m [32mtorqued[0m [32mcontrolsd[0m [32mselfdrived[0m [32mcard[0m [32mdeleter[0m [32mdmonitoringd[0m [32mqcomgpsd[0m [32mpandad[0m [32mparamsd[0m [32mlagd[0m [32mplannerd[0m [32mradard[0m [32mhardwared[0m [32mtombstoned[0m [32muploader[0m [32mstatsd[0m [32mfeedbackd[0m [32mmodeld_tinygrad[0m [32mmapd[0m [32mmapd_manager[0m [31mmtscd[0m [32mrtid[0m
[32mloggerd[0m [32mencoderd[0m [32mlogmessaged[0m [32mcamerad[0m [32mlogcatd[0m [32mproclogd[0m [32mmicd[0m [32mtimed[0m [32mdmonitoringmodeld[0m [32msensord[0m [32mui[0m [32msoundd[0m [32mlocationd[0m [32mcalibrationd[0m [32mtorqued[0m [32mcontrolsd[0m [32mselfdrived[0m [32mcard[0m [32mdeleter[0m [32mdmonitoringd[0m [32mqcomgpsd[0m [32mpandad[0m [32mparamsd[0m [32mlagd[0m [32mplannerd[0m [32mradard[0m [32mhardwared[0m [32mtombstoned[0m [32muploader[0m [32mstatsd[0m [32mfeedbackd[0m [32mmodeld_tinygrad[0m [32mmapd[0m [32mmapd_manager[0m [31mmtscd[0m [32mrtid[0m
[32mloggerd[0m [32mencoderd[0m [32mlogmessaged[0m [32mcamerad[0m [32mlogcatd[0m [32mproclogd[0m [32mmicd[0m [32mtimed[0m [32mdmonitoringmodeld[0m [32msensord[0m [32mui[0m [32msoundd[0m [32mlocationd[0m [32mcalibrationd[0m [32mtorqued[0m [32mcontrolsd[0m [32mselfdrived[0m [32mcard[0m [32mdeleter[0m [32mdmonitoringd[0m [32mqcomgpsd[0m [32mpandad[0m [32mparamsd[0m [32mlagd[0m [32mplannerd[0m [32mradard[0m [32mhardwared[0m [32mtombstoned[0m [32muploader[0m [32mstatsd[0m [32mfeedbackd[0m [32mmodeld_tinygrad[0m [32mmapd[0m [32mmapd_manager[0m [31mmtscd[0m [32mrtid[0m
[32mloggerd[0m [32mencoderd[0m [32mlogmessaged[0m [32mcamerad[0m [32mlogcatd[0m [32mproclogd[0m [32mmicd[0m [32mtimed[0m [32mdmonitoringmodeld[0m [32msensord[0m [32mui[0m [32msoundd[0m [32mlocationd[0m [32mcalibrationd[0m [32mtorqued[0m [32mcontrolsd[0m [32mselfdrived[0m [32mcard[0m [32mdeleter[0m [32mdmonitoringd[0m [32mqcomgpsd[0m [32mpandad[0m [32mparamsd[0m [32mlagd[0m [32mplannerd[0m [32mradard[0m [32mhardwared[0m [32mtombstoned[0m [32muploader[0m [32mstatsd[0m [32mfeedbackd[0m [32mmodeld_tinygrad[0m [32mmapd[0m [32mmapd_manager[0m [31mmtscd[0m [32mrtid[0m
RTI cycle took 0.031s
RTI cycle took 0.027s
RTI cycle took 0.033s
RTI cycle took 0.027s
RTI cycle took 0.032s
RTI cycle took 0.015s
RTI cycle took 0.016s
RTI cycle took 0.011s
RTI cycle took 0.023s
RTI cycle took 0.024s
RTI cycle took 0.031s
RTI cycle took 0.017s
RTI cycle took 0.019s
RTI cycle took 0.025s
RTI cycle took 0.029s
RTI cycle took 0.022s
RTI cycle took 0.027s
RTI cycle took 0.041s
RTI cycle took 0.039s
RTI cycle took 0.025s
RTI cycle took 0.021s
RTI cycle took 0.027s
RTI cycle took 0.033s
RTI cycle took 0.026s
RTI cycle took 0.030s
RTI cycle took 0.030s
RTI cycle took 0.016s
RTI cycle took 0.014s
RTI cycle took 0.023s
RTI cycle took 0.031s
RTI cycle took 0.027s
RTI cycle took 0.021s
RTI cycle took 0.025s
RTI cycle took 0.040s
RTI cycle took 0.019s
RTI cycle took 0.036s
RTI cycle took 0.021s
RTI cycle took 0.023s
RTI cycle took 0.015s
RTI cycle took 0.024s
RTI cycle took 0.041s
RTI cycle took 0.026s
RTI cycle took 0.022s
RTI cycle took 0.027s
RTI cycle took 0.033s
RTI cycle took 0.039s
RTI cycle took 0.026s
RTI cycle took 0.026s
RTI cycle took 0.019s
RTI cycle took 0.031s
RTI cycle took 0.027s
RTI cycle took 0.022s
RTI cycle took 0.015s
RTI cycle took 0.014s
RTI cycle took 0.032s
RTI cycle took 0.027s
RTI cycle took 0.035s
RTI cycle took 0.026s
RTI cycle took 0.029s
RTI cycle took 0.030s
RTI cycle took 0.018s
RTI cycle took 0.040s
RTI cycle took 0.016s
RTI cycle took 0.034s
RTI cycle took 0.021s
RTI cycle took 0.028s
RTI cycle took 0.041s
RTI cycle took 0.016s
RTI cycle took 0.029s
RTI cycle took 0.017s
RTI cycle took 0.019s
RTI cycle took 0.020s
RTI cycle took 0.034s
RTI cycle took 0.022s
RTI cycle took 0.028s
RTI cycle took 0.031s
RTI cycle took 0.027s
RTI cycle took 0.032s
RTI cycle took 0.027s
RTI cycle took 0.029s
RTI cycle took 0.031s
RTI cycle took 0.024s
RTI cycle took 0.033s
RTI cycle took 0.026s
RTI cycle took 0.022s
RTI cycle took 0.027s
RTI cycle took 0.030s
RTI cycle took 0.021s
RTI cycle took 0.027s
RTI cycle took 0.018s
RTI cycle took 0.035s
RTI cycle took 0.034s
RTI cycle took 0.016s
RTI cycle took 0.015s
RTI cycle took 0.023s
RTI cycle took 0.018s
RTI cycle took 0.027s
RTI cycle took 0.042s
RTI cycle took 0.016s
RTI cycle took 0.024s
RTI cycle took 0.045s
RTI cycle took 0.030s
RTI cycle took 0.022s
RTI cycle took 0.031s
RTI cycle took 0.025s
RTI cycle took 0.041s
RTI cycle took 0.046s
RTI cycle took 0.033s
RTI cycle took 0.019s
RTI cycle took 0.044s
RTI cycle took 0.023s
RTI cycle took 0.037s
RTI cycle took 0.037s
RTI cycle took 0.021s
RTI cycle took 0.021s
RTI cycle took 0.027s
RTI cycle took 0.039s
RTI cycle took 0.033s
RTI cycle took 0.012s
RTI cycle took 0.031s
RTI cycle took 0.041s
RTI cycle took 0.028s
RTI cycle took 0.022s
RTI cycle took 0.024s
RTI cycle took 0.017s
RTI cycle took 0.029s
RTI cycle took 0.020s
RTI cycle took 0.018s
RTI cycle took 0.026s
RTI cycle took 0.029s
RTI cycle took 0.027s
RTI cycle took 0.041s
RTI cycle took 0.042s
RTI cycle took 0.024s
RTI cycle took 0.034s
RTI cycle took 0.027s
RTI cycle took 0.027s
RTI cycle took 0.042s
RTI cycle took 0.030s
RTI cycle took 0.024s
RTI cycle took 0.033s
RTI cycle took 0.028s
RTI cycle took 0.028s
RTI cycle took 0.030s
RTI cycle took 0.027s
RTI cycle took 0.032s
RTI cycle took 0.025s
RTI cycle took 0.039s
RTI cycle took 0.037s
RTI cycle took 0.014s
RTI cycle took 0.034s
RTI cycle took 0.042s
RTI cycle took 0.014s
RTI cycle took 0.035s
RTI cycle took 0.016s
RTI cycle took 0.033s
RTI cycle took 0.033s
RTI cycle took 0.025s
RTI cycle took 0.034s
RTI cycle took 0.037s
RTI cycle took 0.017s
RTI cycle took 0.019s
RTI cycle took 0.023s
RTI cycle took 0.039s
RTI cycle took 0.047s
RTI cycle took 0.024s
RTI cycle took 0.037s
RTI cycle took 0.037s
RTI cycle took 0.021s
RTI cycle took 0.034s
RTI cycle took 0.041s
RTI cycle took 0.033s
RTI cycle took 0.027s
RTI cycle took 0.034s
RTI cycle took 0.025s
RTI cycle took 0.033s
RTI cycle took 0.037s
RTI cycle took 0.016s
RTI cycle took 0.015s
RTI cycle took 0.021s
RTI cycle took 0.039s
RTI cycle took 0.053s
RTI cycle took 0.043s
RTI cycle took 0.015s
RTI cycle took 0.031s
RTI cycle took 0.029s
RTI cycle took 0.029s
RTI cycle took 0.031s
RTI cycle took 0.024s
RTI cycle took 0.040s
RTI cycle took 0.035s
RTI cycle took 0.021s
RTI cycle took 0.028s
RTI cycle took 0.031s
RTI cycle took 0.032s
RTI cycle took 0.039s
RTI cycle took 0.016s
RTI cycle took 0.022s
RTI cycle took 0.029s
RTI cycle took 0.036s
RTI cycle took 0.015s
[32mloggerd[0m [32mencoderd[0m [32mlogmessaged[0m [32mcamerad[0m [32mlogcatd[0m [32mproclogd[0m [32mmicd[0m [32mtimed[0m [32mdmonitoringmodeld[0m [32msensord[0m [32mui[0m [32msoundd[0m [32mlocationd[0m [32mcalibrationd[0m [32mtorqued[0m [32mcontrolsd[0m [32mselfdrived[0m [32mcard[0m [32mdeleter[0m [32mdmonitoringd[0m [32mqcomgpsd[0m [32mpandad[0m [32mparamsd[0m [32mlagd[0m [32mplannerd[0m [32mradard[0m [32mhardwared[0m [32mtombstoned[0m [32muploader[0m [32mstatsd[0m [32mfeedbackd[0m [32mmodeld_tinygrad[0m [32mmapd[0m [32mmapd_manager[0m [31mmtscd[0m [32mrtid[0m
[32mloggerd[0m [32mencoderd[0m [32mlogmessaged[0m [32mcamerad[0m [32mlogcatd[0m [32mproclogd[0m [32mmicd[0m [32mtimed[0m [32mdmonitoringmodeld[0m [32msensord[0m [32mui[0m [32msoundd[0m [32mlocationd[0m [32mcalibrationd[0m [32mtorqued[0m [32mcontrolsd[0m [32mselfdrived[0m [32mcard[0m [32mdeleter[0m [32mdmonitoringd[0m [32mqcomgpsd[0m [32mpandad[0m [32mparamsd[0m [32mlagd[0m [32mplannerd[0m [32mradard[0m [32mhardwared[0m [32mtombstoned[0m [32muploader[0m [32mstatsd[0m [32mfeedbackd[0m [32mmodeld_tinygrad[0m [32mmapd[0m [32mmapd_manager[0m [31mmtscd[0m [32mrtid[0m
[32mloggerd[0m [32mencoderd[0m [32mlogmessaged[0m [32mcamerad[0m [32mlogcatd[0m [32mproclogd[0m [32mmicd[0m [32mtimed[0m [32mdmonitoringmodeld[0m [32msensord[0m [32mui[0m [32msoundd[0m [32mlocationd[0m [32mcalibrationd[0m [32mtorqued[0m [32mcontrolsd[0m [32mselfdrived[0m [32mcard[0m [32mdeleter[0m [32mdmonitoringd[0m [32mqcomgpsd[0m [32mpandad[0m [32mparamsd[0m [32mlagd[0m [32mplannerd[0m [32mradard[0m [32mhardwared[0m [32mtombstoned[0m [32muploader[0m [32mstatsd[0m [32mfeedbackd[0m [32mmodeld_tinygrad[0m [32mmapd[0m [32mmapd_manager[0m [31mmtscd[0m [32mrtid[0m
[32mloggerd[0m [32mencoderd[0m [32mlogmessaged[0m [32mcamerad[0m [32mlogcatd[0m [32mproclogd[0m [32mmicd[0m [32mtimed[0m [32mdmonitoringmodeld[0m [32msensord[0m [32mui[0m [32msoundd[0m [32mlocationd[0m [32mcalibrationd[0m [32mtorqued[0m [32mcontrolsd[0m [32mselfdrived[0m [32mcard[0m [32mdeleter[0m [32mdmonitoringd[0m [32mqcomgpsd[0m [32mpandad[0m [32mparamsd[0m [32mlagd[0m [32mplannerd[0m [32mradard[0m [32mhardwared[0m [32mtombstoned[0m [32muploader[0m [32mstatsd[0m [32mfeedbackd[0m [32mmodeld_tinygrad[0m [32mmapd[0m [32mmapd_manager[0m [31mmtscd[0m [32mrtid[0m
[32mloggerd[0m [32mencoderd[0m [32mlogmessaged[0m [32mcamerad[0m [32mlogcatd[0m [32mproclogd[0m [32mmicd[0m [32mtimed[0m [32mdmonitoringmodeld[0m [32msensord[0m [32mui[0m [32msoundd[0m [32mlocationd[0m [32mcalibrationd[0m [32mtorqued[0m [32mcontrolsd[0m [32mselfdrived[0m [32mcard[0m [32mdeleter[0m [32mdmonitoringd[0m [32mqcomgpsd[0m [32mpandad[0m [32mparamsd[0m [32mlagd[0m [32mplannerd[0m [32mradard[0m [32mhardwared[0m [32mtombstoned[0m [32muploader[0m [32mstatsd[0m [32mfeedbackd[0m [32mmodeld_tinygrad[0m [32mmapd[0m [32mmapd_manager[0m [31mmtscd[0m [32mrtid[0m
[32mloggerd[0m [32mencoderd[0m [32mlogmessaged[0m [32mcamerad[0m [32mlogcatd[0m [32mproclogd[0m [32mmicd[0m [32mtimed[0m [32mdmonitoringmodeld[0m [32msensord[0m [32mui[0m [32msoundd[0m [32mlocationd[0m [32mcalibrationd[0m [32mtorqued[0m [32mcontrolsd[0m [32mselfdrived[0m [32mcard[0m [32mdeleter[0m [32mdmonitoringd[0m [32mqcomgpsd[0m [32mpandad[0m [32mparamsd[0m [32mlagd[0m [32mplannerd[0m [32mradard[0m [32mhardwared[0m [32mtombstoned[0m [32muploader[0m [32mstatsd[0m [32mfeedbackd[0m [32mmodeld_tinygrad[0m [32mmapd[0m [32mmapd_manager[0m [31mmtscd[0m [32mrtid[0m
[32mloggerd[0m [32mencoderd[0m [32mlogmessaged[0m [32mcamerad[0m [32mlogcatd[0m [32mproclogd[0m [32mmicd[0m [32mtimed[0m [32mdmonitoringmodeld[0m [32msensord[0m [32mui[0m [32msoundd[0m [32mlocationd[0m [32mcalibrationd[0m [32mtorqued[0m [32mcontrolsd[0m [32mselfdrived[0m [32mcard[0m [32mdeleter[0m [32mdmonitoringd[0m [32mqcomgpsd[0m [32mpandad[0m [32mparamsd[0m [32mlagd[0m [32mplannerd[0m [32mradard[0m [32mhardwared[0m [32mtombstoned[0m [32muploader[0m [32mstatsd[0m [32mfeedbackd[0m [32mmodeld_tinygrad[0m [32mmapd[0m [32mmapd_manager[0m [31mmtscd[0m [32mrtid[0m
[32mloggerd[0m [32mencoderd[0m [32mlogmessaged[0m [32mcamerad[0m [32mlogcatd[0m [32mproclogd[0m [32mmicd[0m [32mtimed[0m [32mdmonitoringmodeld[0m [32msensord[0m [32mui[0m [32msoundd[0m [32mlocationd[0m [32mcalibrationd[0m [32mtorqued[0m [32mcontrolsd[0m [32mselfdrived[0m [32mcard[0m [32mdeleter[0m [32mdmonitoringd[0m [32mqcomgpsd[0m [32mpandad[0m [32mparamsd[0m [32mlagd[0m [32mplannerd[0m [32mradard[0m [32mhardwared[0m [32mtombstoned[0m [32muploader[0m [32mstatsd[0m [32mfeedbackd[0m [32mmodeld_tinygrad[0m [32mmapd[0m [32mmapd_manager[0m [31mmtscd[0m [32mrtid[0m
[32mloggerd[0m [32mencoderd[0m [32mlogmessaged[0m [32mcamerad[0m [32mlogcatd[0m [32mproclogd[0m [32mmicd[0m [32mtimed[0m [32mdmonitoringmodeld[0m [32msensord[0m [32mui[0m [32msoundd[0m [32mlocationd[0m [32mcalibrationd[0m [32mtorqued[0m [32mcontrolsd[0m [32mselfdrived[0m [32mcard[0m [32mdeleter[0m [32mdmonitoringd[0m [32mqcomgpsd[0m [32mpandad[0m [32mparamsd[0m [32mlagd[0m [32mplannerd[0m [32mradard[0m [32mhardwared[0m [32mtombstoned[0m [32muploader[0m [32mstatsd[0m [32mfeedbackd[0m [32mmodeld_tinygrad[0m [32mmapd[0m [32mmapd_manager[0m [31mmtscd[0m [32mrtid[0m
[32mloggerd[0m [32mencoderd[0m [32mlogmessaged[0m [32mcamerad[0m [32mlogcatd[0m [32mproclogd[0m [32mmicd[0m [32mtimed[0m [32mdmonitoringmodeld[0m [32msensord[0m [32mui[0m [32msoundd[0m [32mlocationd[0m [32mcalibrationd[0m [32mtorqued[0m [32mcontrolsd[0m [32mselfdrived[0m [32mcard[0m [32mdeleter[0m [32mdmonitoringd[0m [32mqcomgpsd[0m [32mpandad[0m [32mparamsd[0m [32mlagd[0m [32mplannerd[0m [32mradard[0m [32mhardwared[0m [32mtombstoned[0m [32muploader[0m [32mstatsd[0m [32mfeedbackd[0m [32mmodeld_tinygrad[0m [32mmapd[0m [32mmapd_manager[0m [31mmtscd[0m [32mrtid[0m
[32mloggerd[0m [32mencoderd[0m [32mlogmessaged[0m [32mcamerad[0m [32mlogcatd[0m [32mproclogd[0m [32mmicd[0m [32mtimed[0m [32mdmonitoringmodeld[0m [32msensord[0m [32mui[0m [32msoundd[0m [32mlocationd[0m [32mcalibrationd[0m [32mtorqued[0m [32mcontrolsd[0m [32mselfdrived[0m [32mcard[0m [32mdeleter[0m [32mdmonitoringd[0m [32mqcomgpsd[0m [32mpandad[0m [32mparamsd[0m [32mlagd[0m [32mplannerd[0m [32mradard[0m [32mhardwared[0m [32mtombstoned[0m [32muploader[0m [32mstatsd[0m [32mfeedbackd[0m [32mmodeld_tinygrad[0m [32mmapd[0m [32mmapd_manager[0m [31mmtscd[0m [32mrtid[0m
[32mloggerd[0m [32mencoderd[0m [32mlogmessaged[0m [32mcamerad[0m [32mlogcatd[0m [32mproclogd[0m [32mmicd[0m [32mtimed[0m [32mdmonitoringmodeld[0m [32msensord[0m [32mui[0m [32msoundd[0m [32mlocationd[0m [32mcalibrationd[0m [32mtorqued[0m [32mcontrolsd[0m [32mselfdrived[0m [32mcard[0m [32mdeleter[0m [32mdmonitoringd[0m [32mqcomgpsd[0m [32mpandad[0m [32mparamsd[0m [32mlagd[0m [32mplannerd[0m [32mradard[0m [32mhardwared[0m [32mtombstoned[0m [32muploader[0m [32mstatsd[0m [32mfeedbackd[0m [32mmodeld_tinygrad[0m [32mmapd[0m [32mmapd_manager[0m [31mmtscd[0m [32mrtid[0m
RTI cycle took 0.028s
RTI cycle took 0.022s
RTI cycle took 0.038s
RTI cycle took 0.018s
RTI cycle took 0.045s
RTI cycle took 0.022s
RTI cycle took 0.035s
RTI cycle took 0.024s
RTI cycle took 0.024s
RTI cycle took 0.027s
RTI cycle took 0.043s
RTI cycle took 0.016s
RTI cycle took 0.016s
RTI cycle took 0.018s
RTI cycle took 0.042s
RTI cycle took 0.025s
RTI cycle took 0.038s
RTI cycle took 0.028s
RTI cycle took 0.047s
RTI cycle took 0.045s
RTI cycle took 0.014s
RTI cycle took 0.015s
RTI cycle took 0.022s
RTI cycle took 0.024s
RTI cycle took 0.055s
RTI cycle took 0.030s
RTI cycle took 0.028s
RTI cycle took 0.025s
RTI cycle took 0.017s
RTI cycle took 0.015s
RTI cycle took 0.024s
RTI cycle took 0.027s
RTI cycle took 0.038s
RTI cycle took 0.022s
RTI cycle took 0.027s
RTI cycle took 0.043s
RTI cycle took 0.013s
RTI cycle took 0.023s
RTI cycle took 0.026s
RTI cycle took 0.038s
RTI cycle took 0.035s
RTI cycle took 0.018s
RTI cycle took 0.022s
RTI cycle took 0.031s
RTI cycle took 0.027s
RTI cycle took 0.037s
RTI cycle took 0.025s
RTI cycle took 0.034s
RTI cycle took 0.033s
RTI cycle took 0.024s
RTI cycle took 0.039s
RTI cycle took 0.041s
RTI cycle took 0.042s
RTI cycle took 0.028s
RTI cycle took 0.025s
RTI cycle took 0.021s
RTI cycle took 0.028s
RTI cycle took 0.045s
RTI cycle took 0.033s
RTI cycle took 0.027s
RTI cycle took 0.040s
RTI cycle took 0.021s
RTI cycle took 0.019s
RTI cycle took 0.030s
RTI cycle took 0.032s
RTI cycle took 0.026s
RTI cycle took 0.018s
RTI cycle took 0.024s
RTI cycle took 0.033s
RTI cycle took 0.036s
RTI cycle took 0.043s
RTI cycle took 0.035s
RTI cycle took 0.026s
RTI cycle took 0.035s
RTI cycle took 0.041s
RTI cycle took 0.024s
RTI cycle took 0.028s
RTI cycle took 0.031s
RTI cycle took 0.038s
RTI cycle took 0.035s
RTI cycle took 0.022s
RTI cycle took 0.027s
RTI cycle took 0.036s
RTI cycle took 0.023s
RTI cycle took 0.039s
RTI cycle took 0.044s
RTI cycle took 0.035s
RTI cycle took 0.024s
RTI cycle took 0.029s
RTI cycle took 0.030s
RTI cycle took 0.028s
RTI cycle took 0.031s
RTI cycle took 0.037s
RTI cycle took 0.032s
RTI cycle took 0.035s
RTI cycle took 0.042s
RTI cycle took 0.027s
RTI cycle took 0.029s
RTI cycle took 0.033s
RTI cycle took 0.017s
RTI cycle took 0.032s
RTI cycle took 0.022s
RTI cycle took 0.035s
RTI cycle took 0.026s
RTI cycle took 0.035s
RTI cycle took 0.041s
RTI cycle took 0.028s
RTI cycle took 0.035s
RTI cycle took 0.051s
RTI cycle took 0.037s
RTI cycle took 0.039s
RTI cycle took 0.024s
RTI cycle took 0.031s
RTI cycle took 0.037s
RTI cycle took 0.031s
RTI cycle took 0.037s
RTI cycle took 0.039s
RTI cycle took 0.026s
RTI cycle took 0.034s
RTI cycle took 0.021s
RTI cycle took 0.031s
RTI cycle took 0.043s
RTI cycle took 0.014s
RTI cycle took 0.018s
RTI cycle took 0.024s
RTI cycle took 0.035s
RTI cycle took 0.014s
RTI cycle took 0.033s
RTI cycle took 0.027s
RTI cycle took 0.044s
RTI cycle took 0.034s
RTI cycle took 0.027s
RTI cycle took 0.027s
RTI cycle took 0.022s
RTI cycle took 0.034s
RTI cycle took 0.031s
RTI cycle took 0.035s
RTI cycle took 0.028s
RTI cycle took 0.021s
RTI cycle took 0.038s
RTI cycle took 0.033s
RTI cycle took 0.029s
RTI cycle took 0.028s
RTI cycle took 0.036s
RTI cycle took 0.037s
RTI cycle took 0.022s
RTI cycle took 0.030s
RTI cycle took 0.035s
RTI cycle took 0.035s
RTI cycle took 0.022s
RTI cycle took 0.036s
RTI cycle took 0.031s
RTI cycle took 0.036s
RTI cycle took 0.031s
RTI cycle took 0.019s
RTI cycle took 0.026s
RTI cycle took 0.039s
RTI cycle took 0.016s
RTI cycle took 0.016s
RTI cycle took 0.023s
RTI cycle took 0.036s
RTI cycle took 0.022s
RTI cycle took 0.038s
RTI cycle took 0.035s
RTI cycle took 0.031s
RTI cycle took 0.028s
RTI cycle took 0.031s
RTI cycle took 0.037s
RTI cycle took 0.017s
RTI cycle took 0.039s
RTI cycle took 0.013s
RTI cycle took 0.024s
RTI cycle took 0.025s
RTI cycle took 0.035s
RTI cycle took 0.035s
RTI cycle took 0.027s
RTI cycle took 0.027s
RTI cycle took 0.029s
RTI cycle took 0.026s
RTI cycle took 0.044s
RTI cycle took 0.019s
RTI cycle took 0.014s
RTI cycle took 0.018s
RTI cycle took 0.028s
RTI cycle took 0.027s
RTI cycle took 0.026s
[32mloggerd[0m [32mencoderd[0m [32mlogmessaged[0m [32mcamerad[0m [32mlogcatd[0m [32mproclogd[0m [32mmicd[0m [32mtimed[0m [32mdmonitoringmodeld[0m [32msensord[0m [32mui[0m [32msoundd[0m [32mlocationd[0m [32mcalibrationd[0m [32mtorqued[0m [32mcontrolsd[0m [32mselfdrived[0m [32mcard[0m [32mdeleter[0m [32mdmonitoringd[0m [32mqcomgpsd[0m [32mpandad[0m [32mparamsd[0m [32mlagd[0m [32mplannerd[0m [32mradard[0m [32mhardwared[0m [32mtombstoned[0m [32muploader[0m [32mstatsd[0m [32mfeedbackd[0m [32mmodeld_tinygrad[0m [32mmapd[0m [32mmapd_manager[0m [31mmtscd[0m [32mrtid[0m
[32mloggerd[0m [32mencoderd[0m [32mlogmessaged[0m [32mcamerad[0m [32mlogcatd[0m [32mproclogd[0m [32mmicd[0m [32mtimed[0m [32mdmonitoringmodeld[0m [32msensord[0m [32mui[0m [32msoundd[0m [32mlocationd[0m [32mcalibrationd[0m [32mtorqued[0m [32mcontrolsd[0m [32mselfdrived[0m [32mcard[0m [32mdeleter[0m [32mdmonitoringd[0m [32mqcomgpsd[0m [32mpandad[0m [32mparamsd[0m [32mlagd[0m [32mplannerd[0m [32mradard[0m [32mhardwared[0m [32mtombstoned[0m [32muploader[0m [32mstatsd[0m [32mfeedbackd[0m [32mmodeld_tinygrad[0m [32mmapd[0m [32mmapd_manager[0m [31mmtscd[0m [32mrtid[0m
[32mloggerd[0m [32mencoderd[0m [32mlogmessaged[0m [32mcamerad[0m [32mlogcatd[0m [32mproclogd[0m [32mmicd[0m [32mtimed[0m [32mdmonitoringmodeld[0m [32msensord[0m [32mui[0m [32msoundd[0m [32mlocationd[0m [32mcalibrationd[0m [32mtorqued[0m [32mcontrolsd[0m [32mselfdrived[0m [32mcard[0m [32mdeleter[0m [32mdmonitoringd[0m [32mqcomgpsd[0m [32mpandad[0m [32mparamsd[0m [32mlagd[0m [32mplannerd[0m [32mradard[0m [32mhardwared[0m [32mtombstoned[0m [32muploader[0m [32mstatsd[0m [32mfeedbackd[0m [32mmodeld_tinygrad[0m [32mmapd[0m [32mmapd_manager[0m [31mmtscd[0m [32mrtid[0m
[32mloggerd[0m [32mencoderd[0m [32mlogmessaged[0m [32mcamerad[0m [32mlogcatd[0m [32mproclogd[0m [32mmicd[0m [32mtimed[0m [32mdmonitoringmodeld[0m [32msensord[0m [32mui[0m [32msoundd[0m [32mlocationd[0m [32mcalibrationd[0m [32mtorqued[0m [32mcontrolsd[0m [32mselfdrived[0m [32mcard[0m [32mdeleter[0m [32mdmonitoringd[0m [32mqcomgpsd[0m [32mpandad[0m [32mparamsd[0m [32mlagd[0m [32mplannerd[0m [32mradard[0m [32mhardwared[0m [32mtombstoned[0m [32muploader[0m [32mstatsd[0m [32mfeedbackd[0m [32mmodeld_tinygrad[0m [32mmapd[0m [32mmapd_manager[0m [31mmtscd[0m [32mrtid[0m
[32mloggerd[0m [32mencoderd[0m [32mlogmessaged[0m [32mcamerad[0m [32mlogcatd[0m [32mproclogd[0m [32mmicd[0m [32mtimed[0m [32mdmonitoringmodeld[0m [32msensord[0m [32mui[0m [32msoundd[0m [32mlocationd[0m [32mcalibrationd[0m [32mtorqued[0m [32mcontrolsd[0m [32mselfdrived[0m [32mcard[0m [32mdeleter[0m [32mdmonitoringd[0m [32mqcomgpsd[0m [32mpandad[0m [32mparamsd[0m [32mlagd[0m [32mplannerd[0m [32mradard[0m [32mhardwared[0m [32mtombstoned[0m [32muploader[0m [32mstatsd[0m [32mfeedbackd[0m [32mmodeld_tinygrad[0m [32mmapd[0m [32mmapd_manager[0m [31mmtscd[0m [32mrtid[0m
[32mloggerd[0m [32mencoderd[0m [32mlogmessaged[0m [32mcamerad[0m [32mlogcatd[0m [32mproclogd[0m [32mmicd[0m [32mtimed[0m [32mdmonitoringmodeld[0m [32msensord[0m [32mui[0m [32msoundd[0m [32mlocationd[0m [32mcalibrationd[0m [32mtorqued[0m [32mcontrolsd[0m [32mselfdrived[0m [32mcard[0m [32mdeleter[0m [32mdmonitoringd[0m [32mqcomgpsd[0m [32mpandad[0m [32mparamsd[0m [32mlagd[0m [32mplannerd[0m [32mradard[0m [32mhardwared[0m [32mtombstoned[0m [32muploader[0m [32mstatsd[0m [32mfeedbackd[0m [32mmodeld_tinygrad[0m [32mmapd[0m [32mmapd_manager[0m [31mmtscd[0m [32mrtid[0m
[32mloggerd[0m [32mencoderd[0m [32mlogmessaged[0m [32mcamerad[0m [32mlogcatd[0m [32mproclogd[0m [32mmicd[0m [32mtimed[0m [32mdmonitoringmodeld[0m [32msensord[0m [32mui[0m [32msoundd[0m [32mlocationd[0m [32mcalibrationd[0m [32mtorqued[0m [32mcontrolsd[0m [32mselfdrived[0m [32mcard[0m [32mdeleter[0m [32mdmonitoringd[0m [32mqcomgpsd[0m [32mpandad[0m [32mparamsd[0m [32mlagd[0m [32mplannerd[0m [32mradard[0m [32mhardwared[0m [32mtombstoned[0m [32muploader[0m [32mstatsd[0m [32mfeedbackd[0m [32mmodeld_tinygrad[0m [32mmapd[0m [32mmapd_manager[0m [31mmtscd[0m [32mrtid[0m
[32mloggerd[0m [32mencoderd[0m [32mlogmessaged[0m [32mcamerad[0m [32mlogcatd[0m [32mproclogd[0m [32mmicd[0m [32mtimed[0m [32mdmonitoringmodeld[0m [32msensord[0m [32mui[0m [32msoundd[0m [32mlocationd[0m [32mcalibrationd[0m [32mtorqued[0m [32mcontrolsd[0m [32mselfdrived[0m [32mcard[0m [32mdeleter[0m [32mdmonitoringd[0m [32mqcomgpsd[0m [32mpandad[0m [32mparamsd[0m [32mlagd[0m [32mplannerd[0m [32mradard[0m [32mhardwared[0m [32mtombstoned[0m [32muploader[0m [32mstatsd[0m [32mfeedbackd[0m [32mmodeld_tinygrad[0m [32mmapd[0m [32mmapd_manager[0m [31mmtscd[0m [32mrtid[0m
[32mloggerd[0m [32mencoderd[0m [32mlogmessaged[0m [32mcamerad[0m [32mlogcatd[0m [32mproclogd[0m [32mmicd[0m [32mtimed[0m [32mdmonitoringmodeld[0m [32msensord[0m [32mui[0m [32msoundd[0m [32mlocationd[0m [32mcalibrationd[0m [32mtorqued[0m [32mcontrolsd[0m [32mselfdrived[0m [32mcard[0m [32mdeleter[0m [32mdmonitoringd[0m [32mqcomgpsd[0m [32mpandad[0m [32mparamsd[0m [32mlagd[0m [32mplannerd[0m [32mradard[0m [32mhardwared[0m [32mtombstoned[0m [32muploader[0m [32mstatsd[0m [32mfeedbackd[0m [32mmodeld_tinygrad[0m [32mmapd[0m [32mmapd_manager[0m [31mmtscd[0m [32mrtid[0m
[32mloggerd[0m [32mencoderd[0m [32mlogmessaged[0m [32mcamerad[0m [32mlogcatd[0m [32mproclogd[0m [32mmicd[0m [32mtimed[0m [32mdmonitoringmodeld[0m [32msensord[0m [32mui[0m [32msoundd[0m [32mlocationd[0m [32mcalibrationd[0m [32mtorqued[0m [32mcontrolsd[0m [32mselfdrived[0m [32mcard[0m [32mdeleter[0m [32mdmonitoringd[0m [32mqcomgpsd[0m [32mpandad[0m [32mparamsd[0m [32mlagd[0m [32mplannerd[0m [32mradard[0m [32mhardwared[0m [32mtombstoned[0m [32muploader[0m [32mstatsd[0m [32mfeedbackd[0m [32mmodeld_tinygrad[0m [32mmapd[0m [32mmapd_manager[0m [31mmtscd[0m [32mrtid[0m
[32mloggerd[0m [32mencoderd[0m [32mlogmessaged[0m [32mcamerad[0m [32mlogcatd[0m [32mproclogd[0m [32mmicd[0m [32mtimed[0m [32mdmonitoringmodeld[0m [32msensord[0m [32mui[0m [32msoundd[0m [32mlocationd[0m [32mcalibrationd[0m [32mtorqued[0m [32mcontrolsd[0m [32mselfdrived[0m [32mcard[0m [32mdeleter[0m [32mdmonitoringd[0m [32mqcomgpsd[0m [32mpandad[0m [32mparamsd[0m [32mlagd[0m [32mplannerd[0m [32mradard[0m [32mhardwared[0m [32mtombstoned[0m [32muploader[0m [32mstatsd[0m [32mfeedbackd[0m [32mmodeld_tinygrad[0m [32mmapd[0m [32mmapd_manager[0m [31mmtscd[0m [32mrtid[0m
[32mloggerd[0m [32mencoderd[0m [32mlogmessaged[0m [32mcamerad[0m [32mlogcatd[0m [32mproclogd[0m [32mmicd[0m [32mtimed[0m [32mdmonitoringmodeld[0m [32msensord[0m [32mui[0m [32msoundd[0m [32mlocationd[0m [32mcalibrationd[0m [32mtorqued[0m [32mcontrolsd[0m [32mselfdrived[0m [32mcard[0m [32mdeleter[0m [32mdmonitoringd[0m [32mqcomgpsd[0m [32mpandad[0m [32mparamsd[0m [32mlagd[0m [32mplannerd[0m [32mradard[0m [32mhardwared[0m [32mtombstoned[0m [32muploader[0m [32mstatsd[0m [32mfeedbackd[0m [32mmodeld_tinygrad[0m [32mmapd[0m [32mmapd_manager[0m [31mmtscd[0m [32mrtid[0m
RTI cycle took 0.042s
RTI cycle took 0.040s
RTI cycle took 0.016s
RTI cycle took 0.035s
RTI cycle took 0.016s
RTI cycle took 0.025s
RTI cycle took 0.040s
RTI cycle took 0.029s
RTI cycle took 0.017s
RTI cycle took 0.022s
RTI cycle took 0.039s
RTI cycle took 0.034s
RTI cycle took 0.022s
RTI cycle took 0.039s
RTI cycle took 0.022s
RTI cycle took 0.028s
RTI cycle took 0.039s
RTI cycle took 0.042s
RTI cycle took 0.015s
RTI cycle took 0.026s
RTI cycle took 0.038s
RTI cycle took 0.027s
RTI cycle took 0.021s
RTI cycle took 0.028s
RTI cycle took 0.039s
RTI cycle took 0.018s
RTI cycle took 0.034s
RTI cycle took 0.033s
RTI cycle took 0.025s
RTI cycle took 0.039s
RTI cycle took 0.032s
RTI cycle took 0.025s
RTI cycle took 0.040s
RTI cycle took 0.031s
RTI cycle took 0.027s
RTI cycle took 0.026s
RTI cycle took 0.019s
RTI cycle took 0.035s
RTI cycle took 0.035s
RTI cycle took 0.021s
RTI cycle took 0.022s
RTI cycle took 0.022s
RTI cycle took 0.039s
RTI cycle took 0.032s
RTI cycle took 0.031s
RTI cycle took 0.021s
RTI cycle took 0.030s
RTI cycle took 0.037s
RTI cycle took 0.029s
RTI cycle took 0.030s
RTI cycle took 0.026s
RTI cycle took 0.033s
RTI cycle took 0.040s
RTI cycle took 0.026s
RTI cycle took 0.023s
RTI cycle took 0.029s
RTI cycle took 0.019s
RTI cycle took 0.046s
RTI cycle took 0.020s
RTI cycle took 0.030s
RTI cycle took 0.030s
RTI cycle took 0.029s
RTI cycle took 0.034s
RTI cycle took 0.040s
RTI cycle took 0.018s
RTI cycle took 0.018s
RTI cycle took 0.037s
RTI cycle took 0.015s
RTI cycle took 0.026s
RTI cycle took 0.027s
RTI cycle took 0.030s
RTI cycle took 0.039s
RTI cycle took 0.027s
RTI cycle took 0.031s
RTI cycle took 0.041s
RTI cycle took 0.017s
RTI cycle took 0.031s
RTI cycle took 0.022s
RTI cycle took 0.037s
RTI cycle took 0.022s
RTI cycle took 0.027s
RTI cycle took 0.031s
RTI cycle took 0.029s
RTI cycle took 0.038s
RTI cycle took 0.045s
RTI cycle took 0.034s
RTI cycle took 0.022s
RTI cycle took 0.031s
RTI cycle took 0.071s
RTI cycle took 0.027s
RTI cycle took 0.049s
RTI cycle took 0.046s
RTI cycle took 0.020s
RTI cycle took 0.024s
RTI cycle took 0.032s
RTI cycle took 0.030s
RTI cycle took 0.027s
RTI cycle took 0.046s
RTI cycle took 0.014s
RTI cycle took 0.028s
RTI cycle took 0.042s
RTI cycle took 0.028s
RTI cycle took 0.041s
RTI cycle took 0.036s
RTI cycle took 0.046s
RTI cycle took 0.019s
RTI cycle took 0.054s
RTI cycle took 0.049s
RTI cycle took 0.042s
RTI cycle took 0.039s
RTI cycle took 0.041s
RTI cycle took 0.040s
RTI cycle took 0.034s
RTI cycle took 0.025s
RTI cycle took 0.040s
RTI cycle took 0.043s
RTI cycle took 0.037s
RTI cycle took 0.019s
RTI cycle took 0.077s
RTI cycle took 0.023s
RTI cycle took 0.020s
RTI cycle took 0.050s
RTI cycle took 0.066s
RTI cycle took 0.034s
RTI cycle took 0.038s
RTI cycle took 0.020s
RTI cycle took 0.025s
RTI cycle took 0.029s
RTI cycle took 0.027s
RTI cycle took 0.037s
RTI cycle took 0.021s
RTI cycle took 0.034s
RTI cycle took 0.057s
RTI cycle took 0.024s
RTI cycle took 0.033s
RTI cycle took 0.024s
RTI cycle took 0.027s
RTI cycle took 0.031s
RTI cycle took 0.027s
RTI cycle took 0.033s
RTI cycle took 0.040s
RTI cycle took 0.024s
RTI cycle took 0.034s
RTI cycle took 0.019s
RTI cycle took 0.033s
RTI cycle took 0.036s
RTI cycle took 0.073s
RTI cycle took 0.036s
RTI cycle took 0.038s
RTI cycle took 0.020s
RTI cycle took 0.051s
RTI cycle took 0.034s
RTI cycle took 0.041s
RTI cycle took 0.037s
RTI cycle took 0.025s
RTI cycle took 0.046s
RTI cycle took 0.027s
RTI cycle took 0.020s
RTI cycle took 0.026s
RTI cycle took 0.039s
RTI cycle took 0.014s
RTI cycle took 0.027s
RTI cycle took 0.021s
RTI cycle took 0.035s
RTI cycle took 0.035s
RTI cycle took 0.027s
RTI cycle took 0.041s
RTI cycle took 0.017s
RTI cycle took 0.018s
RTI cycle took 0.018s
RTI cycle took 0.017s
RTI cycle took 0.029s
RTI cycle took 0.016s
RTI cycle took 0.039s
RTI cycle took 0.034s
[32mloggerd[0m [32mencoderd[0m [32mlogmessaged[0m [32mcamerad[0m [32mlogcatd[0m [32mproclogd[0m [32mmicd[0m [32mtimed[0m [32mdmonitoringmodeld[0m [32msensord[0m [32mui[0m [32msoundd[0m [32mlocationd[0m [32mcalibrationd[0m [32mtorqued[0m [32mcontrolsd[0m [32mselfdrived[0m [32mcard[0m [32mdeleter[0m [32mdmonitoringd[0m [32mqcomgpsd[0m [32mpandad[0m [32mparamsd[0m [32mlagd[0m [32mplannerd[0m [32mradard[0m [32mhardwared[0m [32mtombstoned[0m [32muploader[0m [32mstatsd[0m [32mfeedbackd[0m [32mmodeld_tinygrad[0m [32mmapd[0m [32mmapd_manager[0m [31mmtscd[0m [32mrtid[0m
[32mloggerd[0m [32mencoderd[0m [32mlogmessaged[0m [32mcamerad[0m [32mlogcatd[0m [32mproclogd[0m [32mmicd[0m [32mtimed[0m [32mdmonitoringmodeld[0m [32msensord[0m [32mui[0m [32msoundd[0m [32mlocationd[0m [32mcalibrationd[0m [32mtorqued[0m [32mcontrolsd[0m [32mselfdrived[0m [32mcard[0m [32mdeleter[0m [32mdmonitoringd[0m [32mqcomgpsd[0m [32mpandad[0m [32mparamsd[0m [32mlagd[0m [32mplannerd[0m [32mradard[0m [32mhardwared[0m [32mtombstoned[0m [32muploader[0m [32mstatsd[0m [32mfeedbackd[0m [32mmodeld_tinygrad[0m [32mmapd[0m [32mmapd_manager[0m [31mmtscd[0m [32mrtid[0m
[32mloggerd[0m [32mencoderd[0m [32mlogmessaged[0m [32mcamerad[0m [32mlogcatd[0m [32mproclogd[0m [32mmicd[0m [32mtimed[0m [32mdmonitoringmodeld[0m [32msensord[0m [32mui[0m [32msoundd[0m [32mlocationd[0m [32mcalibrationd[0m [32mtorqued[0m [32mcontrolsd[0m [32mselfdrived[0m [32mcard[0m [32mdeleter[0m [32mdmonitoringd[0m [32mqcomgpsd[0m [32mpandad[0m [32mparamsd[0m [32mlagd[0m [32mplannerd[0m [32mradard[0m [32mhardwared[0m [32mtombstoned[0m [32muploader[0m [32mstatsd[0m [32mfeedbackd[0m [32mmodeld_tinygrad[0m [32mmapd[0m [32mmapd_manager[0m [31mmtscd[0m [32mrtid[0m
[32mloggerd[0m [32mencoderd[0m [32mlogmessaged[0m [32mcamerad[0m [32mlogcatd[0m [32mproclogd[0m [32mmicd[0m [32mtimed[0m [32mdmonitoringmodeld[0m [32msensord[0m [32mui[0m [32msoundd[0m [32mlocationd[0m [32mcalibrationd[0m [32mtorqued[0m [32mcontrolsd[0m [32mselfdrived[0m [32mcard[0m [32mdeleter[0m [32mdmonitoringd[0m [32mqcomgpsd[0m [32mpandad[0m [32mparamsd[0m [32mlagd[0m [32mplannerd[0m [32mradard[0m [32mhardwared[0m [32mtombstoned[0m [32muploader[0m [32mstatsd[0m [32mfeedbackd[0m [32mmodeld_tinygrad[0m [32mmapd[0m [32mmapd_manager[0m [31mmtscd[0m [32mrtid[0m
[32mloggerd[0m [32mencoderd[0m [32mlogmessaged[0m [32mcamerad[0m [32mlogcatd[0m [32mproclogd[0m [32mmicd[0m [32mtimed[0m [32mdmonitoringmodeld[0m [32msensord[0m [32mui[0m [32msoundd[0m [32mlocationd[0m [32mcalibrationd[0m [32mtorqued[0m [32mcontrolsd[0m [32mselfdrived[0m [32mcard[0m [32mdeleter[0m [32mdmonitoringd[0m [32mqcomgpsd[0m [32mpandad[0m [32mparamsd[0m [32mlagd[0m [32mplannerd[0m [32mradard[0m [32mhardwared[0m [32mtombstoned[0m [32muploader[0m [32mstatsd[0m [32mfeedbackd[0m [32mmodeld_tinygrad[0m [32mmapd[0m [32mmapd_manager[0m [31mmtscd[0m [32mrtid[0m
[32mloggerd[0m [32mencoderd[0m [32mlogmessaged[0m [32mcamerad[0m [32mlogcatd[0m [32mproclogd[0m [32mmicd[0m [32mtimed[0m [32mdmonitoringmodeld[0m [32msensord[0m [32mui[0m [32msoundd[0m [32mlocationd[0m [32mcalibrationd[0m [32mtorqued[0m [32mcontrolsd[0m [32mselfdrived[0m [32mcard[0m [32mdeleter[0m [32mdmonitoringd[0m [32mqcomgpsd[0m [32mpandad[0m [32mparamsd[0m [32mlagd[0m [32mplannerd[0m [32mradard[0m [32mhardwared[0m [32mtombstoned[0m [32muploader[0m [32mstatsd[0m [32mfeedbackd[0m [32mmodeld_tinygrad[0m [32mmapd[0m [32mmapd_manager[0m [31mmtscd[0m [32mrtid[0m
[32mloggerd[0m [32mencoderd[0m [32mlogmessaged[0m [32mcamerad[0m [32mlogcatd[0m [32mproclogd[0m [32mmicd[0m [32mtimed[0m [32mdmonitoringmodeld[0m [32msensord[0m [32mui[0m [32msoundd[0m [32mlocationd[0m [32mcalibrationd[0m [32mtorqued[0m [32mcontrolsd[0m [32mselfdrived[0m [32mcard[0m [32mdeleter[0m [32mdmonitoringd[0m [32mqcomgpsd[0m [32mpandad[0m [32mparamsd[0m [32mlagd[0m [32mplannerd[0m [32mradard[0m [32mhardwared[0m [32mtombstoned[0m [32muploader[0m [32mstatsd[0m [32mfeedbackd[0m [32mmodeld_tinygrad[0m [32mmapd[0m [32mmapd_manager[0m [31mmtscd[0m [32mrtid[0m
[32mloggerd[0m [32mencoderd[0m [32mlogmessaged[0m [32mcamerad[0m [32mlogcatd[0m [32mproclogd[0m [32mmicd[0m [32mtimed[0m [32mdmonitoringmodeld[0m [32msensord[0m [32mui[0m [32msoundd[0m [32mlocationd[0m [32mcalibrationd[0m [32mtorqued[0m [32mcontrolsd[0m [32mselfdrived[0m [32mcard[0m [32mdeleter[0m [32mdmonitoringd[0m [32mqcomgpsd[0m [32mpandad[0m [32mparamsd[0m [32mlagd[0m [32mplannerd[0m [32mradard[0m [32mhardwared[0m [32mtombstoned[0m [32muploader[0m [32mstatsd[0m [32mfeedbackd[0m [32mmodeld_tinygrad[0m [32mmapd[0m [32mmapd_manager[0m [31mmtscd[0m [32mrtid[0m
[32mloggerd[0m [32mencoderd[0m [32mlogmessaged[0m [32mcamerad[0m [32mlogcatd[0m [32mproclogd[0m [32mmicd[0m [32mtimed[0m [32mdmonitoringmodeld[0m [32msensord[0m [32mui[0m [32msoundd[0m [32mlocationd[0m [32mcalibrationd[0m [32mtorqued[0m [32mcontrolsd[0m [32mselfdrived[0m [32mcard[0m [32mdeleter[0m [32mdmonitoringd[0m [32mqcomgpsd[0m [32mpandad[0m [32mparamsd[0m [32mlagd[0m [32mplannerd[0m [32mradard[0m [32mhardwared[0m [32mtombstoned[0m [32muploader[0m [32mstatsd[0m [32mfeedbackd[0m [32mmodeld_tinygrad[0m [32mmapd[0m [32mmapd_manager[0m [31mmtscd[0m [32mrtid[0m
[32mloggerd[0m [32mencoderd[0m [32mlogmessaged[0m [32mcamerad[0m [32mlogcatd[0m [32mproclogd[0m [32mmicd[0m [32mtimed[0m [32mdmonitoringmodeld[0m [32msensord[0m [32mui[0m [32msoundd[0m [32mlocationd[0m [32mcalibrationd[0m [32mtorqued[0m [32mcontrolsd[0m [32mselfdrived[0m [32mcard[0m [32mdeleter[0m [32mdmonitoringd[0m [32mqcomgpsd[0m [32mpandad[0m [32mparamsd[0m [32mlagd[0m [32mplannerd[0m [32mradard[0m [32mhardwared[0m [32mtombstoned[0m [32muploader[0m [32mstatsd[0m [32mfeedbackd[0m [32mmodeld_tinygrad[0m [32mmapd[0m [32mmapd_manager[0m [31mmtscd[0m [32mrtid[0m
[32mloggerd[0m [32mencoderd[0m [32mlogmessaged[0m [32mcamerad[0m [32mlogcatd[0m [32mproclogd[0m [32mmicd[0m [32mtimed[0m [32mdmonitoringmodeld[0m [32msensord[0m [32mui[0m [32msoundd[0m [32mlocationd[0m [32mcalibrationd[0m [32mtorqued[0m [32mcontrolsd[0m [32mselfdrived[0m [32mcard[0m [32mdeleter[0m [32mdmonitoringd[0m [32mqcomgpsd[0m [32mpandad[0m [32mparamsd[0m [32mlagd[0m [32mplannerd[0m [32mradard[0m [32mhardwared[0m [32mtombstoned[0m [32muploader[0m [32mstatsd[0m [32mfeedbackd[0m [32mmodeld_tinygrad[0m [32mmapd[0m [32mmapd_manager[0m [31mmtscd[0m [32mrtid[0m
[32mloggerd[0m [32mencoderd[0m [32mlogmessaged[0m [32mcamerad[0m [32mlogcatd[0m [32mproclogd[0m [32mmicd[0m [32mtimed[0m [32mdmonitoringmodeld[0m [32msensord[0m [32mui[0m [32msoundd[0m [32mlocationd[0m [32mcalibrationd[0m [32mtorqued[0m [32mcontrolsd[0m [32mselfdrived[0m [32mcard[0m [32mdeleter[0m [32mdmonitoringd[0m [32mqcomgpsd[0m [32mpandad[0m [32mparamsd[0m [32mlagd[0m [32mplannerd[0m [32mradard[0m [32mhardwared[0m [32mtombstoned[0m [32muploader[0m [32mstatsd[0m [32mfeedbackd[0m [32mmodeld_tinygrad[0m [32mmapd[0m [32mmapd_manager[0m [31mmtscd[0m [32mrtid[0m
RTI cycle took 0.063s
RTI cycle took 0.043s
RTI cycle took 0.033s
RTI cycle took 0.027s
RTI cycle took 0.032s
RTI cycle took 0.020s
RTI cycle took 0.033s
RTI cycle took 0.025s
RTI cycle took 0.027s
RTI cycle took 0.051s
RTI cycle took 0.017s
RTI cycle took 0.024s
RTI cycle took 0.044s
RTI cycle took 0.044s
RTI cycle took 0.048s
RTI cycle took 0.024s
RTI cycle took 0.033s
RTI cycle took 0.039s
RTI cycle took 0.033s
RTI cycle took 0.023s
RTI cycle took 0.036s
RTI cycle took 0.038s
RTI cycle took 0.024s
RTI cycle took 0.038s
RTI cycle took 0.032s
RTI cycle took 0.026s
RTI cycle took 0.041s
RTI cycle took 0.019s
RTI cycle took 0.037s
RTI cycle took 0.033s
RTI cycle took 0.015s
RTI cycle took 0.026s
RTI cycle took 0.030s
RTI cycle took 0.025s
RTI cycle took 0.016s
RTI cycle took 0.031s
RTI cycle took 0.021s
RTI cycle took 0.028s
RTI cycle took 0.040s
RTI cycle took 0.044s
RTI cycle took 0.034s
RTI cycle took 0.026s
RTI cycle took 0.040s
RTI cycle took 0.041s
RTI cycle took 0.026s
RTI cycle took 0.034s
RTI cycle took 0.035s
RTI cycle took 0.018s
RTI cycle took 0.037s
RTI cycle took 0.029s
RTI cycle took 0.042s
RTI cycle took 0.028s
RTI cycle took 0.044s
RTI cycle took 0.028s
RTI cycle took 0.025s
RTI cycle took 0.042s
RTI cycle took 0.027s
RTI cycle took 0.026s
RTI cycle took 0.032s
RTI cycle took 0.024s
RTI cycle took 0.034s
RTI cycle took 0.037s
RTI cycle took 0.037s
RTI cycle took 0.030s
RTI cycle took 0.039s
RTI cycle took 0.045s
RTI cycle took 0.020s
RTI cycle took 0.031s
RTI cycle took 0.038s
RTI cycle took 0.017s
RTI cycle took 0.033s
RTI cycle took 0.041s
RTI cycle took 0.026s
RTI cycle took 0.029s
RTI cycle took 0.040s
RTI cycle took 0.024s
RTI cycle took 0.039s
RTI cycle took 0.033s
RTI cycle took 0.025s
RTI cycle took 0.039s
RTI cycle took 0.034s
RTI cycle took 0.028s
RTI cycle took 0.027s
RTI cycle took 0.041s
RTI cycle took 0.012s
RTI cycle took 0.031s
RTI cycle took 0.041s
RTI cycle took 0.021s
RTI cycle took 0.036s
RTI cycle took 0.065s
RTI cycle took 0.020s
RTI cycle took 0.042s
RTI cycle took 0.023s
RTI cycle took 0.040s
RTI cycle took 0.033s
RTI cycle took 0.041s
RTI cycle took 0.030s
RTI cycle took 0.034s
RTI cycle took 0.082s
RTI cycle took 0.051s
RTI cycle took 0.028s
RTI cycle took 0.044s
RTI cycle took 0.034s
RTI cycle took 0.032s
RTI cycle took 0.031s
RTI cycle took 0.035s
RTI cycle took 0.033s
RTI cycle took 0.028s
RTI cycle took 0.024s
RTI cycle took 0.052s
RTI cycle took 0.040s
RTI cycle took 0.025s
RTI cycle took 0.038s
RTI cycle took 0.021s
RTI cycle took 0.035s
RTI cycle took 0.039s
RTI cycle took 0.035s
RTI cycle took 0.024s
RTI cycle took 0.027s
RTI cycle took 0.050s
RTI cycle took 0.018s
RTI cycle took 0.039s
RTI cycle took 0.035s
RTI cycle took 0.022s
RTI cycle took 0.051s
RTI cycle took 0.035s
RTI cycle took 0.038s
RTI cycle took 0.046s
RTI cycle took 0.045s
RTI cycle took 0.050s
RTI cycle took 0.011s
RTI cycle took 0.028s
RTI cycle took 0.030s
RTI cycle took 0.020s
RTI cycle took 0.039s
RTI cycle took 0.028s
RTI cycle took 0.027s
RTI cycle took 0.049s
RTI cycle took 0.029s
RTI cycle took 0.036s
RTI cycle took 0.064s
RTI cycle took 0.042s
RTI cycle took 0.032s
RTI cycle took 0.015s
RTI cycle took 0.025s
RTI cycle took 0.053s
RTI cycle took 0.034s
RTI cycle took 0.029s
RTI cycle took 0.039s
RTI cycle took 0.030s
RTI cycle took 0.037s
RTI cycle took 0.035s
RTI cycle took 0.070s
RTI cycle took 0.028s
RTI cycle took 0.050s
RTI cycle took 0.068s
RTI cycle took 0.050s
RTI cycle took 0.019s
RTI cycle took 0.131s
RTI cycle took 0.025s
RTI cycle took 0.032s
RTI cycle took 0.079s
RTI cycle took 0.025s
RTI cycle took 0.022s
RTI cycle took 0.038s
RTI cycle took 0.026s
RTI cycle took 0.031s
RTI cycle took 0.018s
RTI cycle took 0.023s
[32mloggerd[0m [32mencoderd[0m [32mlogmessaged[0m [32mcamerad[0m [32mlogcatd[0m [32mproclogd[0m [32mmicd[0m [32mtimed[0m [32mdmonitoringmodeld[0m [32msensord[0m [32mui[0m [32msoundd[0m [32mlocationd[0m [32mcalibrationd[0m [32mtorqued[0m [32mcontrolsd[0m [32mselfdrived[0m [32mcard[0m [32mdeleter[0m [32mdmonitoringd[0m [32mqcomgpsd[0m [32mpandad[0m [32mparamsd[0m [32mlagd[0m [32mplannerd[0m [32mradard[0m [32mhardwared[0m [32mtombstoned[0m [32muploader[0m [32mstatsd[0m [32mfeedbackd[0m [32mmodeld_tinygrad[0m [32mmapd[0m [32mmapd_manager[0m [31mmtscd[0m [32mrtid[0m
[32mloggerd[0m [32mencoderd[0m [32mlogmessaged[0m [32mcamerad[0m [32mlogcatd[0m [32mproclogd[0m [32mmicd[0m [32mtimed[0m [32mdmonitoringmodeld[0m [32msensord[0m [32mui[0m [32msoundd[0m [32mlocationd[0m [32mcalibrationd[0m [32mtorqued[0m [32mcontrolsd[0m [32mselfdrived[0m [32mcard[0m [32mdeleter[0m [32mdmonitoringd[0m [32mqcomgpsd[0m [32mpandad[0m [32mparamsd[0m [32mlagd[0m [32mplannerd[0m [32mradard[0m [32mhardwared[0m [32mtombstoned[0m [32muploader[0m [32mstatsd[0m [32mfeedbackd[0m [32mmodeld_tinygrad[0m [32mmapd[0m [32mmapd_manager[0m [31mmtscd[0m [32mrtid[0m
[32mloggerd[0m [32mencoderd[0m [32mlogmessaged[0m [32mcamerad[0m [32mlogcatd[0m [32mproclogd[0m [32mmicd[0m [32mtimed[0m [32mdmonitoringmodeld[0m [32msensord[0m [32mui[0m [32msoundd[0m [32mlocationd[0m [32mcalibrationd[0m [32mtorqued[0m [32mcontrolsd[0m [32mselfdrived[0m [32mcard[0m [32mdeleter[0m [32mdmonitoringd[0m [32mqcomgpsd[0m [32mpandad[0m [32mparamsd[0m [32mlagd[0m [32mplannerd[0m [32mradard[0m [32mhardwared[0m [32mtombstoned[0m [32muploader[0m [32mstatsd[0m [32mfeedbackd[0m [32mmodeld_tinygrad[0m [32mmapd[0m [32mmapd_manager[0m [31mmtscd[0m [32mrtid[0m
[32mloggerd[0m [32mencoderd[0m [32mlogmessaged[0m [32mcamerad[0m [32mlogcatd[0m [32mproclogd[0m [32mmicd[0m [32mtimed[0m [32mdmonitoringmodeld[0m [32msensord[0m [32mui[0m [32msoundd[0m [32mlocationd[0m [32mcalibrationd[0m [32mtorqued[0m [32mcontrolsd[0m [32mselfdrived[0m [32mcard[0m [32mdeleter[0m [32mdmonitoringd[0m [32mqcomgpsd[0m [32mpandad[0m [32mparamsd[0m [32mlagd[0m [32mplannerd[0m [32mradard[0m [32mhardwared[0m [32mtombstoned[0m [32muploader[0m [32mstatsd[0m [32mfeedbackd[0m [32mmodeld_tinygrad[0m [32mmapd[0m [32mmapd_manager[0m [31mmtscd[0m [32mrtid[0m
[32mloggerd[0m [32mencoderd[0m [32mlogmessaged[0m [32mcamerad[0m [32mlogcatd[0m [32mproclogd[0m [32mmicd[0m [32mtimed[0m [32mdmonitoringmodeld[0m [32msensord[0m [32mui[0m [32msoundd[0m [32mlocationd[0m [32mcalibrationd[0m [32mtorqued[0m [32mcontrolsd[0m [32mselfdrived[0m [32mcard[0m [32mdeleter[0m [32mdmonitoringd[0m [32mqcomgpsd[0m [32mpandad[0m [32mparamsd[0m [32mlagd[0m [32mplannerd[0m [32mradard[0m [32mhardwared[0m [32mtombstoned[0m [32muploader[0m [32mstatsd[0m [32mfeedbackd[0m [32mmodeld_tinygrad[0m [32mmapd[0m [32mmapd_manager[0m [31mmtscd[0m [32mrtid[0m
[32mloggerd[0m [32mencoderd[0m [32mlogmessaged[0m [32mcamerad[0m [32mlogcatd[0m [32mproclogd[0m [32mmicd[0m [32mtimed[0m [32mdmonitoringmodeld[0m [32msensord[0m [32mui[0m [32msoundd[0m [32mlocationd[0m [32mcalibrationd[0m [32mtorqued[0m [32mcontrolsd[0m [32mselfdrived[0m [32mcard[0m [32mdeleter[0m [32mdmonitoringd[0m [32mqcomgpsd[0m [32mpandad[0m [32mparamsd[0m [32mlagd[0m [32mplannerd[0m [32mradard[0m [32mhardwared[0m [32mtombstoned[0m [32muploader[0m [32mstatsd[0m [32mfeedbackd[0m [32mmodeld_tinygrad[0m [32mmapd[0m [32mmapd_manager[0m [31mmtscd[0m [32mrtid[0m
[32mloggerd[0m [32mencoderd[0m [32mlogmessaged[0m [32mcamerad[0m [32mlogcatd[0m [32mproclogd[0m [32mmicd[0m [32mtimed[0m [32mdmonitoringmodeld[0m [32msensord[0m [32mui[0m [32msoundd[0m [32mlocationd[0m [32mcalibrationd[0m [32mtorqued[0m [32mcontrolsd[0m [32mselfdrived[0m [32mcard[0m [32mdeleter[0m [32mdmonitoringd[0m [32mqcomgpsd[0m [32mpandad[0m [32mparamsd[0m [32mlagd[0m [32mplannerd[0m [32mradard[0m [32mhardwared[0m [32mtombstoned[0m [32muploader[0m [32mstatsd[0m [32mfeedbackd[0m [32mmodeld_tinygrad[0m [32mmapd[0m [32mmapd_manager[0m [31mmtscd[0m [32mrtid[0m
[32mloggerd[0m [32mencoderd[0m [32mlogmessaged[0m [32mcamerad[0m [32mlogcatd[0m [32mproclogd[0m [32mmicd[0m [32mtimed[0m [32mdmonitoringmodeld[0m [32msensord[0m [32mui[0m [32msoundd[0m [32mlocationd[0m [32mcalibrationd[0m [32mtorqued[0m [32mcontrolsd[0m [32mselfdrived[0m [32mcard[0m [32mdeleter[0m [32mdmonitoringd[0m [32mqcomgpsd[0m [32mpandad[0m [32mparamsd[0m [32mlagd[0m [32mplannerd[0m [32mradard[0m [32mhardwared[0m [32mtombstoned[0m [32muploader[0m [32mstatsd[0m [32mfeedbackd[0m [32mmodeld_tinygrad[0m [32mmapd[0m [32mmapd_manager[0m [31mmtscd[0m [32mrtid[0m
[32mloggerd[0m [32mencoderd[0m [32mlogmessaged[0m [32mcamerad[0m [32mlogcatd[0m [32mproclogd[0m [32mmicd[0m [32mtimed[0m [32mdmonitoringmodeld[0m [32msensord[0m [32mui[0m [32msoundd[0m [32mlocationd[0m [32mcalibrationd[0m [32mtorqued[0m [32mcontrolsd[0m [32mselfdrived[0m [32mcard[0m [32mdeleter[0m [32mdmonitoringd[0m [32mqcomgpsd[0m [32mpandad[0m [32mparamsd[0m [32mlagd[0m [32mplannerd[0m [32mradard[0m [32mhardwared[0m [32mtombstoned[0m [32muploader[0m [32mstatsd[0m [32mfeedbackd[0m [32mmodeld_tinygrad[0m [32mmapd[0m [32mmapd_manager[0m [31mmtscd[0m [32mrtid[0m
[32mloggerd[0m [32mencoderd[0m [32mlogmessaged[0m [32mcamerad[0m [32mlogcatd[0m [32mproclogd[0m [32mmicd[0m [32mtimed[0m [32mdmonitoringmodeld[0m [32msensord[0m [32mui[0m [32msoundd[0m [32mlocationd[0m [32mcalibrationd[0m [32mtorqued[0m [32mcontrolsd[0m [32mselfdrived[0m [32mcard[0m [32mdeleter[0m [32mdmonitoringd[0m [32mqcomgpsd[0m [32mpandad[0m [32mparamsd[0m [32mlagd[0m [32mplannerd[0m [32mradard[0m [32mhardwared[0m [32mtombstoned[0m [32muploader[0m [32mstatsd[0m [32mfeedbackd[0m [32mmodeld_tinygrad[0m [32mmapd[0m [32mmapd_manager[0m [31mmtscd[0m [32mrtid[0m
[32mloggerd[0m [32mencoderd[0m [32mlogmessaged[0m [32mcamerad[0m [32mlogcatd[0m [32mproclogd[0m [32mmicd[0m [32mtimed[0m [32mdmonitoringmodeld[0m [32msensord[0m [32mui[0m [32msoundd[0m [32mlocationd[0m [32mcalibrationd[0m [32mtorqued[0m [32mcontrolsd[0m [32mselfdrived[0m [32mcard[0m [32mdeleter[0m [32mdmonitoringd[0m [32mqcomgpsd[0m [32mpandad[0m [32mparamsd[0m [32mlagd[0m [32mplannerd[0m [32mradard[0m [32mhardwared[0m [32mtombstoned[0m [32muploader[0m [32mstatsd[0m [32mfeedbackd[0m [32mmodeld_tinygrad[0m [32mmapd[0m [32mmapd_manager[0m [31mmtscd[0m [32mrtid[0m
[32mloggerd[0m [32mencoderd[0m [32mlogmessaged[0m [32mcamerad[0m [32mlogcatd[0m [32mproclogd[0m [32mmicd[0m [32mtimed[0m [32mdmonitoringmodeld[0m [32msensord[0m [32mui[0m [32msoundd[0m [32mlocationd[0m [32mcalibrationd[0m [32mtorqued[0m [32mcontrolsd[0m [32mselfdrived[0m [32mcard[0m [32mdeleter[0m [32mdmonitoringd[0m [32mqcomgpsd[0m [32mpandad[0m [32mparamsd[0m [32mlagd[0m [32mplannerd[0m [32mradard[0m [32mhardwared[0m [32mtombstoned[0m [32muploader[0m [32mstatsd[0m [32mfeedbackd[0m [32mmodeld_tinygrad[0m [32mmapd[0m [32mmapd_manager[0m [31mmtscd[0m [32mrtid[0m
RTI cycle took 0.040s
RTI cycle took 0.016s
RTI cycle took 0.015s
RTI cycle took 0.020s
RTI cycle took 0.042s
RTI cycle took 0.037s
RTI cycle took 0.027s
RTI cycle took 0.035s
RTI cycle took 0.035s
RTI cycle took 0.031s
RTI cycle took 0.045s
RTI cycle took 0.039s
RTI cycle took 0.021s
RTI cycle took 0.027s
RTI cycle took 0.036s
RTI cycle took 0.040s
RTI cycle took 0.043s
RTI cycle took 0.025s
RTI cycle took 0.040s
RTI cycle took 0.029s
RTI cycle took 0.026s
RTI cycle took 0.043s
RTI cycle took 0.035s
RTI cycle took 0.041s
RTI cycle took 0.048s
RTI cycle took 0.017s
RTI cycle took 0.033s
RTI cycle took 0.039s
RTI cycle took 0.021s
RTI cycle took 0.043s
RTI cycle took 0.042s
RTI cycle took 0.023s
RTI cycle took 0.048s
RTI cycle took 0.020s
RTI cycle took 0.038s
RTI cycle took 0.026s
RTI cycle took 0.030s
RTI cycle took 0.037s
RTI cycle took 0.018s
RTI cycle took 0.037s
RTI cycle took 0.042s
RTI cycle took 0.047s
RTI cycle took 0.018s
RTI cycle took 0.028s
RTI cycle took 0.016s
RTI cycle took 0.038s
RTI cycle took 0.027s
RTI cycle took 0.027s
RTI cycle took 0.037s
RTI cycle took 0.022s
RTI cycle took 0.027s
RTI cycle took 0.041s
RTI cycle took 0.026s
RTI cycle took 0.051s
RTI cycle took 0.028s
RTI cycle took 0.043s
RTI cycle took 0.034s
RTI cycle took 0.026s
RTI cycle took 0.036s
RTI cycle took 0.024s
RTI cycle took 0.030s
RTI cycle took 0.040s
RTI cycle took 0.024s
RTI cycle took 0.027s
RTI cycle took 0.015s
RTI cycle took 0.026s
RTI cycle took 0.016s
RTI cycle took 0.017s
RTI cycle took 0.036s
RTI cycle took 0.027s
RTI cycle took 0.039s
RTI cycle took 0.032s
RTI cycle took 0.015s
RTI cycle took 0.036s
RTI cycle took 0.027s
RTI cycle took 0.028s
RTI cycle took 0.038s
RTI cycle took 0.045s
RTI cycle took 0.043s
RTI cycle took 0.018s
RTI cycle took 0.032s
RTI cycle took 0.024s
RTI cycle took 0.046s
RTI cycle took 0.029s
RTI cycle took 0.034s
RTI cycle took 0.022s
RTI cycle took 0.026s
RTI cycle took 0.031s
RTI cycle took 0.052s
RTI cycle took 0.028s
RTI cycle took 0.030s
RTI cycle took 0.035s
RTI cycle took 0.030s
RTI cycle took 0.023s
RTI cycle took 0.045s
RTI cycle took 0.027s
RTI cycle took 0.037s
RTI cycle took 0.029s
RTI cycle took 0.017s
RTI cycle took 0.033s
RTI cycle took 0.020s
RTI cycle took 0.035s
RTI cycle took 0.040s
RTI cycle took 0.039s
RTI cycle took 0.023s
RTI cycle took 0.035s
RTI cycle took 0.019s
RTI cycle took 0.028s
RTI cycle took 0.015s
RTI cycle took 0.019s
RTI cycle took 0.036s
RTI cycle took 0.015s
RTI cycle took 0.028s
RTI cycle took 0.021s
RTI cycle took 0.036s
RTI cycle took 0.046s
RTI cycle took 0.014s
RTI cycle took 0.025s
RTI cycle took 0.033s
RTI cycle took 0.023s
RTI cycle took 0.033s
RTI cycle took 0.026s
RTI cycle took 0.022s
RTI cycle took 0.030s
RTI cycle took 0.036s
RTI cycle took 0.031s
RTI cycle took 0.016s
RTI cycle took 0.026s
RTI cycle took 0.031s
RTI cycle took 0.024s
RTI cycle took 0.032s
RTI cycle took 0.015s
RTI cycle took 0.042s
RTI cycle took 0.023s
RTI cycle took 0.039s
RTI cycle took 0.035s
RTI cycle took 0.025s
RTI cycle took 0.038s
RTI cycle took 0.032s
RTI cycle took 0.028s
RTI cycle took 0.032s
RTI cycle took 0.035s
RTI cycle took 0.024s
RTI cycle took 0.018s
RTI cycle took 0.021s
RTI cycle took 0.031s
RTI cycle took 0.027s
RTI cycle took 0.038s
RTI cycle took 0.032s
RTI cycle took 0.027s
RTI cycle took 0.022s
RTI cycle took 0.031s
RTI cycle took 0.022s
RTI cycle took 0.043s
RTI cycle took 0.015s
RTI cycle took 0.014s
RTI cycle took 0.021s
RTI cycle took 0.019s
RTI cycle took 0.016s
RTI cycle took 0.022s
RTI cycle took 0.026s
RTI cycle took 0.039s
RTI cycle took 0.033s
RTI cycle took 0.025s
RTI cycle took 0.028s
RTI cycle took 0.032s
RTI cycle took 0.035s
RTI cycle took 0.029s
RTI cycle took 0.041s
RTI cycle took 0.026s
RTI cycle took 0.032s
RTI cycle took 0.039s
RTI cycle took 0.015s
RTI cycle took 0.034s
RTI cycle took 0.043s
RTI cycle took 0.026s
RTI cycle took 0.033s
RTI cycle took 0.030s
RTI cycle took 0.030s
RTI cycle took 0.040s
RTI cycle took 0.028s
RTI cycle took 0.032s
RTI cycle took 0.033s
[32mloggerd[0m [32mencoderd[0m [32mlogmessaged[0m [32mcamerad[0m [32mlogcatd[0m [32mproclogd[0m [32mmicd[0m [32mtimed[0m [32mdmonitoringmodeld[0m [32msensord[0m [32mui[0m [32msoundd[0m [32mlocationd[0m [32mcalibrationd[0m [32mtorqued[0m [32mcontrolsd[0m [32mselfdrived[0m [32mcard[0m [32mdeleter[0m [32mdmonitoringd[0m [32mqcomgpsd[0m [32mpandad[0m [32mparamsd[0m [32mlagd[0m [32mplannerd[0m [32mradard[0m [32mhardwared[0m [32mtombstoned[0m [32muploader[0m [32mstatsd[0m [32mfeedbackd[0m [32mmodeld_tinygrad[0m [32mmapd[0m [32mmapd_manager[0m [31mmtscd[0m [32mrtid[0m
[32mloggerd[0m [32mencoderd[0m [32mlogmessaged[0m [32mcamerad[0m [32mlogcatd[0m [32mproclogd[0m [32mmicd[0m [32mtimed[0m [32mdmonitoringmodeld[0m [32msensord[0m [32mui[0m [32msoundd[0m [32mlocationd[0m [32mcalibrationd[0m [32mtorqued[0m [32mcontrolsd[0m [32mselfdrived[0m [32mcard[0m [32mdeleter[0m [32mdmonitoringd[0m [32mqcomgpsd[0m [32mpandad[0m [32mparamsd[0m [32mlagd[0m [32mplannerd[0m [32mradard[0m [32mhardwared[0m [32mtombstoned[0m [32muploader[0m [32mstatsd[0m [32mfeedbackd[0m [32mmodeld_tinygrad[0m [32mmapd[0m [32mmapd_manager[0m [31mmtscd[0m [32mrtid[0m
[32mloggerd[0m [32mencoderd[0m [32mlogmessaged[0m [32mcamerad[0m [32mlogcatd[0m [32mproclogd[0m [32mmicd[0m [32mtimed[0m [32mdmonitoringmodeld[0m [32msensord[0m [32mui[0m [32msoundd[0m [32mlocationd[0m [32mcalibrationd[0m [32mtorqued[0m [32mcontrolsd[0m [32mselfdrived[0m [32mcard[0m [32mdeleter[0m [32mdmonitoringd[0m [32mqcomgpsd[0m [32mpandad[0m [32mparamsd[0m [32mlagd[0m [32mplannerd[0m [32mradard[0m [32mhardwared[0m [32mtombstoned[0m [32muploader[0m [32mstatsd[0m [32mfeedbackd[0m [32mmodeld_tinygrad[0m [32mmapd[0m [32mmapd_manager[0m [31mmtscd[0m [32mrtid[0m
[32mloggerd[0m [32mencoderd[0m [32mlogmessaged[0m [32mcamerad[0m [32mlogcatd[0m [32mproclogd[0m [32mmicd[0m [32mtimed[0m [32mdmonitoringmodeld[0m [32msensord[0m [32mui[0m [32msoundd[0m [32mlocationd[0m [32mcalibrationd[0m [32mtorqued[0m [32mcontrolsd[0m [32mselfdrived[0m [32mcard[0m [32mdeleter[0m [32mdmonitoringd[0m [32mqcomgpsd[0m [32mpandad[0m [32mparamsd[0m [32mlagd[0m [32mplannerd[0m [32mradard[0m [32mhardwared[0m [32mtombstoned[0m [32muploader[0m [32mstatsd[0m [32mfeedbackd[0m [32mmodeld_tinygrad[0m [32mmapd[0m [32mmapd_manager[0m [31mmtscd[0m [32mrtid[0m
[32mloggerd[0m [32mencoderd[0m [32mlogmessaged[0m [32mcamerad[0m [32mlogcatd[0m [32mproclogd[0m [32mmicd[0m [32mtimed[0m [32mdmonitoringmodeld[0m [32msensord[0m [32mui[0m [32msoundd[0m [32mlocationd[0m [32mcalibrationd[0m [32mtorqued[0m [32mcontrolsd[0m [32mselfdrived[0m [32mcard[0m [32mdeleter[0m [32mdmonitoringd[0m [32mqcomgpsd[0m [32mpandad[0m [32mparamsd[0m [32mlagd[0m [32mplannerd[0m [32mradard[0m [32mhardwared[0m [32mtombstoned[0m [32muploader[0m [32mstatsd[0m [32mfeedbackd[0m [32mmodeld_tinygrad[0m [32mmapd[0m [32mmapd_manager[0m [31mmtscd[0m [32mrtid[0m
[32mloggerd[0m [32mencoderd[0m [32mlogmessaged[0m [32mcamerad[0m [32mlogcatd[0m [32mproclogd[0m [32mmicd[0m [32mtimed[0m [32mdmonitoringmodeld[0m [32msensord[0m [32mui[0m [32msoundd[0m [32mlocationd[0m [32mcalibrationd[0m [32mtorqued[0m [32mcontrolsd[0m [32mselfdrived[0m [32mcard[0m [32mdeleter[0m [32mdmonitoringd[0m [32mqcomgpsd[0m [32mpandad[0m [32mparamsd[0m [32mlagd[0m [32mplannerd[0m [32mradard[0m [32mhardwared[0m [32mtombstoned[0m [32muploader[0m [32mstatsd[0m [32mfeedbackd[0m [32mmodeld_tinygrad[0m [32mmapd[0m [32mmapd_manager[0m [31mmtscd[0m [32mrtid[0m
[32mloggerd[0m [32mencoderd[0m [32mlogmessaged[0m [32mcamerad[0m [32mlogcatd[0m [32mproclogd[0m [32mmicd[0m [32mtimed[0m [32mdmonitoringmodeld[0m [32msensord[0m [32mui[0m [32msoundd[0m [32mlocationd[0m [32mcalibrationd[0m [32mtorqued[0m [32mcontrolsd[0m [32mselfdrived[0m [32mcard[0m [32mdeleter[0m [32mdmonitoringd[0m [32mqcomgpsd[0m [32mpandad[0m [32mparamsd[0m [32mlagd[0m [32mplannerd[0m [32mradard[0m [32mhardwared[0m [32mtombstoned[0m [32muploader[0m [32mstatsd[0m [32mfeedbackd[0m [32mmodeld_tinygrad[0m [32mmapd[0m [32mmapd_manager[0m [31mmtscd[0m [32mrtid[0m
[32mloggerd[0m [32mencoderd[0m [32mlogmessaged[0m [32mcamerad[0m [32mlogcatd[0m [32mproclogd[0m [32mmicd[0m [32mtimed[0m [32mdmonitoringmodeld[0m [32msensord[0m [32mui[0m [32msoundd[0m [32mlocationd[0m [32mcalibrationd[0m [32mtorqued[0m [32mcontrolsd[0m [32mselfdrived[0m [32mcard[0m [32mdeleter[0m [32mdmonitoringd[0m [32mqcomgpsd[0m [32mpandad[0m [32mparamsd[0m [32mlagd[0m [32mplannerd[0m [32mradard[0m [32mhardwared[0m [32mtombstoned[0m [32muploader[0m [32mstatsd[0m [32mfeedbackd[0m [32mmodeld_tinygrad[0m [32mmapd[0m [32mmapd_manager[0m [31mmtscd[0m [32mrtid[0m
[32mloggerd[0m [32mencoderd[0m [32mlogmessaged[0m [32mcamerad[0m [32mlogcatd[0m [32mproclogd[0m [32mmicd[0m [32mtimed[0m [32mdmonitoringmodeld[0m [32msensord[0m [32mui[0m [32msoundd[0m [32mlocationd[0m [32mcalibrationd[0m [32mtorqued[0m [32mcontrolsd[0m [32mselfdrived[0m [32mcard[0m [32mdeleter[0m [32mdmonitoringd[0m [32mqcomgpsd[0m [32mpandad[0m [32mparamsd[0m [32mlagd[0m [32mplannerd[0m [32mradard[0m [32mhardwared[0m [32mtombstoned[0m [32muploader[0m [32mstatsd[0m [32mfeedbackd[0m [32mmodeld_tinygrad[0m [32mmapd[0m [32mmapd_manager[0m [31mmtscd[0m [32mrtid[0m
[32mloggerd[0m [32mencoderd[0m [32mlogmessaged[0m [32mcamerad[0m [32mlogcatd[0m [32mproclogd[0m [32mmicd[0m [32mtimed[0m [32mdmonitoringmodeld[0m [32msensord[0m [32mui[0m [32msoundd[0m [32mlocationd[0m [32mcalibrationd[0m [32mtorqued[0m [32mcontrolsd[0m [32mselfdrived[0m [32mcard[0m [32mdeleter[0m [32mdmonitoringd[0m [32mqcomgpsd[0m [32mpandad[0m [32mparamsd[0m [32mlagd[0m [32mplannerd[0m [32mradard[0m [32mhardwared[0m [32mtombstoned[0m [32muploader[0m [32mstatsd[0m [32mfeedbackd[0m [32mmodeld_tinygrad[0m [32mmapd[0m [32mmapd_manager[0m [31mmtscd[0m [32mrtid[0m
[32mloggerd[0m [32mencoderd[0m [32mlogmessaged[0m [32mcamerad[0m [32mlogcatd[0m [32mproclogd[0m [32mmicd[0m [32mtimed[0m [32mdmonitoringmodeld[0m [32msensord[0m [32mui[0m [32msoundd[0m [32mlocationd[0m [32mcalibrationd[0m [32mtorqued[0m [32mcontrolsd[0m [32mselfdrived[0m [32mcard[0m [32mdeleter[0m [32mdmonitoringd[0m [32mqcomgpsd[0m [32mpandad[0m [32mparamsd[0m [32mlagd[0m [32mplannerd[0m [32mradard[0m [32mhardwared[0m [32mtombstoned[0m [32muploader[0m [32mstatsd[0m [32mfeedbackd[0m [32mmodeld_tinygrad[0m [32mmapd[0m [32mmapd_manager[0m [31mmtscd[0m [32mrtid[0m
[32mloggerd[0m [32mencoderd[0m [32mlogmessaged[0m [32mcamerad[0m [32mlogcatd[0m [32mproclogd[0m [32mmicd[0m [32mtimed[0m [32mdmonitoringmodeld[0m [32msensord[0m [32mui[0m [32msoundd[0m [32mlocationd[0m [32mcalibrationd[0m [32mtorqued[0m [32mcontrolsd[0m [32mselfdrived[0m [32mcard[0m [32mdeleter[0m [32mdmonitoringd[0m [32mqcomgpsd[0m [32mpandad[0m [32mparamsd[0m [32mlagd[0m [32mplannerd[0m [32mradard[0m [32mhardwared[0m [32mtombstoned[0m [32muploader[0m [32mstatsd[0m [32mfeedbackd[0m [32mmodeld_tinygrad[0m [32mmapd[0m [32mmapd_manager[0m [31mmtscd[0m [32mrtid[0m
RTI cycle took 0.040s
RTI cycle took 0.021s
RTI cycle took 0.029s
RTI cycle took 0.023s
RTI cycle took 0.029s
RTI cycle took 0.024s
RTI cycle took 0.016s
RTI cycle took 0.035s
RTI cycle took 0.044s
RTI cycle took 0.024s
RTI cycle took 0.031s
RTI cycle took 0.028s
RTI cycle took 0.027s
RTI cycle took 0.032s
RTI cycle took 0.038s
RTI cycle took 0.025s
RTI cycle took 0.035s
RTI cycle took 0.024s
RTI cycle took 0.036s
RTI cycle took 0.032s
RTI cycle took 0.031s
RTI cycle took 0.028s
RTI cycle took 0.039s
RTI cycle took 0.017s
RTI cycle took 0.022s
RTI cycle took 0.018s
RTI cycle took 0.030s
RTI cycle took 0.014s
RTI cycle took 0.035s
RTI cycle took 0.036s
RTI cycle took 0.026s
RTI cycle took 0.035s
RTI cycle took 0.034s
RTI cycle took 0.024s
RTI cycle took 0.056s
RTI cycle took 0.034s
RTI cycle took 0.040s
RTI cycle took 0.041s
RTI cycle took 0.026s
RTI cycle took 0.040s
RTI cycle took 0.029s
RTI cycle took 0.028s
RTI cycle took 0.030s
RTI cycle took 0.042s
RTI cycle took 0.025s
RTI cycle took 0.039s
RTI cycle took 0.028s
RTI cycle took 0.017s
RTI cycle took 0.035s
RTI cycle took 0.029s
RTI cycle took 0.021s
RTI cycle took 0.028s
RTI cycle took 0.029s
RTI cycle took 0.026s
RTI cycle took 0.025s
RTI cycle took 0.034s
RTI cycle took 0.031s
RTI cycle took 0.027s
RTI cycle took 0.041s
RTI cycle took 0.040s
RTI cycle took 0.022s
RTI cycle took 0.023s
RTI cycle took 0.047s
RTI cycle took 0.039s
RTI cycle took 0.045s
RTI cycle took 0.024s
RTI cycle took 0.095s
RTI cycle took 0.035s
RTI cycle took 0.039s
RTI cycle took 0.016s
RTI cycle took 0.023s
RTI cycle took 0.038s
RTI cycle took 0.031s
RTI cycle took 0.048s
RTI cycle took 0.047s
RTI cycle took 0.044s
RTI cycle took 0.045s
RTI cycle took 0.032s
RTI cycle took 0.028s
RTI cycle took 0.038s
RTI cycle took 0.026s
RTI cycle took 0.020s
RTI cycle took 0.037s
RTI cycle took 0.022s
RTI cycle took 0.040s
RTI cycle took 0.016s
RTI cycle took 0.022s
RTI cycle took 0.018s
RTI cycle took 0.020s
RTI cycle took 0.037s
RTI cycle took 0.018s
RTI cycle took 0.039s
RTI cycle took 0.044s
RTI cycle took 0.032s
RTI cycle took 0.030s
RTI cycle took 0.043s
RTI cycle took 0.014s
RTI cycle took 0.036s
RTI cycle took 0.040s
RTI cycle took 0.041s
RTI cycle took 0.021s
RTI cycle took 0.033s
RTI cycle took 0.044s
RTI cycle took 0.029s
RTI cycle took 0.040s
RTI cycle took 0.034s
RTI cycle took 0.024s
RTI cycle took 0.023s
RTI cycle took 0.019s
RTI cycle took 0.026s
RTI cycle took 0.037s
RTI cycle took 0.044s
RTI cycle took 0.045s
RTI cycle took 0.037s
RTI cycle took 0.047s
RTI cycle took 0.021s
RTI cycle took 0.030s
RTI cycle took 0.057s
RTI cycle took 0.017s
RTI cycle took 0.025s
RTI cycle took 0.039s
RTI cycle took 0.016s
RTI cycle took 0.034s
RTI cycle took 0.042s
RTI cycle took 0.030s
RTI cycle took 0.027s
RTI cycle took 0.026s
RTI cycle took 0.021s
RTI cycle took 0.041s
RTI cycle took 0.045s
RTI cycle took 0.039s
RTI cycle took 0.042s
RTI cycle took 0.020s
RTI cycle took 0.031s
RTI cycle took 0.047s
RTI cycle took 0.016s
RTI cycle took 0.016s
RTI cycle took 0.030s
RTI cycle took 0.032s
RTI cycle took 0.055s
RTI cycle took 0.025s
RTI cycle took 0.033s
RTI cycle took 0.034s
RTI cycle took 0.032s
RTI cycle took 0.049s
stats dir full
RTI cycle took 0.044s
RTI cycle took 0.104s
RTI cycle took 0.036s
RTI cycle took 0.024s
RTI cycle took 0.031s
RTI cycle took 0.040s
RTI cycle took 0.017s
RTI cycle took 0.033s
RTI cycle took 0.022s
RTI cycle took 0.027s
RTI cycle took 0.019s
RTI cycle took 0.029s
RTI cycle took 0.028s
RTI cycle took 0.056s
RTI cycle took 0.019s
RTI cycle took 0.027s
RTI cycle took 0.026s
RTI cycle took 0.032s
RTI cycle took 0.029s
RTI cycle took 0.036s
RTI cycle took 0.029s
RTI cycle took 0.022s
RTI cycle took 0.030s
RTI cycle took 0.016s
RTI cycle took 0.033s
RTI cycle took 0.046s
RTI cycle took 0.024s
RTI cycle took 0.028s
RTI cycle took 0.037s
[32mloggerd[0m [32mencoderd[0m [32mlogmessaged[0m [32mcamerad[0m [32mlogcatd[0m [32mproclogd[0m [32mmicd[0m [32mtimed[0m [32mdmonitoringmodeld[0m [32msensord[0m [32mui[0m [32msoundd[0m [32mlocationd[0m [32mcalibrationd[0m [32mtorqued[0m [32mcontrolsd[0m [32mselfdrived[0m [32mcard[0m [32mdeleter[0m [32mdmonitoringd[0m [32mqcomgpsd[0m [32mpandad[0m [32mparamsd[0m [32mlagd[0m [32mplannerd[0m [32mradard[0m [32mhardwared[0m [32mtombstoned[0m [32muploader[0m [32mstatsd[0m [32mfeedbackd[0m [32mmodeld_tinygrad[0m [32mmapd[0m [32mmapd_manager[0m [31mmtscd[0m [32mrtid[0m
[32mloggerd[0m [32mencoderd[0m [32mlogmessaged[0m [32mcamerad[0m [32mlogcatd[0m [32mproclogd[0m [32mmicd[0m [32mtimed[0m [32mdmonitoringmodeld[0m [32msensord[0m [32mui[0m [32msoundd[0m [32mlocationd[0m [32mcalibrationd[0m [32mtorqued[0m [32mcontrolsd[0m [32mselfdrived[0m [32mcard[0m [32mdeleter[0m [32mdmonitoringd[0m [32mqcomgpsd[0m [32mpandad[0m [32mparamsd[0m [32mlagd[0m [32mplannerd[0m [32mradard[0m [32mhardwared[0m [32mtombstoned[0m [32muploader[0m [32mstatsd[0m [32mfeedbackd[0m [32mmodeld_tinygrad[0m [32mmapd[0m [32mmapd_manager[0m [31mmtscd[0m [32mrtid[0m
[32mloggerd[0m [32mencoderd[0m [32mlogmessaged[0m [32mcamerad[0m [32mlogcatd[0m [32mproclogd[0m [32mmicd[0m [32mtimed[0m [32mdmonitoringmodeld[0m [32msensord[0m [32mui[0m [32msoundd[0m [32mlocationd[0m [32mcalibrationd[0m [32mtorqued[0m [32mcontrolsd[0m [32mselfdrived[0m [32mcard[0m [32mdeleter[0m [32mdmonitoringd[0m [32mqcomgpsd[0m [32mpandad[0m [32mparamsd[0m [32mlagd[0m [32mplannerd[0m [32mradard[0m [32mhardwared[0m [32mtombstoned[0m [32muploader[0m [32mstatsd[0m [32mfeedbackd[0m [32mmodeld_tinygrad[0m [32mmapd[0m [32mmapd_manager[0m [31mmtscd[0m [32mrtid[0m
[32mloggerd[0m [32mencoderd[0m [32mlogmessaged[0m [32mcamerad[0m [32mlogcatd[0m [32mproclogd[0m [32mmicd[0m [32mtimed[0m [32mdmonitoringmodeld[0m [32msensord[0m [32mui[0m [32msoundd[0m [32mlocationd[0m [32mcalibrationd[0m [32mtorqued[0m [32mcontrolsd[0m [32mselfdrived[0m [32mcard[0m [32mdeleter[0m [32mdmonitoringd[0m [32mqcomgpsd[0m [32mpandad[0m [32mparamsd[0m [32mlagd[0m [32mplannerd[0m [32mradard[0m [32mhardwared[0m [32mtombstoned[0m [32muploader[0m [32mstatsd[0m [32mfeedbackd[0m [32mmodeld_tinygrad[0m [32mmapd[0m [32mmapd_manager[0m [31mmtscd[0m [32mrtid[0m
[32mloggerd[0m [32mencoderd[0m [32mlogmessaged[0m [32mcamerad[0m [32mlogcatd[0m [32mproclogd[0m [32mmicd[0m [32mtimed[0m [32mdmonitoringmodeld[0m [32msensord[0m [32mui[0m [32msoundd[0m [32mlocationd[0m [32mcalibrationd[0m [32mtorqued[0m [32mcontrolsd[0m [32mselfdrived[0m [32mcard[0m [32mdeleter[0m [32mdmonitoringd[0m [32mqcomgpsd[0m [32mpandad[0m [32mparamsd[0m [32mlagd[0m [32mplannerd[0m [32mradard[0m [32mhardwared[0m [32mtombstoned[0m [32muploader[0m [32mstatsd[0m [32mfeedbackd[0m [32mmodeld_tinygrad[0m [32mmapd[0m [32mmapd_manager[0m [31mmtscd[0m [32mrtid[0m
[32mloggerd[0m [32mencoderd[0m [32mlogmessaged[0m [32mcamerad[0m [32mlogcatd[0m [32mproclogd[0m [32mmicd[0m [32mtimed[0m [32mdmonitoringmodeld[0m [32msensord[0m [32mui[0m [32msoundd[0m [32mlocationd[0m [32mcalibrationd[0m [32mtorqued[0m [32mcontrolsd[0m [32mselfdrived[0m [32mcard[0m [32mdeleter[0m [32mdmonitoringd[0m [32mqcomgpsd[0m [32mpandad[0m [32mparamsd[0m [32mlagd[0m [32mplannerd[0m [32mradard[0m [32mhardwared[0m [32mtombstoned[0m [32muploader[0m [32mstatsd[0m [32mfeedbackd[0m [32mmodeld_tinygrad[0m [32mmapd[0m [32mmapd_manager[0m [31mmtscd[0m [32mrtid[0m
[32mloggerd[0m [32mencoderd[0m [32mlogmessaged[0m [32mcamerad[0m [32mlogcatd[0m [32mproclogd[0m [32mmicd[0m [32mtimed[0m [32mdmonitoringmodeld[0m [32msensord[0m [32mui[0m [32msoundd[0m [32mlocationd[0m [32mcalibrationd[0m [32mtorqued[0m [32mcontrolsd[0m [32mselfdrived[0m [32mcard[0m [32mdeleter[0m [32mdmonitoringd[0m [32mqcomgpsd[0m [32mpandad[0m [32mparamsd[0m [32mlagd[0m [32mplannerd[0m [32mradard[0m [32mhardwared[0m [32mtombstoned[0m [32muploader[0m [32mstatsd[0m [32mfeedbackd[0m [32mmodeld_tinygrad[0m [32mmapd[0m [32mmapd_manager[0m [31mmtscd[0m [32mrtid[0m
[32mloggerd[0m [32mencoderd[0m [32mlogmessaged[0m [32mcamerad[0m [32mlogcatd[0m [32mproclogd[0m [32mmicd[0m [32mtimed[0m [32mdmonitoringmodeld[0m [32msensord[0m [32mui[0m [32msoundd[0m [32mlocationd[0m [32mcalibrationd[0m [32mtorqued[0m [32mcontrolsd[0m [32mselfdrived[0m [32mcard[0m [32mdeleter[0m [32mdmonitoringd[0m [32mqcomgpsd[0m [32mpandad[0m [32mparamsd[0m [32mlagd[0m [32mplannerd[0m [32mradard[0m [32mhardwared[0m [32mtombstoned[0m [32muploader[0m [32mstatsd[0m [32mfeedbackd[0m [32mmodeld_tinygrad[0m [32mmapd[0m [32mmapd_manager[0m [31mmtscd[0m [32mrtid[0m
[32mloggerd[0m [32mencoderd[0m [32mlogmessaged[0m [32mcamerad[0m [32mlogcatd[0m [32mproclogd[0m [32mmicd[0m [32mtimed[0m [32mdmonitoringmodeld[0m [32msensord[0m [32mui[0m [32msoundd[0m [32mlocationd[0m [32mcalibrationd[0m [32mtorqued[0m [32mcontrolsd[0m [32mselfdrived[0m [32mcard[0m [32mdeleter[0m [32mdmonitoringd[0m [32mqcomgpsd[0m [32mpandad[0m [32mparamsd[0m [32mlagd[0m [32mplannerd[0m [32mradard[0m [32mhardwared[0m [32mtombstoned[0m [32muploader[0m [32mstatsd[0m [32mfeedbackd[0m [32mmodeld_tinygrad[0m [32mmapd[0m [32mmapd_manager[0m [31mmtscd[0m [32mrtid[0m
[32mloggerd[0m [32mencoderd[0m [32mlogmessaged[0m [32mcamerad[0m [32mlogcatd[0m [32mproclogd[0m [32mmicd[0m [32mtimed[0m [32mdmonitoringmodeld[0m [32msensord[0m [32mui[0m [32msoundd[0m [32mlocationd[0m [32mcalibrationd[0m [32mtorqued[0m [32mcontrolsd[0m [32mselfdrived[0m [32mcard[0m [32mdeleter[0m [32mdmonitoringd[0m [32mqcomgpsd[0m [32mpandad[0m [32mparamsd[0m [32mlagd[0m [32mplannerd[0m [32mradard[0m [32mhardwared[0m [32mtombstoned[0m [32muploader[0m [32mstatsd[0m [32mfeedbackd[0m [32mmodeld_tinygrad[0m [32mmapd[0m [32mmapd_manager[0m [31mmtscd[0m [32mrtid[0m
[32mloggerd[0m [32mencoderd[0m [32mlogmessaged[0m [32mcamerad[0m [32mlogcatd[0m [32mproclogd[0m [32mmicd[0m [32mtimed[0m [32mdmonitoringmodeld[0m [32msensord[0m [32mui[0m [32msoundd[0m [32mlocationd[0m [32mcalibrationd[0m [32mtorqued[0m [32mcontrolsd[0m [32mselfdrived[0m [32mcard[0m [32mdeleter[0m [32mdmonitoringd[0m [32mqcomgpsd[0m [32mpandad[0m [32mparamsd[0m [32mlagd[0m [32mplannerd[0m [32mradard[0m [32mhardwared[0m [32mtombstoned[0m [32muploader[0m [32mstatsd[0m [32mfeedbackd[0m [32mmodeld_tinygrad[0m [32mmapd[0m [32mmapd_manager[0m [31mmtscd[0m [32mrtid[0m
[32mloggerd[0m [32mencoderd[0m [32mlogmessaged[0m [32mcamerad[0m [32mlogcatd[0m [32mproclogd[0m [32mmicd[0m [32mtimed[0m [32mdmonitoringmodeld[0m [32msensord[0m [32mui[0m [32msoundd[0m [32mlocationd[0m [32mcalibrationd[0m [32mtorqued[0m [32mcontrolsd[0m [32mselfdrived[0m [32mcard[0m [32mdeleter[0m [32mdmonitoringd[0m [32mqcomgpsd[0m [32mpandad[0m [32mparamsd[0m [32mlagd[0m [32mplannerd[0m [32mradard[0m [32mhardwared[0m [32mtombstoned[0m [32muploader[0m [32mstatsd[0m [32mfeedbackd[0m [32mmodeld_tinygrad[0m [32mmapd[0m [32mmapd_manager[0m [31mmtscd[0m [32mrtid[0m
RTI cycle took 0.034s
RTI cycle took 0.029s
RTI cycle took 0.017s
RTI cycle took 0.024s
RTI cycle took 0.037s
RTI cycle took 0.031s
RTI cycle took 0.030s
RTI cycle took 0.022s
RTI cycle took 0.030s
RTI cycle took 0.021s
RTI cycle took 0.034s
RTI cycle took 0.033s
RTI cycle took 0.027s
RTI cycle took 0.052s
RTI cycle took 0.057s
RTI cycle took 0.037s
RTI cycle took 0.040s
RTI cycle took 0.029s
RTI cycle took 0.041s
RTI cycle took 0.034s
system/loggerd/loggerd.cc: rotated to /data/media/0/realdata/00000062--5fe8af6682--6
RTI cycle took 0.038s
RTI cycle took 0.031s
RTI cycle took 0.039s
RTI cycle took 0.016s
RTI cycle took 0.012s
RTI cycle took 0.024s
RTI cycle took 0.037s
RTI cycle took 0.029s
RTI cycle took 0.026s
RTI cycle took 0.020s
RTI cycle took 0.028s
RTI cycle took 0.020s
RTI cycle took 0.038s
RTI cycle took 0.024s
RTI cycle took 0.015s
RTI cycle took 0.034s
RTI cycle took 0.020s
RTI cycle took 0.033s
RTI cycle took 0.025s
RTI cycle took 0.027s
RTI cycle took 0.041s
RTI cycle took 0.018s
RTI cycle took 0.022s
RTI cycle took 0.022s
RTI cycle took 0.019s
RTI cycle took 0.013s
RTI cycle took 0.034s
RTI cycle took 0.025s
RTI cycle took 0.027s
RTI cycle took 0.015s
RTI cycle took 0.021s
RTI cycle took 0.030s
RTI cycle took 0.026s
RTI cycle took 0.037s
RTI cycle took 0.022s
RTI cycle took 0.029s
RTI cycle took 0.017s
RTI cycle took 0.026s
RTI cycle took 0.017s
RTI cycle took 0.020s
RTI cycle took 0.034s
RTI cycle took 0.031s
RTI cycle took 0.017s
RTI cycle took 0.026s
RTI cycle took 0.021s
RTI cycle took 0.029s
RTI cycle took 0.017s
RTI cycle took 0.016s
RTI cycle took 0.024s
RTI cycle took 0.030s
RTI cycle took 0.031s
RTI cycle took 0.024s
RTI cycle took 0.031s
RTI cycle took 0.017s
RTI cycle took 0.020s
RTI cycle took 0.017s
RTI cycle took 0.034s
RTI cycle took 0.030s
RTI cycle took 0.021s
RTI cycle took 0.019s
RTI cycle took 0.029s
RTI cycle took 0.030s
RTI cycle took 0.032s
RTI cycle took 0.016s
RTI cycle took 0.021s
RTI cycle took 0.029s
RTI cycle took 0.014s
RTI cycle took 0.031s
RTI cycle took 0.029s
RTI cycle took 0.027s
RTI cycle took 0.044s
RTI cycle took 0.015s
RTI cycle took 0.036s
RTI cycle took 0.017s
RTI cycle took 0.022s
RTI cycle took 0.023s
RTI cycle took 0.036s
RTI cycle took 0.032s
RTI cycle took 0.022s
RTI cycle took 0.028s
RTI cycle took 0.022s
RTI cycle took 0.028s
RTI cycle took 0.032s
RTI cycle took 0.026s
RTI cycle took 0.036s
RTI cycle took 0.021s
RTI cycle took 0.027s
RTI cycle took 0.021s
RTI cycle took 0.027s
RTI cycle took 0.036s
RTI cycle took 0.022s
RTI cycle took 0.022s
RTI cycle took 0.025s
RTI cycle took 0.044s
RTI cycle took 0.042s
RTI cycle took 0.014s
RTI cycle took 0.017s
RTI cycle took 0.018s
RTI cycle took 0.021s
RTI cycle took 0.029s
RTI cycle took 0.030s
RTI cycle took 0.039s
RTI cycle took 0.028s
RTI cycle took 0.027s
RTI cycle took 0.021s
RTI cycle took 0.028s
RTI cycle took 0.022s
RTI cycle took 0.030s
RTI cycle took 0.016s
RTI cycle took 0.029s
RTI cycle took 0.029s
RTI cycle took 0.036s
RTI cycle took 0.028s
RTI cycle took 0.049s
RTI cycle took 0.020s
RTI cycle took 0.017s
RTI cycle took 0.014s
RTI cycle took 0.024s
RTI cycle took 0.023s
RTI cycle took 0.027s
RTI cycle took 0.016s
RTI cycle took 0.031s
RTI cycle took 0.015s
RTI cycle took 0.021s
RTI cycle took 0.017s
RTI cycle took 0.030s
RTI cycle took 0.016s
RTI cycle took 0.023s
RTI cycle took 0.042s
RTI cycle took 0.021s
RTI cycle took 0.035s
RTI cycle took 0.014s
RTI cycle took 0.020s
RTI cycle took 0.026s
RTI cycle took 0.030s
RTI cycle took 0.045s
RTI cycle took 0.015s
RTI cycle took 0.035s
RTI cycle took 0.016s
RTI cycle took 0.033s
RTI cycle took 0.035s
RTI cycle took 0.024s
RTI cycle took 0.029s
RTI cycle took 0.025s
RTI cycle took 0.035s
RTI cycle took 0.026s
RTI cycle took 0.021s
RTI cycle took 0.035s
RTI cycle took 0.037s
RTI cycle took 0.026s
RTI cycle took 0.035s
RTI cycle took 0.026s
RTI cycle took 0.025s
RTI cycle took 0.042s
RTI cycle took 0.046s
RTI cycle took 0.032s
RTI cycle took 0.039s
RTI cycle took 0.030s
RTI cycle took 0.046s
RTI cycle took 0.021s
RTI cycle took 0.028s
RTI cycle took 0.028s
RTI cycle took 0.029s
RTI cycle took 0.023s
RTI cycle took 0.016s
RTI cycle took 0.018s
RTI cycle took 0.026s
RTI cycle took 0.029s
RTI cycle took 0.028s
RTI cycle took 0.034s
RTI cycle took 0.026s
RTI cycle took 0.039s
RTI cycle took 0.033s
RTI cycle took 0.026s
RTI cycle took 0.041s
RTI cycle took 0.032s
RTI cycle took 0.031s
RTI cycle took 0.025s
RTI cycle took 0.017s
RTI cycle took 0.032s
RTI cycle took 0.024s
RTI cycle took 0.029s
RTI cycle took 0.033s
RTI cycle took 0.027s
RTI cycle took 0.038s
[32mloggerd[0m [32mencoderd[0m [32mlogmessaged[0m [32mcamerad[0m [32mlogcatd[0m [32mproclogd[0m [32mmicd[0m [32mtimed[0m [32mdmonitoringmodeld[0m [32msensord[0m [32mui[0m [32msoundd[0m [32mlocationd[0m [32mcalibrationd[0m [32mtorqued[0m [32mcontrolsd[0m [32mselfdrived[0m [32mcard[0m [32mdeleter[0m [32mdmonitoringd[0m [32mqcomgpsd[0m [32mpandad[0m [32mparamsd[0m [32mlagd[0m [32mplannerd[0m [32mradard[0m [32mhardwared[0m [32mtombstoned[0m [32muploader[0m [32mstatsd[0m [32mfeedbackd[0m [32mmodeld_tinygrad[0m [32mmapd[0m [32mmapd_manager[0m [31mmtscd[0m [32mrtid[0m
[32mloggerd[0m [32mencoderd[0m [32mlogmessaged[0m [32mcamerad[0m [32mlogcatd[0m [32mproclogd[0m [32mmicd[0m [32mtimed[0m [32mdmonitoringmodeld[0m [32msensord[0m [32mui[0m [32msoundd[0m [32mlocationd[0m [32mcalibrationd[0m [32mtorqued[0m [32mcontrolsd[0m [32mselfdrived[0m [32mcard[0m [32mdeleter[0m [32mdmonitoringd[0m [32mqcomgpsd[0m [32mpandad[0m [32mparamsd[0m [32mlagd[0m [32mplannerd[0m [32mradard[0m [32mhardwared[0m [32mtombstoned[0m [32muploader[0m [32mstatsd[0m [32mfeedbackd[0m [32mmodeld_tinygrad[0m [32mmapd[0m [32mmapd_manager[0m [31mmtscd[0m [32mrtid[0m
[32mloggerd[0m [32mencoderd[0m [32mlogmessaged[0m [32mcamerad[0m [32mlogcatd[0m [32mproclogd[0m [32mmicd[0m [32mtimed[0m [32mdmonitoringmodeld[0m [32msensord[0m [32mui[0m [32msoundd[0m [32mlocationd[0m [32mcalibrationd[0m [32mtorqued[0m [32mcontrolsd[0m [32mselfdrived[0m [32mcard[0m [32mdeleter[0m [32mdmonitoringd[0m [32mqcomgpsd[0m [32mpandad[0m [32mparamsd[0m [32mlagd[0m [32mplannerd[0m [32mradard[0m [32mhardwared[0m [32mtombstoned[0m [32muploader[0m [32mstatsd[0m [32mfeedbackd[0m [32mmodeld_tinygrad[0m [32mmapd[0m [32mmapd_manager[0m [31mmtscd[0m [32mrtid[0m
[32mloggerd[0m [32mencoderd[0m [32mlogmessaged[0m [32mcamerad[0m [32mlogcatd[0m [32mproclogd[0m [32mmicd[0m [32mtimed[0m [32mdmonitoringmodeld[0m [32msensord[0m [32mui[0m [32msoundd[0m [32mlocationd[0m [32mcalibrationd[0m [32mtorqued[0m [32mcontrolsd[0m [32mselfdrived[0m [32mcard[0m [32mdeleter[0m [32mdmonitoringd[0m [32mqcomgpsd[0m [32mpandad[0m [32mparamsd[0m [32mlagd[0m [32mplannerd[0m [32mradard[0m [32mhardwared[0m [32mtombstoned[0m [32muploader[0m [32mstatsd[0m [32mfeedbackd[0m [32mmodeld_tinygrad[0m [32mmapd[0m [32mmapd_manager[0m [31mmtscd[0m [32mrtid[0m
[32mloggerd[0m [32mencoderd[0m [32mlogmessaged[0m [32mcamerad[0m [32mlogcatd[0m [32mproclogd[0m [32mmicd[0m [32mtimed[0m [32mdmonitoringmodeld[0m [32msensord[0m [32mui[0m [32msoundd[0m [32mlocationd[0m [32mcalibrationd[0m [32mtorqued[0m [32mcontrolsd[0m [32mselfdrived[0m [32mcard[0m [32mdeleter[0m [32mdmonitoringd[0m [32mqcomgpsd[0m [32mpandad[0m [32mparamsd[0m [32mlagd[0m [32mplannerd[0m [32mradard[0m [32mhardwared[0m [32mtombstoned[0m [32muploader[0m [32mstatsd[0m [32mfeedbackd[0m [32mmodeld_tinygrad[0m [32mmapd[0m [32mmapd_manager[0m [31mmtscd[0m [32mrtid[0m
[32mloggerd[0m [32mencoderd[0m [32mlogmessaged[0m [32mcamerad[0m [32mlogcatd[0m [32mproclogd[0m [32mmicd[0m [32mtimed[0m [32mdmonitoringmodeld[0m [32msensord[0m [32mui[0m [32msoundd[0m [32mlocationd[0m [32mcalibrationd[0m [32mtorqued[0m [32mcontrolsd[0m [32mselfdrived[0m [32mcard[0m [32mdeleter[0m [32mdmonitoringd[0m [32mqcomgpsd[0m [32mpandad[0m [32mparamsd[0m [32mlagd[0m [32mplannerd[0m [32mradard[0m [32mhardwared[0m [32mtombstoned[0m [32muploader[0m [32mstatsd[0m [32mfeedbackd[0m [32mmodeld_tinygrad[0m [32mmapd[0m [32mmapd_manager[0m [31mmtscd[0m [32mrtid[0m
[32mloggerd[0m [32mencoderd[0m [32mlogmessaged[0m [32mcamerad[0m [32mlogcatd[0m [32mproclogd[0m [32mmicd[0m [32mtimed[0m [32mdmonitoringmodeld[0m [32msensord[0m [32mui[0m [32msoundd[0m [32mlocationd[0m [32mcalibrationd[0m [32mtorqued[0m [32mcontrolsd[0m [32mselfdrived[0m [32mcard[0m [32mdeleter[0m [32mdmonitoringd[0m [32mqcomgpsd[0m [32mpandad[0m [32mparamsd[0m [32mlagd[0m [32mplannerd[0m [32mradard[0m [32mhardwared[0m [32mtombstoned[0m [32muploader[0m [32mstatsd[0m [32mfeedbackd[0m [32mmodeld_tinygrad[0m [32mmapd[0m [32mmapd_manager[0m [31mmtscd[0m [32mrtid[0m
[32mloggerd[0m [32mencoderd[0m [32mlogmessaged[0m [32mcamerad[0m [32mlogcatd[0m [32mproclogd[0m [32mmicd[0m [32mtimed[0m [32mdmonitoringmodeld[0m [32msensord[0m [32mui[0m [32msoundd[0m [32mlocationd[0m [32mcalibrationd[0m [32mtorqued[0m [32mcontrolsd[0m [32mselfdrived[0m [32mcard[0m [32mdeleter[0m [32mdmonitoringd[0m [32mqcomgpsd[0m [32mpandad[0m [32mparamsd[0m [32mlagd[0m [32mplannerd[0m [32mradard[0m [32mhardwared[0m [32mtombstoned[0m [32muploader[0m [32mstatsd[0m [32mfeedbackd[0m [32mmodeld_tinygrad[0m [32mmapd[0m [32mmapd_manager[0m [31mmtscd[0m [32mrtid[0m
[32mloggerd[0m [32mencoderd[0m [32mlogmessaged[0m [32mcamerad[0m [32mlogcatd[0m [32mproclogd[0m [32mmicd[0m [32mtimed[0m [32mdmonitoringmodeld[0m [32msensord[0m [32mui[0m [32msoundd[0m [32mlocationd[0m [32mcalibrationd[0m [32mtorqued[0m [32mcontrolsd[0m [32mselfdrived[0m [32mcard[0m [32mdeleter[0m [32mdmonitoringd[0m [32mqcomgpsd[0m [32mpandad[0m [32mparamsd[0m [32mlagd[0m [32mplannerd[0m [32mradard[0m [32mhardwared[0m [32mtombstoned[0m [32muploader[0m [32mstatsd[0m [32mfeedbackd[0m [32mmodeld_tinygrad[0m [32mmapd[0m [32mmapd_manager[0m [31mmtscd[0m [32mrtid[0m
[32mloggerd[0m [32mencoderd[0m [32mlogmessaged[0m [32mcamerad[0m [32mlogcatd[0m [32mproclogd[0m [32mmicd[0m [32mtimed[0m [32mdmonitoringmodeld[0m [32msensord[0m [32mui[0m [32msoundd[0m [32mlocationd[0m [32mcalibrationd[0m [32mtorqued[0m [32mcontrolsd[0m [32mselfdrived[0m [32mcard[0m [32mdeleter[0m [32mdmonitoringd[0m [32mqcomgpsd[0m [32mpandad[0m [32mparamsd[0m [32mlagd[0m [32mplannerd[0m [32mradard[0m [32mhardwared[0m [32mtombstoned[0m [32muploader[0m [32mstatsd[0m [32mfeedbackd[0m [32mmodeld_tinygrad[0m [32mmapd[0m [32mmapd_manager[0m [31mmtscd[0m [32mrtid[0m
[32mloggerd[0m [32mencoderd[0m [32mlogmessaged[0m [32mcamerad[0m [32mlogcatd[0m [32mproclogd[0m [32mmicd[0m [32mtimed[0m [32mdmonitoringmodeld[0m [32msensord[0m [32mui[0m [32msoundd[0m [32mlocationd[0m [32mcalibrationd[0m [32mtorqued[0m [32mcontrolsd[0m [32mselfdrived[0m [32mcard[0m [32mdeleter[0m [32mdmonitoringd[0m [32mqcomgpsd[0m [32mpandad[0m [32mparamsd[0m [32mlagd[0m [32mplannerd[0m [32mradard[0m [32mhardwared[0m [32mtombstoned[0m [32muploader[0m [32mstatsd[0m [32mfeedbackd[0m [32mmodeld_tinygrad[0m [32mmapd[0m [32mmapd_manager[0m [31mmtscd[0m [32mrtid[0m
[32mloggerd[0m [32mencoderd[0m [32mlogmessaged[0m [32mcamerad[0m [32mlogcatd[0m [32mproclogd[0m [32mmicd[0m [32mtimed[0m [32mdmonitoringmodeld[0m [32msensord[0m [32mui[0m [32msoundd[0m [32mlocationd[0m [32mcalibrationd[0m [32mtorqued[0m [32mcontrolsd[0m [32mselfdrived[0m [32mcard[0m [32mdeleter[0m [32mdmonitoringd[0m [32mqcomgpsd[0m [32mpandad[0m [32mparamsd[0m [32mlagd[0m [32mplannerd[0m [32mradard[0m [32mhardwared[0m [32mtombstoned[0m [32muploader[0m [32mstatsd[0m [32mfeedbackd[0m [32mmodeld_tinygrad[0m [32mmapd[0m [32mmapd_manager[0m [31mmtscd[0m [32mrtid[0m
RTI cycle took 0.041s
RTI cycle took 0.029s
RTI cycle took 0.028s
RTI cycle took 0.036s
RTI cycle took 0.022s
RTI cycle took 0.023s
RTI cycle took 0.039s
RTI cycle took 0.026s
RTI cycle took 0.041s
RTI cycle took 0.017s
RTI cycle took 0.036s
RTI cycle took 0.037s
RTI cycle took 0.021s
RTI cycle took 0.023s
RTI cycle took 0.026s
RTI cycle took 0.021s
RTI cycle took 0.038s
RTI cycle took 0.014s
RTI cycle took 0.012s
RTI cycle took 0.020s
RTI cycle took 0.030s
RTI cycle took 0.026s
RTI cycle took 0.044s
RTI cycle took 0.026s
RTI cycle took 0.027s
RTI cycle took 0.039s
RTI cycle took 0.021s
RTI cycle took 0.025s
RTI cycle took 0.028s
RTI cycle took 0.019s
RTI cycle took 0.050s
RTI cycle took 0.021s
RTI cycle took 0.037s
RTI cycle took 0.041s
RTI cycle took 0.030s
RTI cycle took 0.037s
RTI cycle took 0.038s
RTI cycle took 0.034s
RTI cycle took 0.026s
RTI cycle took 0.031s
RTI cycle took 0.030s
RTI cycle took 0.037s
RTI cycle took 0.023s
RTI cycle took 0.016s
RTI cycle took 0.028s
RTI cycle took 0.017s
RTI cycle took 0.014s
RTI cycle took 0.013s
RTI cycle took 0.021s
RTI cycle took 0.019s
RTI cycle took 0.029s
RTI cycle took 0.027s
RTI cycle took 0.020s
RTI cycle took 0.028s
RTI cycle took 0.022s
RTI cycle took 0.019s
RTI cycle took 0.016s
RTI cycle took 0.025s
RTI cycle took 0.041s
RTI cycle took 0.017s
RTI cycle took 0.029s
RTI cycle took 0.025s
RTI cycle took 0.031s
RTI cycle took 0.027s
RTI cycle took 0.040s
RTI cycle took 0.030s
RTI cycle took 0.019s
RTI cycle took 0.017s
RTI cycle took 0.023s
RTI cycle took 0.030s
RTI cycle took 0.028s
RTI cycle took 0.039s
RTI cycle took 0.030s
RTI cycle took 0.019s
RTI cycle took 0.028s
RTI cycle took 0.031s
RTI cycle took 0.018s
RTI cycle took 0.033s
RTI cycle took 0.021s
RTI cycle took 0.020s
RTI cycle took 0.028s
RTI cycle took 0.021s
RTI cycle took 0.027s
RTI cycle took 0.033s
RTI cycle took 0.026s
RTI cycle took 0.037s
RTI cycle took 0.041s
RTI cycle took 0.021s
RTI cycle took 0.016s
RTI cycle took 0.020s
RTI cycle took 0.022s
RTI cycle took 0.027s
RTI cycle took 0.031s
RTI cycle took 0.029s
RTI cycle took 0.028s
RTI cycle took 0.021s
RTI cycle took 0.027s
RTI cycle took 0.041s
RTI cycle took 0.040s
RTI cycle took 0.015s
RTI cycle took 0.034s
RTI cycle took 0.023s
RTI cycle took 0.028s
RTI cycle took 0.042s
RTI cycle took 0.025s
RTI cycle took 0.031s
RTI cycle took 0.044s
RTI cycle took 0.014s
RTI cycle took 0.020s
RTI cycle took 0.016s
RTI cycle took 0.027s
RTI cycle took 0.016s
RTI cycle took 0.031s
RTI cycle took 0.029s
RTI cycle took 0.019s
RTI cycle took 0.043s
RTI cycle took 0.035s
RTI cycle took 0.027s
RTI cycle took 0.032s
RTI cycle took 0.017s
RTI cycle took 0.036s
RTI cycle took 0.028s
RTI cycle took 0.030s
RTI cycle took 0.040s
RTI cycle took 0.020s
RTI cycle took 0.037s
RTI cycle took 0.041s
RTI cycle took 0.028s
RTI cycle took 0.027s
RTI cycle took 0.031s
RTI cycle took 0.023s
RTI cycle took 0.033s
RTI cycle took 0.026s
RTI cycle took 0.038s
RTI cycle took 0.032s
RTI cycle took 0.039s
RTI cycle took 0.016s
RTI cycle took 0.013s
RTI cycle took 0.022s
RTI cycle took 0.033s
RTI cycle took 0.030s
RTI cycle took 0.021s
RTI cycle took 0.041s
RTI cycle took 0.030s
RTI cycle took 0.015s
RTI cycle took 0.021s
RTI cycle took 0.039s
RTI cycle took 0.033s
RTI cycle took 0.026s
RTI cycle took 0.026s
RTI cycle took 0.017s
RTI cycle took 0.026s
RTI cycle took 0.018s
RTI cycle took 0.028s
RTI cycle took 0.018s
RTI cycle took 0.020s
RTI cycle took 0.030s
RTI cycle took 0.028s
RTI cycle took 0.032s
RTI cycle took 0.025s
RTI cycle took 0.031s
RTI cycle took 0.040s
RTI cycle took 0.027s
RTI cycle took 0.025s
RTI cycle took 0.026s
RTI cycle took 0.029s
RTI cycle took 0.020s
RTI cycle took 0.037s
RTI cycle took 0.030s
RTI cycle took 0.032s
RTI cycle took 0.024s
RTI cycle took 0.020s
RTI cycle took 0.020s
RTI cycle took 0.029s
RTI cycle took 0.027s
RTI cycle took 0.033s
RTI cycle took 0.016s
RTI cycle took 0.035s
RTI cycle took 0.020s
RTI cycle took 0.027s
RTI cycle took 0.041s
RTI cycle took 0.016s
RTI cycle took 0.028s
RTI cycle took 0.017s
RTI cycle took 0.038s
RTI cycle took 0.027s
RTI cycle took 0.029s
RTI cycle took 0.065s
RTI cycle took 0.046s
RTI cycle took 0.028s
RTI cycle took 0.028s
RTI cycle took 0.022s
RTI cycle took 0.027s
RTI cycle took 0.039s
RTI cycle took 0.036s
RTI cycle took 0.036s
RTI cycle took 0.029s
RTI cycle took 0.035s
RTI cycle took 0.030s
RTI cycle took 0.028s
RTI cycle took 0.028s
RTI cycle took 0.021s
[32mloggerd[0m [32mencoderd[0m [32mlogmessaged[0m [32mcamerad[0m [32mlogcatd[0m [32mproclogd[0m [32mmicd[0m [32mtimed[0m [32mdmonitoringmodeld[0m [32msensord[0m [32mui[0m [32msoundd[0m [32mlocationd[0m [32mcalibrationd[0m [32mtorqued[0m [32mcontrolsd[0m [32mselfdrived[0m [32mcard[0m [32mdeleter[0m [32mdmonitoringd[0m [32mqcomgpsd[0m [32mpandad[0m [32mparamsd[0m [32mlagd[0m [32mplannerd[0m [32mradard[0m [32mhardwared[0m [32mtombstoned[0m [32muploader[0m [32mstatsd[0m [32mfeedbackd[0m [32mmodeld_tinygrad[0m [32mmapd[0m [32mmapd_manager[0m [31mmtscd[0m [32mrtid[0m
[32mloggerd[0m [32mencoderd[0m [32mlogmessaged[0m [32mcamerad[0m [32mlogcatd[0m [32mproclogd[0m [32mmicd[0m [32mtimed[0m [32mdmonitoringmodeld[0m [32msensord[0m [32mui[0m [32msoundd[0m [32mlocationd[0m [32mcalibrationd[0m [32mtorqued[0m [32mcontrolsd[0m [32mselfdrived[0m [32mcard[0m [32mdeleter[0m [32mdmonitoringd[0m [32mqcomgpsd[0m [32mpandad[0m [32mparamsd[0m [32mlagd[0m [32mplannerd[0m [32mradard[0m [32mhardwared[0m [32mtombstoned[0m [32muploader[0m [32mstatsd[0m [32mfeedbackd[0m [32mmodeld_tinygrad[0m [32mmapd[0m [32mmapd_manager[0m [31mmtscd[0m [32mrtid[0m
[32mloggerd[0m [32mencoderd[0m [32mlogmessaged[0m [32mcamerad[0m [32mlogcatd[0m [32mproclogd[0m [32mmicd[0m [32mtimed[0m [32mdmonitoringmodeld[0m [32msensord[0m [32mui[0m [32msoundd[0m [32mlocationd[0m [32mcalibrationd[0m [32mtorqued[0m [32mcontrolsd[0m [32mselfdrived[0m [32mcard[0m [32mdeleter[0m [32mdmonitoringd[0m [32mqcomgpsd[0m [32mpandad[0m [32mparamsd[0m [32mlagd[0m [32mplannerd[0m [32mradard[0m [32mhardwared[0m [32mtombstoned[0m [32muploader[0m [32mstatsd[0m [32mfeedbackd[0m [32mmodeld_tinygrad[0m [32mmapd[0m [32mmapd_manager[0m [31mmtscd[0m [32mrtid[0m
[32mloggerd[0m [32mencoderd[0m [32mlogmessaged[0m [32mcamerad[0m [32mlogcatd[0m [32mproclogd[0m [32mmicd[0m [32mtimed[0m [32mdmonitoringmodeld[0m [32msensord[0m [32mui[0m [32msoundd[0m [32mlocationd[0m [32mcalibrationd[0m [32mtorqued[0m [32mcontrolsd[0m [32mselfdrived[0m [32mcard[0m [32mdeleter[0m [32mdmonitoringd[0m [32mqcomgpsd[0m [32mpandad[0m [32mparamsd[0m [32mlagd[0m [32mplannerd[0m [32mradard[0m [32mhardwared[0m [32mtombstoned[0m [32muploader[0m [32mstatsd[0m [32mfeedbackd[0m [32mmodeld_tinygrad[0m [32mmapd[0m [32mmapd_manager[0m [31mmtscd[0m [32mrtid[0m
[32mloggerd[0m [32mencoderd[0m [32mlogmessaged[0m [32mcamerad[0m [32mlogcatd[0m [32mproclogd[0m [32mmicd[0m [32mtimed[0m [32mdmonitoringmodeld[0m [32msensord[0m [32mui[0m [32msoundd[0m [32mlocationd[0m [32mcalibrationd[0m [32mtorqued[0m [32mcontrolsd[0m [32mselfdrived[0m [32mcard[0m [32mdeleter[0m [32mdmonitoringd[0m [32mqcomgpsd[0m [32mpandad[0m [32mparamsd[0m [32mlagd[0m [32mplannerd[0m [32mradard[0m [32mhardwared[0m [32mtombstoned[0m [32muploader[0m [32mstatsd[0m [32mfeedbackd[0m [32mmodeld_tinygrad[0m [32mmapd[0m [32mmapd_manager[0m [31mmtscd[0m [32mrtid[0m
[32mloggerd[0m [32mencoderd[0m [32mlogmessaged[0m [32mcamerad[0m [32mlogcatd[0m [32mproclogd[0m [32mmicd[0m [32mtimed[0m [32mdmonitoringmodeld[0m [32msensord[0m [32mui[0m [32msoundd[0m [32mlocationd[0m [32mcalibrationd[0m [32mtorqued[0m [32mcontrolsd[0m [32mselfdrived[0m [32mcard[0m [32mdeleter[0m [32mdmonitoringd[0m [32mqcomgpsd[0m [32mpandad[0m [32mparamsd[0m [32mlagd[0m [32mplannerd[0m [32mradard[0m [32mhardwared[0m [32mtombstoned[0m [32muploader[0m [32mstatsd[0m [32mfeedbackd[0m [32mmodeld_tinygrad[0m [32mmapd[0m [32mmapd_manager[0m [31mmtscd[0m [32mrtid[0m
[32mloggerd[0m [32mencoderd[0m [32mlogmessaged[0m [32mcamerad[0m [32mlogcatd[0m [32mproclogd[0m [32mmicd[0m [32mtimed[0m [32mdmonitoringmodeld[0m [32msensord[0m [32mui[0m [32msoundd[0m [32mlocationd[0m [32mcalibrationd[0m [32mtorqued[0m [32mcontrolsd[0m [32mselfdrived[0m [32mcard[0m [32mdeleter[0m [32mdmonitoringd[0m [32mqcomgpsd[0m [32mpandad[0m [32mparamsd[0m [32mlagd[0m [32mplannerd[0m [32mradard[0m [32mhardwared[0m [32mtombstoned[0m [32muploader[0m [32mstatsd[0m [32mfeedbackd[0m [32mmodeld_tinygrad[0m [32mmapd[0m [32mmapd_manager[0m [31mmtscd[0m [32mrtid[0m
[32mloggerd[0m [32mencoderd[0m [32mlogmessaged[0m [32mcamerad[0m [32mlogcatd[0m [32mproclogd[0m [32mmicd[0m [32mtimed[0m [32mdmonitoringmodeld[0m [32msensord[0m [32mui[0m [32msoundd[0m [32mlocationd[0m [32mcalibrationd[0m [32mtorqued[0m [32mcontrolsd[0m [32mselfdrived[0m [32mcard[0m [32mdeleter[0m [32mdmonitoringd[0m [32mqcomgpsd[0m [32mpandad[0m [32mparamsd[0m [32mlagd[0m [32mplannerd[0m [32mradard[0m [32mhardwared[0m [32mtombstoned[0m [32muploader[0m [32mstatsd[0m [32mfeedbackd[0m [32mmodeld_tinygrad[0m [32mmapd[0m [32mmapd_manager[0m [31mmtscd[0m [32mrtid[0m
[32mloggerd[0m [32mencoderd[0m [32mlogmessaged[0m [32mcamerad[0m [32mlogcatd[0m [32mproclogd[0m [32mmicd[0m [32mtimed[0m [32mdmonitoringmodeld[0m [32msensord[0m [32mui[0m [32msoundd[0m [32mlocationd[0m [32mcalibrationd[0m [32mtorqued[0m [32mcontrolsd[0m [32mselfdrived[0m [32mcard[0m [32mdeleter[0m [32mdmonitoringd[0m [32mqcomgpsd[0m [32mpandad[0m [32mparamsd[0m [32mlagd[0m [32mplannerd[0m [32mradard[0m [32mhardwared[0m [32mtombstoned[0m [32muploader[0m [32mstatsd[0m [32mfeedbackd[0m [32mmodeld_tinygrad[0m [32mmapd[0m [32mmapd_manager[0m [31mmtscd[0m [32mrtid[0m
[32mloggerd[0m [32mencoderd[0m [32mlogmessaged[0m [32mcamerad[0m [32mlogcatd[0m [32mproclogd[0m [32mmicd[0m [32mtimed[0m [32mdmonitoringmodeld[0m [32msensord[0m [32mui[0m [32msoundd[0m [32mlocationd[0m [32mcalibrationd[0m [32mtorqued[0m [32mcontrolsd[0m [32mselfdrived[0m [32mcard[0m [32mdeleter[0m [32mdmonitoringd[0m [32mqcomgpsd[0m [32mpandad[0m [32mparamsd[0m [32mlagd[0m [32mplannerd[0m [32mradard[0m [32mhardwared[0m [32mtombstoned[0m [32muploader[0m [32mstatsd[0m [32mfeedbackd[0m [32mmodeld_tinygrad[0m [32mmapd[0m [32mmapd_manager[0m [31mmtscd[0m [32mrtid[0m
[32mloggerd[0m [32mencoderd[0m [32mlogmessaged[0m [32mcamerad[0m [32mlogcatd[0m [32mproclogd[0m [32mmicd[0m [32mtimed[0m [32mdmonitoringmodeld[0m [32msensord[0m [32mui[0m [32msoundd[0m [32mlocationd[0m [32mcalibrationd[0m [32mtorqued[0m [32mcontrolsd[0m [32mselfdrived[0m [32mcard[0m [32mdeleter[0m [32mdmonitoringd[0m [32mqcomgpsd[0m [32mpandad[0m [32mparamsd[0m [32mlagd[0m [32mplannerd[0m [32mradard[0m [32mhardwared[0m [32mtombstoned[0m [32muploader[0m [32mstatsd[0m [32mfeedbackd[0m [32mmodeld_tinygrad[0m [32mmapd[0m [32mmapd_manager[0m [31mmtscd[0m [32mrtid[0m
[32mloggerd[0m [32mencoderd[0m [32mlogmessaged[0m [32mcamerad[0m [32mlogcatd[0m [32mproclogd[0m [32mmicd[0m [32mtimed[0m [32mdmonitoringmodeld[0m [32msensord[0m [32mui[0m [32msoundd[0m [32mlocationd[0m [32mcalibrationd[0m [32mtorqued[0m [32mcontrolsd[0m [32mselfdrived[0m [32mcard[0m [32mdeleter[0m [32mdmonitoringd[0m [32mqcomgpsd[0m [32mpandad[0m [32mparamsd[0m [32mlagd[0m [32mplannerd[0m [32mradard[0m [32mhardwared[0m [32mtombstoned[0m [32muploader[0m [32mstatsd[0m [32mfeedbackd[0m [32mmodeld_tinygrad[0m [32mmapd[0m [32mmapd_manager[0m [31mmtscd[0m [32mrtid[0m
RTI cycle took 0.027s
RTI cycle took 0.032s
RTI cycle took 0.016s
RTI cycle took 0.014s
RTI cycle took 0.032s
RTI cycle took 0.023s
RTI cycle took 0.026s
RTI cycle took 0.021s
RTI cycle took 0.026s
RTI cycle took 0.022s
RTI cycle took 0.025s
RTI cycle took 0.021s
RTI cycle took 0.015s
RTI cycle took 0.034s
RTI cycle took 0.043s
RTI cycle took 0.024s
RTI cycle took 0.023s
RTI cycle took 0.051s
RTI cycle took 0.023s
RTI cycle took 0.022s
RTI cycle took 0.036s
RTI cycle took 0.026s
RTI cycle took 0.041s
RTI cycle took 0.020s
RTI cycle took 0.028s
RTI cycle took 0.041s
RTI cycle took 0.025s
RTI cycle took 0.030s
RTI cycle took 0.034s
RTI cycle took 0.024s
RTI cycle took 0.040s
RTI cycle took 0.028s
RTI cycle took 0.039s
RTI cycle took 0.022s
RTI cycle took 0.025s
RTI cycle took 0.021s
RTI cycle took 0.028s
RTI cycle took 0.041s
RTI cycle took 0.038s
RTI cycle took 0.014s
RTI cycle took 0.018s
RTI cycle took 0.028s
RTI cycle took 0.014s
RTI cycle took 0.014s
RTI cycle took 0.023s
RTI cycle took 0.019s
RTI cycle took 0.036s
RTI cycle took 0.030s
RTI cycle took 0.041s
RTI cycle took 0.036s
RTI cycle took 0.041s
RTI cycle took 0.022s
RTI cycle took 0.037s
RTI cycle took 0.028s
RTI cycle took 0.039s
RTI cycle took 0.018s
RTI cycle took 0.036s
RTI cycle took 0.019s
RTI cycle took 0.031s
RTI cycle took 0.028s
RTI cycle took 0.025s
RTI cycle took 0.032s
RTI cycle took 0.016s
RTI cycle took 0.025s
RTI cycle took 0.019s
RTI cycle took 0.020s
RTI cycle took 0.018s
RTI cycle took 0.018s
RTI cycle took 0.040s
RTI cycle took 0.023s
RTI cycle took 0.031s
RTI cycle took 0.041s
RTI cycle took 0.026s
RTI cycle took 0.030s
RTI cycle took 0.042s
RTI cycle took 0.031s
RTI cycle took 0.027s
RTI cycle took 0.020s
RTI cycle took 0.020s
RTI cycle took 0.016s
RTI cycle took 0.034s
RTI cycle took 0.033s
RTI cycle took 0.027s
RTI cycle took 0.028s
RTI cycle took 0.018s
RTI cycle took 0.019s
RTI cycle took 0.024s
RTI cycle took 0.039s
RTI cycle took 0.032s
RTI cycle took 0.025s
RTI cycle took 0.038s
RTI cycle took 0.020s
RTI cycle took 0.027s
RTI cycle took 0.019s
RTI cycle took 0.028s
RTI cycle took 0.041s
RTI cycle took 0.028s
RTI cycle took 0.028s
RTI cycle took 0.041s
RTI cycle took 0.029s
RTI cycle took 0.040s
RTI cycle took 0.035s
RTI cycle took 0.021s
RTI cycle took 0.027s
RTI cycle took 0.041s
RTI cycle took 0.029s
RTI cycle took 0.039s
RTI cycle took 0.026s
RTI cycle took 0.042s
RTI cycle took 0.024s
RTI cycle took 0.030s
RTI cycle took 0.029s
RTI cycle took 0.021s
RTI cycle took 0.041s
RTI cycle took 0.015s
RTI cycle took 0.014s
RTI cycle took 0.021s
RTI cycle took 0.018s
RTI cycle took 0.018s
RTI cycle took 0.039s
RTI cycle took 0.025s
RTI cycle took 0.027s
RTI cycle took 0.029s
RTI cycle took 0.028s
RTI cycle took 0.033s
RTI cycle took 0.026s
RTI cycle took 0.021s
RTI cycle took 0.027s
RTI cycle took 0.029s
RTI cycle took 0.040s
RTI cycle took 0.015s
RTI cycle took 0.034s
RTI cycle took 0.029s
RTI cycle took 0.039s
RTI cycle took 0.030s
RTI cycle took 0.028s
RTI cycle took 0.021s
RTI cycle took 0.027s
RTI cycle took 0.021s
RTI cycle took 0.028s
RTI cycle took 0.028s
RTI cycle took 0.036s
RTI cycle took 0.033s
RTI cycle took 0.039s
RTI cycle took 0.029s
RTI cycle took 0.028s
RTI cycle took 0.037s
RTI cycle took 0.033s
RTI cycle took 0.028s
RTI cycle took 0.050s
RTI cycle took 0.027s
RTI cycle took 0.032s
RTI cycle took 0.026s
RTI cycle took 0.035s
RTI cycle took 0.041s
RTI cycle took 0.042s
RTI cycle took 0.035s
RTI cycle took 0.029s
RTI cycle took 0.042s
RTI cycle took 0.040s
RTI cycle took 0.037s
RTI cycle took 0.030s
RTI cycle took 0.052s
RTI cycle took 0.028s
RTI cycle took 0.044s
RTI cycle took 0.046s
RTI cycle took 0.018s
RTI cycle took 0.036s
RTI cycle took 0.030s
RTI cycle took 0.026s
RTI cycle took 0.039s
RTI cycle took 0.019s
RTI cycle took 0.028s
RTI cycle took 0.026s
RTI cycle took 0.035s
RTI cycle took 0.051s
RTI cycle took 0.035s
RTI cycle took 0.033s
RTI cycle took 0.029s
RTI cycle took 0.046s
RTI cycle took 0.031s
RTI cycle took 0.028s
RTI cycle took 0.034s
RTI cycle took 0.036s
RTI cycle took 0.019s
RTI cycle took 0.027s
RTI cycle took 0.020s
RTI cycle took 0.018s
RTI cycle took 0.038s
RTI cycle took 0.038s
[32mloggerd[0m [32mencoderd[0m [32mlogmessaged[0m [32mcamerad[0m [32mlogcatd[0m [32mproclogd[0m [32mmicd[0m [32mtimed[0m [32mdmonitoringmodeld[0m [32msensord[0m [32mui[0m [32msoundd[0m [32mlocationd[0m [32mcalibrationd[0m [32mtorqued[0m [32mcontrolsd[0m [32mselfdrived[0m [32mcard[0m [32mdeleter[0m [32mdmonitoringd[0m [32mqcomgpsd[0m [32mpandad[0m [32mparamsd[0m [32mlagd[0m [32mplannerd[0m [32mradard[0m [32mhardwared[0m [32mtombstoned[0m [32muploader[0m [32mstatsd[0m [32mfeedbackd[0m [32mmodeld_tinygrad[0m [32mmapd[0m [32mmapd_manager[0m [31mmtscd[0m [32mrtid[0m
[32mloggerd[0m [32mencoderd[0m [32mlogmessaged[0m [32mcamerad[0m [32mlogcatd[0m [32mproclogd[0m [32mmicd[0m [32mtimed[0m [32mdmonitoringmodeld[0m [32msensord[0m [32mui[0m [32msoundd[0m [32mlocationd[0m [32mcalibrationd[0m [32mtorqued[0m [32mcontrolsd[0m [32mselfdrived[0m [32mcard[0m [32mdeleter[0m [32mdmonitoringd[0m [32mqcomgpsd[0m [32mpandad[0m [32mparamsd[0m [32mlagd[0m [32mplannerd[0m [32mradard[0m [32mhardwared[0m [32mtombstoned[0m [32muploader[0m [32mstatsd[0m [32mfeedbackd[0m [32mmodeld_tinygrad[0m [32mmapd[0m [32mmapd_manager[0m [31mmtscd[0m [32mrtid[0m
[32mloggerd[0m [32mencoderd[0m [32mlogmessaged[0m [32mcamerad[0m [32mlogcatd[0m [32mproclogd[0m [32mmicd[0m [32mtimed[0m [32mdmonitoringmodeld[0m [32msensord[0m [32mui[0m [32msoundd[0m [32mlocationd[0m [32mcalibrationd[0m [32mtorqued[0m [32mcontrolsd[0m [32mselfdrived[0m [32mcard[0m [32mdeleter[0m [32mdmonitoringd[0m [32mqcomgpsd[0m [32mpandad[0m [32mparamsd[0m [32mlagd[0m [32mplannerd[0m [32mradard[0m [32mhardwared[0m [32mtombstoned[0m [32muploader[0m [32mstatsd[0m [32mfeedbackd[0m [32mmodeld_tinygrad[0m [32mmapd[0m [32mmapd_manager[0m [31mmtscd[0m [32mrtid[0m
[32mloggerd[0m [32mencoderd[0m [32mlogmessaged[0m [32mcamerad[0m [32mlogcatd[0m [32mproclogd[0m [32mmicd[0m [32mtimed[0m [32mdmonitoringmodeld[0m [32msensord[0m [32mui[0m [32msoundd[0m [32mlocationd[0m [32mcalibrationd[0m [32mtorqued[0m [32mcontrolsd[0m [32mselfdrived[0m [32mcard[0m [32mdeleter[0m [32mdmonitoringd[0m [32mqcomgpsd[0m [32mpandad[0m [32mparamsd[0m [32mlagd[0m [32mplannerd[0m [32mradard[0m [32mhardwared[0m [32mtombstoned[0m [32muploader[0m [32mstatsd[0m [32mfeedbackd[0m [32mmodeld_tinygrad[0m [32mmapd[0m [32mmapd_manager[0m [31mmtscd[0m [32mrtid[0m
[32mloggerd[0m [32mencoderd[0m [32mlogmessaged[0m [32mcamerad[0m [32mlogcatd[0m [32mproclogd[0m [32mmicd[0m [32mtimed[0m [32mdmonitoringmodeld[0m [32msensord[0m [32mui[0m [32msoundd[0m [32mlocationd[0m [32mcalibrationd[0m [32mtorqued[0m [32mcontrolsd[0m [32mselfdrived[0m [32mcard[0m [32mdeleter[0m [32mdmonitoringd[0m [32mqcomgpsd[0m [32mpandad[0m [32mparamsd[0m [32mlagd[0m [32mplannerd[0m [32mradard[0m [32mhardwared[0m [32mtombstoned[0m [32muploader[0m [32mstatsd[0m [32mfeedbackd[0m [32mmodeld_tinygrad[0m [32mmapd[0m [32mmapd_manager[0m [31mmtscd[0m [32mrtid[0m
[32mloggerd[0m [32mencoderd[0m [32mlogmessaged[0m [32mcamerad[0m [32mlogcatd[0m [32mproclogd[0m [32mmicd[0m [32mtimed[0m [32mdmonitoringmodeld[0m [32msensord[0m [32mui[0m [32msoundd[0m [32mlocationd[0m [32mcalibrationd[0m [32mtorqued[0m [32mcontrolsd[0m [32mselfdrived[0m [32mcard[0m [32mdeleter[0m [32mdmonitoringd[0m [32mqcomgpsd[0m [32mpandad[0m [32mparamsd[0m [32mlagd[0m [32mplannerd[0m [32mradard[0m [32mhardwared[0m [32mtombstoned[0m [32muploader[0m [32mstatsd[0m [32mfeedbackd[0m [32mmodeld_tinygrad[0m [32mmapd[0m [32mmapd_manager[0m [31mmtscd[0m [32mrtid[0m
[32mloggerd[0m [32mencoderd[0m [32mlogmessaged[0m [32mcamerad[0m [32mlogcatd[0m [32mproclogd[0m [32mmicd[0m [32mtimed[0m [32mdmonitoringmodeld[0m [32msensord[0m [32mui[0m [32msoundd[0m [32mlocationd[0m [32mcalibrationd[0m [32mtorqued[0m [32mcontrolsd[0m [32mselfdrived[0m [32mcard[0m [32mdeleter[0m [32mdmonitoringd[0m [32mqcomgpsd[0m [32mpandad[0m [32mparamsd[0m [32mlagd[0m [32mplannerd[0m [32mradard[0m [32mhardwared[0m [32mtombstoned[0m [32muploader[0m [32mstatsd[0m [32mfeedbackd[0m [32mmodeld_tinygrad[0m [32mmapd[0m [32mmapd_manager[0m [31mmtscd[0m [32mrtid[0m
[32mloggerd[0m [32mencoderd[0m [32mlogmessaged[0m [32mcamerad[0m [32mlogcatd[0m [32mproclogd[0m [32mmicd[0m [32mtimed[0m [32mdmonitoringmodeld[0m [32msensord[0m [32mui[0m [32msoundd[0m [32mlocationd[0m [32mcalibrationd[0m [32mtorqued[0m [32mcontrolsd[0m [32mselfdrived[0m [32mcard[0m [32mdeleter[0m [32mdmonitoringd[0m [32mqcomgpsd[0m [32mpandad[0m [32mparamsd[0m [32mlagd[0m [32mplannerd[0m [32mradard[0m [32mhardwared[0m [32mtombstoned[0m [32muploader[0m [32mstatsd[0m [32mfeedbackd[0m [32mmodeld_tinygrad[0m [32mmapd[0m [32mmapd_manager[0m [31mmtscd[0m [32mrtid[0m
[32mloggerd[0m [32mencoderd[0m [32mlogmessaged[0m [32mcamerad[0m [32mlogcatd[0m [32mproclogd[0m [32mmicd[0m [32mtimed[0m [32mdmonitoringmodeld[0m [32msensord[0m [32mui[0m [32msoundd[0m [32mlocationd[0m [32mcalibrationd[0m [32mtorqued[0m [32mcontrolsd[0m [32mselfdrived[0m [32mcard[0m [32mdeleter[0m [32mdmonitoringd[0m [32mqcomgpsd[0m [32mpandad[0m [32mparamsd[0m [32mlagd[0m [32mplannerd[0m [32mradard[0m [32mhardwared[0m [32mtombstoned[0m [32muploader[0m [32mstatsd[0m [32mfeedbackd[0m [32mmodeld_tinygrad[0m [32mmapd[0m [32mmapd_manager[0m [31mmtscd[0m [32mrtid[0m
[32mloggerd[0m [32mencoderd[0m [32mlogmessaged[0m [32mcamerad[0m [32mlogcatd[0m [32mproclogd[0m [32mmicd[0m [32mtimed[0m [32mdmonitoringmodeld[0m [32msensord[0m [32mui[0m [32msoundd[0m [32mlocationd[0m [32mcalibrationd[0m [32mtorqued[0m [32mcontrolsd[0m [32mselfdrived[0m [32mcard[0m [32mdeleter[0m [32mdmonitoringd[0m [32mqcomgpsd[0m [32mpandad[0m [32mparamsd[0m [32mlagd[0m [32mplannerd[0m [32mradard[0m [32mhardwared[0m [32mtombstoned[0m [32muploader[0m [32mstatsd[0m [32mfeedbackd[0m [32mmodeld_tinygrad[0m [32mmapd[0m [32mmapd_manager[0m [31mmtscd[0m [32mrtid[0m
[32mloggerd[0m [32mencoderd[0m [32mlogmessaged[0m [32mcamerad[0m [32mlogcatd[0m [32mproclogd[0m [32mmicd[0m [32mtimed[0m [32mdmonitoringmodeld[0m [32msensord[0m [32mui[0m [32msoundd[0m [32mlocationd[0m [32mcalibrationd[0m [32mtorqued[0m [32mcontrolsd[0m [32mselfdrived[0m [32mcard[0m [32mdeleter[0m [32mdmonitoringd[0m [32mqcomgpsd[0m [32mpandad[0m [32mparamsd[0m [32mlagd[0m [32mplannerd[0m [32mradard[0m [32mhardwared[0m [32mtombstoned[0m [32muploader[0m [32mstatsd[0m [32mfeedbackd[0m [32mmodeld_tinygrad[0m [32mmapd[0m [32mmapd_manager[0m [31mmtscd[0m [32mrtid[0m
[32mloggerd[0m [32mencoderd[0m [32mlogmessaged[0m [32mcamerad[0m [32mlogcatd[0m [32mproclogd[0m [32mmicd[0m [32mtimed[0m [32mdmonitoringmodeld[0m [32msensord[0m [32mui[0m [32msoundd[0m [32mlocationd[0m [32mcalibrationd[0m [32mtorqued[0m [32mcontrolsd[0m [32mselfdrived[0m [32mcard[0m [32mdeleter[0m [32mdmonitoringd[0m [32mqcomgpsd[0m [32mpandad[0m [32mparamsd[0m [32mlagd[0m [32mplannerd[0m [32mradard[0m [32mhardwared[0m [32mtombstoned[0m [32muploader[0m [32mstatsd[0m [32mfeedbackd[0m [32mmodeld_tinygrad[0m [32mmapd[0m [32mmapd_manager[0m [31mmtscd[0m [32mrtid[0m
RTI cycle took 0.041s
RTI cycle took 0.026s
RTI cycle took 0.031s
RTI cycle took 0.044s
RTI cycle took 0.032s
RTI cycle took 0.030s
RTI cycle took 0.041s
RTI cycle took 0.018s
RTI cycle took 0.036s
RTI cycle took 0.028s
RTI cycle took 0.015s
RTI cycle took 0.024s
RTI cycle took 0.043s
RTI cycle took 0.024s
RTI cycle took 0.040s
RTI cycle took 0.041s
RTI cycle took 0.038s
RTI cycle took 0.015s
RTI cycle took 0.029s
RTI cycle took 0.034s
RTI cycle took 0.030s
RTI cycle took 0.037s
RTI cycle took 0.027s
RTI cycle took 0.039s
RTI cycle took 0.012s
RTI cycle took 0.018s
RTI cycle took 0.026s
RTI cycle took 0.025s
RTI cycle took 0.049s
RTI cycle took 0.023s
RTI cycle took 0.034s
RTI cycle took 0.028s
RTI cycle took 0.034s
RTI cycle took 0.026s
RTI cycle took 0.032s
RTI cycle took 0.042s
RTI cycle took 0.013s
RTI cycle took 0.012s
RTI cycle took 0.021s
RTI cycle took 0.024s
RTI cycle took 0.025s
RTI cycle took 0.019s
RTI cycle took 0.019s
RTI cycle took 0.039s
RTI cycle took 0.016s
RTI cycle took 0.037s
RTI cycle took 0.027s
RTI cycle took 0.021s
RTI cycle took 0.029s
RTI cycle took 0.026s
RTI cycle took 0.020s
RTI cycle took 0.038s
RTI cycle took 0.023s
RTI cycle took 0.026s
RTI cycle took 0.030s
RTI cycle took 0.027s
RTI cycle took 0.029s
RTI cycle took 0.033s
RTI cycle took 0.035s
RTI cycle took 0.021s
RTI cycle took 0.042s
RTI cycle took 0.016s
RTI cycle took 0.029s
RTI cycle took 0.026s
RTI cycle took 0.030s
RTI cycle took 0.043s
RTI cycle took 0.025s
RTI cycle took 0.022s
RTI cycle took 0.024s
RTI cycle took 0.031s
RTI cycle took 0.041s
RTI cycle took 0.036s
RTI cycle took 0.029s
RTI cycle took 0.033s
RTI cycle took 0.015s
RTI cycle took 0.022s
RTI cycle took 0.025s
RTI cycle took 0.028s
RTI cycle took 0.018s
RTI cycle took 0.028s
RTI cycle took 0.027s
RTI cycle took 0.040s
RTI cycle took 0.032s
RTI cycle took 0.040s
RTI cycle took 0.027s
RTI cycle took 0.038s
RTI cycle took 0.033s
RTI cycle took 0.027s
RTI cycle took 0.029s
RTI cycle took 0.018s
RTI cycle took 0.027s
RTI cycle took 0.029s
RTI cycle took 0.030s
RTI cycle took 0.039s
RTI cycle took 0.019s
RTI cycle took 0.028s
RTI cycle took 0.018s
RTI cycle took 0.028s
RTI cycle took 0.029s
RTI cycle took 0.039s
RTI cycle took 0.027s
RTI cycle took 0.046s
RTI cycle took 0.022s
RTI cycle took 0.025s
RTI cycle took 0.042s
RTI cycle took 0.014s
RTI cycle took 0.029s
RTI cycle took 0.026s
RTI cycle took 0.038s
RTI cycle took 0.032s
RTI cycle took 0.016s
RTI cycle took 0.016s
RTI cycle took 0.024s
RTI cycle took 0.040s
RTI cycle took 0.018s
RTI cycle took 0.028s
RTI cycle took 0.027s
RTI cycle took 0.030s
RTI cycle took 0.018s
RTI cycle took 0.037s
RTI cycle took 0.030s
RTI cycle took 0.029s
RTI cycle took 0.021s
RTI cycle took 0.040s
RTI cycle took 0.017s
RTI cycle took 0.037s
RTI cycle took 0.037s
RTI cycle took 0.029s
RTI cycle took 0.037s
RTI cycle took 0.034s
RTI cycle took 0.027s
RTI cycle took 0.038s
RTI cycle took 0.020s
RTI cycle took 0.028s
RTI cycle took 0.021s
RTI cycle took 0.027s
RTI cycle took 0.029s
RTI cycle took 0.029s
RTI cycle took 0.040s
RTI cycle took 0.022s
RTI cycle took 0.027s
RTI cycle took 0.029s
RTI cycle took 0.034s
RTI cycle took 0.026s
RTI cycle took 0.022s
RTI cycle took 0.037s
RTI cycle took 0.029s
RTI cycle took 0.041s
RTI cycle took 0.031s
RTI cycle took 0.027s
RTI cycle took 0.023s
RTI cycle took 0.015s
RTI cycle took 0.036s
RTI cycle took 0.029s
RTI cycle took 0.029s
RTI cycle took 0.041s
RTI cycle took 0.027s
RTI cycle took 0.029s
RTI cycle took 0.033s
RTI cycle took 0.036s
RTI cycle took 0.021s
RTI cycle took 0.028s
RTI cycle took 0.020s
RTI cycle took 0.041s
RTI cycle took 0.015s
RTI cycle took 0.019s
RTI cycle took 0.015s
RTI cycle took 0.027s
RTI cycle took 0.023s
RTI cycle took 0.031s
RTI cycle took 0.029s
RTI cycle took 0.027s
RTI cycle took 0.033s
RTI cycle took 0.028s
RTI cycle took 0.037s
RTI cycle took 0.033s
RTI cycle took 0.017s
RTI cycle took 0.036s
RTI cycle took 0.017s
RTI cycle took 0.020s
RTI cycle took 0.040s
RTI cycle took 0.021s
RTI cycle took 0.041s
RTI cycle took 0.018s
RTI cycle took 0.026s
RTI cycle took 0.018s
RTI cycle took 0.026s
RTI cycle took 0.029s
RTI cycle took 0.029s
RTI cycle took 0.033s
RTI cycle took 0.027s
RTI cycle took 0.029s
RTI cycle took 0.027s
RTI cycle took 0.021s
RTI cycle took 0.029s
RTI cycle took 0.039s
RTI cycle took 0.029s
RTI cycle took 0.044s
[32mloggerd[0m [32mencoderd[0m [32mlogmessaged[0m [32mcamerad[0m [32mlogcatd[0m [32mproclogd[0m [32mmicd[0m [32mtimed[0m [32mdmonitoringmodeld[0m [32msensord[0m [32mui[0m [32msoundd[0m [32mlocationd[0m [32mcalibrationd[0m [32mtorqued[0m [32mcontrolsd[0m [32mselfdrived[0m [32mcard[0m [32mdeleter[0m [32mdmonitoringd[0m [32mqcomgpsd[0m [32mpandad[0m [32mparamsd[0m [32mlagd[0m [32mplannerd[0m [32mradard[0m [32mhardwared[0m [32mtombstoned[0m [32muploader[0m [32mstatsd[0m [32mfeedbackd[0m [32mmodeld_tinygrad[0m [32mmapd[0m [32mmapd_manager[0m [31mmtscd[0m [32mrtid[0m
[32mloggerd[0m [32mencoderd[0m [32mlogmessaged[0m [32mcamerad[0m [32mlogcatd[0m [32mproclogd[0m [32mmicd[0m [32mtimed[0m [32mdmonitoringmodeld[0m [32msensord[0m [32mui[0m [32msoundd[0m [32mlocationd[0m [32mcalibrationd[0m [32mtorqued[0m [32mcontrolsd[0m [32mselfdrived[0m [32mcard[0m [32mdeleter[0m [32mdmonitoringd[0m [32mqcomgpsd[0m [32mpandad[0m [32mparamsd[0m [32mlagd[0m [32mplannerd[0m [32mradard[0m [32mhardwared[0m [32mtombstoned[0m [32muploader[0m [32mstatsd[0m [32mfeedbackd[0m [32mmodeld_tinygrad[0m [32mmapd[0m [32mmapd_manager[0m [31mmtscd[0m [32mrtid[0m
[32mloggerd[0m [32mencoderd[0m [32mlogmessaged[0m [32mcamerad[0m [32mlogcatd[0m [32mproclogd[0m [32mmicd[0m [32mtimed[0m [32mdmonitoringmodeld[0m [32msensord[0m [32mui[0m [32msoundd[0m [32mlocationd[0m [32mcalibrationd[0m [32mtorqued[0m [32mcontrolsd[0m [32mselfdrived[0m [32mcard[0m [32mdeleter[0m [32mdmonitoringd[0m [32mqcomgpsd[0m [32mpandad[0m [32mparamsd[0m [32mlagd[0m [32mplannerd[0m [32mradard[0m [32mhardwared[0m [32mtombstoned[0m [32muploader[0m [32mstatsd[0m [32mfeedbackd[0m [32mmodeld_tinygrad[0m [32mmapd[0m [32mmapd_manager[0m [31mmtscd[0m [32mrtid[0m
[32mloggerd[0m [32mencoderd[0m [32mlogmessaged[0m [32mcamerad[0m [32mlogcatd[0m [32mproclogd[0m [32mmicd[0m [32mtimed[0m [32mdmonitoringmodeld[0m [32msensord[0m [32mui[0m [32msoundd[0m [32mlocationd[0m [32mcalibrationd[0m [32mtorqued[0m [32mcontrolsd[0m [32mselfdrived[0m [32mcard[0m [32mdeleter[0m [32mdmonitoringd[0m [32mqcomgpsd[0m [32mpandad[0m [32mparamsd[0m [32mlagd[0m [32mplannerd[0m [32mradard[0m [32mhardwared[0m [32mtombstoned[0m [32muploader[0m [32mstatsd[0m [32mfeedbackd[0m [32mmodeld_tinygrad[0m [32mmapd[0m [32mmapd_manager[0m [31mmtscd[0m [32mrtid[0m
[32mloggerd[0m [32mencoderd[0m [32mlogmessaged[0m [32mcamerad[0m [32mlogcatd[0m [32mproclogd[0m [32mmicd[0m [32mtimed[0m [32mdmonitoringmodeld[0m [32msensord[0m [32mui[0m [32msoundd[0m [32mlocationd[0m [32mcalibrationd[0m [32mtorqued[0m [32mcontrolsd[0m [32mselfdrived[0m [32mcard[0m [32mdeleter[0m [32mdmonitoringd[0m [32mqcomgpsd[0m [32mpandad[0m [32mparamsd[0m [32mlagd[0m [32mplannerd[0m [32mradard[0m [32mhardwared[0m [32mtombstoned[0m [32muploader[0m [32mstatsd[0m [32mfeedbackd[0m [32mmodeld_tinygrad[0m [32mmapd[0m [32mmapd_manager[0m [31mmtscd[0m [32mrtid[0m
[32mloggerd[0m [32mencoderd[0m [32mlogmessaged[0m [32mcamerad[0m [32mlogcatd[0m [32mproclogd[0m [32mmicd[0m [32mtimed[0m [32mdmonitoringmodeld[0m [32msensord[0m [32mui[0m [32msoundd[0m [32mlocationd[0m [32mcalibrationd[0m [32mtorqued[0m [32mcontrolsd[0m [32mselfdrived[0m [32mcard[0m [32mdeleter[0m [32mdmonitoringd[0m [32mqcomgpsd[0m [32mpandad[0m [32mparamsd[0m [32mlagd[0m [32mplannerd[0m [32mradard[0m [32mhardwared[0m [32mtombstoned[0m [32muploader[0m [32mstatsd[0m [32mfeedbackd[0m [32mmodeld_tinygrad[0m [32mmapd[0m [32mmapd_manager[0m [31mmtscd[0m [32mrtid[0m
[32mloggerd[0m [32mencoderd[0m [32mlogmessaged[0m [32mcamerad[0m [32mlogcatd[0m [32mproclogd[0m [32mmicd[0m [32mtimed[0m [32mdmonitoringmodeld[0m [32msensord[0m [32mui[0m [32msoundd[0m [32mlocationd[0m [32mcalibrationd[0m [32mtorqued[0m [32mcontrolsd[0m [32mselfdrived[0m [32mcard[0m [32mdeleter[0m [32mdmonitoringd[0m [32mqcomgpsd[0m [32mpandad[0m [32mparamsd[0m [32mlagd[0m [32mplannerd[0m [32mradard[0m [32mhardwared[0m [32mtombstoned[0m [32muploader[0m [32mstatsd[0m [32mfeedbackd[0m [32mmodeld_tinygrad[0m [32mmapd[0m [32mmapd_manager[0m [31mmtscd[0m [32mrtid[0m
[32mloggerd[0m [32mencoderd[0m [32mlogmessaged[0m [32mcamerad[0m [32mlogcatd[0m [32mproclogd[0m [32mmicd[0m [32mtimed[0m [32mdmonitoringmodeld[0m [32msensord[0m [32mui[0m [32msoundd[0m [32mlocationd[0m [32mcalibrationd[0m [32mtorqued[0m [32mcontrolsd[0m [32mselfdrived[0m [32mcard[0m [32mdeleter[0m [32mdmonitoringd[0m [32mqcomgpsd[0m [32mpandad[0m [32mparamsd[0m [32mlagd[0m [32mplannerd[0m [32mradard[0m [32mhardwared[0m [32mtombstoned[0m [32muploader[0m [32mstatsd[0m [32mfeedbackd[0m [32mmodeld_tinygrad[0m [32mmapd[0m [32mmapd_manager[0m [31mmtscd[0m [32mrtid[0m
[32mloggerd[0m [32mencoderd[0m [32mlogmessaged[0m [32mcamerad[0m [32mlogcatd[0m [32mproclogd[0m [32mmicd[0m [32mtimed[0m [32mdmonitoringmodeld[0m [32msensord[0m [32mui[0m [32msoundd[0m [32mlocationd[0m [32mcalibrationd[0m [32mtorqued[0m [32mcontrolsd[0m [32mselfdrived[0m [32mcard[0m [32mdeleter[0m [32mdmonitoringd[0m [32mqcomgpsd[0m [32mpandad[0m [32mparamsd[0m [32mlagd[0m [32mplannerd[0m [32mradard[0m [32mhardwared[0m [32mtombstoned[0m [32muploader[0m [32mstatsd[0m [32mfeedbackd[0m [32mmodeld_tinygrad[0m [32mmapd[0m [32mmapd_manager[0m [31mmtscd[0m [32mrtid[0m
[32mloggerd[0m [32mencoderd[0m [32mlogmessaged[0m [32mcamerad[0m [32mlogcatd[0m [32mproclogd[0m [32mmicd[0m [32mtimed[0m [32mdmonitoringmodeld[0m [32msensord[0m [32mui[0m [32msoundd[0m [32mlocationd[0m [32mcalibrationd[0m [32mtorqued[0m [32mcontrolsd[0m [32mselfdrived[0m [32mcard[0m [32mdeleter[0m [32mdmonitoringd[0m [32mqcomgpsd[0m [32mpandad[0m [32mparamsd[0m [32mlagd[0m [32mplannerd[0m [32mradard[0m [32mhardwared[0m [32mtombstoned[0m [32muploader[0m [32mstatsd[0m [32mfeedbackd[0m [32mmodeld_tinygrad[0m [32mmapd[0m [32mmapd_manager[0m [31mmtscd[0m [32mrtid[0m
[32mloggerd[0m [32mencoderd[0m [32mlogmessaged[0m [32mcamerad[0m [32mlogcatd[0m [32mproclogd[0m [32mmicd[0m [32mtimed[0m [32mdmonitoringmodeld[0m [32msensord[0m [32mui[0m [32msoundd[0m [32mlocationd[0m [32mcalibrationd[0m [32mtorqued[0m [32mcontrolsd[0m [32mselfdrived[0m [32mcard[0m [32mdeleter[0m [32mdmonitoringd[0m [32mqcomgpsd[0m [32mpandad[0m [32mparamsd[0m [32mlagd[0m [32mplannerd[0m [32mradard[0m [32mhardwared[0m [32mtombstoned[0m [32muploader[0m [32mstatsd[0m [32mfeedbackd[0m [32mmodeld_tinygrad[0m [32mmapd[0m [32mmapd_manager[0m [31mmtscd[0m [32mrtid[0m
[32mloggerd[0m [32mencoderd[0m [32mlogmessaged[0m [32mcamerad[0m [32mlogcatd[0m [32mproclogd[0m [32mmicd[0m [32mtimed[0m [32mdmonitoringmodeld[0m [32msensord[0m [32mui[0m [32msoundd[0m [32mlocationd[0m [32mcalibrationd[0m [32mtorqued[0m [32mcontrolsd[0m [32mselfdrived[0m [32mcard[0m [32mdeleter[0m [32mdmonitoringd[0m [32mqcomgpsd[0m [32mpandad[0m [32mparamsd[0m [32mlagd[0m [32mplannerd[0m [32mradard[0m [32mhardwared[0m [32mtombstoned[0m [32muploader[0m [32mstatsd[0m [32mfeedbackd[0m [32mmodeld_tinygrad[0m [32mmapd[0m [32mmapd_manager[0m [31mmtscd[0m [32mrtid[0m
RTI cycle took 0.023s
RTI cycle took 0.023s
RTI cycle took 0.027s
RTI cycle took 0.026s
RTI cycle took 0.027s
RTI cycle took 0.029s
RTI cycle took 0.034s
RTI cycle took 0.017s
RTI cycle took 0.030s
RTI cycle took 0.022s
RTI cycle took 0.030s
RTI cycle took 0.030s
RTI cycle took 0.020s
RTI cycle took 0.040s
RTI cycle took 0.015s
RTI cycle took 0.014s
RTI cycle took 0.022s
RTI cycle took 0.043s
RTI cycle took 0.030s
RTI cycle took 0.018s
RTI cycle took 0.014s
RTI cycle took 0.019s
RTI cycle took 0.032s
RTI cycle took 0.019s
RTI cycle took 0.026s
RTI cycle took 0.030s
RTI cycle took 0.032s
RTI cycle took 0.025s
RTI cycle took 0.031s
RTI cycle took 0.020s
RTI cycle took 0.040s
RTI cycle took 0.037s
RTI cycle took 0.021s
RTI cycle took 0.027s
RTI cycle took 0.042s
RTI cycle took 0.029s
RTI cycle took 0.018s
RTI cycle took 0.021s
RTI cycle took 0.020s
RTI cycle took 0.014s
RTI cycle took 0.025s
RTI cycle took 0.017s
RTI cycle took 0.031s
RTI cycle took 0.014s
RTI cycle took 0.023s
RTI cycle took 0.026s
RTI cycle took 0.030s
RTI cycle took 0.032s
RTI cycle took 0.026s
RTI cycle took 0.039s
RTI cycle took 0.020s
RTI cycle took 0.027s
RTI cycle took 0.019s
RTI cycle took 0.042s
RTI cycle took 0.036s
RTI cycle took 0.044s
RTI cycle took 0.015s
RTI cycle took 0.024s
RTI cycle took 0.017s
RTI cycle took 0.027s
RTI cycle took 0.017s
RTI cycle took 0.030s
RTI cycle took 0.024s
RTI cycle took 0.040s
RTI cycle took 0.029s
RTI cycle took 0.043s
RTI cycle took 0.024s
RTI cycle took 0.031s
RTI cycle took 0.030s
RTI cycle took 0.026s
RTI cycle took 0.046s
RTI cycle took 0.024s
RTI cycle took 0.019s
RTI cycle took 0.027s
RTI cycle took 0.020s
RTI cycle took 0.042s
RTI cycle took 0.028s
RTI cycle took 0.036s
RTI cycle took 0.019s
RTI cycle took 0.025s
RTI cycle took 0.020s
RTI cycle took 0.027s
RTI cycle took 0.020s
RTI cycle took 0.028s
RTI cycle took 0.041s
RTI cycle took 0.029s
RTI cycle took 0.038s
RTI cycle took 0.024s
RTI cycle took 0.038s
RTI cycle took 0.028s
RTI cycle took 0.039s
RTI cycle took 0.027s
RTI cycle took 0.032s
RTI cycle took 0.021s
RTI cycle took 0.016s
RTI cycle took 0.030s
RTI cycle took 0.021s
RTI cycle took 0.030s
RTI cycle took 0.041s
RTI cycle took 0.026s
RTI cycle took 0.030s
RTI cycle took 0.029s
RTI cycle took 0.032s
RTI cycle took 0.037s
RTI cycle took 0.018s
RTI cycle took 0.029s
RTI cycle took 0.015s
RTI cycle took 0.028s
RTI cycle took 0.025s
RTI cycle took 0.038s
RTI cycle took 0.036s
RTI cycle took 0.025s
RTI cycle took 0.029s
RTI cycle took 0.029s
RTI cycle took 0.029s
RTI cycle took 0.022s
RTI cycle took 0.035s
RTI cycle took 0.032s
RTI cycle took 0.034s
RTI cycle took 0.025s
RTI cycle took 0.032s
RTI cycle took 0.024s
RTI cycle took 0.033s
RTI cycle took 0.029s
RTI cycle took 0.017s
RTI cycle took 0.029s
RTI cycle took 0.039s
RTI cycle took 0.022s
RTI cycle took 0.022s
RTI cycle took 0.030s
RTI cycle took 0.033s
RTI cycle took 0.015s
RTI cycle took 0.028s
RTI cycle took 0.026s
RTI cycle took 0.028s
RTI cycle took 0.045s
RTI cycle took 0.022s
RTI cycle took 0.023s
RTI cycle took 0.016s
RTI cycle took 0.028s
RTI cycle took 0.025s
RTI cycle took 0.035s
RTI cycle took 0.025s
RTI cycle took 0.023s
RTI cycle took 0.024s
RTI cycle took 0.028s
RTI cycle took 0.035s
RTI cycle took 0.026s
RTI cycle took 0.033s
RTI cycle took 0.023s
RTI cycle took 0.029s
RTI cycle took 0.044s
RTI cycle took 0.043s
RTI cycle took 0.032s
RTI cycle took 0.018s
RTI cycle took 0.026s
RTI cycle took 0.021s
RTI cycle took 0.017s
RTI cycle took 0.017s
RTI cycle took 0.022s
RTI cycle took 0.031s
RTI cycle took 0.018s
RTI cycle took 0.020s
RTI cycle took 0.029s
RTI cycle took 0.018s
RTI cycle took 0.039s
RTI cycle took 0.025s
RTI cycle took 0.029s
RTI cycle took 0.018s
RTI cycle took 0.031s
RTI cycle took 0.025s
RTI cycle took 0.027s
RTI cycle took 0.021s
RTI cycle took 0.030s
RTI cycle took 0.018s
RTI cycle took 0.025s
RTI cycle took 0.021s
RTI cycle took 0.027s
RTI cycle took 0.033s
RTI cycle took 0.027s
RTI cycle took 0.040s
RTI cycle took 0.031s
RTI cycle took 0.026s
RTI cycle took 0.035s
RTI cycle took 0.038s
RTI cycle took 0.015s
RTI cycle took 0.013s
RTI cycle took 0.020s
RTI cycle took 0.033s
RTI cycle took 0.036s
RTI cycle took 0.031s
RTI cycle took 0.035s
RTI cycle took 0.021s
RTI cycle took 0.024s
RTI cycle took 0.028s
RTI cycle took 0.027s
RTI cycle took 0.020s
RTI cycle took 0.040s
RTI cycle took 0.029s
RTI cycle took 0.027s
RTI cycle took 0.029s
RTI cycle took 0.033s
RTI cycle took 0.016s
RTI cycle took 0.028s
RTI cycle took 0.029s
[32mloggerd[0m [32mencoderd[0m [32mlogmessaged[0m [32mcamerad[0m [32mlogcatd[0m [32mproclogd[0m [32mmicd[0m [32mtimed[0m [32mdmonitoringmodeld[0m [32msensord[0m [32mui[0m [32msoundd[0m [32mlocationd[0m [32mcalibrationd[0m [32mtorqued[0m [32mcontrolsd[0m [32mselfdrived[0m [32mcard[0m [32mdeleter[0m [32mdmonitoringd[0m [32mqcomgpsd[0m [32mpandad[0m [32mparamsd[0m [32mlagd[0m [32mplannerd[0m [32mradard[0m [32mhardwared[0m [32mtombstoned[0m [32muploader[0m [32mstatsd[0m [32mfeedbackd[0m [32mmodeld_tinygrad[0m [32mmapd[0m [32mmapd_manager[0m [31mmtscd[0m [32mrtid[0m
[32mloggerd[0m [32mencoderd[0m [32mlogmessaged[0m [32mcamerad[0m [32mlogcatd[0m [32mproclogd[0m [32mmicd[0m [32mtimed[0m [32mdmonitoringmodeld[0m [32msensord[0m [32mui[0m [32msoundd[0m [32mlocationd[0m [32mcalibrationd[0m [32mtorqued[0m [32mcontrolsd[0m [32mselfdrived[0m [32mcard[0m [32mdeleter[0m [32mdmonitoringd[0m [32mqcomgpsd[0m [32mpandad[0m [32mparamsd[0m [32mlagd[0m [32mplannerd[0m [32mradard[0m [32mhardwared[0m [32mtombstoned[0m [32muploader[0m [32mstatsd[0m [32mfeedbackd[0m [32mmodeld_tinygrad[0m [32mmapd[0m [32mmapd_manager[0m [31mmtscd[0m [32mrtid[0m
[32mloggerd[0m [32mencoderd[0m [32mlogmessaged[0m [32mcamerad[0m [32mlogcatd[0m [32mproclogd[0m [32mmicd[0m [32mtimed[0m [32mdmonitoringmodeld[0m [32msensord[0m [32mui[0m [32msoundd[0m [32mlocationd[0m [32mcalibrationd[0m [32mtorqued[0m [32mcontrolsd[0m [32mselfdrived[0m [32mcard[0m [32mdeleter[0m [32mdmonitoringd[0m [32mqcomgpsd[0m [32mpandad[0m [32mparamsd[0m [32mlagd[0m [32mplannerd[0m [32mradard[0m [32mhardwared[0m [32mtombstoned[0m [32muploader[0m [32mstatsd[0m [32mfeedbackd[0m [32mmodeld_tinygrad[0m [32mmapd[0m [32mmapd_manager[0m [31mmtscd[0m [32mrtid[0m
[32mloggerd[0m [32mencoderd[0m [32mlogmessaged[0m [32mcamerad[0m [32mlogcatd[0m [32mproclogd[0m [32mmicd[0m [32mtimed[0m [32mdmonitoringmodeld[0m [32msensord[0m [32mui[0m [32msoundd[0m [32mlocationd[0m [32mcalibrationd[0m [32mtorqued[0m [32mcontrolsd[0m [32mselfdrived[0m [32mcard[0m [32mdeleter[0m [32mdmonitoringd[0m [32mqcomgpsd[0m [32mpandad[0m [32mparamsd[0m [32mlagd[0m [32mplannerd[0m [32mradard[0m [32mhardwared[0m [32mtombstoned[0m [32muploader[0m [32mstatsd[0m [32mfeedbackd[0m [32mmodeld_tinygrad[0m [32mmapd[0m [32mmapd_manager[0m [31mmtscd[0m [32mrtid[0m
[32mloggerd[0m [32mencoderd[0m [32mlogmessaged[0m [32mcamerad[0m [32mlogcatd[0m [32mproclogd[0m [32mmicd[0m [32mtimed[0m [32mdmonitoringmodeld[0m [32msensord[0m [32mui[0m [32msoundd[0m [32mlocationd[0m [32mcalibrationd[0m [32mtorqued[0m [32mcontrolsd[0m [32mselfdrived[0m [32mcard[0m [32mdeleter[0m [32mdmonitoringd[0m [32mqcomgpsd[0m [32mpandad[0m [32mparamsd[0m [32mlagd[0m [32mplannerd[0m [32mradard[0m [32mhardwared[0m [32mtombstoned[0m [32muploader[0m [32mstatsd[0m [32mfeedbackd[0m [32mmodeld_tinygrad[0m [32mmapd[0m [32mmapd_manager[0m [31mmtscd[0m [32mrtid[0m
[32mloggerd[0m [32mencoderd[0m [32mlogmessaged[0m [32mcamerad[0m [32mlogcatd[0m [32mproclogd[0m [32mmicd[0m [32mtimed[0m [32mdmonitoringmodeld[0m [32msensord[0m [32mui[0m [32msoundd[0m [32mlocationd[0m [32mcalibrationd[0m [32mtorqued[0m [32mcontrolsd[0m [32mselfdrived[0m [32mcard[0m [32mdeleter[0m [32mdmonitoringd[0m [32mqcomgpsd[0m [32mpandad[0m [32mparamsd[0m [32mlagd[0m [32mplannerd[0m [32mradard[0m [32mhardwared[0m [32mtombstoned[0m [32muploader[0m [32mstatsd[0m [32mfeedbackd[0m [32mmodeld_tinygrad[0m [32mmapd[0m [32mmapd_manager[0m [31mmtscd[0m [32mrtid[0m
[32mloggerd[0m [32mencoderd[0m [32mlogmessaged[0m [32mcamerad[0m [32mlogcatd[0m [32mproclogd[0m [32mmicd[0m [32mtimed[0m [32mdmonitoringmodeld[0m [32msensord[0m [32mui[0m [32msoundd[0m [32mlocationd[0m [32mcalibrationd[0m [32mtorqued[0m [32mcontrolsd[0m [32mselfdrived[0m [32mcard[0m [32mdeleter[0m [32mdmonitoringd[0m [32mqcomgpsd[0m [32mpandad[0m [32mparamsd[0m [32mlagd[0m [32mplannerd[0m [32mradard[0m [32mhardwared[0m [32mtombstoned[0m [32muploader[0m [32mstatsd[0m [32mfeedbackd[0m [32mmodeld_tinygrad[0m [32mmapd[0m [32mmapd_manager[0m [31mmtscd[0m [32mrtid[0m
[32mloggerd[0m [32mencoderd[0m [32mlogmessaged[0m [32mcamerad[0m [32mlogcatd[0m [32mproclogd[0m [32mmicd[0m [32mtimed[0m [32mdmonitoringmodeld[0m [32msensord[0m [32mui[0m [32msoundd[0m [32mlocationd[0m [32mcalibrationd[0m [32mtorqued[0m [32mcontrolsd[0m [32mselfdrived[0m [32mcard[0m [32mdeleter[0m [32mdmonitoringd[0m [32mqcomgpsd[0m [32mpandad[0m [32mparamsd[0m [32mlagd[0m [32mplannerd[0m [32mradard[0m [32mhardwared[0m [32mtombstoned[0m [32muploader[0m [32mstatsd[0m [32mfeedbackd[0m [32mmodeld_tinygrad[0m [32mmapd[0m [32mmapd_manager[0m [31mmtscd[0m [32mrtid[0m
[32mloggerd[0m [32mencoderd[0m [32mlogmessaged[0m [32mcamerad[0m [32mlogcatd[0m [32mproclogd[0m [32mmicd[0m [32mtimed[0m [32mdmonitoringmodeld[0m [32msensord[0m [32mui[0m [32msoundd[0m [32mlocationd[0m [32mcalibrationd[0m [32mtorqued[0m [32mcontrolsd[0m [32mselfdrived[0m [32mcard[0m [32mdeleter[0m [32mdmonitoringd[0m [32mqcomgpsd[0m [32mpandad[0m [32mparamsd[0m [32mlagd[0m [32mplannerd[0m [32mradard[0m [32mhardwared[0m [32mtombstoned[0m [32muploader[0m [32mstatsd[0m [32mfeedbackd[0m [32mmodeld_tinygrad[0m [32mmapd[0m [32mmapd_manager[0m [31mmtscd[0m [32mrtid[0m
[32mloggerd[0m [32mencoderd[0m [32mlogmessaged[0m [32mcamerad[0m [32mlogcatd[0m [32mproclogd[0m [32mmicd[0m [32mtimed[0m [32mdmonitoringmodeld[0m [32msensord[0m [32mui[0m [32msoundd[0m [32mlocationd[0m [32mcalibrationd[0m [32mtorqued[0m [32mcontrolsd[0m [32mselfdrived[0m [32mcard[0m [32mdeleter[0m [32mdmonitoringd[0m [32mqcomgpsd[0m [32mpandad[0m [32mparamsd[0m [32mlagd[0m [32mplannerd[0m [32mradard[0m [32mhardwared[0m [32mtombstoned[0m [32muploader[0m [32mstatsd[0m [32mfeedbackd[0m [32mmodeld_tinygrad[0m [32mmapd[0m [32mmapd_manager[0m [31mmtscd[0m [32mrtid[0m
[32mloggerd[0m [32mencoderd[0m [32mlogmessaged[0m [32mcamerad[0m [32mlogcatd[0m [32mproclogd[0m [32mmicd[0m [32mtimed[0m [32mdmonitoringmodeld[0m [32msensord[0m [32mui[0m [32msoundd[0m [32mlocationd[0m [32mcalibrationd[0m [32mtorqued[0m [32mcontrolsd[0m [32mselfdrived[0m [32mcard[0m [32mdeleter[0m [32mdmonitoringd[0m [32mqcomgpsd[0m [32mpandad[0m [32mparamsd[0m [32mlagd[0m [32mplannerd[0m [32mradard[0m [32mhardwared[0m [32mtombstoned[0m [32muploader[0m [32mstatsd[0m [32mfeedbackd[0m [32mmodeld_tinygrad[0m [32mmapd[0m [32mmapd_manager[0m [31mmtscd[0m [32mrtid[0m
[32mloggerd[0m [32mencoderd[0m [32mlogmessaged[0m [32mcamerad[0m [32mlogcatd[0m [32mproclogd[0m [32mmicd[0m [32mtimed[0m [32mdmonitoringmodeld[0m [32msensord[0m [32mui[0m [32msoundd[0m [32mlocationd[0m [32mcalibrationd[0m [32mtorqued[0m [32mcontrolsd[0m [32mselfdrived[0m [32mcard[0m [32mdeleter[0m [32mdmonitoringd[0m [32mqcomgpsd[0m [32mpandad[0m [32mparamsd[0m [32mlagd[0m [32mplannerd[0m [32mradard[0m [32mhardwared[0m [32mtombstoned[0m [32muploader[0m [32mstatsd[0m [32mfeedbackd[0m [32mmodeld_tinygrad[0m [32mmapd[0m [32mmapd_manager[0m [31mmtscd[0m [32mrtid[0m
RTI cycle took 0.026s
RTI cycle took 0.019s
RTI cycle took 0.027s
RTI cycle took 0.039s
RTI cycle took 0.021s
RTI cycle took 0.034s
RTI cycle took 0.024s
RTI cycle took 0.050s
RTI cycle took 0.019s
RTI cycle took 0.026s
RTI cycle took 0.031s
RTI cycle took 0.017s
RTI cycle took 0.016s
RTI cycle took 0.014s
RTI cycle took 0.024s
RTI cycle took 0.029s
RTI cycle took 0.031s
RTI cycle took 0.036s
RTI cycle took 0.021s
RTI cycle took 0.021s
RTI cycle took 0.037s
RTI cycle took 0.028s
RTI cycle took 0.020s
RTI cycle took 0.019s
RTI cycle took 0.018s
RTI cycle took 0.017s
RTI cycle took 0.023s
RTI cycle took 0.027s
RTI cycle took 0.023s
RTI cycle took 0.030s
RTI cycle took 0.027s
RTI cycle took 0.032s
RTI cycle took 0.016s
RTI cycle took 0.025s
RTI cycle took 0.044s
RTI cycle took 0.026s
RTI cycle took 0.024s
RTI cycle took 0.020s
RTI cycle took 0.031s
RTI cycle took 0.038s
RTI cycle took 0.018s
RTI cycle took 0.030s
RTI cycle took 0.014s
RTI cycle took 0.029s
RTI cycle took 0.023s
RTI cycle took 0.038s
RTI cycle took 0.036s
RTI cycle took 0.014s
RTI cycle took 0.021s
RTI cycle took 0.019s
RTI cycle took 0.028s
RTI cycle took 0.027s
RTI cycle took 0.025s
RTI cycle took 0.014s
RTI cycle took 0.025s
RTI cycle took 0.042s
RTI cycle took 0.024s
RTI cycle took 0.035s
RTI cycle took 0.041s
RTI cycle took 0.027s
RTI cycle took 0.021s
RTI cycle took 0.030s
RTI cycle took 0.018s
RTI cycle took 0.035s
RTI cycle took 0.036s
RTI cycle took 0.031s
RTI cycle took 0.021s
RTI cycle took 0.029s
RTI cycle took 0.029s
RTI cycle took 0.032s
RTI cycle took 0.034s
RTI cycle took 0.020s
RTI cycle took 0.019s
RTI cycle took 0.032s
RTI cycle took 0.016s
RTI cycle took 0.023s
RTI cycle took 0.020s
RTI cycle took 0.026s
RTI cycle took 0.014s
RTI cycle took 0.026s
RTI cycle took 0.022s
RTI cycle took 0.029s
RTI cycle took 0.025s
RTI cycle took 0.020s
RTI cycle took 0.027s
RTI cycle took 0.032s
RTI cycle took 0.034s
RTI cycle took 0.014s
RTI cycle took 0.037s
RTI cycle took 0.024s
RTI cycle took 0.029s
RTI cycle took 0.018s
RTI cycle took 0.025s
RTI cycle took 0.032s
RTI cycle took 0.017s
RTI cycle took 0.014s
RTI cycle took 0.032s
RTI cycle took 0.030s
RTI cycle took 0.028s
RTI cycle took 0.020s
RTI cycle took 0.018s
RTI cycle took 0.018s
RTI cycle took 0.032s
RTI cycle took 0.031s
RTI cycle took 0.030s
RTI cycle took 0.015s
RTI cycle took 0.032s
RTI cycle took 0.022s
RTI cycle took 0.030s
RTI cycle took 0.028s
RTI cycle took 0.037s
RTI cycle took 0.024s
RTI cycle took 0.015s
RTI cycle took 0.013s
RTI cycle took 0.017s
RTI cycle took 0.034s
RTI cycle took 0.026s
RTI cycle took 0.034s
RTI cycle took 0.025s
RTI cycle took 0.019s
RTI cycle took 0.046s
RTI cycle took 0.014s
RTI cycle took 0.023s
RTI cycle took 0.021s
RTI cycle took 0.030s
RTI cycle took 0.017s
RTI cycle took 0.034s
RTI cycle took 0.021s
RTI cycle took 0.033s
RTI cycle took 0.028s
RTI cycle took 0.028s
RTI cycle took 0.034s
RTI cycle took 0.015s
RTI cycle took 0.025s
RTI cycle took 0.016s
RTI cycle took 0.018s
RTI cycle took 0.022s
RTI cycle took 0.035s
RTI cycle took 0.041s
RTI cycle took 0.021s
RTI cycle took 0.022s
RTI cycle took 0.037s
RTI cycle took 0.031s
RTI cycle took 0.016s
RTI cycle took 0.020s
RTI cycle took 0.025s
RTI cycle took 0.018s
RTI cycle took 0.013s
RTI cycle took 0.027s
RTI cycle took 0.043s
RTI cycle took 0.031s
RTI cycle took 0.041s
RTI cycle took 0.029s
RTI cycle took 0.028s
RTI cycle took 0.038s
RTI cycle took 0.024s
RTI cycle took 0.025s
RTI cycle took 0.035s
RTI cycle took 0.049s
RTI cycle took 0.037s
RTI cycle took 0.028s
RTI cycle took 0.031s
RTI cycle took 0.015s
RTI cycle took 0.027s
RTI cycle took 0.015s
RTI cycle took 0.031s
RTI cycle took 0.012s
RTI cycle took 0.051s
RTI cycle took 0.022s
RTI cycle took 0.025s
RTI cycle took 0.033s
RTI cycle took 0.029s
RTI cycle took 0.015s
RTI cycle took 0.027s
RTI cycle took 0.027s
RTI cycle took 0.035s
RTI cycle took 0.042s
RTI cycle took 0.022s
RTI cycle took 0.046s
RTI cycle took 0.024s
RTI cycle took 0.015s
RTI cycle took 0.040s
RTI cycle took 0.023s
RTI cycle took 0.045s
RTI cycle took 0.022s
RTI cycle took 0.028s
RTI cycle took 0.028s
RTI cycle took 0.042s
RTI cycle took 0.028s
RTI cycle took 0.032s
RTI cycle took 0.034s
RTI cycle took 0.014s
RTI cycle took 0.024s
RTI cycle took 0.018s
RTI cycle took 0.018s
RTI cycle took 0.013s
RTI cycle took 0.031s
RTI cycle took 0.018s
RTI cycle took 0.033s
RTI cycle took 0.014s
RTI cycle took 0.031s
RTI cycle took 0.039s
RTI cycle took 0.031s
RTI cycle took 0.028s
RTI cycle took 0.033s
RTI cycle took 0.015s
RTI cycle took 0.030s
RTI cycle took 0.025s
RTI cycle took 0.037s
[32mloggerd[0m [32mencoderd[0m [32mlogmessaged[0m [32mcamerad[0m [32mlogcatd[0m [32mproclogd[0m [32mmicd[0m [32mtimed[0m [32mdmonitoringmodeld[0m [32msensord[0m [32mui[0m [32msoundd[0m [32mlocationd[0m [32mcalibrationd[0m [32mtorqued[0m [32mcontrolsd[0m [32mselfdrived[0m [32mcard[0m [32mdeleter[0m [32mdmonitoringd[0m [32mqcomgpsd[0m [32mpandad[0m [32mparamsd[0m [32mlagd[0m [32mplannerd[0m [32mradard[0m [32mhardwared[0m [32mtombstoned[0m [32muploader[0m [32mstatsd[0m [32mfeedbackd[0m [32mmodeld_tinygrad[0m [32mmapd[0m [32mmapd_manager[0m [31mmtscd[0m [32mrtid[0m
[32mloggerd[0m [32mencoderd[0m [32mlogmessaged[0m [32mcamerad[0m [32mlogcatd[0m [32mproclogd[0m [32mmicd[0m [32mtimed[0m [32mdmonitoringmodeld[0m [32msensord[0m [32mui[0m [32msoundd[0m [32mlocationd[0m [32mcalibrationd[0m [32mtorqued[0m [32mcontrolsd[0m [32mselfdrived[0m [32mcard[0m [32mdeleter[0m [32mdmonitoringd[0m [32mqcomgpsd[0m [32mpandad[0m [32mparamsd[0m [32mlagd[0m [32mplannerd[0m [32mradard[0m [32mhardwared[0m [32mtombstoned[0m [32muploader[0m [32mstatsd[0m [32mfeedbackd[0m [32mmodeld_tinygrad[0m [32mmapd[0m [32mmapd_manager[0m [31mmtscd[0m [32mrtid[0m
[32mloggerd[0m [32mencoderd[0m [32mlogmessaged[0m [32mcamerad[0m [32mlogcatd[0m [32mproclogd[0m [32mmicd[0m [32mtimed[0m [32mdmonitoringmodeld[0m [32msensord[0m [32mui[0m [32msoundd[0m [32mlocationd[0m [32mcalibrationd[0m [32mtorqued[0m [32mcontrolsd[0m [32mselfdrived[0m [32mcard[0m [32mdeleter[0m [32mdmonitoringd[0m [32mqcomgpsd[0m [32mpandad[0m [32mparamsd[0m [32mlagd[0m [32mplannerd[0m [32mradard[0m [32mhardwared[0m [32mtombstoned[0m [32muploader[0m [32mstatsd[0m [32mfeedbackd[0m [32mmodeld_tinygrad[0m [32mmapd[0m [32mmapd_manager[0m [31mmtscd[0m [32mrtid[0m
[32mloggerd[0m [32mencoderd[0m [32mlogmessaged[0m [32mcamerad[0m [32mlogcatd[0m [32mproclogd[0m [32mmicd[0m [32mtimed[0m [32mdmonitoringmodeld[0m [32msensord[0m [32mui[0m [32msoundd[0m [32mlocationd[0m [32mcalibrationd[0m [32mtorqued[0m [32mcontrolsd[0m [32mselfdrived[0m [32mcard[0m [32mdeleter[0m [32mdmonitoringd[0m [32mqcomgpsd[0m [32mpandad[0m [32mparamsd[0m [32mlagd[0m [32mplannerd[0m [32mradard[0m [32mhardwared[0m [32mtombstoned[0m [32muploader[0m [32mstatsd[0m [32mfeedbackd[0m [32mmodeld_tinygrad[0m [32mmapd[0m [32mmapd_manager[0m [31mmtscd[0m [32mrtid[0m
[32mloggerd[0m [32mencoderd[0m [32mlogmessaged[0m [32mcamerad[0m [32mlogcatd[0m [32mproclogd[0m [32mmicd[0m [32mtimed[0m [32mdmonitoringmodeld[0m [32msensord[0m [32mui[0m [32msoundd[0m [32mlocationd[0m [32mcalibrationd[0m [32mtorqued[0m [32mcontrolsd[0m [32mselfdrived[0m [32mcard[0m [32mdeleter[0m [32mdmonitoringd[0m [32mqcomgpsd[0m [32mpandad[0m [32mparamsd[0m [32mlagd[0m [32mplannerd[0m [32mradard[0m [32mhardwared[0m [32mtombstoned[0m [32muploader[0m [32mstatsd[0m [32mfeedbackd[0m [32mmodeld_tinygrad[0m [32mmapd[0m [32mmapd_manager[0m [31mmtscd[0m [32mrtid[0m
[32mloggerd[0m [32mencoderd[0m [32mlogmessaged[0m [32mcamerad[0m [32mlogcatd[0m [32mproclogd[0m [32mmicd[0m [32mtimed[0m [32mdmonitoringmodeld[0m [32msensord[0m [32mui[0m [32msoundd[0m [32mlocationd[0m [32mcalibrationd[0m [32mtorqued[0m [32mcontrolsd[0m [32mselfdrived[0m [32mcard[0m [32mdeleter[0m [32mdmonitoringd[0m [32mqcomgpsd[0m [32mpandad[0m [32mparamsd[0m [32mlagd[0m [32mplannerd[0m [32mradard[0m [32mhardwared[0m [32mtombstoned[0m [32muploader[0m [32mstatsd[0m [32mfeedbackd[0m [32mmodeld_tinygrad[0m [32mmapd[0m [32mmapd_manager[0m [31mmtscd[0m [32mrtid[0m
[32mloggerd[0m [32mencoderd[0m [32mlogmessaged[0m [32mcamerad[0m [32mlogcatd[0m [32mproclogd[0m [32mmicd[0m [32mtimed[0m [32mdmonitoringmodeld[0m [32msensord[0m [32mui[0m [32msoundd[0m [32mlocationd[0m [32mcalibrationd[0m [32mtorqued[0m [32mcontrolsd[0m [32mselfdrived[0m [32mcard[0m [32mdeleter[0m [32mdmonitoringd[0m [32mqcomgpsd[0m [32mpandad[0m [32mparamsd[0m [32mlagd[0m [32mplannerd[0m [32mradard[0m [32mhardwared[0m [32mtombstoned[0m [32muploader[0m [32mstatsd[0m [32mfeedbackd[0m [32mmodeld_tinygrad[0m [32mmapd[0m [32mmapd_manager[0m [31mmtscd[0m [32mrtid[0m
[32mloggerd[0m [32mencoderd[0m [32mlogmessaged[0m [32mcamerad[0m [32mlogcatd[0m [32mproclogd[0m [32mmicd[0m [32mtimed[0m [32mdmonitoringmodeld[0m [32msensord[0m [32mui[0m [32msoundd[0m [32mlocationd[0m [32mcalibrationd[0m [32mtorqued[0m [32mcontrolsd[0m [32mselfdrived[0m [32mcard[0m [32mdeleter[0m [32mdmonitoringd[0m [32mqcomgpsd[0m [32mpandad[0m [32mparamsd[0m [32mlagd[0m [32mplannerd[0m [32mradard[0m [32mhardwared[0m [32mtombstoned[0m [32muploader[0m [32mstatsd[0m [32mfeedbackd[0m [32mmodeld_tinygrad[0m [32mmapd[0m [32mmapd_manager[0m [31mmtscd[0m [32mrtid[0m
[32mloggerd[0m [32mencoderd[0m [32mlogmessaged[0m [32mcamerad[0m [32mlogcatd[0m [32mproclogd[0m [32mmicd[0m [32mtimed[0m [32mdmonitoringmodeld[0m [32msensord[0m [32mui[0m [32msoundd[0m [32mlocationd[0m [32mcalibrationd[0m [32mtorqued[0m [32mcontrolsd[0m [32mselfdrived[0m [32mcard[0m [32mdeleter[0m [32mdmonitoringd[0m [32mqcomgpsd[0m [32mpandad[0m [32mparamsd[0m [32mlagd[0m [32mplannerd[0m [32mradard[0m [32mhardwared[0m [32mtombstoned[0m [32muploader[0m [32mstatsd[0m [32mfeedbackd[0m [32mmodeld_tinygrad[0m [32mmapd[0m [32mmapd_manager[0m [31mmtscd[0m [32mrtid[0m
[32mloggerd[0m [32mencoderd[0m [32mlogmessaged[0m [32mcamerad[0m [32mlogcatd[0m [32mproclogd[0m [32mmicd[0m [32mtimed[0m [32mdmonitoringmodeld[0m [32msensord[0m [32mui[0m [32msoundd[0m [32mlocationd[0m [32mcalibrationd[0m [32mtorqued[0m [32mcontrolsd[0m [32mselfdrived[0m [32mcard[0m [32mdeleter[0m [32mdmonitoringd[0m [32mqcomgpsd[0m [32mpandad[0m [32mparamsd[0m [32mlagd[0m [32mplannerd[0m [32mradard[0m [32mhardwared[0m [32mtombstoned[0m [32muploader[0m [32mstatsd[0m [32mfeedbackd[0m [32mmodeld_tinygrad[0m [32mmapd[0m [32mmapd_manager[0m [31mmtscd[0m [32mrtid[0m
[32mloggerd[0m [32mencoderd[0m [32mlogmessaged[0m [32mcamerad[0m [32mlogcatd[0m [32mproclogd[0m [32mmicd[0m [32mtimed[0m [32mdmonitoringmodeld[0m [32msensord[0m [32mui[0m [32msoundd[0m [32mlocationd[0m [32mcalibrationd[0m [32mtorqued[0m [32mcontrolsd[0m [32mselfdrived[0m [32mcard[0m [32mdeleter[0m [32mdmonitoringd[0m [32mqcomgpsd[0m [32mpandad[0m [32mparamsd[0m [32mlagd[0m [32mplannerd[0m [32mradard[0m [32mhardwared[0m [32mtombstoned[0m [32muploader[0m [32mstatsd[0m [32mfeedbackd[0m [32mmodeld_tinygrad[0m [32mmapd[0m [32mmapd_manager[0m [31mmtscd[0m [32mrtid[0m
[32mloggerd[0m [32mencoderd[0m [32mlogmessaged[0m [32mcamerad[0m [32mlogcatd[0m [32mproclogd[0m [32mmicd[0m [32mtimed[0m [32mdmonitoringmodeld[0m [32msensord[0m [32mui[0m [32msoundd[0m [32mlocationd[0m [32mcalibrationd[0m [32mtorqued[0m [32mcontrolsd[0m [32mselfdrived[0m [32mcard[0m [32mdeleter[0m [32mdmonitoringd[0m [32mqcomgpsd[0m [32mpandad[0m [32mparamsd[0m [32mlagd[0m [32mplannerd[0m [32mradard[0m [32mhardwared[0m [32mtombstoned[0m [32muploader[0m [32mstatsd[0m [32mfeedbackd[0m [32mmodeld_tinygrad[0m [32mmapd[0m [32mmapd_manager[0m [31mmtscd[0m [32mrtid[0m
RTI cycle took 0.036s
RTI cycle took 0.022s
RTI cycle took 0.022s
RTI cycle took 0.016s
RTI cycle took 0.033s
RTI cycle took 0.021s
RTI cycle took 0.027s
RTI cycle took 0.014s
RTI cycle took 0.025s
RTI cycle took 0.025s
RTI cycle took 0.030s
RTI cycle took 0.019s
RTI cycle took 0.022s
RTI cycle took 0.021s
RTI cycle took 0.037s
RTI cycle took 0.021s
RTI cycle took 0.029s
RTI cycle took 0.038s
RTI cycle took 0.014s
RTI cycle took 0.024s
RTI cycle took 0.014s
RTI cycle took 0.018s
RTI cycle took 0.023s
RTI cycle took 0.032s
RTI cycle took 0.027s
RTI cycle took 0.028s
RTI cycle took 0.033s
RTI cycle took 0.028s
RTI cycle took 0.024s
RTI cycle took 0.018s
RTI cycle took 0.023s
RTI cycle took 0.021s
RTI cycle took 0.030s
RTI cycle took 0.042s
RTI cycle took 0.036s
RTI cycle took 0.030s
RTI cycle took 0.027s
RTI cycle took 0.026s
RTI cycle took 0.039s
RTI cycle took 0.040s
RTI cycle took 0.027s
RTI cycle took 0.024s
RTI cycle took 0.025s
RTI cycle took 0.028s
RTI cycle took 0.040s
RTI cycle took 0.028s
RTI cycle took 0.039s
RTI cycle took 0.038s
RTI cycle took 0.020s
RTI cycle took 0.028s
RTI cycle took 0.037s
RTI cycle took 0.020s
RTI cycle took 0.037s
RTI cycle took 0.033s
RTI cycle took 0.035s
RTI cycle took 0.029s
RTI cycle took 0.011s
RTI cycle took 0.013s
RTI cycle took 0.021s
RTI cycle took 0.028s
RTI cycle took 0.034s
RTI cycle took 0.027s
RTI cycle took 0.023s
RTI cycle took 0.028s
RTI cycle took 0.034s
RTI cycle took 0.037s
RTI cycle took 0.041s
RTI cycle took 0.025s
RTI cycle took 0.042s
RTI cycle took 0.017s
RTI cycle took 0.023s
RTI cycle took 0.043s
RTI cycle took 0.025s
RTI cycle took 0.050s
RTI cycle took 0.018s
RTI cycle took 0.025s
RTI cycle took 0.027s
RTI cycle took 0.040s
RTI cycle took 0.034s
RTI cycle took 0.034s
RTI cycle took 0.031s
RTI cycle took 0.042s
RTI cycle took 0.035s
RTI cycle took 0.029s
RTI cycle took 0.038s
RTI cycle took 0.021s
RTI cycle took 0.033s
RTI cycle took 0.037s
RTI cycle took 0.023s
RTI cycle took 0.032s
RTI cycle took 0.041s
RTI cycle took 0.039s
RTI cycle took 0.025s
RTI cycle took 0.032s
RTI cycle took 0.030s
RTI cycle took 0.089s
RTI cycle took 0.036s
RTI cycle took 0.029s
RTI cycle took 0.039s
RTI cycle took 0.044s
RTI cycle took 0.042s
RTI cycle took 0.034s
RTI cycle took 0.033s
RTI cycle took 0.029s
RTI cycle took 0.032s
RTI cycle took 0.025s
RTI cycle took 0.026s
RTI cycle took 0.020s
RTI cycle took 0.035s
RTI cycle took 0.034s
RTI cycle took 0.033s
RTI cycle took 0.029s
RTI cycle took 0.037s
RTI cycle took 0.027s
RTI cycle took 0.031s
RTI cycle took 0.042s
RTI cycle took 0.015s
RTI cycle took 0.029s
RTI cycle took 0.020s
RTI cycle took 0.031s
RTI cycle took 0.035s
RTI cycle took 0.021s
RTI cycle took 0.032s
RTI cycle took 0.026s
RTI cycle took 0.023s
RTI cycle took 0.034s
RTI cycle took 0.035s
RTI cycle took 0.033s
RTI cycle took 0.018s
RTI cycle took 0.044s
RTI cycle took 0.013s
RTI cycle took 0.023s
RTI cycle took 0.024s
RTI cycle took 0.029s
RTI cycle took 0.043s
RTI cycle took 0.015s
RTI cycle took 0.029s
RTI cycle took 0.023s
RTI cycle took 0.027s
RTI cycle took 0.018s
RTI cycle took 0.031s
RTI cycle took 0.037s
RTI cycle took 0.015s
RTI cycle took 0.026s
RTI cycle took 0.036s
RTI cycle took 0.026s
RTI cycle took 0.064s
RTI cycle took 0.055s
RTI cycle took 0.089s
RTI cycle took 0.031s
RTI cycle took 0.043s
RTI cycle took 0.033s
RTI cycle took 0.037s
RTI cycle took 0.065s
RTI cycle took 0.048s
RTI cycle took 0.051s
RTI cycle took 0.025s
RTI cycle took 0.047s
RTI cycle took 0.039s
RTI cycle took 0.032s
RTI cycle took 0.018s
RTI cycle took 0.035s
RTI cycle took 0.017s
RTI cycle took 0.034s
RTI cycle took 0.021s
RTI cycle took 0.026s
RTI cycle took 0.048s
RTI cycle took 0.030s
RTI cycle took 0.044s
RTI cycle took 0.031s
RTI cycle took 0.053s
RTI cycle took 0.033s
RTI cycle took 0.022s
RTI cycle took 0.018s
RTI cycle took 0.055s
RTI cycle took 0.033s
RTI cycle took 0.038s
RTI cycle took 0.037s
RTI cycle took 0.030s
[32mloggerd[0m [32mencoderd[0m [32mlogmessaged[0m [32mcamerad[0m [32mlogcatd[0m [32mproclogd[0m [32mmicd[0m [32mtimed[0m [32mdmonitoringmodeld[0m [32msensord[0m [32mui[0m [32msoundd[0m [32mlocationd[0m [32mcalibrationd[0m [32mtorqued[0m [32mcontrolsd[0m [32mselfdrived[0m [32mcard[0m [32mdeleter[0m [32mdmonitoringd[0m [32mqcomgpsd[0m [32mpandad[0m [32mparamsd[0m [32mlagd[0m [32mplannerd[0m [32mradard[0m [32mhardwared[0m [32mtombstoned[0m [32muploader[0m [32mstatsd[0m [32mfeedbackd[0m [32mmodeld_tinygrad[0m [32mmapd[0m [32mmapd_manager[0m [31mmtscd[0m [32mrtid[0m
[32mloggerd[0m [32mencoderd[0m [32mlogmessaged[0m [32mcamerad[0m [32mlogcatd[0m [32mproclogd[0m [32mmicd[0m [32mtimed[0m [32mdmonitoringmodeld[0m [32msensord[0m [32mui[0m [32msoundd[0m [32mlocationd[0m [32mcalibrationd[0m [32mtorqued[0m [32mcontrolsd[0m [32mselfdrived[0m [32mcard[0m [32mdeleter[0m [32mdmonitoringd[0m [32mqcomgpsd[0m [32mpandad[0m [32mparamsd[0m [32mlagd[0m [32mplannerd[0m [32mradard[0m [32mhardwared[0m [32mtombstoned[0m [32muploader[0m [32mstatsd[0m [32mfeedbackd[0m [32mmodeld_tinygrad[0m [32mmapd[0m [32mmapd_manager[0m [31mmtscd[0m [32mrtid[0m
[32mloggerd[0m [32mencoderd[0m [32mlogmessaged[0m [32mcamerad[0m [32mlogcatd[0m [32mproclogd[0m [32mmicd[0m [32mtimed[0m [32mdmonitoringmodeld[0m [32msensord[0m [32mui[0m [32msoundd[0m [32mlocationd[0m [32mcalibrationd[0m [32mtorqued[0m [32mcontrolsd[0m [32mselfdrived[0m [32mcard[0m [32mdeleter[0m [32mdmonitoringd[0m [32mqcomgpsd[0m [32mpandad[0m [32mparamsd[0m [32mlagd[0m [32mplannerd[0m [32mradard[0m [32mhardwared[0m [32mtombstoned[0m [32muploader[0m [32mstatsd[0m [32mfeedbackd[0m [32mmodeld_tinygrad[0m [32mmapd[0m [32mmapd_manager[0m [31mmtscd[0m [32mrtid[0m
[32mloggerd[0m [32mencoderd[0m [32mlogmessaged[0m [32mcamerad[0m [32mlogcatd[0m [32mproclogd[0m [32mmicd[0m [32mtimed[0m [32mdmonitoringmodeld[0m [32msensord[0m [32mui[0m [32msoundd[0m [32mlocationd[0m [32mcalibrationd[0m [32mtorqued[0m [32mcontrolsd[0m [32mselfdrived[0m [32mcard[0m [32mdeleter[0m [32mdmonitoringd[0m [32mqcomgpsd[0m [32mpandad[0m [32mparamsd[0m [32mlagd[0m [32mplannerd[0m [32mradard[0m [32mhardwared[0m [32mtombstoned[0m [32muploader[0m [32mstatsd[0m [32mfeedbackd[0m [32mmodeld_tinygrad[0m [32mmapd[0m [32mmapd_manager[0m [31mmtscd[0m [32mrtid[0m
[32mloggerd[0m [32mencoderd[0m [32mlogmessaged[0m [32mcamerad[0m [32mlogcatd[0m [32mproclogd[0m [32mmicd[0m [32mtimed[0m [32mdmonitoringmodeld[0m [32msensord[0m [32mui[0m [32msoundd[0m [32mlocationd[0m [32mcalibrationd[0m [32mtorqued[0m [32mcontrolsd[0m [32mselfdrived[0m [32mcard[0m [32mdeleter[0m [32mdmonitoringd[0m [32mqcomgpsd[0m [32mpandad[0m [32mparamsd[0m [32mlagd[0m [32mplannerd[0m [32mradard[0m [32mhardwared[0m [32mtombstoned[0m [32muploader[0m [32mstatsd[0m [32mfeedbackd[0m [32mmodeld_tinygrad[0m [32mmapd[0m [32mmapd_manager[0m [31mmtscd[0m [32mrtid[0m
[32mloggerd[0m [32mencoderd[0m [32mlogmessaged[0m [32mcamerad[0m [32mlogcatd[0m [32mproclogd[0m [32mmicd[0m [32mtimed[0m [32mdmonitoringmodeld[0m [32msensord[0m [32mui[0m [32msoundd[0m [32mlocationd[0m [32mcalibrationd[0m [32mtorqued[0m [32mcontrolsd[0m [32mselfdrived[0m [32mcard[0m [32mdeleter[0m [32mdmonitoringd[0m [32mqcomgpsd[0m [32mpandad[0m [32mparamsd[0m [32mlagd[0m [32mplannerd[0m [32mradard[0m [32mhardwared[0m [32mtombstoned[0m [32muploader[0m [32mstatsd[0m [32mfeedbackd[0m [32mmodeld_tinygrad[0m [32mmapd[0m [32mmapd_manager[0m [31mmtscd[0m [32mrtid[0m
[32mloggerd[0m [32mencoderd[0m [32mlogmessaged[0m [32mcamerad[0m [32mlogcatd[0m [32mproclogd[0m [32mmicd[0m [32mtimed[0m [32mdmonitoringmodeld[0m [32msensord[0m [32mui[0m [32msoundd[0m [32mlocationd[0m [32mcalibrationd[0m [32mtorqued[0m [32mcontrolsd[0m [32mselfdrived[0m [32mcard[0m [32mdeleter[0m [32mdmonitoringd[0m [32mqcomgpsd[0m [32mpandad[0m [32mparamsd[0m [32mlagd[0m [32mplannerd[0m [32mradard[0m [32mhardwared[0m [32mtombstoned[0m [32muploader[0m [32mstatsd[0m [32mfeedbackd[0m [32mmodeld_tinygrad[0m [32mmapd[0m [32mmapd_manager[0m [31mmtscd[0m [32mrtid[0m
[32mloggerd[0m [32mencoderd[0m [32mlogmessaged[0m [32mcamerad[0m [32mlogcatd[0m [32mproclogd[0m [32mmicd[0m [32mtimed[0m [32mdmonitoringmodeld[0m [32msensord[0m [32mui[0m [32msoundd[0m [32mlocationd[0m [32mcalibrationd[0m [32mtorqued[0m [32mcontrolsd[0m [32mselfdrived[0m [32mcard[0m [32mdeleter[0m [32mdmonitoringd[0m [32mqcomgpsd[0m [32mpandad[0m [32mparamsd[0m [32mlagd[0m [32mplannerd[0m [32mradard[0m [32mhardwared[0m [32mtombstoned[0m [32muploader[0m [32mstatsd[0m [32mfeedbackd[0m [32mmodeld_tinygrad[0m [32mmapd[0m [32mmapd_manager[0m [31mmtscd[0m [32mrtid[0m
[32mloggerd[0m [32mencoderd[0m [32mlogmessaged[0m [32mcamerad[0m [32mlogcatd[0m [32mproclogd[0m [32mmicd[0m [32mtimed[0m [32mdmonitoringmodeld[0m [32msensord[0m [32mui[0m [32msoundd[0m [32mlocationd[0m [32mcalibrationd[0m [32mtorqued[0m [32mcontrolsd[0m [32mselfdrived[0m [32mcard[0m [32mdeleter[0m [32mdmonitoringd[0m [32mqcomgpsd[0m [32mpandad[0m [32mparamsd[0m [32mlagd[0m [32mplannerd[0m [32mradard[0m [32mhardwared[0m [32mtombstoned[0m [32muploader[0m [32mstatsd[0m [32mfeedbackd[0m [32mmodeld_tinygrad[0m [32mmapd[0m [32mmapd_manager[0m [31mmtscd[0m [32mrtid[0m
[32mloggerd[0m [32mencoderd[0m [32mlogmessaged[0m [32mcamerad[0m [32mlogcatd[0m [32mproclogd[0m [32mmicd[0m [32mtimed[0m [32mdmonitoringmodeld[0m [32msensord[0m [32mui[0m [32msoundd[0m [32mlocationd[0m [32mcalibrationd[0m [32mtorqued[0m [32mcontrolsd[0m [32mselfdrived[0m [32mcard[0m [32mdeleter[0m [32mdmonitoringd[0m [32mqcomgpsd[0m [32mpandad[0m [32mparamsd[0m [32mlagd[0m [32mplannerd[0m [32mradard[0m [32mhardwared[0m [32mtombstoned[0m [32muploader[0m [32mstatsd[0m [32mfeedbackd[0m [32mmodeld_tinygrad[0m [32mmapd[0m [32mmapd_manager[0m [31mmtscd[0m [32mrtid[0m
[32mloggerd[0m [32mencoderd[0m [32mlogmessaged[0m [32mcamerad[0m [32mlogcatd[0m [32mproclogd[0m [32mmicd[0m [32mtimed[0m [32mdmonitoringmodeld[0m [32msensord[0m [32mui[0m [32msoundd[0m [32mlocationd[0m [32mcalibrationd[0m [32mtorqued[0m [32mcontrolsd[0m [32mselfdrived[0m [32mcard[0m [32mdeleter[0m [32mdmonitoringd[0m [32mqcomgpsd[0m [32mpandad[0m [32mparamsd[0m [32mlagd[0m [32mplannerd[0m [32mradard[0m [32mhardwared[0m [32mtombstoned[0m [32muploader[0m [32mstatsd[0m [32mfeedbackd[0m [32mmodeld_tinygrad[0m [32mmapd[0m [32mmapd_manager[0m [31mmtscd[0m [32mrtid[0m
[32mloggerd[0m [32mencoderd[0m [32mlogmessaged[0m [32mcamerad[0m [32mlogcatd[0m [32mproclogd[0m [32mmicd[0m [32mtimed[0m [32mdmonitoringmodeld[0m [32msensord[0m [32mui[0m [32msoundd[0m [32mlocationd[0m [32mcalibrationd[0m [32mtorqued[0m [32mcontrolsd[0m [32mselfdrived[0m [32mcard[0m [32mdeleter[0m [32mdmonitoringd[0m [32mqcomgpsd[0m [32mpandad[0m [32mparamsd[0m [32mlagd[0m [32mplannerd[0m [32mradard[0m [32mhardwared[0m [32mtombstoned[0m [32muploader[0m [32mstatsd[0m [32mfeedbackd[0m [32mmodeld_tinygrad[0m [32mmapd[0m [32mmapd_manager[0m [31mmtscd[0m [32mrtid[0m
RTI cycle took 0.028s
RTI cycle took 0.023s
RTI cycle took 0.051s
RTI cycle took 0.028s
RTI cycle took 0.043s
RTI cycle took 0.042s
RTI cycle took 0.036s
RTI cycle took 0.041s
RTI cycle took 0.043s
RTI cycle took 0.048s
RTI cycle took 0.044s
RTI cycle took 0.046s
RTI cycle took 0.048s
RTI cycle took 0.029s
RTI cycle took 0.026s
RTI cycle took 0.040s
RTI cycle took 0.039s
RTI cycle took 0.043s
RTI cycle took 0.036s
RTI cycle took 0.038s
RTI cycle took 0.029s
