RAYLIB STATIC 5.5.0.2 LOADED
sunnypilot/selfdrive/controls/mtsc/mtscd.py: needs update
kj/filesystem-disk-unix.c++:1734: warning: PWD environment variable doesn't match current directory; pwd = /data/openpilot/system/manager
scons: Reading SConscript files ...
gbm_create_device(156): Info: backend name is: msm_drm
scons: done reading SConscript files.
scons: Building targets ...
Building compilation database compile_commands.json
scons: done building targets.
system/loggerd/bootlog.cc: bootlog to /data/media/0/realdata/boot/0000004a--20aa35d431.zst
sunnypilot/selfdrive/controls/mtsc/mtscd.py: needs update
updates are disabled by the DisableUpdates param
No OSM database found for road geometry extraction
gbm_create_device(156): Info: backend name is: msm_drm
: QPixmap::scaled: Pixmap is a null pixmap
configuring modem
Successfully set initial EPS bearer properties
pid 321's current affinity list: 3
pid 321's new affinity list: 3
selfdrive/ui/qt/network/wifi_manager.cc: Changing gsm.auto-config to true
: "wl-shell" is a deprecated shell extension, prefer using "xdg-shell-v6" or "xdg-shell" if supported by the compositor by setting the environment variable QT_WAYLAND_SHELL_INTEGRATION
Panda 40001a000251333038363231 connected, version: DEV-c0fa7445-DEBU, signature 33058315663b8576, expected 33058315663b8576
selfdrive/pandad/main.cc: starting pandad
selfdrive/pandad/pandad.cc: connecting to pandas: 40001a000251333038363231
selfdrive/pandad/panda.cc: connected to 40001a000251333038363231 over SPI
selfdrive/pandad/pandad.cc: connected to all pandas
stats dir full
child sunnypilot.models.manager got SIGINT
[32mlogmessaged[0m [32mtimed[0m [32mui[0m [32mdeleter[0m [32mpandad[0m [32mhardwared[0m [32mtombstoned[0m [31mupdated[0m [32muploader[0m [32mstatsd[0m [32mmodels_manager[0m [32mmapd[0m [32mmapd_manager[0m
[32mlogmessaged[0m [32mtimed[0m [32mui[0m [32mdeleter[0m [32mpandad[0m [32mhardwared[0m [32mtombstoned[0m [31mupdated[0m [32muploader[0m [32mstatsd[0m [32mmodels_manager[0m [32mmapd[0m [32mmapd_manager[0m
[32mlogmessaged[0m [32mtimed[0m [32mui[0m [32mdeleter[0m [32mpandad[0m [32mhardwared[0m [32mtombstoned[0m [31mupdated[0m [32muploader[0m [32mstatsd[0m [32mmodels_manager[0m [32mmapd[0m [32mmapd_manager[0m
[32mlogmessaged[0m [32mtimed[0m [32mui[0m [32mdeleter[0m [32mpandad[0m [32mhardwared[0m [32mtombstoned[0m [31mupdated[0m [32muploader[0m [32mstatsd[0m [32mmodels_manager[0m [32mmapd[0m [32mmapd_manager[0m
[32mlogmessaged[0m [32mtimed[0m [32mui[0m [32mdeleter[0m [32mpandad[0m [32mhardwared[0m [32mtombstoned[0m [31mupdated[0m [32muploader[0m [32mstatsd[0m [32mmodels_manager[0m [32mmapd[0m [32mmapd_manager[0m
[32mlogmessaged[0m [32mtimed[0m [32mui[0m [32mdeleter[0m [32mpandad[0m [32mhardwared[0m [32mtombstoned[0m [31mupdated[0m [32muploader[0m [32mstatsd[0m [32mmodels_manager[0m [32mmapd[0m [32mmapd_manager[0m
waiting for modem to come up
system/camerad/cameras/spectra.cc: VIDIOC_CAM_CONTROL error: op_code 266 - errno 19
Getting VIN & FW versions
Getting VIN & FW versions
Setting OBD multiplexing to True
system/camerad/cameras/spectra.cc: clearing and requeuing camera 0 from 1
RTI cycle took 0.101s
OBD multiplexing set successfully
system/camerad/cameras/spectra.cc: VIDIOC_CAM_CONTROL error: op_code 266 - errno 19
RTI cycle took 0.101s
RTI cycle took 0.104s
system/camerad/cameras/spectra.cc: clearing and requeuing camera 1 from 1
RTI cycle took 0.085s
system/camerad/cameras/spectra.cc: VIDIOC_CAM_CONTROL error: op_code 266 - errno 19
RTI cycle took 0.101s
models loaded, dmonitoringmodeld starting
connecting to driver stream
system/loggerd/loggerd.cc: logging to /data/media/0/realdata/00000063--29cee9fe14--0
RTI cycle took 0.103s
RTI cycle took 0.102s
system/camerad/cameras/spectra.cc: clearing and requeuing camera 2 from 1
Starting listener for: camerad
RTI cycle took 0.103s
system/loggerd/encoderd.cc: encoder road_cam_encoder init 1928x1208
system/loggerd/encoderd.cc: encoder driver_cam_encoder init 1928x1208
connected with buffer size: 4804608
system/loggerd/encoderd.cc: encoder wide_road_cam_encoder init 1928x1208
RTI cycle took 0.113s
system/camerad/cameras/spectra.cc: camera 0 synced on frame_id_offset 5 timestamp 8862892723566
system/camerad/cameras/spectra.cc: camera 1 synced on frame_id_offset 5 timestamp 8862892734191
system/camerad/cameras/spectra.cc: camera 2 synced on frame_id_offset 5 timestamp 8862892744087
vin query retry (1) ...
vin query retry (1) ...
RTI cycle took 0.105s
RTI cycle took 0.107s
RTI cycle took 0.106s
RTI cycle took 0.103s
RTI cycle took 0.046s
RTI cycle took 0.101s
setup_quectel failed, trying again
Traceback (most recent call last):
  File "/data/openpilot/openpilot/common/retry.py", line 13, in wrapper
    return func(*args, **kwargs)
           ^^^^^^^^^^^^^^^^^^^^^
  File "/data/openpilot/system/qcomgpsd/qcomgpsd.py", line 191, in setup_quectel
    send_recv(diag, DIAG_SUBSYS_CMD_F, pack('<BHBBIIII',
  File "/data/openpilot/openpilot/system/qcomgpsd/modemdiag.py", line 65, in send_recv
    opcode, payload = diag.recv()
                      ^^^^^^^^^^^
  File "/data/openpilot/openpilot/system/qcomgpsd/modemdiag.py", line 48, in recv
    unframed_message = self.hdlc_decapsulate(raw_payload)
                       ^^^^^^^^^^^^^^^^^^^^^^^^^^^^^^^^^^
  File "/data/openpilot/openpilot/system/qcomgpsd/modemdiag.py", line 35, in hdlc_decapsulate
    assert payload[-2:] == pack('<H', ModemDiag.ccitt_crc16(payload[:-2]))
           ^^^^^^^^^^^^^^^^^^^^^^^^^^^^^^^^^^^^^^^^^^^^^^^^^^^^^^^^^^^^^^^
AssertionError
RTI cycle took 0.102s
RTI cycle took 0.105s
RTI cycle took 0.101s
vin query retry (2) ...
vin query retry (2) ...
RTI cycle took 0.101s
RTI cycle took 0.101s
RTI cycle took 0.101s
RTI cycle took 0.102s
Setting OBD multiplexing to False
RTI cycle took 0.101s
RTI cycle took 0.067s
OBD multiplexing set successfully
RTI cycle took 0.102s
try_setup_logs failed, trying again
Traceback (most recent call last):
  File "/data/openpilot/openpilot/common/retry.py", line 13, in wrapper
    return func(*args, **kwargs)
           ^^^^^^^^^^^^^^^^^^^^^
  File "/data/openpilot/system/qcomgpsd/qcomgpsd.py", line 91, in try_setup_logs
    return setup_logs(diag, logs)
           ^^^^^^^^^^^^^^^^^^^^^^
  File "/data/openpilot/openpilot/system/qcomgpsd/modemdiag.py", line 75, in setup_logs
    assert operation == LOG_CONFIG_RETRIEVE_ID_RANGES_OP
           ^^^^^^^^^^^^^^^^^^^^^^^^^^^^^^^^^^^^^^^^^^^^^
AssertionError
Setting OBD multiplexing to True
RTI cycle took 0.101s
OBD multiplexing set successfully
RTI cycle took 0.101s
RTI cycle took 0.102s
modeld init
setting up CL context
CL context ready; loading model
Setting OBD multiplexing to False
RTI cycle took 0.101s
RTI cycle took 0.101s
OBD multiplexing set successfully
RTI cycle took 0.101s
iso-tp query bad response: (1969, None) - 0x7f2231
iso-tp query bad response: (1969, None) - 0x7f2231
RTI cycle took 0.101s
RTI cycle took 0.101s
iso-tp query bad response: (2000, None) - 0x7f2231
iso-tp query bad response: (2000, None) - 0x7f2231
RTI cycle took 0.078s
RTI cycle took 0.102s
iso-tp query bad response: (1971, None) - 0x7f2212
iso-tp query bad response: (1971, None) - 0x7f2212
iso-tp query bad response: (1975, None) - 0x7f2231
iso-tp query bad response: (1975, None) - 0x7f2231
iso-tp query bad response: (2000, None) - 0x7f2231
iso-tp query bad response: (2000, None) - 0x7f2231
iso-tp query bad response: (1990, None) - 0x7f2222
iso-tp query bad response: (1990, None) - 0x7f2222
iso-tp query bad response: (1840, None) - 0x7f2231
iso-tp query bad response: (1840, None) - 0x7f2231
iso-tp query bad response: (1988, None) - 0x7f2231
iso-tp query bad response: (1988, None) - 0x7f2231
try_setup_logs failed, trying again
Traceback (most recent call last):
  File "/data/openpilot/openpilot/common/retry.py", line 13, in wrapper
    return func(*args, **kwargs)
           ^^^^^^^^^^^^^^^^^^^^^
  File "/data/openpilot/system/qcomgpsd/qcomgpsd.py", line 91, in try_setup_logs
    return setup_logs(diag, logs)
           ^^^^^^^^^^^^^^^^^^^^^^
  File "/data/openpilot/openpilot/system/qcomgpsd/modemdiag.py", line 93, in setup_logs
    assert operation == LOG_CONFIG_SET_MASK_OP
           ^^^^^^^^^^^^^^^^^^^^^^^^^^^^^^^^^^^
AssertionError
RTI cycle took 0.104s
VIN 00000000000000000
VIN 00000000000000000
RTI cycle took 0.101s
RTI cycle took 0.102s
RTI cycle took 0.101s
RTI cycle took 0.102s
RTI cycle took 0.103s
RTI cycle took 0.103s
RTI cycle took 0.101s
RTI cycle took 0.063s
RTI cycle took 0.107s
models loaded, modeld starting
vision stream set up, main_wide_camera: False, use_extra_client: True
connected main cam with buffer size: 4804608 (1928 x 1208)
connected extra cam with buffer size: 4804608 (1928 x 1208)
try_setup_logs failed, trying again
Traceback (most recent call last):
  File "/data/openpilot/openpilot/common/retry.py", line 13, in wrapper
    return func(*args, **kwargs)
           ^^^^^^^^^^^^^^^^^^^^^
  File "/data/openpilot/system/qcomgpsd/qcomgpsd.py", line 91, in try_setup_logs
    return setup_logs(diag, logs)
           ^^^^^^^^^^^^^^^^^^^^^^
  File "/data/openpilot/openpilot/system/qcomgpsd/modemdiag.py", line 75, in setup_logs
    assert operation == LOG_CONFIG_RETRIEVE_ID_RANGES_OP
           ^^^^^^^^^^^^^^^^^^^^^^^^^^^^^^^^^^^^^^^^^^^^^
AssertionError
RTI cycle took 0.101s
{'event': 'fingerprinted', 'car_fingerprint': 'KIA_EV6', 'source': 1, 'fuzzy': False, 'cached': False, 'fw_count': 9, 'ecu_responses': [(1983, None, 1), (1996, None, 1), (1977, None, 1), (2008, None, 1), (2008, None, 0), (1979, None, 1), (1848, None, 1), (1998, None, 1)], 'vin_rx_addr': -1, 'vin_rx_bus': -1, 'fingerprints': '{0: {624: 32, 639: 24, 514: 32, 640: 24, 577: 24, 641: 24, 578: 24, 642: 24, 579: 24, 643: 24, 580: 24, 644: 24, 581: 24, 645: 24, 582: 24, 646: 24, 583: 24, 647: 24, 584: 24, 80: 16, 384: 32, 385: 32, 386: 32, 387: 32, 388: 32, 81: 32, 389: 8, 585: 24, 649: 32, 586: 24, 650: 32, 587: 24, 651: 32, 588: 24, 652: 32, 589: 24, 653: 32, 590: 24, 654: 32, 591: 24, 655: 32, 625: 32, 672: 8, 626: 32, 576: 16, 593: 16, 528: 32, 529: 32, 530: 32, 531: 32, 532: 32, 533: 32, 534: 32, 535: 32, 536: 32, 537: 32, 538: 32, 539: 32, 540: 32, 541: 32, 542: 32, 543: 32, 513: 32, 627: 32, 674: 32, 628: 32, 675: 32, 352: 16, 438: 32, 439: 32, 440: 32, 441: 32, 507: 32, 629: 32, 676: 24, 630: 32, 631: 32, 632: 8, 699: 32, 700: 32, 701: 32, 702: 32, 648: 32, 515: 32, 633: 24, 634: 24, 635: 24, 636: 24, 637: 24, 638: 24}, 1: {234: 24, 53: 32, 245: 32, 410: 32, 682: 32, 693: 32, 704: 32, 736: 32, 357: 24, 362: 32, 368: 16, 282: 16, 346: 8, 293: 16, 298: 16, 837: 8, 288: 32, 352: 16, 74: 32, 416: 32, 96: 32, 101: 32, 111: 8, 160: 24, 464: 16, 480: 16, 304: 16, 490: 32, 512: 8, 1204: 8, 485: 16, 442: 24, 874: 16, 325: 32, 432: 32, 266: 32, 1240: 8, 1245: 8, 373: 24, 1247: 8, 1259: 8, 698: 32, 1264: 8, 961: 8, 962: 8, 1266: 8, 1267: 8, 1278: 8, 426: 16, 384: 8, 389: 8, 549: 16, 741: 32, 597: 32, 139: 8, 463: 8, 1096: 8, 592: 24, 496: 16, 437: 32, 933: 8, 826: 32, 879: 8, 895: 8, 1024: 8, 522: 16, 144: 32, 517: 24, 901: 8, 666: 8, 778: 32, 501: 32, 565: 32, 602: 32, 762: 32, 805: 32, 816: 32, 864: 32, 928: 16, 506: 32, 544: 16, 1099: 8, 923: 8, 992: 8, 993: 8, 994: 8, 997: 8, 998: 8, 1050: 8, 1025: 8, 1051: 8, 1058: 8, 1052: 8, 1061: 8, 1074: 8, 1077: 8, 1090: 8, 1092: 8, 1093: 8, 1108: 8, 725: 32, 789: 16, 906: 16, 970: 16, 1138: 8, 949: 32, 1139: 8, 1140: 8, 767: 8, 948: 8, 1187: 8, 703: 8, 1029: 8, 1040: 8, 1041: 8, 1042: 8, 1043: 8, 1044: 8, 1046: 8, 1047: 8, 1049: 8, 1151: 8, 934: 8, 1048: 8, 688: 32, 896: 8, 898: 8, 899: 8, 900: 8, 944: 8, 945: 8, 946: 8, 1063: 8, 1065: 8, 1066: 8, 938: 8, 474: 32, 936: 8, 937: 8, 940: 8, 941: 8, 1033: 8, 1142: 8, 1143: 8, 1013: 32, 1167: 8, 794: 32, 842: 32, 1008: 32, 1055: 8}, 2: {638: 24, 624: 32, 639: 24, 514: 32, 640: 24, 577: 24, 641: 24, 578: 24, 642: 24, 579: 24, 643: 24, 580: 24, 644: 24, 581: 24, 645: 24, 582: 24, 646: 24, 583: 24, 647: 24, 584: 24, 80: 16, 384: 32, 385: 32, 386: 32, 387: 32, 388: 32, 81: 32, 389: 8, 585: 24, 649: 32, 586: 24, 650: 32, 587: 24, 651: 32, 588: 24, 652: 32, 589: 24, 653: 32, 590: 24, 654: 32, 591: 24, 655: 32, 625: 32, 672: 8, 626: 32, 576: 16, 593: 16, 528: 32, 529: 32, 530: 32, 531: 32, 532: 32, 533: 32, 534: 32, 535: 32, 536: 32, 537: 32, 538: 32, 539: 32, 540: 32, 541: 32, 542: 32, 543: 32, 513: 32, 627: 32, 674: 32, 628: 32, 675: 32, 352: 16, 438: 32, 439: 32, 440: 32, 441: 32, 507: 32, 629: 32, 676: 24, 630: 32, 631: 32, 632: 8, 699: 32, 700: 32, 701: 32, 702: 32, 648: 32, 515: 32, 633: 24, 634: 24, 635: 24, 636: 24, 637: 24}, 3: {}, 4: {}, 5: {}, 6: {}, 7: {}}', 'fw_query_time': 3.6898713409991615}
{'event': 'fingerprinted', 'car_fingerprint': 'KIA_EV6', 'source': 1, 'fuzzy': False, 'cached': False, 'fw_count': 9, 'ecu_responses': [(1983, None, 1), (1996, None, 1), (1977, None, 1), (2008, None, 1), (2008, None, 0), (1979, None, 1), (1848, None, 1), (1998, None, 1)], 'vin_rx_addr': -1, 'vin_rx_bus': -1, 'fingerprints': '{0: {624: 32, 639: 24, 514: 32, 640: 24, 577: 24, 641: 24, 578: 24, 642: 24, 579: 24, 643: 24, 580: 24, 644: 24, 581: 24, 645: 24, 582: 24, 646: 24, 583: 24, 647: 24, 584: 24, 80: 16, 384: 32, 385: 32, 386: 32, 387: 32, 388: 32, 81: 32, 389: 8, 585: 24, 649: 32, 586: 24, 650: 32, 587: 24, 651: 32, 588: 24, 652: 32, 589: 24, 653: 32, 590: 24, 654: 32, 591: 24, 655: 32, 625: 32, 672: 8, 626: 32, 576: 16, 593: 16, 528: 32, 529: 32, 530: 32, 531: 32, 532: 32, 533: 32, 534: 32, 535: 32, 536: 32, 537: 32, 538: 32, 539: 32, 540: 32, 541: 32, 542: 32, 543: 32, 513: 32, 627: 32, 674: 32, 628: 32, 675: 32, 352: 16, 438: 32, 439: 32, 440: 32, 441: 32, 507: 32, 629: 32, 676: 24, 630: 32, 631: 32, 632: 8, 699: 32, 700: 32, 701: 32, 702: 32, 648: 32, 515: 32, 633: 24, 634: 24, 635: 24, 636: 24, 637: 24, 638: 24}, 1: {234: 24, 53: 32, 245: 32, 410: 32, 682: 32, 693: 32, 704: 32, 736: 32, 357: 24, 362: 32, 368: 16, 282: 16, 346: 8, 293: 16, 298: 16, 837: 8, 288: 32, 352: 16, 74: 32, 416: 32, 96: 32, 101: 32, 111: 8, 160: 24, 464: 16, 480: 16, 304: 16, 490: 32, 512: 8, 1204: 8, 485: 16, 442: 24, 874: 16, 325: 32, 432: 32, 266: 32, 1240: 8, 1245: 8, 373: 24, 1247: 8, 1259: 8, 698: 32, 1264: 8, 961: 8, 962: 8, 1266: 8, 1267: 8, 1278: 8, 426: 16, 384: 8, 389: 8, 549: 16, 741: 32, 597: 32, 139: 8, 463: 8, 1096: 8, 592: 24, 496: 16, 437: 32, 933: 8, 826: 32, 879: 8, 895: 8, 1024: 8, 522: 16, 144: 32, 517: 24, 901: 8, 666: 8, 778: 32, 501: 32, 565: 32, 602: 32, 762: 32, 805: 32, 816: 32, 864: 32, 928: 16, 506: 32, 544: 16, 1099: 8, 923: 8, 992: 8, 993: 8, 994: 8, 997: 8, 998: 8, 1050: 8, 1025: 8, 1051: 8, 1058: 8, 1052: 8, 1061: 8, 1074: 8, 1077: 8, 1090: 8, 1092: 8, 1093: 8, 1108: 8, 725: 32, 789: 16, 906: 16, 970: 16, 1138: 8, 949: 32, 1139: 8, 1140: 8, 767: 8, 948: 8, 1187: 8, 703: 8, 1029: 8, 1040: 8, 1041: 8, 1042: 8, 1043: 8, 1044: 8, 1046: 8, 1047: 8, 1049: 8, 1151: 8, 934: 8, 1048: 8, 688: 32, 896: 8, 898: 8, 899: 8, 900: 8, 944: 8, 945: 8, 946: 8, 1063: 8, 1065: 8, 1066: 8, 938: 8, 474: 32, 936: 8, 937: 8, 940: 8, 941: 8, 1033: 8, 1142: 8, 1143: 8, 1013: 32, 1167: 8, 794: 32, 842: 32, 1008: 32, 1055: 8}, 2: {638: 24, 624: 32, 639: 24, 514: 32, 640: 24, 577: 24, 641: 24, 578: 24, 642: 24, 579: 24, 643: 24, 580: 24, 644: 24, 581: 24, 645: 24, 582: 24, 646: 24, 583: 24, 647: 24, 584: 24, 80: 16, 384: 32, 385: 32, 386: 32, 387: 32, 388: 32, 81: 32, 389: 8, 585: 24, 649: 32, 586: 24, 650: 32, 587: 24, 651: 32, 588: 24, 652: 32, 589: 24, 653: 32, 590: 24, 654: 32, 591: 24, 655: 32, 625: 32, 672: 8, 626: 32, 576: 16, 593: 16, 528: 32, 529: 32, 530: 32, 531: 32, 532: 32, 533: 32, 534: 32, 535: 32, 536: 32, 537: 32, 538: 32, 539: 32, 540: 32, 541: 32, 542: 32, 543: 32, 513: 32, 627: 32, 674: 32, 628: 32, 675: 32, 352: 16, 438: 32, 439: 32, 440: 32, 441: 32, 507: 32, 629: 32, 676: 24, 630: 32, 631: 32, 632: 8, 699: 32, 700: 32, 701: 32, 702: 32, 648: 32, 515: 32, 633: 24, 634: 24, 635: 24, 636: 24, 637: 24}, 3: {}, 4: {}, 5: {}, 6: {}, 7: {}}', 'fw_query_time': 3.6898713409991615}
RTI cycle took 0.102s
skipping model eval. Dropped 73 frames
selfdrive/pandad/panda_safety.cc: Finished FW query, Waiting for params to set safety model
RTI cycle took 0.101s
RTI cycle took 0.103s
RTI cycle took 0.103s
RTI cycle took 0.101s
RTI cycle took 0.101s
skipping model eval. Dropped 8 frames
RTI cycle took 0.076s
RTI cycle took 0.107s
RTI cycle took 0.105s
try_setup_logs failed, trying again
Traceback (most recent call last):
  File "/data/openpilot/openpilot/common/retry.py", line 13, in wrapper
    return func(*args, **kwargs)
           ^^^^^^^^^^^^^^^^^^^^^
  File "/data/openpilot/system/qcomgpsd/qcomgpsd.py", line 91, in try_setup_logs
    return setup_logs(diag, logs)
           ^^^^^^^^^^^^^^^^^^^^^^
  File "/data/openpilot/openpilot/system/qcomgpsd/modemdiag.py", line 93, in setup_logs
    assert operation == LOG_CONFIG_SET_MASK_OP
           ^^^^^^^^^^^^^^^^^^^^^^^^^^^^^^^^^^^
AssertionError
RTI cycle took 0.105s
RTI cycle took 0.110s
RTI cycle took 0.101s
RTI cycle took 0.101s
RTI cycle took 0.101s
RTI cycle took 0.101s
[32mloggerd[0m [32mencoderd[0m [32mlogmessaged[0m [32mcamerad[0m [32mlogcatd[0m [32mproclogd[0m [32mmicd[0m [32mtimed[0m [32mdmonitoringmodeld[0m [32msensord[0m [32mui[0m [32msoundd[0m [32mlocationd[0m [32mcalibrationd[0m [32mtorqued[0m [32mcontrolsd[0m [32mselfdrived[0m [32mcard[0m [32mdeleter[0m [32mdmonitoringd[0m [32mqcomgpsd[0m [32mpandad[0m [32mparamsd[0m [32mlagd[0m [32mplannerd[0m [32mradard[0m [32mhardwared[0m [32mtombstoned[0m [32muploader[0m [32mstatsd[0m [32mfeedbackd[0m [31mmodels_manager[0m [32mmodeld_tinygrad[0m [32mmapd[0m [32mmapd_manager[0m [32mrtid[0m
[32mloggerd[0m [32mencoderd[0m [32mlogmessaged[0m [32mcamerad[0m [32mlogcatd[0m [32mproclogd[0m [32mmicd[0m [32mtimed[0m [32mdmonitoringmodeld[0m [32msensord[0m [32mui[0m [32msoundd[0m [32mlocationd[0m [32mcalibrationd[0m [32mtorqued[0m [32mcontrolsd[0m [32mselfdrived[0m [32mcard[0m [32mdeleter[0m [32mdmonitoringd[0m [32mqcomgpsd[0m [32mpandad[0m [32mparamsd[0m [32mlagd[0m [32mplannerd[0m [32mradard[0m [32mhardwared[0m [32mtombstoned[0m [32muploader[0m [32mstatsd[0m [32mfeedbackd[0m [32mmodeld_tinygrad[0m [32mmapd[0m [32mmapd_manager[0m [32mrtid[0m
[32mloggerd[0m [32mencoderd[0m [32mlogmessaged[0m [32mcamerad[0m [32mlogcatd[0m [32mproclogd[0m [32mmicd[0m [32mtimed[0m [32mdmonitoringmodeld[0m [32msensord[0m [32mui[0m [32msoundd[0m [32mlocationd[0m [32mcalibrationd[0m [32mtorqued[0m [32mcontrolsd[0m [32mselfdrived[0m [32mcard[0m [32mdeleter[0m [32mdmonitoringd[0m [32mqcomgpsd[0m [32mpandad[0m [32mparamsd[0m [32mlagd[0m [32mplannerd[0m [32mradard[0m [32mhardwared[0m [32mtombstoned[0m [32muploader[0m [32mstatsd[0m [32mfeedbackd[0m [32mmodeld_tinygrad[0m [32mmapd[0m [32mmapd_manager[0m [32mrtid[0m
[32mloggerd[0m [32mencoderd[0m [32mlogmessaged[0m [32mcamerad[0m [32mlogcatd[0m [32mproclogd[0m [32mmicd[0m [32mtimed[0m [32mdmonitoringmodeld[0m [32msensord[0m [32mui[0m [32msoundd[0m [32mlocationd[0m [32mcalibrationd[0m [32mtorqued[0m [32mcontrolsd[0m [32mselfdrived[0m [32mcard[0m [32mdeleter[0m [32mdmonitoringd[0m [32mqcomgpsd[0m [32mpandad[0m [32mparamsd[0m [32mlagd[0m [32mplannerd[0m [32mradard[0m [32mhardwared[0m [32mtombstoned[0m [32muploader[0m [32mstatsd[0m [32mfeedbackd[0m [32mmodeld_tinygrad[0m [32mmapd[0m [32mmapd_manager[0m [32mrtid[0m
[32mloggerd[0m [32mencoderd[0m [32mlogmessaged[0m [32mcamerad[0m [32mlogcatd[0m [32mproclogd[0m [32mmicd[0m [32mtimed[0m [32mdmonitoringmodeld[0m [32msensord[0m [32mui[0m [32msoundd[0m [32mlocationd[0m [32mcalibrationd[0m [32mtorqued[0m [32mcontrolsd[0m [32mselfdrived[0m [32mcard[0m [32mdeleter[0m [32mdmonitoringd[0m [32mqcomgpsd[0m [32mpandad[0m [32mparamsd[0m [32mlagd[0m [32mplannerd[0m [32mradard[0m [32mhardwared[0m [32mtombstoned[0m [32muploader[0m [32mstatsd[0m [32mfeedbackd[0m [32mmodeld_tinygrad[0m [32mmapd[0m [32mmapd_manager[0m [32mrtid[0m
[32mloggerd[0m [32mencoderd[0m [32mlogmessaged[0m [32mcamerad[0m [32mlogcatd[0m [32mproclogd[0m [32mmicd[0m [32mtimed[0m [32mdmonitoringmodeld[0m [32msensord[0m [32mui[0m [32msoundd[0m [32mlocationd[0m [32mcalibrationd[0m [32mtorqued[0m [32mcontrolsd[0m [32mselfdrived[0m [32mcard[0m [32mdeleter[0m [32mdmonitoringd[0m [32mqcomgpsd[0m [32mpandad[0m [32mparamsd[0m [32mlagd[0m [32mplannerd[0m [32mradard[0m [32mhardwared[0m [32mtombstoned[0m [32muploader[0m [32mstatsd[0m [32mfeedbackd[0m [32mmodeld_tinygrad[0m [32mmapd[0m [32mmapd_manager[0m [32mrtid[0m
[32mloggerd[0m [32mencoderd[0m [32mlogmessaged[0m [32mcamerad[0m [32mlogcatd[0m [32mproclogd[0m [32mmicd[0m [32mtimed[0m [32mdmonitoringmodeld[0m [32msensord[0m [32mui[0m [32msoundd[0m [32mlocationd[0m [32mcalibrationd[0m [32mtorqued[0m [32mcontrolsd[0m [32mselfdrived[0m [32mcard[0m [32mdeleter[0m [32mdmonitoringd[0m [32mqcomgpsd[0m [32mpandad[0m [32mparamsd[0m [32mlagd[0m [32mplannerd[0m [32mradard[0m [32mhardwared[0m [32mtombstoned[0m [32muploader[0m [32mstatsd[0m [32mfeedbackd[0m [32mmodeld_tinygrad[0m [32mmapd[0m [32mmapd_manager[0m [32mrtid[0m
[32mloggerd[0m [32mencoderd[0m [32mlogmessaged[0m [32mcamerad[0m [32mlogcatd[0m [32mproclogd[0m [32mmicd[0m [32mtimed[0m [32mdmonitoringmodeld[0m [32msensord[0m [32mui[0m [32msoundd[0m [32mlocationd[0m [32mcalibrationd[0m [32mtorqued[0m [32mcontrolsd[0m [32mselfdrived[0m [32mcard[0m [32mdeleter[0m [32mdmonitoringd[0m [32mqcomgpsd[0m [32mpandad[0m [32mparamsd[0m [32mlagd[0m [32mplannerd[0m [32mradard[0m [32mhardwared[0m [32mtombstoned[0m [32muploader[0m [32mstatsd[0m [32mfeedbackd[0m [32mmodeld_tinygrad[0m [32mmapd[0m [32mmapd_manager[0m [32mrtid[0m
[32mloggerd[0m [32mencoderd[0m [32mlogmessaged[0m [32mcamerad[0m [32mlogcatd[0m [32mproclogd[0m [32mmicd[0m [32mtimed[0m [32mdmonitoringmodeld[0m [32msensord[0m [32mui[0m [32msoundd[0m [32mlocationd[0m [32mcalibrationd[0m [32mtorqued[0m [32mcontrolsd[0m [32mselfdrived[0m [32mcard[0m [32mdeleter[0m [32mdmonitoringd[0m [32mqcomgpsd[0m [32mpandad[0m [32mparamsd[0m [32mlagd[0m [32mplannerd[0m [32mradard[0m [32mhardwared[0m [32mtombstoned[0m [32muploader[0m [32mstatsd[0m [32mfeedbackd[0m [32mmodeld_tinygrad[0m [32mmapd[0m [32mmapd_manager[0m [32mrtid[0m
[32mloggerd[0m [32mencoderd[0m [32mlogmessaged[0m [32mcamerad[0m [32mlogcatd[0m [32mproclogd[0m [32mmicd[0m [32mtimed[0m [32mdmonitoringmodeld[0m [32msensord[0m [32mui[0m [32msoundd[0m [32mlocationd[0m [32mcalibrationd[0m [32mtorqued[0m [32mcontrolsd[0m [32mselfdrived[0m [32mcard[0m [32mdeleter[0m [32mdmonitoringd[0m [32mqcomgpsd[0m [32mpandad[0m [32mparamsd[0m [32mlagd[0m [32mplannerd[0m [32mradard[0m [32mhardwared[0m [32mtombstoned[0m [32muploader[0m [32mstatsd[0m [32mfeedbackd[0m [32mmodeld_tinygrad[0m [32mmapd[0m [32mmapd_manager[0m [32mrtid[0m
[32mloggerd[0m [32mencoderd[0m [32mlogmessaged[0m [32mcamerad[0m [32mlogcatd[0m [32mproclogd[0m [32mmicd[0m [32mtimed[0m [32mdmonitoringmodeld[0m [32msensord[0m [32mui[0m [32msoundd[0m [32mlocationd[0m [32mcalibrationd[0m [32mtorqued[0m [32mcontrolsd[0m [32mselfdrived[0m [32mcard[0m [32mdeleter[0m [32mdmonitoringd[0m [32mqcomgpsd[0m [32mpandad[0m [32mparamsd[0m [32mlagd[0m [32mplannerd[0m [32mradard[0m [32mhardwared[0m [32mtombstoned[0m [32muploader[0m [32mstatsd[0m [32mfeedbackd[0m [32mmodeld_tinygrad[0m [32mmapd[0m [32mmapd_manager[0m [32mrtid[0m
[32mloggerd[0m [32mencoderd[0m [32mlogmessaged[0m [32mcamerad[0m [32mlogcatd[0m [32mproclogd[0m [32mmicd[0m [32mtimed[0m [32mdmonitoringmodeld[0m [32msensord[0m [32mui[0m [32msoundd[0m [32mlocationd[0m [32mcalibrationd[0m [32mtorqued[0m [32mcontrolsd[0m [32mselfdrived[0m [32mcard[0m [32mdeleter[0m [32mdmonitoringd[0m [32mqcomgpsd[0m [32mpandad[0m [32mparamsd[0m [32mlagd[0m [32mplannerd[0m [32mradard[0m [32mhardwared[0m [32mtombstoned[0m [32muploader[0m [32mstatsd[0m [32mfeedbackd[0m [32mmodeld_tinygrad[0m [32mmapd[0m [32mmapd_manager[0m [32mrtid[0m
[32mloggerd[0m [32mencoderd[0m [32mlogmessaged[0m [32mcamerad[0m [32mlogcatd[0m [32mproclogd[0m [32mmicd[0m [32mtimed[0m [32mdmonitoringmodeld[0m [32msensord[0m [32mui[0m [32msoundd[0m [32mlocationd[0m [32mcalibrationd[0m [32mtorqued[0m [32mcontrolsd[0m [32mselfdrived[0m [32mcard[0m [32mdeleter[0m [32mdmonitoringd[0m [32mqcomgpsd[0m [32mpandad[0m [32mparamsd[0m [32mlagd[0m [32mplannerd[0m [32mradard[0m [32mhardwared[0m [32mtombstoned[0m [32muploader[0m [32mstatsd[0m [32mfeedbackd[0m [32mmodeld_tinygrad[0m [32mmapd[0m [32mmapd_manager[0m [32mrtid[0m
RTI cycle took 0.102s
RTI cycle took 0.021s
try_setup_logs failed, trying again
Traceback (most recent call last):
  File "/data/openpilot/openpilot/common/retry.py", line 13, in wrapper
    return func(*args, **kwargs)
           ^^^^^^^^^^^^^^^^^^^^^
  File "/data/openpilot/system/qcomgpsd/qcomgpsd.py", line 91, in try_setup_logs
    return setup_logs(diag, logs)
           ^^^^^^^^^^^^^^^^^^^^^^
  File "/data/openpilot/openpilot/system/qcomgpsd/modemdiag.py", line 75, in setup_logs
    assert operation == LOG_CONFIG_RETRIEVE_ID_RANGES_OP
           ^^^^^^^^^^^^^^^^^^^^^^^^^^^^^^^^^^^^^^^^^^^^^
AssertionError
{"event": "selfdrived.initialized", "dt": 1.05, "timeout": false, "canValid": true, "invalid": ["alertDebug", "gpsLocation"], "not_alive": ["alertDebug", "gpsLocation"], "not_freq_ok": ["alertDebug", "gpsLocation"], "error": true}
ecu disable ('0x730', None) ...
ecu disable ('0x730', None) ...
communication control disable tx/rx ...
communication control disable tx/rx ...
ecu disabled
ecu disabled
selfdrive/pandad/panda_safety.cc: got 1440 bytes CarParams
selfdrive/pandad/panda_safety.cc: got 168 bytes CarParamsSP
selfdrive/pandad/panda_safety.cc: Panda 0: setting safety model: 28, param: 21, alternative experience: 1024, param_sp: 2
try_setup_logs failed, trying again
Traceback (most recent call last):
  File "/data/openpilot/openpilot/common/retry.py", line 13, in wrapper
    return func(*args, **kwargs)
           ^^^^^^^^^^^^^^^^^^^^^
  File "/data/openpilot/system/qcomgpsd/qcomgpsd.py", line 91, in try_setup_logs
    return setup_logs(diag, logs)
           ^^^^^^^^^^^^^^^^^^^^^^
  File "/data/openpilot/openpilot/system/qcomgpsd/modemdiag.py", line 93, in setup_logs
    assert operation == LOG_CONFIG_SET_MASK_OP
           ^^^^^^^^^^^^^^^^^^^^^^^^^^^^^^^^^^^
AssertionError
RTI cycle took 0.012s
try_setup_logs failed, trying again
Traceback (most recent call last):
  File "/data/openpilot/openpilot/common/retry.py", line 13, in wrapper
    return func(*args, **kwargs)
           ^^^^^^^^^^^^^^^^^^^^^
  File "/data/openpilot/system/qcomgpsd/qcomgpsd.py", line 91, in try_setup_logs
    return setup_logs(diag, logs)
           ^^^^^^^^^^^^^^^^^^^^^^
  File "/data/openpilot/openpilot/system/qcomgpsd/modemdiag.py", line 75, in setup_logs
    assert operation == LOG_CONFIG_RETRIEVE_ID_RANGES_OP
           ^^^^^^^^^^^^^^^^^^^^^^^^^^^^^^^^^^^^^^^^^^^^^
AssertionError
try_setup_logs failed, trying again
Traceback (most recent call last):
  File "/data/openpilot/openpilot/common/retry.py", line 13, in wrapper
    return func(*args, **kwargs)
           ^^^^^^^^^^^^^^^^^^^^^
  File "/data/openpilot/system/qcomgpsd/qcomgpsd.py", line 91, in try_setup_logs
    return setup_logs(diag, logs)
           ^^^^^^^^^^^^^^^^^^^^^^
  File "/data/openpilot/openpilot/system/qcomgpsd/modemdiag.py", line 93, in setup_logs
    assert operation == LOG_CONFIG_SET_MASK_OP
           ^^^^^^^^^^^^^^^^^^^^^^^^^^^^^^^^^^^
AssertionError
try_setup_logs failed, trying again
Traceback (most recent call last):
  File "/data/openpilot/openpilot/common/retry.py", line 13, in wrapper
    return func(*args, **kwargs)
           ^^^^^^^^^^^^^^^^^^^^^
  File "/data/openpilot/system/qcomgpsd/qcomgpsd.py", line 91, in try_setup_logs
    return setup_logs(diag, logs)
           ^^^^^^^^^^^^^^^^^^^^^^
  File "/data/openpilot/openpilot/system/qcomgpsd/modemdiag.py", line 75, in setup_logs
    assert operation == LOG_CONFIG_RETRIEVE_ID_RANGES_OP
           ^^^^^^^^^^^^^^^^^^^^^^^^^^^^^^^^^^^^^^^^^^^^^
AssertionError
RTI cycle took 0.027s
RTI cycle took 0.019s
RTI cycle took 0.058s
RTI cycle took 0.021s
try_setup_logs failed, trying again
Traceback (most recent call last):
  File "/data/openpilot/openpilot/common/retry.py", line 13, in wrapper
    return func(*args, **kwargs)
           ^^^^^^^^^^^^^^^^^^^^^
  File "/data/openpilot/system/qcomgpsd/qcomgpsd.py", line 91, in try_setup_logs
    return setup_logs(diag, logs)
           ^^^^^^^^^^^^^^^^^^^^^^
  File "/data/openpilot/openpilot/system/qcomgpsd/modemdiag.py", line 93, in setup_logs
    assert operation == LOG_CONFIG_SET_MASK_OP
           ^^^^^^^^^^^^^^^^^^^^^^^^^^^^^^^^^^^
AssertionError
RTI cycle took 0.017s
RTI cycle took 0.016s
RTI cycle took 0.011s
RTI cycle took 0.016s
RTI cycle took 0.017s
RTI cycle took 0.015s
setup_quectel failed, trying again
Traceback (most recent call last):
  File "/data/openpilot/openpilot/common/retry.py", line 13, in wrapper
    return func(*args, **kwargs)
           ^^^^^^^^^^^^^^^^^^^^^
  File "/data/openpilot/system/qcomgpsd/qcomgpsd.py", line 150, in setup_quectel
    try_setup_logs(diag, LOG_TYPES)
  File "/data/openpilot/openpilot/common/retry.py", line 21, in wrapper
    raise Exception(f"{func.__name__} failed after retry")
Exception: try_setup_logs failed after retry
[32mloggerd[0m [32mencoderd[0m [32mlogmessaged[0m [32mcamerad[0m [32mlogcatd[0m [32mproclogd[0m [32mmicd[0m [32mtimed[0m [32mdmonitoringmodeld[0m [32msensord[0m [32mui[0m [32msoundd[0m [32mlocationd[0m [32mcalibrationd[0m [32mtorqued[0m [32mcontrolsd[0m [32mselfdrived[0m [32mcard[0m [32mdeleter[0m [32mdmonitoringd[0m [32mqcomgpsd[0m [32mpandad[0m [32mparamsd[0m [32mlagd[0m [32mplannerd[0m [32mradard[0m [32mhardwared[0m [32mtombstoned[0m [32muploader[0m [32mstatsd[0m [32mfeedbackd[0m [32mmodeld_tinygrad[0m [32mmapd[0m [32mmapd_manager[0m [32mrtid[0m
[32mloggerd[0m [32mencoderd[0m [32mlogmessaged[0m [32mcamerad[0m [32mlogcatd[0m [32mproclogd[0m [32mmicd[0m [32mtimed[0m [32mdmonitoringmodeld[0m [32msensord[0m [32mui[0m [32msoundd[0m [32mlocationd[0m [32mcalibrationd[0m [32mtorqued[0m [32mcontrolsd[0m [32mselfdrived[0m [32mcard[0m [32mdeleter[0m [32mdmonitoringd[0m [32mqcomgpsd[0m [32mpandad[0m [32mparamsd[0m [32mlagd[0m [32mplannerd[0m [32mradard[0m [32mhardwared[0m [32mtombstoned[0m [32muploader[0m [32mstatsd[0m [32mfeedbackd[0m [32mmodeld_tinygrad[0m [32mmapd[0m [32mmapd_manager[0m [32mrtid[0m
[32mloggerd[0m [32mencoderd[0m [32mlogmessaged[0m [32mcamerad[0m [32mlogcatd[0m [32mproclogd[0m [32mmicd[0m [32mtimed[0m [32mdmonitoringmodeld[0m [32msensord[0m [32mui[0m [32msoundd[0m [32mlocationd[0m [32mcalibrationd[0m [32mtorqued[0m [32mcontrolsd[0m [32mselfdrived[0m [32mcard[0m [32mdeleter[0m [32mdmonitoringd[0m [32mqcomgpsd[0m [32mpandad[0m [32mparamsd[0m [32mlagd[0m [32mplannerd[0m [32mradard[0m [32mhardwared[0m [32mtombstoned[0m [32muploader[0m [32mstatsd[0m [32mfeedbackd[0m [32mmodeld_tinygrad[0m [32mmapd[0m [32mmapd_manager[0m [32mrtid[0m
[32mloggerd[0m [32mencoderd[0m [32mlogmessaged[0m [32mcamerad[0m [32mlogcatd[0m [32mproclogd[0m [32mmicd[0m [32mtimed[0m [32mdmonitoringmodeld[0m [32msensord[0m [32mui[0m [32msoundd[0m [32mlocationd[0m [32mcalibrationd[0m [32mtorqued[0m [32mcontrolsd[0m [32mselfdrived[0m [32mcard[0m [32mdeleter[0m [32mdmonitoringd[0m [32mqcomgpsd[0m [32mpandad[0m [32mparamsd[0m [32mlagd[0m [32mplannerd[0m [32mradard[0m [32mhardwared[0m [32mtombstoned[0m [32muploader[0m [32mstatsd[0m [32mfeedbackd[0m [32mmodeld_tinygrad[0m [32mmapd[0m [32mmapd_manager[0m [32mrtid[0m
[32mloggerd[0m [32mencoderd[0m [32mlogmessaged[0m [32mcamerad[0m [32mlogcatd[0m [32mproclogd[0m [32mmicd[0m [32mtimed[0m [32mdmonitoringmodeld[0m [32msensord[0m [32mui[0m [32msoundd[0m [32mlocationd[0m [32mcalibrationd[0m [32mtorqued[0m [32mcontrolsd[0m [32mselfdrived[0m [32mcard[0m [32mdeleter[0m [32mdmonitoringd[0m [32mqcomgpsd[0m [32mpandad[0m [32mparamsd[0m [32mlagd[0m [32mplannerd[0m [32mradard[0m [32mhardwared[0m [32mtombstoned[0m [32muploader[0m [32mstatsd[0m [32mfeedbackd[0m [32mmodeld_tinygrad[0m [32mmapd[0m [32mmapd_manager[0m [32mrtid[0m
[32mloggerd[0m [32mencoderd[0m [32mlogmessaged[0m [32mcamerad[0m [32mlogcatd[0m [32mproclogd[0m [32mmicd[0m [32mtimed[0m [32mdmonitoringmodeld[0m [32msensord[0m [32mui[0m [32msoundd[0m [32mlocationd[0m [32mcalibrationd[0m [32mtorqued[0m [32mcontrolsd[0m [32mselfdrived[0m [32mcard[0m [32mdeleter[0m [32mdmonitoringd[0m [32mqcomgpsd[0m [32mpandad[0m [32mparamsd[0m [32mlagd[0m [32mplannerd[0m [32mradard[0m [32mhardwared[0m [32mtombstoned[0m [32muploader[0m [32mstatsd[0m [32mfeedbackd[0m [32mmodeld_tinygrad[0m [32mmapd[0m [32mmapd_manager[0m [32mrtid[0m
[32mloggerd[0m [32mencoderd[0m [32mlogmessaged[0m [32mcamerad[0m [32mlogcatd[0m [32mproclogd[0m [32mmicd[0m [32mtimed[0m [32mdmonitoringmodeld[0m [32msensord[0m [32mui[0m [32msoundd[0m [32mlocationd[0m [32mcalibrationd[0m [32mtorqued[0m [32mcontrolsd[0m [32mselfdrived[0m [32mcard[0m [32mdeleter[0m [32mdmonitoringd[0m [32mqcomgpsd[0m [32mpandad[0m [32mparamsd[0m [32mlagd[0m [32mplannerd[0m [32mradard[0m [32mhardwared[0m [32mtombstoned[0m [32muploader[0m [32mstatsd[0m [32mfeedbackd[0m [32mmodeld_tinygrad[0m [32mmapd[0m [32mmapd_manager[0m [32mrtid[0m
[32mloggerd[0m [32mencoderd[0m [32mlogmessaged[0m [32mcamerad[0m [32mlogcatd[0m [32mproclogd[0m [32mmicd[0m [32mtimed[0m [32mdmonitoringmodeld[0m [32msensord[0m [32mui[0m [32msoundd[0m [32mlocationd[0m [32mcalibrationd[0m [32mtorqued[0m [32mcontrolsd[0m [32mselfdrived[0m [32mcard[0m [32mdeleter[0m [32mdmonitoringd[0m [32mqcomgpsd[0m [32mpandad[0m [32mparamsd[0m [32mlagd[0m [32mplannerd[0m [32mradard[0m [32mhardwared[0m [32mtombstoned[0m [32muploader[0m [32mstatsd[0m [32mfeedbackd[0m [32mmodeld_tinygrad[0m [32mmapd[0m [32mmapd_manager[0m [32mrtid[0m
[32mloggerd[0m [32mencoderd[0m [32mlogmessaged[0m [32mcamerad[0m [32mlogcatd[0m [32mproclogd[0m [32mmicd[0m [32mtimed[0m [32mdmonitoringmodeld[0m [32msensord[0m [32mui[0m [32msoundd[0m [32mlocationd[0m [32mcalibrationd[0m [32mtorqued[0m [32mcontrolsd[0m [32mselfdrived[0m [32mcard[0m [32mdeleter[0m [32mdmonitoringd[0m [32mqcomgpsd[0m [32mpandad[0m [32mparamsd[0m [32mlagd[0m [32mplannerd[0m [32mradard[0m [32mhardwared[0m [32mtombstoned[0m [32muploader[0m [32mstatsd[0m [32mfeedbackd[0m [32mmodeld_tinygrad[0m [32mmapd[0m [32mmapd_manager[0m [32mrtid[0m
[32mloggerd[0m [32mencoderd[0m [32mlogmessaged[0m [32mcamerad[0m [32mlogcatd[0m [32mproclogd[0m [32mmicd[0m [32mtimed[0m [32mdmonitoringmodeld[0m [32msensord[0m [32mui[0m [32msoundd[0m [32mlocationd[0m [32mcalibrationd[0m [32mtorqued[0m [32mcontrolsd[0m [32mselfdrived[0m [32mcard[0m [32mdeleter[0m [32mdmonitoringd[0m [32mqcomgpsd[0m [32mpandad[0m [32mparamsd[0m [32mlagd[0m [32mplannerd[0m [32mradard[0m [32mhardwared[0m [32mtombstoned[0m [32muploader[0m [32mstatsd[0m [32mfeedbackd[0m [32mmodeld_tinygrad[0m [32mmapd[0m [32mmapd_manager[0m [32mrtid[0m
[32mloggerd[0m [32mencoderd[0m [32mlogmessaged[0m [32mcamerad[0m [32mlogcatd[0m [32mproclogd[0m [32mmicd[0m [32mtimed[0m [32mdmonitoringmodeld[0m [32msensord[0m [32mui[0m [32msoundd[0m [32mlocationd[0m [32mcalibrationd[0m [32mtorqued[0m [32mcontrolsd[0m [32mselfdrived[0m [32mcard[0m [32mdeleter[0m [32mdmonitoringd[0m [32mqcomgpsd[0m [32mpandad[0m [32mparamsd[0m [32mlagd[0m [32mplannerd[0m [32mradard[0m [32mhardwared[0m [32mtombstoned[0m [32muploader[0m [32mstatsd[0m [32mfeedbackd[0m [32mmodeld_tinygrad[0m [32mmapd[0m [32mmapd_manager[0m [32mrtid[0m
[32mloggerd[0m [32mencoderd[0m [32mlogmessaged[0m [32mcamerad[0m [32mlogcatd[0m [32mproclogd[0m [32mmicd[0m [32mtimed[0m [32mdmonitoringmodeld[0m [32msensord[0m [32mui[0m [32msoundd[0m [32mlocationd[0m [32mcalibrationd[0m [32mtorqued[0m [32mcontrolsd[0m [32mselfdrived[0m [32mcard[0m [32mdeleter[0m [32mdmonitoringd[0m [32mqcomgpsd[0m [32mpandad[0m [32mparamsd[0m [32mlagd[0m [32mplannerd[0m [32mradard[0m [32mhardwared[0m [32mtombstoned[0m [32muploader[0m [32mstatsd[0m [32mfeedbackd[0m [32mmodeld_tinygrad[0m [32mmapd[0m [32mmapd_manager[0m [32mrtid[0m
[32mloggerd[0m [32mencoderd[0m [32mlogmessaged[0m [32mcamerad[0m [32mlogcatd[0m [32mproclogd[0m [32mmicd[0m [32mtimed[0m [32mdmonitoringmodeld[0m [32msensord[0m [32mui[0m [32msoundd[0m [32mlocationd[0m [32mcalibrationd[0m [32mtorqued[0m [32mcontrolsd[0m [32mselfdrived[0m [32mcard[0m [32mdeleter[0m [32mdmonitoringd[0m [32mqcomgpsd[0m [32mpandad[0m [32mparamsd[0m [32mlagd[0m [32mplannerd[0m [32mradard[0m [32mhardwared[0m [32mtombstoned[0m [32muploader[0m [32mstatsd[0m [32mfeedbackd[0m [32mmodeld_tinygrad[0m [32mmapd[0m [32mmapd_manager[0m [32mrtid[0m
RTI cycle took 0.013s
try_setup_logs failed, trying again
Traceback (most recent call last):
  File "/data/openpilot/openpilot/common/retry.py", line 13, in wrapper
    return func(*args, **kwargs)
           ^^^^^^^^^^^^^^^^^^^^^
  File "/data/openpilot/system/qcomgpsd/qcomgpsd.py", line 91, in try_setup_logs
    return setup_logs(diag, logs)
           ^^^^^^^^^^^^^^^^^^^^^^
  File "/data/openpilot/openpilot/system/qcomgpsd/modemdiag.py", line 75, in setup_logs
    assert operation == LOG_CONFIG_RETRIEVE_ID_RANGES_OP
           ^^^^^^^^^^^^^^^^^^^^^^^^^^^^^^^^^^^^^^^^^^^^^
AssertionError
try_setup_logs failed, trying again
Traceback (most recent call last):
  File "/data/openpilot/openpilot/common/retry.py", line 13, in wrapper
    return func(*args, **kwargs)
           ^^^^^^^^^^^^^^^^^^^^^
  File "/data/openpilot/system/qcomgpsd/qcomgpsd.py", line 91, in try_setup_logs
    return setup_logs(diag, logs)
           ^^^^^^^^^^^^^^^^^^^^^^
  File "/data/openpilot/openpilot/system/qcomgpsd/modemdiag.py", line 93, in setup_logs
    assert operation == LOG_CONFIG_SET_MASK_OP
           ^^^^^^^^^^^^^^^^^^^^^^^^^^^^^^^^^^^
AssertionError
RTI cycle took 0.010s
try_setup_logs failed, trying again
Traceback (most recent call last):
  File "/data/openpilot/openpilot/common/retry.py", line 13, in wrapper
    return func(*args, **kwargs)
           ^^^^^^^^^^^^^^^^^^^^^
  File "/data/openpilot/system/qcomgpsd/qcomgpsd.py", line 91, in try_setup_logs
    return setup_logs(diag, logs)
           ^^^^^^^^^^^^^^^^^^^^^^
  File "/data/openpilot/openpilot/system/qcomgpsd/modemdiag.py", line 75, in setup_logs
    assert operation == LOG_CONFIG_RETRIEVE_ID_RANGES_OP
           ^^^^^^^^^^^^^^^^^^^^^^^^^^^^^^^^^^^^^^^^^^^^^
AssertionError
try_setup_logs failed, trying again
Traceback (most recent call last):
  File "/data/openpilot/openpilot/common/retry.py", line 13, in wrapper
    return func(*args, **kwargs)
           ^^^^^^^^^^^^^^^^^^^^^
  File "/data/openpilot/system/qcomgpsd/qcomgpsd.py", line 91, in try_setup_logs
    return setup_logs(diag, logs)
           ^^^^^^^^^^^^^^^^^^^^^^
  File "/data/openpilot/openpilot/system/qcomgpsd/modemdiag.py", line 93, in setup_logs
    assert operation == LOG_CONFIG_SET_MASK_OP
           ^^^^^^^^^^^^^^^^^^^^^^^^^^^^^^^^^^^
AssertionError
try_setup_logs failed, trying again
Traceback (most recent call last):
  File "/data/openpilot/openpilot/common/retry.py", line 13, in wrapper
    return func(*args, **kwargs)
           ^^^^^^^^^^^^^^^^^^^^^
  File "/data/openpilot/system/qcomgpsd/qcomgpsd.py", line 91, in try_setup_logs
    return setup_logs(diag, logs)
           ^^^^^^^^^^^^^^^^^^^^^^
  File "/data/openpilot/openpilot/system/qcomgpsd/modemdiag.py", line 75, in setup_logs
    assert operation == LOG_CONFIG_RETRIEVE_ID_RANGES_OP
           ^^^^^^^^^^^^^^^^^^^^^^^^^^^^^^^^^^^^^^^^^^^^^
AssertionError
RTI cycle took 0.013s
try_setup_logs failed, trying again
Traceback (most recent call last):
  File "/data/openpilot/openpilot/common/retry.py", line 13, in wrapper
    return func(*args, **kwargs)
           ^^^^^^^^^^^^^^^^^^^^^
  File "/data/openpilot/system/qcomgpsd/qcomgpsd.py", line 91, in try_setup_logs
    return setup_logs(diag, logs)
           ^^^^^^^^^^^^^^^^^^^^^^
  File "/data/openpilot/openpilot/system/qcomgpsd/modemdiag.py", line 93, in setup_logs
    assert operation == LOG_CONFIG_SET_MASK_OP
           ^^^^^^^^^^^^^^^^^^^^^^^^^^^^^^^^^^^
AssertionError
[32mloggerd[0m [32mencoderd[0m [32mlogmessaged[0m [32mcamerad[0m [32mlogcatd[0m [32mproclogd[0m [32mmicd[0m [32mtimed[0m [32mdmonitoringmodeld[0m [32msensord[0m [32mui[0m [32msoundd[0m [32mlocationd[0m [32mcalibrationd[0m [32mtorqued[0m [32mcontrolsd[0m [32mselfdrived[0m [32mcard[0m [32mdeleter[0m [32mdmonitoringd[0m [32mqcomgpsd[0m [32mpandad[0m [32mparamsd[0m [32mlagd[0m [32mplannerd[0m [32mradard[0m [32mhardwared[0m [32mtombstoned[0m [32muploader[0m [32mstatsd[0m [32mfeedbackd[0m [32mmodeld_tinygrad[0m [32mmapd[0m [32mmapd_manager[0m [32mrtid[0m
[32mloggerd[0m [32mencoderd[0m [32mlogmessaged[0m [32mcamerad[0m [32mlogcatd[0m [32mproclogd[0m [32mmicd[0m [32mtimed[0m [32mdmonitoringmodeld[0m [32msensord[0m [32mui[0m [32msoundd[0m [32mlocationd[0m [32mcalibrationd[0m [32mtorqued[0m [32mcontrolsd[0m [32mselfdrived[0m [32mcard[0m [32mdeleter[0m [32mdmonitoringd[0m [32mqcomgpsd[0m [32mpandad[0m [32mparamsd[0m [32mlagd[0m [32mplannerd[0m [32mradard[0m [32mhardwared[0m [32mtombstoned[0m [32muploader[0m [32mstatsd[0m [32mfeedbackd[0m [32mmodeld_tinygrad[0m [32mmapd[0m [32mmapd_manager[0m [32mrtid[0m
[32mloggerd[0m [32mencoderd[0m [32mlogmessaged[0m [32mcamerad[0m [32mlogcatd[0m [32mproclogd[0m [32mmicd[0m [32mtimed[0m [32mdmonitoringmodeld[0m [32msensord[0m [32mui[0m [32msoundd[0m [32mlocationd[0m [32mcalibrationd[0m [32mtorqued[0m [32mcontrolsd[0m [32mselfdrived[0m [32mcard[0m [32mdeleter[0m [32mdmonitoringd[0m [32mqcomgpsd[0m [32mpandad[0m [32mparamsd[0m [32mlagd[0m [32mplannerd[0m [32mradard[0m [32mhardwared[0m [32mtombstoned[0m [32muploader[0m [32mstatsd[0m [32mfeedbackd[0m [32mmodeld_tinygrad[0m [32mmapd[0m [32mmapd_manager[0m [32mrtid[0m
[32mloggerd[0m [32mencoderd[0m [32mlogmessaged[0m [32mcamerad[0m [32mlogcatd[0m [32mproclogd[0m [32mmicd[0m [32mtimed[0m [32mdmonitoringmodeld[0m [32msensord[0m [32mui[0m [32msoundd[0m [32mlocationd[0m [32mcalibrationd[0m [32mtorqued[0m [32mcontrolsd[0m [32mselfdrived[0m [32mcard[0m [32mdeleter[0m [32mdmonitoringd[0m [32mqcomgpsd[0m [32mpandad[0m [32mparamsd[0m [32mlagd[0m [32mplannerd[0m [32mradard[0m [32mhardwared[0m [32mtombstoned[0m [32muploader[0m [32mstatsd[0m [32mfeedbackd[0m [32mmodeld_tinygrad[0m [32mmapd[0m [32mmapd_manager[0m [32mrtid[0m
[32mloggerd[0m [32mencoderd[0m [32mlogmessaged[0m [32mcamerad[0m [32mlogcatd[0m [32mproclogd[0m [32mmicd[0m [32mtimed[0m [32mdmonitoringmodeld[0m [32msensord[0m [32mui[0m [32msoundd[0m [32mlocationd[0m [32mcalibrationd[0m [32mtorqued[0m [32mcontrolsd[0m [32mselfdrived[0m [32mcard[0m [32mdeleter[0m [32mdmonitoringd[0m [32mqcomgpsd[0m [32mpandad[0m [32mparamsd[0m [32mlagd[0m [32mplannerd[0m [32mradard[0m [32mhardwared[0m [32mtombstoned[0m [32muploader[0m [32mstatsd[0m [32mfeedbackd[0m [32mmodeld_tinygrad[0m [32mmapd[0m [32mmapd_manager[0m [32mrtid[0m
[32mloggerd[0m [32mencoderd[0m [32mlogmessaged[0m [32mcamerad[0m [32mlogcatd[0m [32mproclogd[0m [32mmicd[0m [32mtimed[0m [32mdmonitoringmodeld[0m [32msensord[0m [32mui[0m [32msoundd[0m [32mlocationd[0m [32mcalibrationd[0m [32mtorqued[0m [32mcontrolsd[0m [32mselfdrived[0m [32mcard[0m [32mdeleter[0m [32mdmonitoringd[0m [32mqcomgpsd[0m [32mpandad[0m [32mparamsd[0m [32mlagd[0m [32mplannerd[0m [32mradard[0m [32mhardwared[0m [32mtombstoned[0m [32muploader[0m [32mstatsd[0m [32mfeedbackd[0m [32mmodeld_tinygrad[0m [32mmapd[0m [32mmapd_manager[0m [32mrtid[0m
[32mloggerd[0m [32mencoderd[0m [32mlogmessaged[0m [32mcamerad[0m [32mlogcatd[0m [32mproclogd[0m [32mmicd[0m [32mtimed[0m [32mdmonitoringmodeld[0m [32msensord[0m [32mui[0m [32msoundd[0m [32mlocationd[0m [32mcalibrationd[0m [32mtorqued[0m [32mcontrolsd[0m [32mselfdrived[0m [32mcard[0m [32mdeleter[0m [32mdmonitoringd[0m [32mqcomgpsd[0m [32mpandad[0m [32mparamsd[0m [32mlagd[0m [32mplannerd[0m [32mradard[0m [32mhardwared[0m [32mtombstoned[0m [32muploader[0m [32mstatsd[0m [32mfeedbackd[0m [32mmodeld_tinygrad[0m [32mmapd[0m [32mmapd_manager[0m [32mrtid[0m
[32mloggerd[0m [32mencoderd[0m [32mlogmessaged[0m [32mcamerad[0m [32mlogcatd[0m [32mproclogd[0m [32mmicd[0m [32mtimed[0m [32mdmonitoringmodeld[0m [32msensord[0m [32mui[0m [32msoundd[0m [32mlocationd[0m [32mcalibrationd[0m [32mtorqued[0m [32mcontrolsd[0m [32mselfdrived[0m [32mcard[0m [32mdeleter[0m [32mdmonitoringd[0m [32mqcomgpsd[0m [32mpandad[0m [32mparamsd[0m [32mlagd[0m [32mplannerd[0m [32mradard[0m [32mhardwared[0m [32mtombstoned[0m [32muploader[0m [32mstatsd[0m [32mfeedbackd[0m [32mmodeld_tinygrad[0m [32mmapd[0m [32mmapd_manager[0m [32mrtid[0m
[32mloggerd[0m [32mencoderd[0m [32mlogmessaged[0m [32mcamerad[0m [32mlogcatd[0m [32mproclogd[0m [32mmicd[0m [32mtimed[0m [32mdmonitoringmodeld[0m [32msensord[0m [32mui[0m [32msoundd[0m [32mlocationd[0m [32mcalibrationd[0m [32mtorqued[0m [32mcontrolsd[0m [32mselfdrived[0m [32mcard[0m [32mdeleter[0m [32mdmonitoringd[0m [32mqcomgpsd[0m [32mpandad[0m [32mparamsd[0m [32mlagd[0m [32mplannerd[0m [32mradard[0m [32mhardwared[0m [32mtombstoned[0m [32muploader[0m [32mstatsd[0m [32mfeedbackd[0m [32mmodeld_tinygrad[0m [32mmapd[0m [32mmapd_manager[0m [32mrtid[0m
[32mloggerd[0m [32mencoderd[0m [32mlogmessaged[0m [32mcamerad[0m [32mlogcatd[0m [32mproclogd[0m [32mmicd[0m [32mtimed[0m [32mdmonitoringmodeld[0m [32msensord[0m [32mui[0m [32msoundd[0m [32mlocationd[0m [32mcalibrationd[0m [32mtorqued[0m [32mcontrolsd[0m [32mselfdrived[0m [32mcard[0m [32mdeleter[0m [32mdmonitoringd[0m [32mqcomgpsd[0m [32mpandad[0m [32mparamsd[0m [32mlagd[0m [32mplannerd[0m [32mradard[0m [32mhardwared[0m [32mtombstoned[0m [32muploader[0m [32mstatsd[0m [32mfeedbackd[0m [32mmodeld_tinygrad[0m [32mmapd[0m [32mmapd_manager[0m [32mrtid[0m
[32mloggerd[0m [32mencoderd[0m [32mlogmessaged[0m [32mcamerad[0m [32mlogcatd[0m [32mproclogd[0m [32mmicd[0m [32mtimed[0m [32mdmonitoringmodeld[0m [32msensord[0m [32mui[0m [32msoundd[0m [32mlocationd[0m [32mcalibrationd[0m [32mtorqued[0m [32mcontrolsd[0m [32mselfdrived[0m [32mcard[0m [32mdeleter[0m [32mdmonitoringd[0m [32mqcomgpsd[0m [32mpandad[0m [32mparamsd[0m [32mlagd[0m [32mplannerd[0m [32mradard[0m [32mhardwared[0m [32mtombstoned[0m [32muploader[0m [32mstatsd[0m [32mfeedbackd[0m [32mmodeld_tinygrad[0m [32mmapd[0m [32mmapd_manager[0m [32mrtid[0m
[32mloggerd[0m [32mencoderd[0m [32mlogmessaged[0m [32mcamerad[0m [32mlogcatd[0m [32mproclogd[0m [32mmicd[0m [32mtimed[0m [32mdmonitoringmodeld[0m [32msensord[0m [32mui[0m [32msoundd[0m [32mlocationd[0m [32mcalibrationd[0m [32mtorqued[0m [32mcontrolsd[0m [32mselfdrived[0m [32mcard[0m [32mdeleter[0m [32mdmonitoringd[0m [32mqcomgpsd[0m [32mpandad[0m [32mparamsd[0m [32mlagd[0m [32mplannerd[0m [32mradard[0m [32mhardwared[0m [32mtombstoned[0m [32muploader[0m [32mstatsd[0m [32mfeedbackd[0m [32mmodeld_tinygrad[0m [32mmapd[0m [32mmapd_manager[0m [32mrtid[0m
[32mloggerd[0m [32mencoderd[0m [32mlogmessaged[0m [32mcamerad[0m [32mlogcatd[0m [32mproclogd[0m [32mmicd[0m [32mtimed[0m [32mdmonitoringmodeld[0m [32msensord[0m [32mui[0m [32msoundd[0m [32mlocationd[0m [32mcalibrationd[0m [32mtorqued[0m [32mcontrolsd[0m [32mselfdrived[0m [32mcard[0m [32mdeleter[0m [32mdmonitoringd[0m [32mqcomgpsd[0m [32mpandad[0m [32mparamsd[0m [32mlagd[0m [32mplannerd[0m [32mradard[0m [32mhardwared[0m [32mtombstoned[0m [32muploader[0m [32mstatsd[0m [32mfeedbackd[0m [32mmodeld_tinygrad[0m [32mmapd[0m [32mmapd_manager[0m [32mrtid[0m
RTI cycle took 0.011s
try_setup_logs failed, trying again
Traceback (most recent call last):
  File "/data/openpilot/openpilot/common/retry.py", line 13, in wrapper
    return func(*args, **kwargs)
           ^^^^^^^^^^^^^^^^^^^^^
  File "/data/openpilot/system/qcomgpsd/qcomgpsd.py", line 91, in try_setup_logs
    return setup_logs(diag, logs)
           ^^^^^^^^^^^^^^^^^^^^^^
  File "/data/openpilot/openpilot/system/qcomgpsd/modemdiag.py", line 75, in setup_logs
    assert operation == LOG_CONFIG_RETRIEVE_ID_RANGES_OP
           ^^^^^^^^^^^^^^^^^^^^^^^^^^^^^^^^^^^^^^^^^^^^^
AssertionError
RTI cycle took 0.011s
try_setup_logs failed, trying again
Traceback (most recent call last):
  File "/data/openpilot/openpilot/common/retry.py", line 13, in wrapper
    return func(*args, **kwargs)
           ^^^^^^^^^^^^^^^^^^^^^
  File "/data/openpilot/system/qcomgpsd/qcomgpsd.py", line 91, in try_setup_logs
    return setup_logs(diag, logs)
           ^^^^^^^^^^^^^^^^^^^^^^
  File "/data/openpilot/openpilot/system/qcomgpsd/modemdiag.py", line 93, in setup_logs
    assert operation == LOG_CONFIG_SET_MASK_OP
           ^^^^^^^^^^^^^^^^^^^^^^^^^^^^^^^^^^^
AssertionError
try_setup_logs failed, trying again
Traceback (most recent call last):
  File "/data/openpilot/openpilot/common/retry.py", line 13, in wrapper
    return func(*args, **kwargs)
           ^^^^^^^^^^^^^^^^^^^^^
  File "/data/openpilot/system/qcomgpsd/qcomgpsd.py", line 91, in try_setup_logs
    return setup_logs(diag, logs)
           ^^^^^^^^^^^^^^^^^^^^^^
  File "/data/openpilot/openpilot/system/qcomgpsd/modemdiag.py", line 75, in setup_logs
    assert operation == LOG_CONFIG_RETRIEVE_ID_RANGES_OP
           ^^^^^^^^^^^^^^^^^^^^^^^^^^^^^^^^^^^^^^^^^^^^^
AssertionError
RTI cycle took 0.013s
try_setup_logs failed, trying again
Traceback (most recent call last):
  File "/data/openpilot/openpilot/common/retry.py", line 13, in wrapper
    return func(*args, **kwargs)
           ^^^^^^^^^^^^^^^^^^^^^
  File "/data/openpilot/system/qcomgpsd/qcomgpsd.py", line 91, in try_setup_logs
    return setup_logs(diag, logs)
           ^^^^^^^^^^^^^^^^^^^^^^
  File "/data/openpilot/openpilot/system/qcomgpsd/modemdiag.py", line 93, in setup_logs
    assert operation == LOG_CONFIG_SET_MASK_OP
           ^^^^^^^^^^^^^^^^^^^^^^^^^^^^^^^^^^^
AssertionError
setup_quectel failed, trying again
Traceback (most recent call last):
  File "/data/openpilot/openpilot/common/retry.py", line 13, in wrapper
    return func(*args, **kwargs)
           ^^^^^^^^^^^^^^^^^^^^^
  File "/data/openpilot/system/qcomgpsd/qcomgpsd.py", line 150, in setup_quectel
    try_setup_logs(diag, LOG_TYPES)
  File "/data/openpilot/openpilot/common/retry.py", line 21, in wrapper
    raise Exception(f"{func.__name__} failed after retry")
Exception: try_setup_logs failed after retry
RTI cycle took 0.011s
try_setup_logs failed, trying again
Traceback (most recent call last):
  File "/data/openpilot/openpilot/common/retry.py", line 13, in wrapper
    return func(*args, **kwargs)
           ^^^^^^^^^^^^^^^^^^^^^
  File "/data/openpilot/system/qcomgpsd/qcomgpsd.py", line 91, in try_setup_logs
    return setup_logs(diag, logs)
           ^^^^^^^^^^^^^^^^^^^^^^
  File "/data/openpilot/openpilot/system/qcomgpsd/modemdiag.py", line 75, in setup_logs
    assert operation == LOG_CONFIG_RETRIEVE_ID_RANGES_OP
           ^^^^^^^^^^^^^^^^^^^^^^^^^^^^^^^^^^^^^^^^^^^^^
AssertionError
RTI cycle took 0.023s
RTI cycle took 0.012s
[32mloggerd[0m [32mencoderd[0m [32mlogmessaged[0m [32mcamerad[0m [32mlogcatd[0m [32mproclogd[0m [32mmicd[0m [32mtimed[0m [32mdmonitoringmodeld[0m [32msensord[0m [32mui[0m [32msoundd[0m [32mlocationd[0m [32mcalibrationd[0m [32mtorqued[0m [32mcontrolsd[0m [32mselfdrived[0m [32mcard[0m [32mdeleter[0m [32mdmonitoringd[0m [32mqcomgpsd[0m [32mpandad[0m [32mparamsd[0m [32mlagd[0m [32mplannerd[0m [32mradard[0m [32mhardwared[0m [32mtombstoned[0m [32muploader[0m [32mstatsd[0m [32mfeedbackd[0m [32mmodeld_tinygrad[0m [32mmapd[0m [32mmapd_manager[0m [32mrtid[0m
[32mloggerd[0m [32mencoderd[0m [32mlogmessaged[0m [32mcamerad[0m [32mlogcatd[0m [32mproclogd[0m [32mmicd[0m [32mtimed[0m [32mdmonitoringmodeld[0m [32msensord[0m [32mui[0m [32msoundd[0m [32mlocationd[0m [32mcalibrationd[0m [32mtorqued[0m [32mcontrolsd[0m [32mselfdrived[0m [32mcard[0m [32mdeleter[0m [32mdmonitoringd[0m [32mqcomgpsd[0m [32mpandad[0m [32mparamsd[0m [32mlagd[0m [32mplannerd[0m [32mradard[0m [32mhardwared[0m [32mtombstoned[0m [32muploader[0m [32mstatsd[0m [32mfeedbackd[0m [32mmodeld_tinygrad[0m [32mmapd[0m [32mmapd_manager[0m [32mrtid[0m
[32mloggerd[0m [32mencoderd[0m [32mlogmessaged[0m [32mcamerad[0m [32mlogcatd[0m [32mproclogd[0m [32mmicd[0m [32mtimed[0m [32mdmonitoringmodeld[0m [32msensord[0m [32mui[0m [32msoundd[0m [32mlocationd[0m [32mcalibrationd[0m [32mtorqued[0m [32mcontrolsd[0m [32mselfdrived[0m [32mcard[0m [32mdeleter[0m [32mdmonitoringd[0m [32mqcomgpsd[0m [32mpandad[0m [32mparamsd[0m [32mlagd[0m [32mplannerd[0m [32mradard[0m [32mhardwared[0m [32mtombstoned[0m [32muploader[0m [32mstatsd[0m [32mfeedbackd[0m [32mmodeld_tinygrad[0m [32mmapd[0m [32mmapd_manager[0m [32mrtid[0m
[32mloggerd[0m [32mencoderd[0m [32mlogmessaged[0m [32mcamerad[0m [32mlogcatd[0m [32mproclogd[0m [32mmicd[0m [32mtimed[0m [32mdmonitoringmodeld[0m [32msensord[0m [32mui[0m [32msoundd[0m [32mlocationd[0m [32mcalibrationd[0m [32mtorqued[0m [32mcontrolsd[0m [32mselfdrived[0m [32mcard[0m [32mdeleter[0m [32mdmonitoringd[0m [32mqcomgpsd[0m [32mpandad[0m [32mparamsd[0m [32mlagd[0m [32mplannerd[0m [32mradard[0m [32mhardwared[0m [32mtombstoned[0m [32muploader[0m [32mstatsd[0m [32mfeedbackd[0m [32mmodeld_tinygrad[0m [32mmapd[0m [32mmapd_manager[0m [32mrtid[0m
[32mloggerd[0m [32mencoderd[0m [32mlogmessaged[0m [32mcamerad[0m [32mlogcatd[0m [32mproclogd[0m [32mmicd[0m [32mtimed[0m [32mdmonitoringmodeld[0m [32msensord[0m [32mui[0m [32msoundd[0m [32mlocationd[0m [32mcalibrationd[0m [32mtorqued[0m [32mcontrolsd[0m [32mselfdrived[0m [32mcard[0m [32mdeleter[0m [32mdmonitoringd[0m [32mqcomgpsd[0m [32mpandad[0m [32mparamsd[0m [32mlagd[0m [32mplannerd[0m [32mradard[0m [32mhardwared[0m [32mtombstoned[0m [32muploader[0m [32mstatsd[0m [32mfeedbackd[0m [32mmodeld_tinygrad[0m [32mmapd[0m [32mmapd_manager[0m [32mrtid[0m
[32mloggerd[0m [32mencoderd[0m [32mlogmessaged[0m [32mcamerad[0m [32mlogcatd[0m [32mproclogd[0m [32mmicd[0m [32mtimed[0m [32mdmonitoringmodeld[0m [32msensord[0m [32mui[0m [32msoundd[0m [32mlocationd[0m [32mcalibrationd[0m [32mtorqued[0m [32mcontrolsd[0m [32mselfdrived[0m [32mcard[0m [32mdeleter[0m [32mdmonitoringd[0m [32mqcomgpsd[0m [32mpandad[0m [32mparamsd[0m [32mlagd[0m [32mplannerd[0m [32mradard[0m [32mhardwared[0m [32mtombstoned[0m [32muploader[0m [32mstatsd[0m [32mfeedbackd[0m [32mmodeld_tinygrad[0m [32mmapd[0m [32mmapd_manager[0m [32mrtid[0m
[32mloggerd[0m [32mencoderd[0m [32mlogmessaged[0m [32mcamerad[0m [32mlogcatd[0m [32mproclogd[0m [32mmicd[0m [32mtimed[0m [32mdmonitoringmodeld[0m [32msensord[0m [32mui[0m [32msoundd[0m [32mlocationd[0m [32mcalibrationd[0m [32mtorqued[0m [32mcontrolsd[0m [32mselfdrived[0m [32mcard[0m [32mdeleter[0m [32mdmonitoringd[0m [32mqcomgpsd[0m [32mpandad[0m [32mparamsd[0m [32mlagd[0m [32mplannerd[0m [32mradard[0m [32mhardwared[0m [32mtombstoned[0m [32muploader[0m [32mstatsd[0m [32mfeedbackd[0m [32mmodeld_tinygrad[0m [32mmapd[0m [32mmapd_manager[0m [32mrtid[0m
[32mloggerd[0m [32mencoderd[0m [32mlogmessaged[0m [32mcamerad[0m [32mlogcatd[0m [32mproclogd[0m [32mmicd[0m [32mtimed[0m [32mdmonitoringmodeld[0m [32msensord[0m [32mui[0m [32msoundd[0m [32mlocationd[0m [32mcalibrationd[0m [32mtorqued[0m [32mcontrolsd[0m [32mselfdrived[0m [32mcard[0m [32mdeleter[0m [32mdmonitoringd[0m [32mqcomgpsd[0m [32mpandad[0m [32mparamsd[0m [32mlagd[0m [32mplannerd[0m [32mradard[0m [32mhardwared[0m [32mtombstoned[0m [32muploader[0m [32mstatsd[0m [32mfeedbackd[0m [32mmodeld_tinygrad[0m [32mmapd[0m [32mmapd_manager[0m [32mrtid[0m
[32mloggerd[0m [32mencoderd[0m [32mlogmessaged[0m [32mcamerad[0m [32mlogcatd[0m [32mproclogd[0m [32mmicd[0m [32mtimed[0m [32mdmonitoringmodeld[0m [32msensord[0m [32mui[0m [32msoundd[0m [32mlocationd[0m [32mcalibrationd[0m [32mtorqued[0m [32mcontrolsd[0m [32mselfdrived[0m [32mcard[0m [32mdeleter[0m [32mdmonitoringd[0m [32mqcomgpsd[0m [32mpandad[0m [32mparamsd[0m [32mlagd[0m [32mplannerd[0m [32mradard[0m [32mhardwared[0m [32mtombstoned[0m [32muploader[0m [32mstatsd[0m [32mfeedbackd[0m [32mmodeld_tinygrad[0m [32mmapd[0m [32mmapd_manager[0m [32mrtid[0m
[32mloggerd[0m [32mencoderd[0m [32mlogmessaged[0m [32mcamerad[0m [32mlogcatd[0m [32mproclogd[0m [32mmicd[0m [32mtimed[0m [32mdmonitoringmodeld[0m [32msensord[0m [32mui[0m [32msoundd[0m [32mlocationd[0m [32mcalibrationd[0m [32mtorqued[0m [32mcontrolsd[0m [32mselfdrived[0m [32mcard[0m [32mdeleter[0m [32mdmonitoringd[0m [32mqcomgpsd[0m [32mpandad[0m [32mparamsd[0m [32mlagd[0m [32mplannerd[0m [32mradard[0m [32mhardwared[0m [32mtombstoned[0m [32muploader[0m [32mstatsd[0m [32mfeedbackd[0m [32mmodeld_tinygrad[0m [32mmapd[0m [32mmapd_manager[0m [32mrtid[0m
[32mloggerd[0m [32mencoderd[0m [32mlogmessaged[0m [32mcamerad[0m [32mlogcatd[0m [32mproclogd[0m [32mmicd[0m [32mtimed[0m [32mdmonitoringmodeld[0m [32msensord[0m [32mui[0m [32msoundd[0m [32mlocationd[0m [32mcalibrationd[0m [32mtorqued[0m [32mcontrolsd[0m [32mselfdrived[0m [32mcard[0m [32mdeleter[0m [32mdmonitoringd[0m [32mqcomgpsd[0m [32mpandad[0m [32mparamsd[0m [32mlagd[0m [32mplannerd[0m [32mradard[0m [32mhardwared[0m [32mtombstoned[0m [32muploader[0m [32mstatsd[0m [32mfeedbackd[0m [32mmodeld_tinygrad[0m [32mmapd[0m [32mmapd_manager[0m [32mrtid[0m
[32mloggerd[0m [32mencoderd[0m [32mlogmessaged[0m [32mcamerad[0m [32mlogcatd[0m [32mproclogd[0m [32mmicd[0m [32mtimed[0m [32mdmonitoringmodeld[0m [32msensord[0m [32mui[0m [32msoundd[0m [32mlocationd[0m [32mcalibrationd[0m [32mtorqued[0m [32mcontrolsd[0m [32mselfdrived[0m [32mcard[0m [32mdeleter[0m [32mdmonitoringd[0m [32mqcomgpsd[0m [32mpandad[0m [32mparamsd[0m [32mlagd[0m [32mplannerd[0m [32mradard[0m [32mhardwared[0m [32mtombstoned[0m [32muploader[0m [32mstatsd[0m [32mfeedbackd[0m [32mmodeld_tinygrad[0m [32mmapd[0m [32mmapd_manager[0m [32mrtid[0m
[32mloggerd[0m [32mencoderd[0m [32mlogmessaged[0m [32mcamerad[0m [32mlogcatd[0m [32mproclogd[0m [32mmicd[0m [32mtimed[0m [32mdmonitoringmodeld[0m [32msensord[0m [32mui[0m [32msoundd[0m [32mlocationd[0m [32mcalibrationd[0m [32mtorqued[0m [32mcontrolsd[0m [32mselfdrived[0m [32mcard[0m [32mdeleter[0m [32mdmonitoringd[0m [32mqcomgpsd[0m [32mpandad[0m [32mparamsd[0m [32mlagd[0m [32mplannerd[0m [32mradard[0m [32mhardwared[0m [32mtombstoned[0m [32muploader[0m [32mstatsd[0m [32mfeedbackd[0m [32mmodeld_tinygrad[0m [32mmapd[0m [32mmapd_manager[0m [32mrtid[0m
try_setup_logs failed, trying again
Traceback (most recent call last):
  File "/data/openpilot/openpilot/common/retry.py", line 13, in wrapper
    return func(*args, **kwargs)
           ^^^^^^^^^^^^^^^^^^^^^
  File "/data/openpilot/system/qcomgpsd/qcomgpsd.py", line 91, in try_setup_logs
    return setup_logs(diag, logs)
           ^^^^^^^^^^^^^^^^^^^^^^
  File "/data/openpilot/openpilot/system/qcomgpsd/modemdiag.py", line 93, in setup_logs
    assert operation == LOG_CONFIG_SET_MASK_OP
           ^^^^^^^^^^^^^^^^^^^^^^^^^^^^^^^^^^^
AssertionError
try_setup_logs failed, trying again
Traceback (most recent call last):
  File "/data/openpilot/openpilot/common/retry.py", line 13, in wrapper
    return func(*args, **kwargs)
           ^^^^^^^^^^^^^^^^^^^^^
  File "/data/openpilot/system/qcomgpsd/qcomgpsd.py", line 91, in try_setup_logs
    return setup_logs(diag, logs)
           ^^^^^^^^^^^^^^^^^^^^^^
  File "/data/openpilot/openpilot/system/qcomgpsd/modemdiag.py", line 75, in setup_logs
    assert operation == LOG_CONFIG_RETRIEVE_ID_RANGES_OP
           ^^^^^^^^^^^^^^^^^^^^^^^^^^^^^^^^^^^^^^^^^^^^^
AssertionError
RTI cycle took 0.039s
RTI cycle took 0.016s
RTI cycle took 0.011s
try_setup_logs failed, trying again
Traceback (most recent call last):
  File "/data/openpilot/openpilot/common/retry.py", line 13, in wrapper
    return func(*args, **kwargs)
           ^^^^^^^^^^^^^^^^^^^^^
  File "/data/openpilot/system/qcomgpsd/qcomgpsd.py", line 91, in try_setup_logs
    return setup_logs(diag, logs)
           ^^^^^^^^^^^^^^^^^^^^^^
  File "/data/openpilot/openpilot/system/qcomgpsd/modemdiag.py", line 93, in setup_logs
    assert operation == LOG_CONFIG_SET_MASK_OP
           ^^^^^^^^^^^^^^^^^^^^^^^^^^^^^^^^^^^
AssertionError
RTI cycle took 0.016s
RTI cycle took 0.019s
system/camerad/cameras/spectra.cc: camera 1 frame ID skipped, 535 -> 538
system/camerad/cameras/spectra.cc: clearing and requeuing camera 1 from 537
RTI cycle took 0.026s
caught sig disabling quectel gps
child selfdrive.controls.controlsd got SIGINT
child selfdrive.modeld.modeld got SIGINT
child selfdrive.car.card got SIGINT
child selfdrive.controls.radard got SIGINT
Waiting for CAN messages...
child selfdrive.controls.plannerd got SIGINT
child selfdrive.locationd.calibrationd got SIGINT
child selfdrive.locationd.lagd got SIGINT
child selfdrive.locationd.paramsd got SIGINT
child selfdrive.locationd.torqued got SIGINT
child selfdrive.locationd.locationd got SIGINT
child selfdrive.modeld.dmonitoringmodeld got SIGINT
child selfdrive.monitoring.dmonitoringd got SIGINT
[32mloggerd[0m [32mencoderd[0m [32mlogmessaged[0m [32mcamerad[0m [32mlogcatd[0m [32mproclogd[0m [32mmicd[0m [32mtimed[0m [32mdmonitoringmodeld[0m [32msensord[0m [32mui[0m [32msoundd[0m [32mlocationd[0m [32mcalibrationd[0m [32mtorqued[0m [32mcontrolsd[0m [32mselfdrived[0m [32mcard[0m [32mdeleter[0m [32mdmonitoringd[0m [32mqcomgpsd[0m [32mpandad[0m [32mparamsd[0m [32mlagd[0m [32mplannerd[0m [32mradard[0m [32mhardwared[0m [32mtombstoned[0m [32muploader[0m [32mstatsd[0m [32mfeedbackd[0m [32mmodeld_tinygrad[0m [32mmapd[0m [32mmapd_manager[0m [32mrtid[0m
[32mloggerd[0m [32mencoderd[0m [32mlogmessaged[0m [32mcamerad[0m [32mlogcatd[0m [32mproclogd[0m [32mmicd[0m [32mtimed[0m [32mdmonitoringmodeld[0m [32msensord[0m [32mui[0m [32msoundd[0m [32mlocationd[0m [32mcalibrationd[0m [32mtorqued[0m [32mcontrolsd[0m [32mselfdrived[0m [32mcard[0m [32mdeleter[0m [32mdmonitoringd[0m [32mqcomgpsd[0m [32mpandad[0m [32mparamsd[0m [32mlagd[0m [32mplannerd[0m [32mradard[0m [32mhardwared[0m [32mtombstoned[0m [32muploader[0m [32mstatsd[0m [32mfeedbackd[0m [32mmodeld_tinygrad[0m [32mmapd[0m [32mmapd_manager[0m [32mrtid[0m
[32mloggerd[0m [32mencoderd[0m [32mlogmessaged[0m [32mcamerad[0m [32mlogcatd[0m [32mproclogd[0m [32mmicd[0m [32mtimed[0m [32mdmonitoringmodeld[0m [32msensord[0m [32mui[0m [32msoundd[0m [32mlocationd[0m [32mcalibrationd[0m [32mtorqued[0m [32mcontrolsd[0m [32mselfdrived[0m [32mcard[0m [32mdeleter[0m [32mdmonitoringd[0m [32mqcomgpsd[0m [32mpandad[0m [32mparamsd[0m [32mlagd[0m [32mplannerd[0m [32mradard[0m [32mhardwared[0m [32mtombstoned[0m [32muploader[0m [32mstatsd[0m [32mfeedbackd[0m [32mmodeld_tinygrad[0m [32mmapd[0m [32mmapd_manager[0m [32mrtid[0m
[32mloggerd[0m [32mencoderd[0m [32mlogmessaged[0m [32mcamerad[0m [32mlogcatd[0m [32mproclogd[0m [32mmicd[0m [32mtimed[0m [32mdmonitoringmodeld[0m [32msensord[0m [32mui[0m [32msoundd[0m [32mlocationd[0m [32mcalibrationd[0m [32mtorqued[0m [32mcontrolsd[0m [32mselfdrived[0m [32mcard[0m [32mdeleter[0m [32mdmonitoringd[0m [32mqcomgpsd[0m [32mpandad[0m [32mparamsd[0m [32mlagd[0m [32mplannerd[0m [32mradard[0m [32mhardwared[0m [32mtombstoned[0m [32muploader[0m [32mstatsd[0m [32mfeedbackd[0m [32mmodeld_tinygrad[0m [32mmapd[0m [32mmapd_manager[0m [32mrtid[0m
child selfdrive.selfdrived.selfdrived got SIGINT
stats dir full
child selfdrive.ui.soundd got SIGINT
updates are disabled by the DisableUpdates param
child selfdrive.ui.feedback.feedbackd got SIGINT
child system.micd got SIGINT
system/loggerd/loggerd.cc: closing logger
child sunnypilot.rtid.rtid got SIGINT
Stopping listener for: camerad
stats dir full
try_setup_logs failed, trying again
Traceback (most recent call last):
  File "/data/openpilot/openpilot/common/retry.py", line 13, in wrapper
    return func(*args, **kwargs)
           ^^^^^^^^^^^^^^^^^^^^^
  File "/data/openpilot/system/qcomgpsd/qcomgpsd.py", line 91, in try_setup_logs
    return setup_logs(diag, logs)
           ^^^^^^^^^^^^^^^^^^^^^^
  File "/data/openpilot/openpilot/system/qcomgpsd/modemdiag.py", line 93, in setup_logs
    assert operation == LOG_CONFIG_SET_MASK_OP
           ^^^^^^^^^^^^^^^^^^^^^^^^^^^^^^^^^^^
AssertionError

During handling of the above exception, another exception occurred:

Traceback (most recent call last):
  File "/data/openpilot/openpilot/common/retry.py", line 13, in wrapper
    return func(*args, **kwargs)
           ^^^^^^^^^^^^^^^^^^^^^
  File "/data/openpilot/system/qcomgpsd/qcomgpsd.py", line 91, in try_setup_logs
    return setup_logs(diag, logs)
           ^^^^^^^^^^^^^^^^^^^^^^
  File "/data/openpilot/openpilot/system/qcomgpsd/modemdiag.py", line 75, in setup_logs
    assert operation == LOG_CONFIG_RETRIEVE_ID_RANGES_OP
           ^^^^^^^^^^^^^^^^^^^^^^^^^^^^^^^^^^^^^^^^^^^^^
AssertionError
try_setup_logs failed, trying again
Traceback (most recent call last):
  File "/data/openpilot/openpilot/common/retry.py", line 13, in wrapper
    return func(*args, **kwargs)
           ^^^^^^^^^^^^^^^^^^^^^
  File "/data/openpilot/system/qcomgpsd/qcomgpsd.py", line 91, in try_setup_logs
    return setup_logs(diag, logs)
           ^^^^^^^^^^^^^^^^^^^^^^
  File "/data/openpilot/openpilot/system/qcomgpsd/modemdiag.py", line 93, in setup_logs
    assert operation == LOG_CONFIG_SET_MASK_OP
           ^^^^^^^^^^^^^^^^^^^^^^^^^^^^^^^^^^^
AssertionError

During handling of the above exception, another exception occurred:

Traceback (most recent call last):
  File "/data/openpilot/openpilot/common/retry.py", line 13, in wrapper
    return func(*args, **kwargs)
           ^^^^^^^^^^^^^^^^^^^^^
  File "/data/openpilot/system/qcomgpsd/qcomgpsd.py", line 91, in try_setup_logs
    return setup_logs(diag, logs)
           ^^^^^^^^^^^^^^^^^^^^^^
  File "/data/openpilot/openpilot/system/qcomgpsd/modemdiag.py", line 93, in setup_logs
    assert operation == LOG_CONFIG_SET_MASK_OP
           ^^^^^^^^^^^^^^^^^^^^^^^^^^^^^^^^^^^
AssertionError
try_setup_logs failed, trying again
Traceback (most recent call last):
  File "/data/openpilot/openpilot/common/retry.py", line 13, in wrapper
    return func(*args, **kwargs)
           ^^^^^^^^^^^^^^^^^^^^^
  File "/data/openpilot/system/qcomgpsd/qcomgpsd.py", line 91, in try_setup_logs
    return setup_logs(diag, logs)
           ^^^^^^^^^^^^^^^^^^^^^^
  File "/data/openpilot/openpilot/system/qcomgpsd/modemdiag.py", line 93, in setup_logs
    assert operation == LOG_CONFIG_SET_MASK_OP
           ^^^^^^^^^^^^^^^^^^^^^^^^^^^^^^^^^^^
AssertionError

During handling of the above exception, another exception occurred:

Traceback (most recent call last):
  File "/data/openpilot/openpilot/common/retry.py", line 13, in wrapper
    return func(*args, **kwargs)
           ^^^^^^^^^^^^^^^^^^^^^
  File "/data/openpilot/system/qcomgpsd/qcomgpsd.py", line 91, in try_setup_logs
    return setup_logs(diag, logs)
           ^^^^^^^^^^^^^^^^^^^^^^
  File "/data/openpilot/openpilot/system/qcomgpsd/modemdiag.py", line 75, in setup_logs
    assert operation == LOG_CONFIG_RETRIEVE_ID_RANGES_OP
           ^^^^^^^^^^^^^^^^^^^^^^^^^^^^^^^^^^^^^^^^^^^^^
AssertionError
try_setup_logs failed, trying again
Traceback (most recent call last):
  File "/data/openpilot/openpilot/common/retry.py", line 13, in wrapper
    return func(*args, **kwargs)
           ^^^^^^^^^^^^^^^^^^^^^
  File "/data/openpilot/system/qcomgpsd/qcomgpsd.py", line 91, in try_setup_logs
    return setup_logs(diag, logs)
           ^^^^^^^^^^^^^^^^^^^^^^
  File "/data/openpilot/openpilot/system/qcomgpsd/modemdiag.py", line 93, in setup_logs
    assert operation == LOG_CONFIG_SET_MASK_OP
           ^^^^^^^^^^^^^^^^^^^^^^^^^^^^^^^^^^^
AssertionError

During handling of the above exception, another exception occurred:

Traceback (most recent call last):
  File "/data/openpilot/openpilot/common/retry.py", line 13, in wrapper
    return func(*args, **kwargs)
           ^^^^^^^^^^^^^^^^^^^^^
  File "/data/openpilot/system/qcomgpsd/qcomgpsd.py", line 91, in try_setup_logs
    return setup_logs(diag, logs)
           ^^^^^^^^^^^^^^^^^^^^^^
  File "/data/openpilot/openpilot/system/qcomgpsd/modemdiag.py", line 93, in setup_logs
    assert operation == LOG_CONFIG_SET_MASK_OP
           ^^^^^^^^^^^^^^^^^^^^^^^^^^^^^^^^^^^
AssertionError
try_setup_logs failed, trying again
Traceback (most recent call last):
  File "/data/openpilot/openpilot/common/retry.py", line 13, in wrapper
    return func(*args, **kwargs)
           ^^^^^^^^^^^^^^^^^^^^^
  File "/data/openpilot/system/qcomgpsd/qcomgpsd.py", line 91, in try_setup_logs
    return setup_logs(diag, logs)
           ^^^^^^^^^^^^^^^^^^^^^^
  File "/data/openpilot/openpilot/system/qcomgpsd/modemdiag.py", line 93, in setup_logs
    assert operation == LOG_CONFIG_SET_MASK_OP
           ^^^^^^^^^^^^^^^^^^^^^^^^^^^^^^^^^^^
AssertionError

During handling of the above exception, another exception occurred:

Traceback (most recent call last):
  File "/data/openpilot/openpilot/common/retry.py", line 13, in wrapper
    return func(*args, **kwargs)
           ^^^^^^^^^^^^^^^^^^^^^
  File "/data/openpilot/system/qcomgpsd/qcomgpsd.py", line 91, in try_setup_logs
    return setup_logs(diag, logs)
           ^^^^^^^^^^^^^^^^^^^^^^
  File "/data/openpilot/openpilot/system/qcomgpsd/modemdiag.py", line 75, in setup_logs
    assert operation == LOG_CONFIG_RETRIEVE_ID_RANGES_OP
           ^^^^^^^^^^^^^^^^^^^^^^^^^^^^^^^^^^^^^^^^^^^^^
AssertionError
try_setup_logs failed, trying again
Traceback (most recent call last):
  File "/data/openpilot/openpilot/common/retry.py", line 13, in wrapper
    return func(*args, **kwargs)
           ^^^^^^^^^^^^^^^^^^^^^
  File "/data/openpilot/system/qcomgpsd/qcomgpsd.py", line 91, in try_setup_logs
    return setup_logs(diag, logs)
           ^^^^^^^^^^^^^^^^^^^^^^
  File "/data/openpilot/openpilot/system/qcomgpsd/modemdiag.py", line 93, in setup_logs
    assert operation == LOG_CONFIG_SET_MASK_OP
           ^^^^^^^^^^^^^^^^^^^^^^^^^^^^^^^^^^^
AssertionError

During handling of the above exception, another exception occurred:

Traceback (most recent call last):
  File "/data/openpilot/openpilot/common/retry.py", line 13, in wrapper
    return func(*args, **kwargs)
           ^^^^^^^^^^^^^^^^^^^^^
  File "/data/openpilot/system/qcomgpsd/qcomgpsd.py", line 91, in try_setup_logs
    return setup_logs(diag, logs)
           ^^^^^^^^^^^^^^^^^^^^^^
  File "/data/openpilot/openpilot/system/qcomgpsd/modemdiag.py", line 93, in setup_logs
    assert operation == LOG_CONFIG_SET_MASK_OP
           ^^^^^^^^^^^^^^^^^^^^^^^^^^^^^^^^^^^
AssertionError
child sunnypilot.models.manager got SIGINT
[32mloggerd[0m [32mencoderd[0m [32mlogmessaged[0m [32mcamerad[0m [31mlogcatd[0m [32mproclogd[0m [32mmicd[0m [32mtimed[0m [31mdmonitoringmodeld[0m [31msensord[0m [32mui[0m [31msoundd[0m [31mlocationd[0m [31mcalibrationd[0m [31mtorqued[0m [31mcontrolsd[0m [31mselfdrived[0m [31mcard[0m [32mdeleter[0m [31mdmonitoringd[0m [32mqcomgpsd[0m [32mpandad[0m [31mparamsd[0m [31mlagd[0m [31mplannerd[0m [31mradard[0m [32mhardwared[0m [32mtombstoned[0m [32mupdated[0m [32muploader[0m [32mstatsd[0m [32mfeedbackd[0m [32mmodels_manager[0m [32mmodeld_tinygrad[0m [32mmapd[0m [32mmapd_manager[0m [32mrtid[0m
[32mlogmessaged[0m [32mtimed[0m [32mui[0m [32mdeleter[0m [32mpandad[0m [32mhardwared[0m [32mtombstoned[0m [31mupdated[0m [32muploader[0m [32mstatsd[0m [32mmodels_manager[0m [32mmapd[0m [32mmapd_manager[0m
Using cached CarParams
Using cached CarParams
VIN 00000000000000000
VIN 00000000000000000
waiting for modem to come up
system/camerad/cameras/spectra.cc: VIDIOC_CAM_CONTROL error: op_code 266 - errno 19
system/camerad/cameras/spectra.cc: clearing and requeuing camera 0 from 1
RTI cycle took 0.101s
system/camerad/cameras/spectra.cc: VIDIOC_CAM_CONTROL error: op_code 266 - errno 19
RTI cycle took 0.101s
RTI cycle took 0.103s
system/camerad/cameras/spectra.cc: clearing and requeuing camera 1 from 1
models loaded, dmonitoringmodeld starting
connecting to driver stream
RTI cycle took 0.095s
system/camerad/cameras/spectra.cc: VIDIOC_CAM_CONTROL error: op_code 266 - errno 19
RTI cycle took 0.105s
system/loggerd/loggerd.cc: logging to /data/media/0/realdata/00000064--b322bf3d4b--0
RTI cycle took 0.104s
RTI cycle took 0.105s
system/camerad/cameras/spectra.cc: clearing and requeuing camera 2 from 1
Starting listener for: camerad
connected with buffer size: 4804608
RTI cycle took 0.105s
system/loggerd/encoderd.cc: encoder road_cam_encoder init 1928x1208
system/loggerd/encoderd.cc: encoder driver_cam_encoder init 1928x1208
{'event': 'fingerprinted', 'car_fingerprint': 'KIA_EV6', 'source': 1, 'fuzzy': False, 'cached': True, 'fw_count': 9, 'ecu_responses': [], 'vin_rx_addr': -1, 'vin_rx_bus': -1, 'fingerprints': '{0: {81: 32, 389: 8, 80: 16, 438: 32, 439: 32, 440: 32, 441: 32, 507: 32, 648: 32, 515: 32, 633: 24, 634: 24, 635: 24, 636: 24, 637: 24, 638: 24, 639: 24, 640: 24, 624: 32, 641: 24, 514: 32, 642: 24, 577: 24, 643: 24, 578: 24, 644: 24, 579: 24, 580: 24, 645: 24, 581: 24, 646: 24, 352: 16, 582: 24, 647: 24, 583: 24, 576: 16, 584: 24, 593: 16, 528: 32, 529: 32, 530: 32, 531: 32, 532: 32, 533: 32, 534: 32, 535: 32, 536: 32, 537: 32, 538: 32, 539: 32, 540: 32, 541: 32, 542: 32, 543: 32, 513: 32, 585: 24, 649: 32, 586: 24, 650: 32, 587: 24, 651: 32, 588: 24, 652: 32, 589: 24, 653: 32, 590: 24, 654: 32, 591: 24, 655: 32, 625: 32, 672: 8, 626: 32, 699: 32, 627: 32, 628: 32, 700: 32, 629: 32, 384: 32, 388: 32, 630: 32, 701: 32, 631: 32, 702: 32, 632: 8, 674: 32, 675: 32, 676: 24, 385: 32, 386: 32, 387: 32}, 1: {234: 24, 293: 16, 288: 32, 298: 16, 53: 32, 352: 16, 416: 32, 245: 32, 282: 16, 373: 24, 410: 32, 266: 32, 346: 8, 111: 8, 74: 32, 96: 32, 101: 32, 160: 24, 517: 24, 304: 16, 901: 8, 992: 8, 993: 8, 994: 8, 463: 8, 997: 8, 998: 8, 1050: 8, 1051: 8, 1052: 8, 1058: 8, 1061: 8, 1074: 8, 1077: 8, 325: 32, 144: 32, 432: 32, 437: 32, 496: 16, 688: 32, 357: 24, 362: 32, 368: 16, 896: 8, 898: 8, 899: 8, 900: 8, 944: 8, 426: 16, 384: 8, 549: 16, 767: 8, 789: 16, 906: 16, 945: 8, 946: 8, 778: 32, 1049: 8, 1063: 8, 464: 16, 442: 24, 485: 16, 874: 16, 1065: 8, 1066: 8, 1090: 8, 1138: 8, 1092: 8, 1139: 8, 1093: 8, 1140: 8, 1108: 8, 389: 8, 948: 8, 837: 8, 480: 16, 490: 32, 512: 8, 666: 8, 698: 32, 565: 32, 762: 32, 501: 32, 602: 32, 805: 32, 816: 32, 864: 32, 1025: 8, 879: 8, 895: 8, 1055: 8, 682: 32, 1204: 8, 693: 32, 704: 32, 736: 32, 933: 8, 938: 8, 592: 24, 506: 32, 826: 32, 597: 32, 741: 32, 544: 16, 1240: 8, 1245: 8, 934: 8, 1247: 8, 1259: 8, 522: 16, 1264: 8, 1266: 8, 1267: 8, 1099: 8, 961: 8, 962: 8, 139: 8, 1096: 8, 1029: 8, 1040: 8, 1041: 8, 1042: 8, 1043: 8, 1044: 8, 1046: 8, 1047: 8, 725: 32, 936: 8, 937: 8, 940: 8, 941: 8, 949: 32, 1024: 8, 1033: 8, 1048: 8, 1142: 8, 1143: 8, 703: 8, 1151: 8, 928: 16, 1187: 8, 923: 8, 474: 32, 1013: 32, 794: 32, 842: 32, 970: 16, 1008: 32, 1167: 8}, 2: {81: 32, 389: 8, 80: 16, 438: 32, 439: 32, 440: 32, 441: 32, 507: 32, 648: 32, 515: 32, 633: 24, 634: 24, 635: 24, 636: 24, 637: 24, 638: 24, 639: 24, 640: 24, 624: 32, 641: 24, 514: 32, 642: 24, 577: 24, 643: 24, 578: 24, 644: 24, 579: 24, 580: 24, 645: 24, 581: 24, 646: 24, 352: 16, 582: 24, 647: 24, 583: 24, 576: 16, 584: 24, 593: 16, 528: 32, 529: 32, 530: 32, 531: 32, 532: 32, 533: 32, 534: 32, 535: 32, 536: 32, 537: 32, 538: 32, 539: 32, 540: 32, 541: 32, 542: 32, 543: 32, 513: 32, 585: 24, 649: 32, 586: 24, 650: 32, 587: 24, 651: 32, 588: 24, 652: 32, 589: 24, 653: 32, 590: 24, 654: 32, 591: 24, 655: 32, 625: 32, 672: 8, 626: 32, 699: 32, 627: 32, 628: 32, 700: 32, 629: 32, 384: 32, 388: 32, 630: 32, 701: 32, 631: 32, 702: 32, 632: 8, 674: 32, 675: 32, 676: 24, 385: 32, 386: 32, 387: 32}, 3: {}, 4: {}, 5: {}, 6: {}, 7: {}}', 'fw_query_time': 0.012378563998936443}
{'event': 'fingerprinted', 'car_fingerprint': 'KIA_EV6', 'source': 1, 'fuzzy': False, 'cached': True, 'fw_count': 9, 'ecu_responses': [], 'vin_rx_addr': -1, 'vin_rx_bus': -1, 'fingerprints': '{0: {81: 32, 389: 8, 80: 16, 438: 32, 439: 32, 440: 32, 441: 32, 507: 32, 648: 32, 515: 32, 633: 24, 634: 24, 635: 24, 636: 24, 637: 24, 638: 24, 639: 24, 640: 24, 624: 32, 641: 24, 514: 32, 642: 24, 577: 24, 643: 24, 578: 24, 644: 24, 579: 24, 580: 24, 645: 24, 581: 24, 646: 24, 352: 16, 582: 24, 647: 24, 583: 24, 576: 16, 584: 24, 593: 16, 528: 32, 529: 32, 530: 32, 531: 32, 532: 32, 533: 32, 534: 32, 535: 32, 536: 32, 537: 32, 538: 32, 539: 32, 540: 32, 541: 32, 542: 32, 543: 32, 513: 32, 585: 24, 649: 32, 586: 24, 650: 32, 587: 24, 651: 32, 588: 24, 652: 32, 589: 24, 653: 32, 590: 24, 654: 32, 591: 24, 655: 32, 625: 32, 672: 8, 626: 32, 699: 32, 627: 32, 628: 32, 700: 32, 629: 32, 384: 32, 388: 32, 630: 32, 701: 32, 631: 32, 702: 32, 632: 8, 674: 32, 675: 32, 676: 24, 385: 32, 386: 32, 387: 32}, 1: {234: 24, 293: 16, 288: 32, 298: 16, 53: 32, 352: 16, 416: 32, 245: 32, 282: 16, 373: 24, 410: 32, 266: 32, 346: 8, 111: 8, 74: 32, 96: 32, 101: 32, 160: 24, 517: 24, 304: 16, 901: 8, 992: 8, 993: 8, 994: 8, 463: 8, 997: 8, 998: 8, 1050: 8, 1051: 8, 1052: 8, 1058: 8, 1061: 8, 1074: 8, 1077: 8, 325: 32, 144: 32, 432: 32, 437: 32, 496: 16, 688: 32, 357: 24, 362: 32, 368: 16, 896: 8, 898: 8, 899: 8, 900: 8, 944: 8, 426: 16, 384: 8, 549: 16, 767: 8, 789: 16, 906: 16, 945: 8, 946: 8, 778: 32, 1049: 8, 1063: 8, 464: 16, 442: 24, 485: 16, 874: 16, 1065: 8, 1066: 8, 1090: 8, 1138: 8, 1092: 8, 1139: 8, 1093: 8, 1140: 8, 1108: 8, 389: 8, 948: 8, 837: 8, 480: 16, 490: 32, 512: 8, 666: 8, 698: 32, 565: 32, 762: 32, 501: 32, 602: 32, 805: 32, 816: 32, 864: 32, 1025: 8, 879: 8, 895: 8, 1055: 8, 682: 32, 1204: 8, 693: 32, 704: 32, 736: 32, 933: 8, 938: 8, 592: 24, 506: 32, 826: 32, 597: 32, 741: 32, 544: 16, 1240: 8, 1245: 8, 934: 8, 1247: 8, 1259: 8, 522: 16, 1264: 8, 1266: 8, 1267: 8, 1099: 8, 961: 8, 962: 8, 139: 8, 1096: 8, 1029: 8, 1040: 8, 1041: 8, 1042: 8, 1043: 8, 1044: 8, 1046: 8, 1047: 8, 725: 32, 936: 8, 937: 8, 940: 8, 941: 8, 949: 32, 1024: 8, 1033: 8, 1048: 8, 1142: 8, 1143: 8, 703: 8, 1151: 8, 928: 16, 1187: 8, 923: 8, 474: 32, 1013: 32, 794: 32, 842: 32, 970: 16, 1008: 32, 1167: 8}, 2: {81: 32, 389: 8, 80: 16, 438: 32, 439: 32, 440: 32, 441: 32, 507: 32, 648: 32, 515: 32, 633: 24, 634: 24, 635: 24, 636: 24, 637: 24, 638: 24, 639: 24, 640: 24, 624: 32, 641: 24, 514: 32, 642: 24, 577: 24, 643: 24, 578: 24, 644: 24, 579: 24, 580: 24, 645: 24, 581: 24, 646: 24, 352: 16, 582: 24, 647: 24, 583: 24, 576: 16, 584: 24, 593: 16, 528: 32, 529: 32, 530: 32, 531: 32, 532: 32, 533: 32, 534: 32, 535: 32, 536: 32, 537: 32, 538: 32, 539: 32, 540: 32, 541: 32, 542: 32, 543: 32, 513: 32, 585: 24, 649: 32, 586: 24, 650: 32, 587: 24, 651: 32, 588: 24, 652: 32, 589: 24, 653: 32, 590: 24, 654: 32, 591: 24, 655: 32, 625: 32, 672: 8, 626: 32, 699: 32, 627: 32, 628: 32, 700: 32, 629: 32, 384: 32, 388: 32, 630: 32, 701: 32, 631: 32, 702: 32, 632: 8, 674: 32, 675: 32, 676: 24, 385: 32, 386: 32, 387: 32}, 3: {}, 4: {}, 5: {}, 6: {}, 7: {}}', 'fw_query_time': 0.012378563998936443}
system/loggerd/encoderd.cc: encoder wide_road_cam_encoder init 1928x1208
RTI cycle took 0.101s
system/camerad/cameras/spectra.cc: camera 0 synced on frame_id_offset 5 timestamp 8897892646706
system/camerad/cameras/spectra.cc: camera 1 synced on frame_id_offset 5 timestamp 8897892655352
system/camerad/cameras/spectra.cc: camera 2 synced on frame_id_offset 5 timestamp 8897892598998
RTI cycle took 0.102s
selfdrive/pandad/panda_safety.cc: Finished FW query, Waiting for params to set safety model
RTI cycle took 0.119s
RTI cycle took 0.104s
RTI cycle took 0.053s
RTI cycle took 0.101s
quectel setup done
RTI cycle took 0.102s
RTI cycle took 0.102s
RTI cycle took 0.102s
RTI cycle took 0.105s
RTI cycle took 0.104s
RTI cycle took 0.101s
RTI cycle took 0.101s
RTI cycle took 0.101s
RTI cycle took 0.056s
RTI cycle took 0.101s
RTI cycle took 0.101s
RTI cycle took 0.101s
RTI cycle took 0.102s
RTI cycle took 0.102s
RTI cycle took 0.101s
RTI cycle took 0.102s
RTI cycle took 0.102s
RTI cycle took 0.012s
modeld init
setting up CL context
CL context ready; loading model
models loaded, modeld starting
vision stream set up, main_wide_camera: False, use_extra_client: True
connected main cam with buffer size: 4804608 (1928 x 1208)
connected extra cam with buffer size: 4804608 (1928 x 1208)
skipping model eval. Dropped 82 frames
skipping model eval. Dropped 3 frames
[32mloggerd[0m [32mencoderd[0m [32mlogmessaged[0m [32mcamerad[0m [32mlogcatd[0m [32mproclogd[0m [32mmicd[0m [32mtimed[0m [32mdmonitoringmodeld[0m [32msensord[0m [32mui[0m [32msoundd[0m [32mlocationd[0m [32mcalibrationd[0m [32mtorqued[0m [32mcontrolsd[0m [32mselfdrived[0m [32mcard[0m [32mdeleter[0m [32mdmonitoringd[0m [32mqcomgpsd[0m [32mpandad[0m [32mparamsd[0m [32mlagd[0m [32mplannerd[0m [32mradard[0m [32mhardwared[0m [32mtombstoned[0m [32muploader[0m [32mstatsd[0m [32mfeedbackd[0m [31mmodels_manager[0m [32mmodeld_tinygrad[0m [32mmapd[0m [32mmapd_manager[0m [32mrtid[0m
[32mloggerd[0m [32mencoderd[0m [32mlogmessaged[0m [32mcamerad[0m [32mlogcatd[0m [32mproclogd[0m [32mmicd[0m [32mtimed[0m [32mdmonitoringmodeld[0m [32msensord[0m [32mui[0m [32msoundd[0m [32mlocationd[0m [32mcalibrationd[0m [32mtorqued[0m [32mcontrolsd[0m [32mselfdrived[0m [32mcard[0m [32mdeleter[0m [32mdmonitoringd[0m [32mqcomgpsd[0m [32mpandad[0m [32mparamsd[0m [32mlagd[0m [32mplannerd[0m [32mradard[0m [32mhardwared[0m [32mtombstoned[0m [32muploader[0m [32mstatsd[0m [32mfeedbackd[0m [32mmodeld_tinygrad[0m [32mmapd[0m [32mmapd_manager[0m [32mrtid[0m
[32mloggerd[0m [32mencoderd[0m [32mlogmessaged[0m [32mcamerad[0m [32mlogcatd[0m [32mproclogd[0m [32mmicd[0m [32mtimed[0m [32mdmonitoringmodeld[0m [32msensord[0m [32mui[0m [32msoundd[0m [32mlocationd[0m [32mcalibrationd[0m [32mtorqued[0m [32mcontrolsd[0m [32mselfdrived[0m [32mcard[0m [32mdeleter[0m [32mdmonitoringd[0m [32mqcomgpsd[0m [32mpandad[0m [32mparamsd[0m [32mlagd[0m [32mplannerd[0m [32mradard[0m [32mhardwared[0m [32mtombstoned[0m [32muploader[0m [32mstatsd[0m [32mfeedbackd[0m [32mmodeld_tinygrad[0m [32mmapd[0m [32mmapd_manager[0m [32mrtid[0m
[32mloggerd[0m [32mencoderd[0m [32mlogmessaged[0m [32mcamerad[0m [32mlogcatd[0m [32mproclogd[0m [32mmicd[0m [32mtimed[0m [32mdmonitoringmodeld[0m [32msensord[0m [32mui[0m [32msoundd[0m [32mlocationd[0m [32mcalibrationd[0m [32mtorqued[0m [32mcontrolsd[0m [32mselfdrived[0m [32mcard[0m [32mdeleter[0m [32mdmonitoringd[0m [32mqcomgpsd[0m [32mpandad[0m [32mparamsd[0m [32mlagd[0m [32mplannerd[0m [32mradard[0m [32mhardwared[0m [32mtombstoned[0m [32muploader[0m [32mstatsd[0m [32mfeedbackd[0m [32mmodeld_tinygrad[0m [32mmapd[0m [32mmapd_manager[0m [32mrtid[0m
[32mloggerd[0m [32mencoderd[0m [32mlogmessaged[0m [32mcamerad[0m [32mlogcatd[0m [32mproclogd[0m [32mmicd[0m [32mtimed[0m [32mdmonitoringmodeld[0m [32msensord[0m [32mui[0m [32msoundd[0m [32mlocationd[0m [32mcalibrationd[0m [32mtorqued[0m [32mcontrolsd[0m [32mselfdrived[0m [32mcard[0m [32mdeleter[0m [32mdmonitoringd[0m [32mqcomgpsd[0m [32mpandad[0m [32mparamsd[0m [32mlagd[0m [32mplannerd[0m [32mradard[0m [32mhardwared[0m [32mtombstoned[0m [32muploader[0m [32mstatsd[0m [32mfeedbackd[0m [32mmodeld_tinygrad[0m [32mmapd[0m [32mmapd_manager[0m [32mrtid[0m
[32mloggerd[0m [32mencoderd[0m [32mlogmessaged[0m [32mcamerad[0m [32mlogcatd[0m [32mproclogd[0m [32mmicd[0m [32mtimed[0m [32mdmonitoringmodeld[0m [32msensord[0m [32mui[0m [32msoundd[0m [32mlocationd[0m [32mcalibrationd[0m [32mtorqued[0m [32mcontrolsd[0m [32mselfdrived[0m [32mcard[0m [32mdeleter[0m [32mdmonitoringd[0m [32mqcomgpsd[0m [32mpandad[0m [32mparamsd[0m [32mlagd[0m [32mplannerd[0m [32mradard[0m [32mhardwared[0m [32mtombstoned[0m [32muploader[0m [32mstatsd[0m [32mfeedbackd[0m [32mmodeld_tinygrad[0m [32mmapd[0m [32mmapd_manager[0m [32mrtid[0m
[32mloggerd[0m [32mencoderd[0m [32mlogmessaged[0m [32mcamerad[0m [32mlogcatd[0m [32mproclogd[0m [32mmicd[0m [32mtimed[0m [32mdmonitoringmodeld[0m [32msensord[0m [32mui[0m [32msoundd[0m [32mlocationd[0m [32mcalibrationd[0m [32mtorqued[0m [32mcontrolsd[0m [32mselfdrived[0m [32mcard[0m [32mdeleter[0m [32mdmonitoringd[0m [32mqcomgpsd[0m [32mpandad[0m [32mparamsd[0m [32mlagd[0m [32mplannerd[0m [32mradard[0m [32mhardwared[0m [32mtombstoned[0m [32muploader[0m [32mstatsd[0m [32mfeedbackd[0m [32mmodeld_tinygrad[0m [32mmapd[0m [32mmapd_manager[0m [32mrtid[0m
[32mloggerd[0m [32mencoderd[0m [32mlogmessaged[0m [32mcamerad[0m [32mlogcatd[0m [32mproclogd[0m [32mmicd[0m [32mtimed[0m [32mdmonitoringmodeld[0m [32msensord[0m [32mui[0m [32msoundd[0m [32mlocationd[0m [32mcalibrationd[0m [32mtorqued[0m [32mcontrolsd[0m [32mselfdrived[0m [32mcard[0m [32mdeleter[0m [32mdmonitoringd[0m [32mqcomgpsd[0m [32mpandad[0m [32mparamsd[0m [32mlagd[0m [32mplannerd[0m [32mradard[0m [32mhardwared[0m [32mtombstoned[0m [32muploader[0m [32mstatsd[0m [32mfeedbackd[0m [32mmodeld_tinygrad[0m [32mmapd[0m [32mmapd_manager[0m [32mrtid[0m
[32mloggerd[0m [32mencoderd[0m [32mlogmessaged[0m [32mcamerad[0m [32mlogcatd[0m [32mproclogd[0m [32mmicd[0m [32mtimed[0m [32mdmonitoringmodeld[0m [32msensord[0m [32mui[0m [32msoundd[0m [32mlocationd[0m [32mcalibrationd[0m [32mtorqued[0m [32mcontrolsd[0m [32mselfdrived[0m [32mcard[0m [32mdeleter[0m [32mdmonitoringd[0m [32mqcomgpsd[0m [32mpandad[0m [32mparamsd[0m [32mlagd[0m [32mplannerd[0m [32mradard[0m [32mhardwared[0m [32mtombstoned[0m [32muploader[0m [32mstatsd[0m [32mfeedbackd[0m [32mmodeld_tinygrad[0m [32mmapd[0m [32mmapd_manager[0m [32mrtid[0m
[32mloggerd[0m [32mencoderd[0m [32mlogmessaged[0m [32mcamerad[0m [32mlogcatd[0m [32mproclogd[0m [32mmicd[0m [32mtimed[0m [32mdmonitoringmodeld[0m [32msensord[0m [32mui[0m [32msoundd[0m [32mlocationd[0m [32mcalibrationd[0m [32mtorqued[0m [32mcontrolsd[0m [32mselfdrived[0m [32mcard[0m [32mdeleter[0m [32mdmonitoringd[0m [32mqcomgpsd[0m [32mpandad[0m [32mparamsd[0m [32mlagd[0m [32mplannerd[0m [32mradard[0m [32mhardwared[0m [32mtombstoned[0m [32muploader[0m [32mstatsd[0m [32mfeedbackd[0m [32mmodeld_tinygrad[0m [32mmapd[0m [32mmapd_manager[0m [32mrtid[0m
[32mloggerd[0m [32mencoderd[0m [32mlogmessaged[0m [32mcamerad[0m [32mlogcatd[0m [32mproclogd[0m [32mmicd[0m [32mtimed[0m [32mdmonitoringmodeld[0m [32msensord[0m [32mui[0m [32msoundd[0m [32mlocationd[0m [32mcalibrationd[0m [32mtorqued[0m [32mcontrolsd[0m [32mselfdrived[0m [32mcard[0m [32mdeleter[0m [32mdmonitoringd[0m [32mqcomgpsd[0m [32mpandad[0m [32mparamsd[0m [32mlagd[0m [32mplannerd[0m [32mradard[0m [32mhardwared[0m [32mtombstoned[0m [32muploader[0m [32mstatsd[0m [32mfeedbackd[0m [32mmodeld_tinygrad[0m [32mmapd[0m [32mmapd_manager[0m [32mrtid[0m
[32mloggerd[0m [32mencoderd[0m [32mlogmessaged[0m [32mcamerad[0m [32mlogcatd[0m [32mproclogd[0m [32mmicd[0m [32mtimed[0m [32mdmonitoringmodeld[0m [32msensord[0m [32mui[0m [32msoundd[0m [32mlocationd[0m [32mcalibrationd[0m [32mtorqued[0m [32mcontrolsd[0m [32mselfdrived[0m [32mcard[0m [32mdeleter[0m [32mdmonitoringd[0m [32mqcomgpsd[0m [32mpandad[0m [32mparamsd[0m [32mlagd[0m [32mplannerd[0m [32mradard[0m [32mhardwared[0m [32mtombstoned[0m [32muploader[0m [32mstatsd[0m [32mfeedbackd[0m [32mmodeld_tinygrad[0m [32mmapd[0m [32mmapd_manager[0m [32mrtid[0m
[32mloggerd[0m [32mencoderd[0m [32mlogmessaged[0m [32mcamerad[0m [32mlogcatd[0m [32mproclogd[0m [32mmicd[0m [32mtimed[0m [32mdmonitoringmodeld[0m [32msensord[0m [32mui[0m [32msoundd[0m [32mlocationd[0m [32mcalibrationd[0m [32mtorqued[0m [32mcontrolsd[0m [32mselfdrived[0m [32mcard[0m [32mdeleter[0m [32mdmonitoringd[0m [32mqcomgpsd[0m [32mpandad[0m [32mparamsd[0m [32mlagd[0m [32mplannerd[0m [32mradard[0m [32mhardwared[0m [32mtombstoned[0m [32muploader[0m [32mstatsd[0m [32mfeedbackd[0m [32mmodeld_tinygrad[0m [32mmapd[0m [32mmapd_manager[0m [32mrtid[0m
{"event": "selfdrived.initialized", "dt": 4.34, "timeout": false, "canValid": true, "invalid": ["alertDebug", "gpsLocation"], "not_alive": ["alertDebug", "gpsLocation"], "not_freq_ok": ["alertDebug", "gpsLocation"], "error": true}
ecu disable ('0x730', None) ...
ecu disable ('0x730', None) ...
communication control disable tx/rx ...
communication control disable tx/rx ...
ecu disabled
ecu disabled
RTI cycle took 0.015s
selfdrive/pandad/panda_safety.cc: got 1440 bytes CarParams
selfdrive/pandad/panda_safety.cc: got 168 bytes CarParamsSP
selfdrive/pandad/panda_safety.cc: Panda 0: setting safety model: 28, param: 21, alternative experience: 1024, param_sp: 2
RTI cycle took 0.017s
RTI cycle took 0.012s
RTI cycle took 0.015s
RTI cycle took 0.020s
RTI cycle took 0.011s
[32mloggerd[0m [32mencoderd[0m [32mlogmessaged[0m [32mcamerad[0m [32mlogcatd[0m [32mproclogd[0m [32mmicd[0m [32mtimed[0m [32mdmonitoringmodeld[0m [32msensord[0m [32mui[0m [32msoundd[0m [32mlocationd[0m [32mcalibrationd[0m [32mtorqued[0m [32mcontrolsd[0m [32mselfdrived[0m [32mcard[0m [32mdeleter[0m [32mdmonitoringd[0m [32mqcomgpsd[0m [32mpandad[0m [32mparamsd[0m [32mlagd[0m [32mplannerd[0m [32mradard[0m [32mhardwared[0m [32mtombstoned[0m [32muploader[0m [32mstatsd[0m [32mfeedbackd[0m [32mmodeld_tinygrad[0m [32mmapd[0m [32mmapd_manager[0m [32mrtid[0m
[32mloggerd[0m [32mencoderd[0m [32mlogmessaged[0m [32mcamerad[0m [32mlogcatd[0m [32mproclogd[0m [32mmicd[0m [32mtimed[0m [32mdmonitoringmodeld[0m [32msensord[0m [32mui[0m [32msoundd[0m [32mlocationd[0m [32mcalibrationd[0m [32mtorqued[0m [32mcontrolsd[0m [32mselfdrived[0m [32mcard[0m [32mdeleter[0m [32mdmonitoringd[0m [32mqcomgpsd[0m [32mpandad[0m [32mparamsd[0m [32mlagd[0m [32mplannerd[0m [32mradard[0m [32mhardwared[0m [32mtombstoned[0m [32muploader[0m [32mstatsd[0m [32mfeedbackd[0m [32mmodeld_tinygrad[0m [32mmapd[0m [32mmapd_manager[0m [32mrtid[0m
[32mloggerd[0m [32mencoderd[0m [32mlogmessaged[0m [32mcamerad[0m [32mlogcatd[0m [32mproclogd[0m [32mmicd[0m [32mtimed[0m [32mdmonitoringmodeld[0m [32msensord[0m [32mui[0m [32msoundd[0m [32mlocationd[0m [32mcalibrationd[0m [32mtorqued[0m [32mcontrolsd[0m [32mselfdrived[0m [32mcard[0m [32mdeleter[0m [32mdmonitoringd[0m [32mqcomgpsd[0m [32mpandad[0m [32mparamsd[0m [32mlagd[0m [32mplannerd[0m [32mradard[0m [32mhardwared[0m [32mtombstoned[0m [32muploader[0m [32mstatsd[0m [32mfeedbackd[0m [32mmodeld_tinygrad[0m [32mmapd[0m [32mmapd_manager[0m [32mrtid[0m
[32mloggerd[0m [32mencoderd[0m [32mlogmessaged[0m [32mcamerad[0m [32mlogcatd[0m [32mproclogd[0m [32mmicd[0m [32mtimed[0m [32mdmonitoringmodeld[0m [32msensord[0m [32mui[0m [32msoundd[0m [32mlocationd[0m [32mcalibrationd[0m [32mtorqued[0m [32mcontrolsd[0m [32mselfdrived[0m [32mcard[0m [32mdeleter[0m [32mdmonitoringd[0m [32mqcomgpsd[0m [32mpandad[0m [32mparamsd[0m [32mlagd[0m [32mplannerd[0m [32mradard[0m [32mhardwared[0m [32mtombstoned[0m [32muploader[0m [32mstatsd[0m [32mfeedbackd[0m [32mmodeld_tinygrad[0m [32mmapd[0m [32mmapd_manager[0m [32mrtid[0m
[32mloggerd[0m [32mencoderd[0m [32mlogmessaged[0m [32mcamerad[0m [32mlogcatd[0m [32mproclogd[0m [32mmicd[0m [32mtimed[0m [32mdmonitoringmodeld[0m [32msensord[0m [32mui[0m [32msoundd[0m [32mlocationd[0m [32mcalibrationd[0m [32mtorqued[0m [32mcontrolsd[0m [32mselfdrived[0m [32mcard[0m [32mdeleter[0m [32mdmonitoringd[0m [32mqcomgpsd[0m [32mpandad[0m [32mparamsd[0m [32mlagd[0m [32mplannerd[0m [32mradard[0m [32mhardwared[0m [32mtombstoned[0m [32muploader[0m [32mstatsd[0m [32mfeedbackd[0m [32mmodeld_tinygrad[0m [32mmapd[0m [32mmapd_manager[0m [32mrtid[0m
[32mloggerd[0m [32mencoderd[0m [32mlogmessaged[0m [32mcamerad[0m [32mlogcatd[0m [32mproclogd[0m [32mmicd[0m [32mtimed[0m [32mdmonitoringmodeld[0m [32msensord[0m [32mui[0m [32msoundd[0m [32mlocationd[0m [32mcalibrationd[0m [32mtorqued[0m [32mcontrolsd[0m [32mselfdrived[0m [32mcard[0m [32mdeleter[0m [32mdmonitoringd[0m [32mqcomgpsd[0m [32mpandad[0m [32mparamsd[0m [32mlagd[0m [32mplannerd[0m [32mradard[0m [32mhardwared[0m [32mtombstoned[0m [32muploader[0m [32mstatsd[0m [32mfeedbackd[0m [32mmodeld_tinygrad[0m [32mmapd[0m [32mmapd_manager[0m [32mrtid[0m
[32mloggerd[0m [32mencoderd[0m [32mlogmessaged[0m [32mcamerad[0m [32mlogcatd[0m [32mproclogd[0m [32mmicd[0m [32mtimed[0m [32mdmonitoringmodeld[0m [32msensord[0m [32mui[0m [32msoundd[0m [32mlocationd[0m [32mcalibrationd[0m [32mtorqued[0m [32mcontrolsd[0m [32mselfdrived[0m [32mcard[0m [32mdeleter[0m [32mdmonitoringd[0m [32mqcomgpsd[0m [32mpandad[0m [32mparamsd[0m [32mlagd[0m [32mplannerd[0m [32mradard[0m [32mhardwared[0m [32mtombstoned[0m [32muploader[0m [32mstatsd[0m [32mfeedbackd[0m [32mmodeld_tinygrad[0m [32mmapd[0m [32mmapd_manager[0m [32mrtid[0m
[32mloggerd[0m [32mencoderd[0m [32mlogmessaged[0m [32mcamerad[0m [32mlogcatd[0m [32mproclogd[0m [32mmicd[0m [32mtimed[0m [32mdmonitoringmodeld[0m [32msensord[0m [32mui[0m [32msoundd[0m [32mlocationd[0m [32mcalibrationd[0m [32mtorqued[0m [32mcontrolsd[0m [32mselfdrived[0m [32mcard[0m [32mdeleter[0m [32mdmonitoringd[0m [32mqcomgpsd[0m [32mpandad[0m [32mparamsd[0m [32mlagd[0m [32mplannerd[0m [32mradard[0m [32mhardwared[0m [32mtombstoned[0m [32muploader[0m [32mstatsd[0m [32mfeedbackd[0m [32mmodeld_tinygrad[0m [32mmapd[0m [32mmapd_manager[0m [32mrtid[0m
[32mloggerd[0m [32mencoderd[0m [32mlogmessaged[0m [32mcamerad[0m [32mlogcatd[0m [32mproclogd[0m [32mmicd[0m [32mtimed[0m [32mdmonitoringmodeld[0m [32msensord[0m [32mui[0m [32msoundd[0m [32mlocationd[0m [32mcalibrationd[0m [32mtorqued[0m [32mcontrolsd[0m [32mselfdrived[0m [32mcard[0m [32mdeleter[0m [32mdmonitoringd[0m [32mqcomgpsd[0m [32mpandad[0m [32mparamsd[0m [32mlagd[0m [32mplannerd[0m [32mradard[0m [32mhardwared[0m [32mtombstoned[0m [32muploader[0m [32mstatsd[0m [32mfeedbackd[0m [32mmodeld_tinygrad[0m [32mmapd[0m [32mmapd_manager[0m [32mrtid[0m
[32mloggerd[0m [32mencoderd[0m [32mlogmessaged[0m [32mcamerad[0m [32mlogcatd[0m [32mproclogd[0m [32mmicd[0m [32mtimed[0m [32mdmonitoringmodeld[0m [32msensord[0m [32mui[0m [32msoundd[0m [32mlocationd[0m [32mcalibrationd[0m [32mtorqued[0m [32mcontrolsd[0m [32mselfdrived[0m [32mcard[0m [32mdeleter[0m [32mdmonitoringd[0m [32mqcomgpsd[0m [32mpandad[0m [32mparamsd[0m [32mlagd[0m [32mplannerd[0m [32mradard[0m [32mhardwared[0m [32mtombstoned[0m [32muploader[0m [32mstatsd[0m [32mfeedbackd[0m [32mmodeld_tinygrad[0m [32mmapd[0m [32mmapd_manager[0m [32mrtid[0m
[32mloggerd[0m [32mencoderd[0m [32mlogmessaged[0m [32mcamerad[0m [32mlogcatd[0m [32mproclogd[0m [32mmicd[0m [32mtimed[0m [32mdmonitoringmodeld[0m [32msensord[0m [32mui[0m [32msoundd[0m [32mlocationd[0m [32mcalibrationd[0m [32mtorqued[0m [32mcontrolsd[0m [32mselfdrived[0m [32mcard[0m [32mdeleter[0m [32mdmonitoringd[0m [32mqcomgpsd[0m [32mpandad[0m [32mparamsd[0m [32mlagd[0m [32mplannerd[0m [32mradard[0m [32mhardwared[0m [32mtombstoned[0m [32muploader[0m [32mstatsd[0m [32mfeedbackd[0m [32mmodeld_tinygrad[0m [32mmapd[0m [32mmapd_manager[0m [32mrtid[0m
[32mloggerd[0m [32mencoderd[0m [32mlogmessaged[0m [32mcamerad[0m [32mlogcatd[0m [32mproclogd[0m [32mmicd[0m [32mtimed[0m [32mdmonitoringmodeld[0m [32msensord[0m [32mui[0m [32msoundd[0m [32mlocationd[0m [32mcalibrationd[0m [32mtorqued[0m [32mcontrolsd[0m [32mselfdrived[0m [32mcard[0m [32mdeleter[0m [32mdmonitoringd[0m [32mqcomgpsd[0m [32mpandad[0m [32mparamsd[0m [32mlagd[0m [32mplannerd[0m [32mradard[0m [32mhardwared[0m [32mtombstoned[0m [32muploader[0m [32mstatsd[0m [32mfeedbackd[0m [32mmodeld_tinygrad[0m [32mmapd[0m [32mmapd_manager[0m [32mrtid[0m
[32mloggerd[0m [32mencoderd[0m [32mlogmessaged[0m [32mcamerad[0m [32mlogcatd[0m [32mproclogd[0m [32mmicd[0m [32mtimed[0m [32mdmonitoringmodeld[0m [32msensord[0m [32mui[0m [32msoundd[0m [32mlocationd[0m [32mcalibrationd[0m [32mtorqued[0m [32mcontrolsd[0m [32mselfdrived[0m [32mcard[0m [32mdeleter[0m [32mdmonitoringd[0m [32mqcomgpsd[0m [32mpandad[0m [32mparamsd[0m [32mlagd[0m [32mplannerd[0m [32mradard[0m [32mhardwared[0m [32mtombstoned[0m [32muploader[0m [32mstatsd[0m [32mfeedbackd[0m [32mmodeld_tinygrad[0m [32mmapd[0m [32mmapd_manager[0m [32mrtid[0m
RTI cycle took 3.073s
RTI cycle took 0.017s
RTI cycle took 0.031s
RTI cycle took 0.021s
RTI cycle took 0.037s
RTI cycle took 0.040s
RTI cycle took 0.032s
RTI cycle took 0.038s
RTI cycle took 0.042s
RTI cycle took 0.030s
RTI cycle took 0.011s
RTI cycle took 0.027s
RTI cycle took 0.038s
RTI cycle took 0.041s
RTI cycle took 0.025s
RTI cycle took 0.027s
RTI cycle took 0.038s
RTI cycle took 0.036s
RTI cycle took 0.042s
RTI cycle took 0.029s
RTI cycle took 0.054s
RTI cycle took 0.045s
RTI cycle took 0.032s
RTI cycle took 0.058s
RTI cycle took 0.029s
RTI cycle took 0.047s
RTI cycle took 0.034s
RTI cycle took 0.029s
RTI cycle took 0.038s
RTI cycle took 0.026s
RTI cycle took 0.035s
RTI cycle took 0.024s
RTI cycle took 0.032s
RTI cycle took 0.036s
RTI cycle took 0.020s
RTI cycle took 0.021s
RTI cycle took 0.017s
RTI cycle took 0.027s
RTI cycle took 0.037s
RTI cycle took 0.027s
RTI cycle took 0.035s
RTI cycle took 0.031s
RTI cycle took 0.027s
RTI cycle took 0.034s
RTI cycle took 0.015s
RTI cycle took 0.026s
RTI cycle took 0.015s
RTI cycle took 0.028s
RTI cycle took 0.014s
RTI cycle took 0.025s
RTI cycle took 0.015s
RTI cycle took 0.016s
RTI cycle took 0.037s
RTI cycle took 0.026s
RTI cycle took 0.046s
RTI cycle took 0.024s
RTI cycle took 0.026s
RTI cycle took 0.030s
RTI cycle took 0.018s
RTI cycle took 0.025s
RTI cycle took 0.052s
RTI cycle took 0.024s
RTI cycle took 0.042s
RTI cycle took 0.045s
RTI cycle took 0.032s
RTI cycle took 0.039s
RTI cycle took 0.029s
RTI cycle took 0.051s
RTI cycle took 0.045s
RTI cycle took 0.026s
RTI cycle took 0.032s
RTI cycle took 0.043s
RTI cycle took 0.037s
RTI cycle took 0.038s
RTI cycle took 0.034s
RTI cycle took 0.024s
RTI cycle took 0.059s
RTI cycle took 0.040s
RTI cycle took 0.053s
RTI cycle took 0.030s
RTI cycle took 0.043s
RTI cycle took 0.030s
RTI cycle took 0.074s
RTI cycle took 0.024s
RTI cycle took 0.046s
RTI cycle took 0.027s
RTI cycle took 0.039s
RTI cycle took 0.012s
RTI cycle took 0.060s
RTI cycle took 0.022s
RTI cycle took 0.029s
RTI cycle took 0.038s
RTI cycle took 0.027s
RTI cycle took 0.037s
RTI cycle took 0.022s
RTI cycle took 0.028s
RTI cycle took 0.025s
RTI cycle took 0.048s
RTI cycle took 0.034s
RTI cycle took 0.021s
RTI cycle took 0.035s
RTI cycle took 0.021s
RTI cycle took 0.027s
RTI cycle took 0.030s
RTI cycle took 0.032s
RTI cycle took 0.037s
RTI cycle took 0.041s
RTI cycle took 0.025s
RTI cycle took 0.039s
RTI cycle took 0.028s
RTI cycle took 0.028s
RTI cycle took 0.041s
RTI cycle took 0.033s
RTI cycle took 0.042s
RTI cycle took 0.057s
RTI cycle took 0.046s
RTI cycle took 0.030s
RTI cycle took 0.023s
RTI cycle took 0.038s
RTI cycle took 0.016s
RTI cycle took 0.032s
RTI cycle took 0.031s
RTI cycle took 0.018s
RTI cycle took 0.024s
RTI cycle took 0.037s
RTI cycle took 0.012s
RTI cycle took 0.021s
RTI cycle took 0.016s
RTI cycle took 0.029s
RTI cycle took 0.015s
RTI cycle took 0.033s
RTI cycle took 0.015s
RTI cycle took 0.037s
RTI cycle took 0.043s
RTI cycle took 0.029s
RTI cycle took 0.039s
RTI cycle took 0.028s
RTI cycle took 0.029s
RTI cycle took 0.039s
RTI cycle took 0.032s
RTI cycle took 0.048s
RTI cycle took 0.045s
RTI cycle took 0.036s
RTI cycle took 0.039s
RTI cycle took 0.028s
RTI cycle took 0.040s
RTI cycle took 0.022s
RTI cycle took 0.027s
RTI cycle took 0.042s
RTI cycle took 0.018s
RTI cycle took 0.017s
RTI cycle took 0.031s
RTI cycle took 0.024s
RTI cycle took 0.028s
RTI cycle took 0.028s
RTI cycle took 0.030s
RTI cycle took 0.019s
RTI cycle took 0.017s
RTI cycle took 0.017s
RTI cycle took 0.013s
RTI cycle took 0.022s
RTI cycle took 0.038s
RTI cycle took 0.030s
RTI cycle took 0.039s
RTI cycle took 0.017s
RTI cycle took 0.025s
RTI cycle took 0.040s
RTI cycle took 0.027s
RTI cycle took 0.027s
RTI cycle took 0.019s
RTI cycle took 0.031s
RTI cycle took 0.040s
RTI cycle took 0.026s
RTI cycle took 0.032s
RTI cycle took 0.027s
RTI cycle took 0.021s
RTI cycle took 0.038s
RTI cycle took 0.039s
RTI cycle took 0.036s
RTI cycle took 0.046s
RTI cycle took 0.023s
[32mloggerd[0m [32mencoderd[0m [32mlogmessaged[0m [32mcamerad[0m [32mlogcatd[0m [32mproclogd[0m [32mmicd[0m [32mtimed[0m [32mdmonitoringmodeld[0m [32msensord[0m [32mui[0m [32msoundd[0m [32mlocationd[0m [32mcalibrationd[0m [32mtorqued[0m [32mcontrolsd[0m [32mselfdrived[0m [32mcard[0m [32mdeleter[0m [32mdmonitoringd[0m [32mqcomgpsd[0m [32mpandad[0m [32mparamsd[0m [32mlagd[0m [32mplannerd[0m [32mradard[0m [32mhardwared[0m [32mtombstoned[0m [32muploader[0m [32mstatsd[0m [32mfeedbackd[0m [32mmodeld_tinygrad[0m [32mmapd[0m [32mmapd_manager[0m [32mrtid[0m
[32mloggerd[0m [32mencoderd[0m [32mlogmessaged[0m [32mcamerad[0m [32mlogcatd[0m [32mproclogd[0m [32mmicd[0m [32mtimed[0m [32mdmonitoringmodeld[0m [32msensord[0m [32mui[0m [32msoundd[0m [32mlocationd[0m [32mcalibrationd[0m [32mtorqued[0m [32mcontrolsd[0m [32mselfdrived[0m [32mcard[0m [32mdeleter[0m [32mdmonitoringd[0m [32mqcomgpsd[0m [32mpandad[0m [32mparamsd[0m [32mlagd[0m [32mplannerd[0m [32mradard[0m [32mhardwared[0m [32mtombstoned[0m [32muploader[0m [32mstatsd[0m [32mfeedbackd[0m [32mmodeld_tinygrad[0m [32mmapd[0m [32mmapd_manager[0m [32mrtid[0m
[32mloggerd[0m [32mencoderd[0m [32mlogmessaged[0m [32mcamerad[0m [32mlogcatd[0m [32mproclogd[0m [32mmicd[0m [32mtimed[0m [32mdmonitoringmodeld[0m [32msensord[0m [32mui[0m [32msoundd[0m [32mlocationd[0m [32mcalibrationd[0m [32mtorqued[0m [32mcontrolsd[0m [32mselfdrived[0m [32mcard[0m [32mdeleter[0m [32mdmonitoringd[0m [32mqcomgpsd[0m [32mpandad[0m [32mparamsd[0m [32mlagd[0m [32mplannerd[0m [32mradard[0m [32mhardwared[0m [32mtombstoned[0m [32muploader[0m [32mstatsd[0m [32mfeedbackd[0m [32mmodeld_tinygrad[0m [32mmapd[0m [32mmapd_manager[0m [32mrtid[0m
[32mloggerd[0m [32mencoderd[0m [32mlogmessaged[0m [32mcamerad[0m [32mlogcatd[0m [32mproclogd[0m [32mmicd[0m [32mtimed[0m [32mdmonitoringmodeld[0m [32msensord[0m [32mui[0m [32msoundd[0m [32mlocationd[0m [32mcalibrationd[0m [32mtorqued[0m [32mcontrolsd[0m [32mselfdrived[0m [32mcard[0m [32mdeleter[0m [32mdmonitoringd[0m [32mqcomgpsd[0m [32mpandad[0m [32mparamsd[0m [32mlagd[0m [32mplannerd[0m [32mradard[0m [32mhardwared[0m [32mtombstoned[0m [32muploader[0m [32mstatsd[0m [32mfeedbackd[0m [32mmodeld_tinygrad[0m [32mmapd[0m [32mmapd_manager[0m [32mrtid[0m
[32mloggerd[0m [32mencoderd[0m [32mlogmessaged[0m [32mcamerad[0m [32mlogcatd[0m [32mproclogd[0m [32mmicd[0m [32mtimed[0m [32mdmonitoringmodeld[0m [32msensord[0m [32mui[0m [32msoundd[0m [32mlocationd[0m [32mcalibrationd[0m [32mtorqued[0m [32mcontrolsd[0m [32mselfdrived[0m [32mcard[0m [32mdeleter[0m [32mdmonitoringd[0m [32mqcomgpsd[0m [32mpandad[0m [32mparamsd[0m [32mlagd[0m [32mplannerd[0m [32mradard[0m [32mhardwared[0m [32mtombstoned[0m [32muploader[0m [32mstatsd[0m [32mfeedbackd[0m [32mmodeld_tinygrad[0m [32mmapd[0m [32mmapd_manager[0m [32mrtid[0m
[32mloggerd[0m [32mencoderd[0m [32mlogmessaged[0m [32mcamerad[0m [32mlogcatd[0m [32mproclogd[0m [32mmicd[0m [32mtimed[0m [32mdmonitoringmodeld[0m [32msensord[0m [32mui[0m [32msoundd[0m [32mlocationd[0m [32mcalibrationd[0m [32mtorqued[0m [32mcontrolsd[0m [32mselfdrived[0m [32mcard[0m [32mdeleter[0m [32mdmonitoringd[0m [32mqcomgpsd[0m [32mpandad[0m [32mparamsd[0m [32mlagd[0m [32mplannerd[0m [32mradard[0m [32mhardwared[0m [32mtombstoned[0m [32muploader[0m [32mstatsd[0m [32mfeedbackd[0m [32mmodeld_tinygrad[0m [32mmapd[0m [32mmapd_manager[0m [32mrtid[0m
[32mloggerd[0m [32mencoderd[0m [32mlogmessaged[0m [32mcamerad[0m [32mlogcatd[0m [32mproclogd[0m [32mmicd[0m [32mtimed[0m [32mdmonitoringmodeld[0m [32msensord[0m [32mui[0m [32msoundd[0m [32mlocationd[0m [32mcalibrationd[0m [32mtorqued[0m [32mcontrolsd[0m [32mselfdrived[0m [32mcard[0m [32mdeleter[0m [32mdmonitoringd[0m [32mqcomgpsd[0m [32mpandad[0m [32mparamsd[0m [32mlagd[0m [32mplannerd[0m [32mradard[0m [32mhardwared[0m [32mtombstoned[0m [32muploader[0m [32mstatsd[0m [32mfeedbackd[0m [32mmodeld_tinygrad[0m [32mmapd[0m [32mmapd_manager[0m [32mrtid[0m
[32mloggerd[0m [32mencoderd[0m [32mlogmessaged[0m [32mcamerad[0m [32mlogcatd[0m [32mproclogd[0m [32mmicd[0m [32mtimed[0m [32mdmonitoringmodeld[0m [32msensord[0m [32mui[0m [32msoundd[0m [32mlocationd[0m [32mcalibrationd[0m [32mtorqued[0m [32mcontrolsd[0m [32mselfdrived[0m [32mcard[0m [32mdeleter[0m [32mdmonitoringd[0m [32mqcomgpsd[0m [32mpandad[0m [32mparamsd[0m [32mlagd[0m [32mplannerd[0m [32mradard[0m [32mhardwared[0m [32mtombstoned[0m [32muploader[0m [32mstatsd[0m [32mfeedbackd[0m [32mmodeld_tinygrad[0m [32mmapd[0m [32mmapd_manager[0m [32mrtid[0m
[32mloggerd[0m [32mencoderd[0m [32mlogmessaged[0m [32mcamerad[0m [32mlogcatd[0m [32mproclogd[0m [32mmicd[0m [32mtimed[0m [32mdmonitoringmodeld[0m [32msensord[0m [32mui[0m [32msoundd[0m [32mlocationd[0m [32mcalibrationd[0m [32mtorqued[0m [32mcontrolsd[0m [32mselfdrived[0m [32mcard[0m [32mdeleter[0m [32mdmonitoringd[0m [32mqcomgpsd[0m [32mpandad[0m [32mparamsd[0m [32mlagd[0m [32mplannerd[0m [32mradard[0m [32mhardwared[0m [32mtombstoned[0m [32muploader[0m [32mstatsd[0m [32mfeedbackd[0m [32mmodeld_tinygrad[0m [32mmapd[0m [32mmapd_manager[0m [32mrtid[0m
[32mloggerd[0m [32mencoderd[0m [32mlogmessaged[0m [32mcamerad[0m [32mlogcatd[0m [32mproclogd[0m [32mmicd[0m [32mtimed[0m [32mdmonitoringmodeld[0m [32msensord[0m [32mui[0m [32msoundd[0m [32mlocationd[0m [32mcalibrationd[0m [32mtorqued[0m [32mcontrolsd[0m [32mselfdrived[0m [32mcard[0m [32mdeleter[0m [32mdmonitoringd[0m [32mqcomgpsd[0m [32mpandad[0m [32mparamsd[0m [32mlagd[0m [32mplannerd[0m [32mradard[0m [32mhardwared[0m [32mtombstoned[0m [32muploader[0m [32mstatsd[0m [32mfeedbackd[0m [32mmodeld_tinygrad[0m [32mmapd[0m [32mmapd_manager[0m [32mrtid[0m
[32mloggerd[0m [32mencoderd[0m [32mlogmessaged[0m [32mcamerad[0m [32mlogcatd[0m [32mproclogd[0m [32mmicd[0m [32mtimed[0m [32mdmonitoringmodeld[0m [32msensord[0m [32mui[0m [32msoundd[0m [32mlocationd[0m [32mcalibrationd[0m [32mtorqued[0m [32mcontrolsd[0m [32mselfdrived[0m [32mcard[0m [32mdeleter[0m [32mdmonitoringd[0m [32mqcomgpsd[0m [32mpandad[0m [32mparamsd[0m [32mlagd[0m [32mplannerd[0m [32mradard[0m [32mhardwared[0m [32mtombstoned[0m [32muploader[0m [32mstatsd[0m [32mfeedbackd[0m [32mmodeld_tinygrad[0m [32mmapd[0m [32mmapd_manager[0m [32mrtid[0m
[32mloggerd[0m [32mencoderd[0m [32mlogmessaged[0m [32mcamerad[0m [32mlogcatd[0m [32mproclogd[0m [32mmicd[0m [32mtimed[0m [32mdmonitoringmodeld[0m [32msensord[0m [32mui[0m [32msoundd[0m [32mlocationd[0m [32mcalibrationd[0m [32mtorqued[0m [32mcontrolsd[0m [32mselfdrived[0m [32mcard[0m [32mdeleter[0m [32mdmonitoringd[0m [32mqcomgpsd[0m [32mpandad[0m [32mparamsd[0m [32mlagd[0m [32mplannerd[0m [32mradard[0m [32mhardwared[0m [32mtombstoned[0m [32muploader[0m [32mstatsd[0m [32mfeedbackd[0m [32mmodeld_tinygrad[0m [32mmapd[0m [32mmapd_manager[0m [32mrtid[0m
[32mloggerd[0m [32mencoderd[0m [32mlogmessaged[0m [32mcamerad[0m [32mlogcatd[0m [32mproclogd[0m [32mmicd[0m [32mtimed[0m [32mdmonitoringmodeld[0m [32msensord[0m [32mui[0m [32msoundd[0m [32mlocationd[0m [32mcalibrationd[0m [32mtorqued[0m [32mcontrolsd[0m [32mselfdrived[0m [32mcard[0m [32mdeleter[0m [32mdmonitoringd[0m [32mqcomgpsd[0m [32mpandad[0m [32mparamsd[0m [32mlagd[0m [32mplannerd[0m [32mradard[0m [32mhardwared[0m [32mtombstoned[0m [32muploader[0m [32mstatsd[0m [32mfeedbackd[0m [32mmodeld_tinygrad[0m [32mmapd[0m [32mmapd_manager[0m [32mrtid[0m
RTI cycle took 0.047s
RTI cycle took 0.030s
RTI cycle took 0.027s
RTI cycle took 0.040s
RTI cycle took 0.040s
RTI cycle took 0.029s
RTI cycle took 0.040s
RTI cycle took 0.029s
RTI cycle took 0.027s
RTI cycle took 0.039s
RTI cycle took 0.037s
RTI cycle took 0.039s
RTI cycle took 0.029s
RTI cycle took 0.042s
RTI cycle took 0.037s
RTI cycle took 0.038s
RTI cycle took 0.018s
RTI cycle took 0.045s
RTI cycle took 0.022s
RTI cycle took 0.026s
RTI cycle took 0.041s
RTI cycle took 0.051s
RTI cycle took 0.039s
RTI cycle took 0.026s
RTI cycle took 0.032s
RTI cycle took 0.028s
RTI cycle took 0.028s
RTI cycle took 0.031s
RTI cycle took 0.027s
RTI cycle took 0.040s
RTI cycle took 0.031s
RTI cycle took 0.038s
RTI cycle took 0.028s
RTI cycle took 0.031s
RTI cycle took 0.031s
RTI cycle took 0.037s
RTI cycle took 0.020s
RTI cycle took 0.025s
RTI cycle took 0.021s
RTI cycle took 0.028s
RTI cycle took 0.039s
RTI cycle took 0.021s
RTI cycle took 0.028s
RTI cycle took 0.017s
RTI cycle took 0.036s
RTI cycle took 0.028s
RTI cycle took 0.050s
RTI cycle took 0.028s
RTI cycle took 0.031s
RTI cycle took 0.027s
RTI cycle took 0.040s
RTI cycle took 0.045s
RTI cycle took 0.025s
RTI cycle took 0.017s
RTI cycle took 0.028s
RTI cycle took 0.028s
RTI cycle took 0.038s
RTI cycle took 0.020s
RTI cycle took 0.031s
RTI cycle took 0.029s
RTI cycle took 0.027s
RTI cycle took 0.032s
RTI cycle took 0.029s
RTI cycle took 0.027s
RTI cycle took 0.031s
RTI cycle took 0.018s
RTI cycle took 0.028s
RTI cycle took 0.032s
RTI cycle took 0.027s
RTI cycle took 0.028s
RTI cycle took 0.019s
RTI cycle took 0.018s
RTI cycle took 0.033s
RTI cycle took 0.034s
RTI cycle took 0.036s
RTI cycle took 0.028s
RTI cycle took 0.031s
RTI cycle took 0.038s
RTI cycle took 0.023s
RTI cycle took 0.020s
RTI cycle took 0.028s
RTI cycle took 0.031s
RTI cycle took 0.028s
RTI cycle took 0.031s
RTI cycle took 0.037s
RTI cycle took 0.017s
RTI cycle took 0.027s
RTI cycle took 0.029s
RTI cycle took 0.023s
RTI cycle took 0.046s
RTI cycle took 0.033s
RTI cycle took 0.027s
RTI cycle took 0.020s
RTI cycle took 0.028s
RTI cycle took 0.042s
RTI cycle took 0.026s
RTI cycle took 0.019s
RTI cycle took 0.031s
RTI cycle took 0.027s
RTI cycle took 0.040s
RTI cycle took 0.019s
RTI cycle took 0.037s
RTI cycle took 0.037s
RTI cycle took 0.022s
RTI cycle took 0.041s
RTI cycle took 0.039s
RTI cycle took 0.020s
RTI cycle took 0.040s
RTI cycle took 0.030s
RTI cycle took 0.039s
RTI cycle took 0.026s
RTI cycle took 0.026s
RTI cycle took 0.039s
RTI cycle took 0.019s
RTI cycle took 0.038s
RTI cycle took 0.029s
RTI cycle took 0.030s
RTI cycle took 0.038s
RTI cycle took 0.038s
RTI cycle took 0.037s
RTI cycle took 0.029s
RTI cycle took 0.040s
RTI cycle took 0.028s
RTI cycle took 0.030s
RTI cycle took 0.039s
RTI cycle took 0.037s
RTI cycle took 0.027s
RTI cycle took 0.031s
RTI cycle took 0.028s
RTI cycle took 0.031s
RTI cycle took 0.039s
RTI cycle took 0.028s
RTI cycle took 0.030s
RTI cycle took 0.030s
RTI cycle took 0.027s
RTI cycle took 0.031s
RTI cycle took 0.027s
RTI cycle took 0.034s
RTI cycle took 0.027s
RTI cycle took 0.044s
RTI cycle took 0.022s
RTI cycle took 0.029s
RTI cycle took 0.038s
RTI cycle took 0.023s
RTI cycle took 0.027s
RTI cycle took 0.039s
RTI cycle took 0.020s
RTI cycle took 0.027s
RTI cycle took 0.021s
RTI cycle took 0.026s
RTI cycle took 0.022s
RTI cycle took 0.027s
RTI cycle took 0.022s
RTI cycle took 0.026s
RTI cycle took 0.034s
RTI cycle took 0.027s
RTI cycle took 0.038s
RTI cycle took 0.032s
RTI cycle took 0.015s
RTI cycle took 0.032s
RTI cycle took 0.018s
RTI cycle took 0.032s
RTI cycle took 0.025s
RTI cycle took 0.030s
RTI cycle took 0.027s
RTI cycle took 0.027s
RTI cycle took 0.022s
RTI cycle took 0.016s
RTI cycle took 0.028s
RTI cycle took 0.015s
RTI cycle took 0.024s
RTI cycle took 0.015s
RTI cycle took 0.036s
RTI cycle took 0.030s
RTI cycle took 0.040s
RTI cycle took 0.037s
RTI cycle took 0.039s
RTI cycle took 0.030s
RTI cycle took 0.027s
RTI cycle took 0.022s
RTI cycle took 0.035s
RTI cycle took 0.042s
RTI cycle took 0.037s
RTI cycle took 0.018s
RTI cycle took 0.016s
RTI cycle took 0.041s
RTI cycle took 0.022s
RTI cycle took 0.027s
RTI cycle took 0.028s
RTI cycle took 0.028s
RTI cycle took 0.027s
RTI cycle took 0.038s
RTI cycle took 0.020s
RTI cycle took 0.039s
RTI cycle took 0.018s
RTI cycle took 0.054s
RTI cycle took 0.030s
RTI cycle took 0.037s
RTI cycle took 0.020s
RTI cycle took 0.047s
RTI cycle took 0.023s
RTI cycle took 0.048s
RTI cycle took 0.015s
RTI cycle took 0.053s
[32mloggerd[0m [32mencoderd[0m [32mlogmessaged[0m [32mcamerad[0m [32mlogcatd[0m [32mproclogd[0m [32mmicd[0m [32mtimed[0m [32mdmonitoringmodeld[0m [32msensord[0m [32mui[0m [32msoundd[0m [32mlocationd[0m [32mcalibrationd[0m [32mtorqued[0m [32mcontrolsd[0m [32mselfdrived[0m [32mcard[0m [32mdeleter[0m [32mdmonitoringd[0m [32mqcomgpsd[0m [32mpandad[0m [32mparamsd[0m [32mlagd[0m [32mplannerd[0m [32mradard[0m [32mhardwared[0m [32mtombstoned[0m [32muploader[0m [32mstatsd[0m [32mfeedbackd[0m [32mmodeld_tinygrad[0m [32mmapd[0m [32mmapd_manager[0m [32mrtid[0m
[32mloggerd[0m [32mencoderd[0m [32mlogmessaged[0m [32mcamerad[0m [32mlogcatd[0m [32mproclogd[0m [32mmicd[0m [32mtimed[0m [32mdmonitoringmodeld[0m [32msensord[0m [32mui[0m [32msoundd[0m [32mlocationd[0m [32mcalibrationd[0m [32mtorqued[0m [32mcontrolsd[0m [32mselfdrived[0m [32mcard[0m [32mdeleter[0m [32mdmonitoringd[0m [32mqcomgpsd[0m [32mpandad[0m [32mparamsd[0m [32mlagd[0m [32mplannerd[0m [32mradard[0m [32mhardwared[0m [32mtombstoned[0m [32muploader[0m [32mstatsd[0m [32mfeedbackd[0m [32mmodeld_tinygrad[0m [32mmapd[0m [32mmapd_manager[0m [32mrtid[0m
[32mloggerd[0m [32mencoderd[0m [32mlogmessaged[0m [32mcamerad[0m [32mlogcatd[0m [32mproclogd[0m [32mmicd[0m [32mtimed[0m [32mdmonitoringmodeld[0m [32msensord[0m [32mui[0m [32msoundd[0m [32mlocationd[0m [32mcalibrationd[0m [32mtorqued[0m [32mcontrolsd[0m [32mselfdrived[0m [32mcard[0m [32mdeleter[0m [32mdmonitoringd[0m [32mqcomgpsd[0m [32mpandad[0m [32mparamsd[0m [32mlagd[0m [32mplannerd[0m [32mradard[0m [32mhardwared[0m [32mtombstoned[0m [32muploader[0m [32mstatsd[0m [32mfeedbackd[0m [32mmodeld_tinygrad[0m [32mmapd[0m [32mmapd_manager[0m [32mrtid[0m
[32mloggerd[0m [32mencoderd[0m [32mlogmessaged[0m [32mcamerad[0m [32mlogcatd[0m [32mproclogd[0m [32mmicd[0m [32mtimed[0m [32mdmonitoringmodeld[0m [32msensord[0m [32mui[0m [32msoundd[0m [32mlocationd[0m [32mcalibrationd[0m [32mtorqued[0m [32mcontrolsd[0m [32mselfdrived[0m [32mcard[0m [32mdeleter[0m [32mdmonitoringd[0m [32mqcomgpsd[0m [32mpandad[0m [32mparamsd[0m [32mlagd[0m [32mplannerd[0m [32mradard[0m [32mhardwared[0m [32mtombstoned[0m [32muploader[0m [32mstatsd[0m [32mfeedbackd[0m [32mmodeld_tinygrad[0m [32mmapd[0m [32mmapd_manager[0m [32mrtid[0m
[32mloggerd[0m [32mencoderd[0m [32mlogmessaged[0m [32mcamerad[0m [32mlogcatd[0m [32mproclogd[0m [32mmicd[0m [32mtimed[0m [32mdmonitoringmodeld[0m [32msensord[0m [32mui[0m [32msoundd[0m [32mlocationd[0m [32mcalibrationd[0m [32mtorqued[0m [32mcontrolsd[0m [32mselfdrived[0m [32mcard[0m [32mdeleter[0m [32mdmonitoringd[0m [32mqcomgpsd[0m [32mpandad[0m [32mparamsd[0m [32mlagd[0m [32mplannerd[0m [32mradard[0m [32mhardwared[0m [32mtombstoned[0m [32muploader[0m [32mstatsd[0m [32mfeedbackd[0m [32mmodeld_tinygrad[0m [32mmapd[0m [32mmapd_manager[0m [32mrtid[0m
[32mloggerd[0m [32mencoderd[0m [32mlogmessaged[0m [32mcamerad[0m [32mlogcatd[0m [32mproclogd[0m [32mmicd[0m [32mtimed[0m [32mdmonitoringmodeld[0m [32msensord[0m [32mui[0m [32msoundd[0m [32mlocationd[0m [32mcalibrationd[0m [32mtorqued[0m [32mcontrolsd[0m [32mselfdrived[0m [32mcard[0m [32mdeleter[0m [32mdmonitoringd[0m [32mqcomgpsd[0m [32mpandad[0m [32mparamsd[0m [32mlagd[0m [32mplannerd[0m [32mradard[0m [32mhardwared[0m [32mtombstoned[0m [32muploader[0m [32mstatsd[0m [32mfeedbackd[0m [32mmodeld_tinygrad[0m [32mmapd[0m [32mmapd_manager[0m [32mrtid[0m
[32mloggerd[0m [32mencoderd[0m [32mlogmessaged[0m [32mcamerad[0m [32mlogcatd[0m [32mproclogd[0m [32mmicd[0m [32mtimed[0m [32mdmonitoringmodeld[0m [32msensord[0m [32mui[0m [32msoundd[0m [32mlocationd[0m [32mcalibrationd[0m [32mtorqued[0m [32mcontrolsd[0m [32mselfdrived[0m [32mcard[0m [32mdeleter[0m [32mdmonitoringd[0m [32mqcomgpsd[0m [32mpandad[0m [32mparamsd[0m [32mlagd[0m [32mplannerd[0m [32mradard[0m [32mhardwared[0m [32mtombstoned[0m [32muploader[0m [32mstatsd[0m [32mfeedbackd[0m [32mmodeld_tinygrad[0m [32mmapd[0m [32mmapd_manager[0m [32mrtid[0m
[32mloggerd[0m [32mencoderd[0m [32mlogmessaged[0m [32mcamerad[0m [32mlogcatd[0m [32mproclogd[0m [32mmicd[0m [32mtimed[0m [32mdmonitoringmodeld[0m [32msensord[0m [32mui[0m [32msoundd[0m [32mlocationd[0m [32mcalibrationd[0m [32mtorqued[0m [32mcontrolsd[0m [32mselfdrived[0m [32mcard[0m [32mdeleter[0m [32mdmonitoringd[0m [32mqcomgpsd[0m [32mpandad[0m [32mparamsd[0m [32mlagd[0m [32mplannerd[0m [32mradard[0m [32mhardwared[0m [32mtombstoned[0m [32muploader[0m [32mstatsd[0m [32mfeedbackd[0m [32mmodeld_tinygrad[0m [32mmapd[0m [32mmapd_manager[0m [32mrtid[0m
[32mloggerd[0m [32mencoderd[0m [32mlogmessaged[0m [32mcamerad[0m [32mlogcatd[0m [32mproclogd[0m [32mmicd[0m [32mtimed[0m [32mdmonitoringmodeld[0m [32msensord[0m [32mui[0m [32msoundd[0m [32mlocationd[0m [32mcalibrationd[0m [32mtorqued[0m [32mcontrolsd[0m [32mselfdrived[0m [32mcard[0m [32mdeleter[0m [32mdmonitoringd[0m [32mqcomgpsd[0m [32mpandad[0m [32mparamsd[0m [32mlagd[0m [32mplannerd[0m [32mradard[0m [32mhardwared[0m [32mtombstoned[0m [32muploader[0m [32mstatsd[0m [32mfeedbackd[0m [32mmodeld_tinygrad[0m [32mmapd[0m [32mmapd_manager[0m [32mrtid[0m
[32mloggerd[0m [32mencoderd[0m [32mlogmessaged[0m [32mcamerad[0m [32mlogcatd[0m [32mproclogd[0m [32mmicd[0m [32mtimed[0m [32mdmonitoringmodeld[0m [32msensord[0m [32mui[0m [32msoundd[0m [32mlocationd[0m [32mcalibrationd[0m [32mtorqued[0m [32mcontrolsd[0m [32mselfdrived[0m [32mcard[0m [32mdeleter[0m [32mdmonitoringd[0m [32mqcomgpsd[0m [32mpandad[0m [32mparamsd[0m [32mlagd[0m [32mplannerd[0m [32mradard[0m [32mhardwared[0m [32mtombstoned[0m [32muploader[0m [32mstatsd[0m [32mfeedbackd[0m [32mmodeld_tinygrad[0m [32mmapd[0m [32mmapd_manager[0m [32mrtid[0m
[32mloggerd[0m [32mencoderd[0m [32mlogmessaged[0m [32mcamerad[0m [32mlogcatd[0m [32mproclogd[0m [32mmicd[0m [32mtimed[0m [32mdmonitoringmodeld[0m [32msensord[0m [32mui[0m [32msoundd[0m [32mlocationd[0m [32mcalibrationd[0m [32mtorqued[0m [32mcontrolsd[0m [32mselfdrived[0m [32mcard[0m [32mdeleter[0m [32mdmonitoringd[0m [32mqcomgpsd[0m [32mpandad[0m [32mparamsd[0m [32mlagd[0m [32mplannerd[0m [32mradard[0m [32mhardwared[0m [32mtombstoned[0m [32muploader[0m [32mstatsd[0m [32mfeedbackd[0m [32mmodeld_tinygrad[0m [32mmapd[0m [32mmapd_manager[0m [32mrtid[0m
[32mloggerd[0m [32mencoderd[0m [32mlogmessaged[0m [32mcamerad[0m [32mlogcatd[0m [32mproclogd[0m [32mmicd[0m [32mtimed[0m [32mdmonitoringmodeld[0m [32msensord[0m [32mui[0m [32msoundd[0m [32mlocationd[0m [32mcalibrationd[0m [32mtorqued[0m [32mcontrolsd[0m [32mselfdrived[0m [32mcard[0m [32mdeleter[0m [32mdmonitoringd[0m [32mqcomgpsd[0m [32mpandad[0m [32mparamsd[0m [32mlagd[0m [32mplannerd[0m [32mradard[0m [32mhardwared[0m [32mtombstoned[0m [32muploader[0m [32mstatsd[0m [32mfeedbackd[0m [32mmodeld_tinygrad[0m [32mmapd[0m [32mmapd_manager[0m [32mrtid[0m
[32mloggerd[0m [32mencoderd[0m [32mlogmessaged[0m [32mcamerad[0m [32mlogcatd[0m [32mproclogd[0m [32mmicd[0m [32mtimed[0m [32mdmonitoringmodeld[0m [32msensord[0m [32mui[0m [32msoundd[0m [32mlocationd[0m [32mcalibrationd[0m [32mtorqued[0m [32mcontrolsd[0m [32mselfdrived[0m [32mcard[0m [32mdeleter[0m [32mdmonitoringd[0m [32mqcomgpsd[0m [32mpandad[0m [32mparamsd[0m [32mlagd[0m [32mplannerd[0m [32mradard[0m [32mhardwared[0m [32mtombstoned[0m [32muploader[0m [32mstatsd[0m [32mfeedbackd[0m [32mmodeld_tinygrad[0m [32mmapd[0m [32mmapd_manager[0m [32mrtid[0m
RTI cycle took 0.037s
RTI cycle took 0.055s
RTI cycle took 0.036s
RTI cycle took 0.047s
RTI cycle took 0.041s
RTI cycle took 0.038s
RTI cycle took 0.110s
RTI cycle took 0.057s
RTI cycle took 0.026s
RTI cycle took 0.058s
RTI cycle took 0.037s
RTI cycle took 0.018s
RTI cycle took 0.035s
RTI cycle took 0.017s
RTI cycle took 0.021s
RTI cycle took 0.037s
RTI cycle took 0.039s
RTI cycle took 0.037s
RTI cycle took 0.042s
RTI cycle took 0.028s
RTI cycle took 0.034s
RTI cycle took 0.039s
RTI cycle took 0.028s
RTI cycle took 0.042s
RTI cycle took 0.032s
RTI cycle took 0.039s
RTI cycle took 0.030s
RTI cycle took 0.039s
RTI cycle took 0.035s
RTI cycle took 0.045s
RTI cycle took 0.034s
RTI cycle took 0.038s
RTI cycle took 0.040s
RTI cycle took 0.028s
RTI cycle took 0.037s
RTI cycle took 0.019s
RTI cycle took 0.027s
RTI cycle took 0.042s
RTI cycle took 0.027s
RTI cycle took 0.039s
RTI cycle took 0.046s
RTI cycle took 0.024s
RTI cycle took 0.038s
RTI cycle took 0.030s
RTI cycle took 0.091s
RTI cycle took 0.018s
RTI cycle took 0.025s
RTI cycle took 0.039s
RTI cycle took 0.026s
RTI cycle took 0.025s
RTI cycle took 0.046s
RTI cycle took 0.017s
RTI cycle took 0.025s
RTI cycle took 0.038s
RTI cycle took 0.018s
RTI cycle took 0.019s
RTI cycle took 0.035s
RTI cycle took 0.033s
RTI cycle took 0.028s
RTI cycle took 0.018s
RTI cycle took 0.015s
RTI cycle took 0.034s
RTI cycle took 0.020s
RTI cycle took 0.020s
RTI cycle took 0.026s
RTI cycle took 0.020s
RTI cycle took 0.030s
RTI cycle took 0.027s
RTI cycle took 0.040s
RTI cycle took 0.028s
RTI cycle took 0.030s
RTI cycle took 0.039s
RTI cycle took 0.039s
RTI cycle took 0.027s
RTI cycle took 0.040s
RTI cycle took 0.037s
RTI cycle took 0.019s
RTI cycle took 0.019s
RTI cycle took 0.023s
RTI cycle took 0.031s
RTI cycle took 0.038s
RTI cycle took 0.019s
RTI cycle took 0.041s
RTI cycle took 0.014s
RTI cycle took 0.027s
RTI cycle took 0.037s
RTI cycle took 0.028s
RTI cycle took 0.029s
RTI cycle took 0.029s
RTI cycle took 0.039s
RTI cycle took 0.030s
RTI cycle took 0.029s
RTI cycle took 0.019s
RTI cycle took 0.037s
RTI cycle took 0.030s
RTI cycle took 0.030s
RTI cycle took 0.018s
RTI cycle took 0.025s
RTI cycle took 0.030s
RTI cycle took 0.028s
RTI cycle took 0.040s
RTI cycle took 0.018s
RTI cycle took 0.027s
RTI cycle took 0.028s
RTI cycle took 0.027s
RTI cycle took 0.030s
RTI cycle took 0.028s
RTI cycle took 0.037s
RTI cycle took 0.030s
RTI cycle took 0.017s
RTI cycle took 0.015s
RTI cycle took 0.013s
RTI cycle took 0.030s
RTI cycle took 0.042s
RTI cycle took 0.026s
RTI cycle took 0.040s
RTI cycle took 0.040s
RTI cycle took 0.040s
RTI cycle took 0.027s
RTI cycle took 0.028s
RTI cycle took 0.017s
RTI cycle took 0.025s
RTI cycle took 0.028s
RTI cycle took 0.049s
RTI cycle took 0.039s
RTI cycle took 0.029s
RTI cycle took 0.031s
RTI cycle took 0.026s
RTI cycle took 0.020s
RTI cycle took 0.029s
RTI cycle took 0.029s
RTI cycle took 0.039s
RTI cycle took 0.031s
RTI cycle took 0.024s
RTI cycle took 0.043s
RTI cycle took 0.017s
RTI cycle took 0.027s
RTI cycle took 0.029s
RTI cycle took 0.026s
RTI cycle took 0.041s
RTI cycle took 0.017s
RTI cycle took 0.036s
RTI cycle took 0.041s
RTI cycle took 0.028s
RTI cycle took 0.031s
RTI cycle took 0.017s
RTI cycle took 0.017s
RTI cycle took 0.033s
RTI cycle took 0.028s
RTI cycle took 0.031s
RTI cycle took 0.029s
RTI cycle took 0.037s
RTI cycle took 0.032s
RTI cycle took 0.027s
RTI cycle took 0.028s
RTI cycle took 0.042s
RTI cycle took 0.020s
RTI cycle took 0.035s
RTI cycle took 0.030s
RTI cycle took 0.039s
RTI cycle took 0.020s
RTI cycle took 0.037s
RTI cycle took 0.027s
RTI cycle took 0.023s
RTI cycle took 0.036s
RTI cycle took 0.040s
RTI cycle took 0.036s
RTI cycle took 0.030s
RTI cycle took 0.029s
RTI cycle took 0.031s
RTI cycle took 0.045s
RTI cycle took 0.014s
RTI cycle took 0.022s
RTI cycle took 0.028s
RTI cycle took 0.030s
RTI cycle took 0.028s
RTI cycle took 0.029s
RTI cycle took 0.030s
RTI cycle took 0.039s
RTI cycle took 0.036s
RTI cycle took 0.027s
RTI cycle took 0.017s
RTI cycle took 0.027s
RTI cycle took 0.028s
RTI cycle took 0.041s
RTI cycle took 0.037s
RTI cycle took 0.038s
RTI cycle took 0.023s
RTI cycle took 0.024s
RTI cycle took 0.031s
RTI cycle took 0.025s
RTI cycle took 0.019s
RTI cycle took 0.027s
RTI cycle took 0.019s
RTI cycle took 0.047s
[32mloggerd[0m [32mencoderd[0m [32mlogmessaged[0m [32mcamerad[0m [32mlogcatd[0m [32mproclogd[0m [32mmicd[0m [32mtimed[0m [32mdmonitoringmodeld[0m [32msensord[0m [32mui[0m [32msoundd[0m [32mlocationd[0m [32mcalibrationd[0m [32mtorqued[0m [32mcontrolsd[0m [32mselfdrived[0m [32mcard[0m [32mdeleter[0m [32mdmonitoringd[0m [32mqcomgpsd[0m [32mpandad[0m [32mparamsd[0m [32mlagd[0m [32mplannerd[0m [32mradard[0m [32mhardwared[0m [32mtombstoned[0m [32muploader[0m [32mstatsd[0m [32mfeedbackd[0m [32mmodeld_tinygrad[0m [32mmapd[0m [32mmapd_manager[0m [32mrtid[0m
[32mloggerd[0m [32mencoderd[0m [32mlogmessaged[0m [32mcamerad[0m [32mlogcatd[0m [32mproclogd[0m [32mmicd[0m [32mtimed[0m [32mdmonitoringmodeld[0m [32msensord[0m [32mui[0m [32msoundd[0m [32mlocationd[0m [32mcalibrationd[0m [32mtorqued[0m [32mcontrolsd[0m [32mselfdrived[0m [32mcard[0m [32mdeleter[0m [32mdmonitoringd[0m [32mqcomgpsd[0m [32mpandad[0m [32mparamsd[0m [32mlagd[0m [32mplannerd[0m [32mradard[0m [32mhardwared[0m [32mtombstoned[0m [32muploader[0m [32mstatsd[0m [32mfeedbackd[0m [32mmodeld_tinygrad[0m [32mmapd[0m [32mmapd_manager[0m [32mrtid[0m
[32mloggerd[0m [32mencoderd[0m [32mlogmessaged[0m [32mcamerad[0m [32mlogcatd[0m [32mproclogd[0m [32mmicd[0m [32mtimed[0m [32mdmonitoringmodeld[0m [32msensord[0m [32mui[0m [32msoundd[0m [32mlocationd[0m [32mcalibrationd[0m [32mtorqued[0m [32mcontrolsd[0m [32mselfdrived[0m [32mcard[0m [32mdeleter[0m [32mdmonitoringd[0m [32mqcomgpsd[0m [32mpandad[0m [32mparamsd[0m [32mlagd[0m [32mplannerd[0m [32mradard[0m [32mhardwared[0m [32mtombstoned[0m [32muploader[0m [32mstatsd[0m [32mfeedbackd[0m [32mmodeld_tinygrad[0m [32mmapd[0m [32mmapd_manager[0m [32mrtid[0m
[32mloggerd[0m [32mencoderd[0m [32mlogmessaged[0m [32mcamerad[0m [32mlogcatd[0m [32mproclogd[0m [32mmicd[0m [32mtimed[0m [32mdmonitoringmodeld[0m [32msensord[0m [32mui[0m [32msoundd[0m [32mlocationd[0m [32mcalibrationd[0m [32mtorqued[0m [32mcontrolsd[0m [32mselfdrived[0m [32mcard[0m [32mdeleter[0m [32mdmonitoringd[0m [32mqcomgpsd[0m [32mpandad[0m [32mparamsd[0m [32mlagd[0m [32mplannerd[0m [32mradard[0m [32mhardwared[0m [32mtombstoned[0m [32muploader[0m [32mstatsd[0m [32mfeedbackd[0m [32mmodeld_tinygrad[0m [32mmapd[0m [32mmapd_manager[0m [32mrtid[0m
[32mloggerd[0m [32mencoderd[0m [32mlogmessaged[0m [32mcamerad[0m [32mlogcatd[0m [32mproclogd[0m [32mmicd[0m [32mtimed[0m [32mdmonitoringmodeld[0m [32msensord[0m [32mui[0m [32msoundd[0m [32mlocationd[0m [32mcalibrationd[0m [32mtorqued[0m [32mcontrolsd[0m [32mselfdrived[0m [32mcard[0m [32mdeleter[0m [32mdmonitoringd[0m [32mqcomgpsd[0m [32mpandad[0m [32mparamsd[0m [32mlagd[0m [32mplannerd[0m [32mradard[0m [32mhardwared[0m [32mtombstoned[0m [32muploader[0m [32mstatsd[0m [32mfeedbackd[0m [32mmodeld_tinygrad[0m [32mmapd[0m [32mmapd_manager[0m [32mrtid[0m
[32mloggerd[0m [32mencoderd[0m [32mlogmessaged[0m [32mcamerad[0m [32mlogcatd[0m [32mproclogd[0m [32mmicd[0m [32mtimed[0m [32mdmonitoringmodeld[0m [32msensord[0m [32mui[0m [32msoundd[0m [32mlocationd[0m [32mcalibrationd[0m [32mtorqued[0m [32mcontrolsd[0m [32mselfdrived[0m [32mcard[0m [32mdeleter[0m [32mdmonitoringd[0m [32mqcomgpsd[0m [32mpandad[0m [32mparamsd[0m [32mlagd[0m [32mplannerd[0m [32mradard[0m [32mhardwared[0m [32mtombstoned[0m [32muploader[0m [32mstatsd[0m [32mfeedbackd[0m [32mmodeld_tinygrad[0m [32mmapd[0m [32mmapd_manager[0m [32mrtid[0m
[32mloggerd[0m [32mencoderd[0m [32mlogmessaged[0m [32mcamerad[0m [32mlogcatd[0m [32mproclogd[0m [32mmicd[0m [32mtimed[0m [32mdmonitoringmodeld[0m [32msensord[0m [32mui[0m [32msoundd[0m [32mlocationd[0m [32mcalibrationd[0m [32mtorqued[0m [32mcontrolsd[0m [32mselfdrived[0m [32mcard[0m [32mdeleter[0m [32mdmonitoringd[0m [32mqcomgpsd[0m [32mpandad[0m [32mparamsd[0m [32mlagd[0m [32mplannerd[0m [32mradard[0m [32mhardwared[0m [32mtombstoned[0m [32muploader[0m [32mstatsd[0m [32mfeedbackd[0m [32mmodeld_tinygrad[0m [32mmapd[0m [32mmapd_manager[0m [32mrtid[0m
[32mloggerd[0m [32mencoderd[0m [32mlogmessaged[0m [32mcamerad[0m [32mlogcatd[0m [32mproclogd[0m [32mmicd[0m [32mtimed[0m [32mdmonitoringmodeld[0m [32msensord[0m [32mui[0m [32msoundd[0m [32mlocationd[0m [32mcalibrationd[0m [32mtorqued[0m [32mcontrolsd[0m [32mselfdrived[0m [32mcard[0m [32mdeleter[0m [32mdmonitoringd[0m [32mqcomgpsd[0m [32mpandad[0m [32mparamsd[0m [32mlagd[0m [32mplannerd[0m [32mradard[0m [32mhardwared[0m [32mtombstoned[0m [32muploader[0m [32mstatsd[0m [32mfeedbackd[0m [32mmodeld_tinygrad[0m [32mmapd[0m [32mmapd_manager[0m [32mrtid[0m
[32mloggerd[0m [32mencoderd[0m [32mlogmessaged[0m [32mcamerad[0m [32mlogcatd[0m [32mproclogd[0m [32mmicd[0m [32mtimed[0m [32mdmonitoringmodeld[0m [32msensord[0m [32mui[0m [32msoundd[0m [32mlocationd[0m [32mcalibrationd[0m [32mtorqued[0m [32mcontrolsd[0m [32mselfdrived[0m [32mcard[0m [32mdeleter[0m [32mdmonitoringd[0m [32mqcomgpsd[0m [32mpandad[0m [32mparamsd[0m [32mlagd[0m [32mplannerd[0m [32mradard[0m [32mhardwared[0m [32mtombstoned[0m [32muploader[0m [32mstatsd[0m [32mfeedbackd[0m [32mmodeld_tinygrad[0m [32mmapd[0m [32mmapd_manager[0m [32mrtid[0m
[32mloggerd[0m [32mencoderd[0m [32mlogmessaged[0m [32mcamerad[0m [32mlogcatd[0m [32mproclogd[0m [32mmicd[0m [32mtimed[0m [32mdmonitoringmodeld[0m [32msensord[0m [32mui[0m [32msoundd[0m [32mlocationd[0m [32mcalibrationd[0m [32mtorqued[0m [32mcontrolsd[0m [32mselfdrived[0m [32mcard[0m [32mdeleter[0m [32mdmonitoringd[0m [32mqcomgpsd[0m [32mpandad[0m [32mparamsd[0m [32mlagd[0m [32mplannerd[0m [32mradard[0m [32mhardwared[0m [32mtombstoned[0m [32muploader[0m [32mstatsd[0m [32mfeedbackd[0m [32mmodeld_tinygrad[0m [32mmapd[0m [32mmapd_manager[0m [32mrtid[0m
[32mloggerd[0m [32mencoderd[0m [32mlogmessaged[0m [32mcamerad[0m [32mlogcatd[0m [32mproclogd[0m [32mmicd[0m [32mtimed[0m [32mdmonitoringmodeld[0m [32msensord[0m [32mui[0m [32msoundd[0m [32mlocationd[0m [32mcalibrationd[0m [32mtorqued[0m [32mcontrolsd[0m [32mselfdrived[0m [32mcard[0m [32mdeleter[0m [32mdmonitoringd[0m [32mqcomgpsd[0m [32mpandad[0m [32mparamsd[0m [32mlagd[0m [32mplannerd[0m [32mradard[0m [32mhardwared[0m [32mtombstoned[0m [32muploader[0m [32mstatsd[0m [32mfeedbackd[0m [32mmodeld_tinygrad[0m [32mmapd[0m [32mmapd_manager[0m [32mrtid[0m
[32mloggerd[0m [32mencoderd[0m [32mlogmessaged[0m [32mcamerad[0m [32mlogcatd[0m [32mproclogd[0m [32mmicd[0m [32mtimed[0m [32mdmonitoringmodeld[0m [32msensord[0m [32mui[0m [32msoundd[0m [32mlocationd[0m [32mcalibrationd[0m [32mtorqued[0m [32mcontrolsd[0m [32mselfdrived[0m [32mcard[0m [32mdeleter[0m [32mdmonitoringd[0m [32mqcomgpsd[0m [32mpandad[0m [32mparamsd[0m [32mlagd[0m [32mplannerd[0m [32mradard[0m [32mhardwared[0m [32mtombstoned[0m [32muploader[0m [32mstatsd[0m [32mfeedbackd[0m [32mmodeld_tinygrad[0m [32mmapd[0m [32mmapd_manager[0m [32mrtid[0m
[32mloggerd[0m [32mencoderd[0m [32mlogmessaged[0m [32mcamerad[0m [32mlogcatd[0m [32mproclogd[0m [32mmicd[0m [32mtimed[0m [32mdmonitoringmodeld[0m [32msensord[0m [32mui[0m [32msoundd[0m [32mlocationd[0m [32mcalibrationd[0m [32mtorqued[0m [32mcontrolsd[0m [32mselfdrived[0m [32mcard[0m [32mdeleter[0m [32mdmonitoringd[0m [32mqcomgpsd[0m [32mpandad[0m [32mparamsd[0m [32mlagd[0m [32mplannerd[0m [32mradard[0m [32mhardwared[0m [32mtombstoned[0m [32muploader[0m [32mstatsd[0m [32mfeedbackd[0m [32mmodeld_tinygrad[0m [32mmapd[0m [32mmapd_manager[0m [32mrtid[0m
RTI cycle took 0.023s
RTI cycle took 0.025s
RTI cycle took 0.040s
RTI cycle took 0.021s
RTI cycle took 0.037s
RTI cycle took 0.028s
RTI cycle took 0.021s
RTI cycle took 0.028s
RTI cycle took 0.020s
RTI cycle took 0.020s
RTI cycle took 0.029s
RTI cycle took 0.029s
RTI cycle took 0.041s
RTI cycle took 0.016s
RTI cycle took 0.027s
RTI cycle took 0.029s
RTI cycle took 0.048s
RTI cycle took 0.039s
RTI cycle took 0.019s
RTI cycle took 0.027s
RTI cycle took 0.036s
RTI cycle took 0.023s
RTI cycle took 0.038s
RTI cycle took 0.032s
RTI cycle took 0.026s
RTI cycle took 0.039s
RTI cycle took 0.020s
RTI cycle took 0.030s
RTI cycle took 0.032s
RTI cycle took 0.015s
RTI cycle took 0.025s
RTI cycle took 0.028s
RTI cycle took 0.028s
RTI cycle took 0.040s
RTI cycle took 0.016s
RTI cycle took 0.035s
RTI cycle took 0.041s
RTI cycle took 0.028s
RTI cycle took 0.029s
RTI cycle took 0.041s
RTI cycle took 0.016s
RTI cycle took 0.027s
RTI cycle took 0.017s
RTI cycle took 0.036s
RTI cycle took 0.030s
RTI cycle took 0.038s
RTI cycle took 0.020s
RTI cycle took 0.038s
RTI cycle took 0.034s
RTI cycle took 0.029s
RTI cycle took 0.021s
RTI cycle took 0.027s
RTI cycle took 0.032s
RTI cycle took 0.027s
RTI cycle took 0.028s
RTI cycle took 0.040s
RTI cycle took 0.038s
RTI cycle took 0.040s
RTI cycle took 0.024s
RTI cycle took 0.020s
RTI cycle took 0.018s
RTI cycle took 0.025s
RTI cycle took 0.031s
RTI cycle took 0.029s
RTI cycle took 0.028s
RTI cycle took 0.031s
RTI cycle took 0.039s
RTI cycle took 0.028s
RTI cycle took 0.020s
RTI cycle took 0.039s
RTI cycle took 0.039s
RTI cycle took 0.036s
RTI cycle took 0.020s
RTI cycle took 0.026s
RTI cycle took 0.027s
RTI cycle took 0.021s
RTI cycle took 0.027s
RTI cycle took 0.040s
RTI cycle took 0.021s
RTI cycle took 0.018s
RTI cycle took 0.028s
RTI cycle took 0.040s
RTI cycle took 0.041s
RTI cycle took 0.034s
RTI cycle took 0.030s
RTI cycle took 0.028s
RTI cycle took 0.039s
RTI cycle took 0.031s
RTI cycle took 0.028s
RTI cycle took 0.031s
RTI cycle took 0.027s
RTI cycle took 0.050s
RTI cycle took 0.028s
RTI cycle took 0.030s
RTI cycle took 0.030s
RTI cycle took 0.018s
RTI cycle took 0.037s
RTI cycle took 0.028s
RTI cycle took 0.042s
RTI cycle took 0.024s
RTI cycle took 0.029s
RTI cycle took 0.020s
RTI cycle took 0.030s
RTI cycle took 0.028s
RTI cycle took 0.041s
RTI cycle took 0.020s
RTI cycle took 0.026s
RTI cycle took 0.039s
RTI cycle took 0.027s
RTI cycle took 0.029s
RTI cycle took 0.021s
RTI cycle took 0.034s
RTI cycle took 0.028s
RTI cycle took 0.021s
RTI cycle took 0.039s
RTI cycle took 0.027s
RTI cycle took 0.028s
RTI cycle took 0.037s
RTI cycle took 0.021s
RTI cycle took 0.017s
RTI cycle took 0.029s
RTI cycle took 0.026s
RTI cycle took 0.042s
RTI cycle took 0.027s
RTI cycle took 0.027s
RTI cycle took 0.030s
RTI cycle took 0.040s
RTI cycle took 0.026s
RTI cycle took 0.022s
RTI cycle took 0.028s
RTI cycle took 0.028s
RTI cycle took 0.029s
RTI cycle took 0.037s
RTI cycle took 0.028s
RTI cycle took 0.024s
RTI cycle took 0.028s
RTI cycle took 0.031s
RTI cycle took 0.028s
RTI cycle took 0.022s
RTI cycle took 0.039s
RTI cycle took 0.037s
RTI cycle took 0.029s
RTI cycle took 0.020s
RTI cycle took 0.026s
RTI cycle took 0.019s
RTI cycle took 0.047s
RTI cycle took 0.042s
RTI cycle took 0.033s
RTI cycle took 0.027s
RTI cycle took 0.038s
RTI cycle took 0.030s
RTI cycle took 0.030s
RTI cycle took 0.036s
RTI cycle took 0.042s
RTI cycle took 0.018s
RTI cycle took 0.015s
RTI cycle took 0.025s
RTI cycle took 0.028s
RTI cycle took 0.031s
RTI cycle took 0.037s
RTI cycle took 0.031s
RTI cycle took 0.036s
RTI cycle took 0.039s
RTI cycle took 0.038s
RTI cycle took 0.040s
RTI cycle took 0.069s
RTI cycle took 0.049s
RTI cycle took 0.055s
RTI cycle took 0.037s
RTI cycle took 0.127s
RTI cycle took 0.020s
skipping model eval. Dropped 1 frames
RTI cycle took 0.051s
RTI cycle took 0.047s
RTI cycle took 0.071s
RTI cycle took 0.033s
RTI cycle took 0.053s
RTI cycle took 0.019s
RTI cycle took 0.027s
RTI cycle took 0.039s
RTI cycle took 0.053s
RTI cycle took 0.070s
RTI cycle took 0.036s
RTI cycle took 0.036s
RTI cycle took 0.031s
RTI cycle took 0.039s
RTI cycle took 0.040s
RTI cycle took 0.028s
RTI cycle took 0.042s
RTI cycle took 0.047s
RTI cycle took 0.018s
RTI cycle took 0.037s
RTI cycle took 0.028s
RTI cycle took 0.026s
RTI cycle took 0.045s
[32mloggerd[0m [32mencoderd[0m [32mlogmessaged[0m [32mcamerad[0m [32mlogcatd[0m [32mproclogd[0m [32mmicd[0m [32mtimed[0m [32mdmonitoringmodeld[0m [32msensord[0m [32mui[0m [32msoundd[0m [32mlocationd[0m [32mcalibrationd[0m [32mtorqued[0m [32mcontrolsd[0m [32mselfdrived[0m [32mcard[0m [32mdeleter[0m [32mdmonitoringd[0m [32mqcomgpsd[0m [32mpandad[0m [32mparamsd[0m [32mlagd[0m [32mplannerd[0m [32mradard[0m [32mhardwared[0m [32mtombstoned[0m [32muploader[0m [32mstatsd[0m [32mfeedbackd[0m [32mmodeld_tinygrad[0m [32mmapd[0m [32mmapd_manager[0m [32mrtid[0m
[32mloggerd[0m [32mencoderd[0m [32mlogmessaged[0m [32mcamerad[0m [32mlogcatd[0m [32mproclogd[0m [32mmicd[0m [32mtimed[0m [32mdmonitoringmodeld[0m [32msensord[0m [32mui[0m [32msoundd[0m [32mlocationd[0m [32mcalibrationd[0m [32mtorqued[0m [32mcontrolsd[0m [32mselfdrived[0m [32mcard[0m [32mdeleter[0m [32mdmonitoringd[0m [32mqcomgpsd[0m [32mpandad[0m [32mparamsd[0m [32mlagd[0m [32mplannerd[0m [32mradard[0m [32mhardwared[0m [32mtombstoned[0m [32muploader[0m [32mstatsd[0m [32mfeedbackd[0m [32mmodeld_tinygrad[0m [32mmapd[0m [32mmapd_manager[0m [32mrtid[0m
[32mloggerd[0m [32mencoderd[0m [32mlogmessaged[0m [32mcamerad[0m [32mlogcatd[0m [32mproclogd[0m [32mmicd[0m [32mtimed[0m [32mdmonitoringmodeld[0m [32msensord[0m [32mui[0m [32msoundd[0m [32mlocationd[0m [32mcalibrationd[0m [32mtorqued[0m [32mcontrolsd[0m [32mselfdrived[0m [32mcard[0m [32mdeleter[0m [32mdmonitoringd[0m [32mqcomgpsd[0m [32mpandad[0m [32mparamsd[0m [32mlagd[0m [32mplannerd[0m [32mradard[0m [32mhardwared[0m [32mtombstoned[0m [32muploader[0m [32mstatsd[0m [32mfeedbackd[0m [32mmodeld_tinygrad[0m [32mmapd[0m [32mmapd_manager[0m [32mrtid[0m
[32mloggerd[0m [32mencoderd[0m [32mlogmessaged[0m [32mcamerad[0m [32mlogcatd[0m [32mproclogd[0m [32mmicd[0m [32mtimed[0m [32mdmonitoringmodeld[0m [32msensord[0m [32mui[0m [32msoundd[0m [32mlocationd[0m [32mcalibrationd[0m [32mtorqued[0m [32mcontrolsd[0m [32mselfdrived[0m [32mcard[0m [32mdeleter[0m [32mdmonitoringd[0m [32mqcomgpsd[0m [32mpandad[0m [32mparamsd[0m [32mlagd[0m [32mplannerd[0m [32mradard[0m [32mhardwared[0m [32mtombstoned[0m [32muploader[0m [32mstatsd[0m [32mfeedbackd[0m [32mmodeld_tinygrad[0m [32mmapd[0m [32mmapd_manager[0m [32mrtid[0m
[32mloggerd[0m [32mencoderd[0m [32mlogmessaged[0m [32mcamerad[0m [32mlogcatd[0m [32mproclogd[0m [32mmicd[0m [32mtimed[0m [32mdmonitoringmodeld[0m [32msensord[0m [32mui[0m [32msoundd[0m [32mlocationd[0m [32mcalibrationd[0m [32mtorqued[0m [32mcontrolsd[0m [32mselfdrived[0m [32mcard[0m [32mdeleter[0m [32mdmonitoringd[0m [32mqcomgpsd[0m [32mpandad[0m [32mparamsd[0m [32mlagd[0m [32mplannerd[0m [32mradard[0m [32mhardwared[0m [32mtombstoned[0m [32muploader[0m [32mstatsd[0m [32mfeedbackd[0m [32mmodeld_tinygrad[0m [32mmapd[0m [32mmapd_manager[0m [32mrtid[0m
[32mloggerd[0m [32mencoderd[0m [32mlogmessaged[0m [32mcamerad[0m [32mlogcatd[0m [32mproclogd[0m [32mmicd[0m [32mtimed[0m [32mdmonitoringmodeld[0m [32msensord[0m [32mui[0m [32msoundd[0m [32mlocationd[0m [32mcalibrationd[0m [32mtorqued[0m [32mcontrolsd[0m [32mselfdrived[0m [32mcard[0m [32mdeleter[0m [32mdmonitoringd[0m [32mqcomgpsd[0m [32mpandad[0m [32mparamsd[0m [32mlagd[0m [32mplannerd[0m [32mradard[0m [32mhardwared[0m [32mtombstoned[0m [32muploader[0m [32mstatsd[0m [32mfeedbackd[0m [32mmodeld_tinygrad[0m [32mmapd[0m [32mmapd_manager[0m [32mrtid[0m
[32mloggerd[0m [32mencoderd[0m [32mlogmessaged[0m [32mcamerad[0m [32mlogcatd[0m [32mproclogd[0m [32mmicd[0m [32mtimed[0m [32mdmonitoringmodeld[0m [32msensord[0m [32mui[0m [32msoundd[0m [32mlocationd[0m [32mcalibrationd[0m [32mtorqued[0m [32mcontrolsd[0m [32mselfdrived[0m [32mcard[0m [32mdeleter[0m [32mdmonitoringd[0m [32mqcomgpsd[0m [32mpandad[0m [32mparamsd[0m [32mlagd[0m [32mplannerd[0m [32mradard[0m [32mhardwared[0m [32mtombstoned[0m [32muploader[0m [32mstatsd[0m [32mfeedbackd[0m [32mmodeld_tinygrad[0m [32mmapd[0m [32mmapd_manager[0m [32mrtid[0m
[32mloggerd[0m [32mencoderd[0m [32mlogmessaged[0m [32mcamerad[0m [32mlogcatd[0m [32mproclogd[0m [32mmicd[0m [32mtimed[0m [32mdmonitoringmodeld[0m [32msensord[0m [32mui[0m [32msoundd[0m [32mlocationd[0m [32mcalibrationd[0m [32mtorqued[0m [32mcontrolsd[0m [32mselfdrived[0m [32mcard[0m [32mdeleter[0m [32mdmonitoringd[0m [32mqcomgpsd[0m [32mpandad[0m [32mparamsd[0m [32mlagd[0m [32mplannerd[0m [32mradard[0m [32mhardwared[0m [32mtombstoned[0m [32muploader[0m [32mstatsd[0m [32mfeedbackd[0m [32mmodeld_tinygrad[0m [32mmapd[0m [32mmapd_manager[0m [32mrtid[0m
[32mloggerd[0m [32mencoderd[0m [32mlogmessaged[0m [32mcamerad[0m [32mlogcatd[0m [32mproclogd[0m [32mmicd[0m [32mtimed[0m [32mdmonitoringmodeld[0m [32msensord[0m [32mui[0m [32msoundd[0m [32mlocationd[0m [32mcalibrationd[0m [32mtorqued[0m [32mcontrolsd[0m [32mselfdrived[0m [32mcard[0m [32mdeleter[0m [32mdmonitoringd[0m [32mqcomgpsd[0m [32mpandad[0m [32mparamsd[0m [32mlagd[0m [32mplannerd[0m [32mradard[0m [32mhardwared[0m [32mtombstoned[0m [32muploader[0m [32mstatsd[0m [32mfeedbackd[0m [32mmodeld_tinygrad[0m [32mmapd[0m [32mmapd_manager[0m [32mrtid[0m
[32mloggerd[0m [32mencoderd[0m [32mlogmessaged[0m [32mcamerad[0m [32mlogcatd[0m [32mproclogd[0m [32mmicd[0m [32mtimed[0m [32mdmonitoringmodeld[0m [32msensord[0m [32mui[0m [32msoundd[0m [32mlocationd[0m [32mcalibrationd[0m [32mtorqued[0m [32mcontrolsd[0m [32mselfdrived[0m [32mcard[0m [32mdeleter[0m [32mdmonitoringd[0m [32mqcomgpsd[0m [32mpandad[0m [32mparamsd[0m [32mlagd[0m [32mplannerd[0m [32mradard[0m [32mhardwared[0m [32mtombstoned[0m [32muploader[0m [32mstatsd[0m [32mfeedbackd[0m [32mmodeld_tinygrad[0m [32mmapd[0m [32mmapd_manager[0m [32mrtid[0m
[32mloggerd[0m [32mencoderd[0m [32mlogmessaged[0m [32mcamerad[0m [32mlogcatd[0m [32mproclogd[0m [32mmicd[0m [32mtimed[0m [32mdmonitoringmodeld[0m [32msensord[0m [32mui[0m [32msoundd[0m [32mlocationd[0m [32mcalibrationd[0m [32mtorqued[0m [32mcontrolsd[0m [32mselfdrived[0m [32mcard[0m [32mdeleter[0m [32mdmonitoringd[0m [32mqcomgpsd[0m [32mpandad[0m [32mparamsd[0m [32mlagd[0m [32mplannerd[0m [32mradard[0m [32mhardwared[0m [32mtombstoned[0m [32muploader[0m [32mstatsd[0m [32mfeedbackd[0m [32mmodeld_tinygrad[0m [32mmapd[0m [32mmapd_manager[0m [32mrtid[0m
[32mloggerd[0m [32mencoderd[0m [32mlogmessaged[0m [32mcamerad[0m [32mlogcatd[0m [32mproclogd[0m [32mmicd[0m [32mtimed[0m [32mdmonitoringmodeld[0m [32msensord[0m [32mui[0m [32msoundd[0m [32mlocationd[0m [32mcalibrationd[0m [32mtorqued[0m [32mcontrolsd[0m [32mselfdrived[0m [32mcard[0m [32mdeleter[0m [32mdmonitoringd[0m [32mqcomgpsd[0m [32mpandad[0m [32mparamsd[0m [32mlagd[0m [32mplannerd[0m [32mradard[0m [32mhardwared[0m [32mtombstoned[0m [32muploader[0m [32mstatsd[0m [32mfeedbackd[0m [32mmodeld_tinygrad[0m [32mmapd[0m [32mmapd_manager[0m [32mrtid[0m
[32mloggerd[0m [32mencoderd[0m [32mlogmessaged[0m [32mcamerad[0m [32mlogcatd[0m [32mproclogd[0m [32mmicd[0m [32mtimed[0m [32mdmonitoringmodeld[0m [32msensord[0m [32mui[0m [32msoundd[0m [32mlocationd[0m [32mcalibrationd[0m [32mtorqued[0m [32mcontrolsd[0m [32mselfdrived[0m [32mcard[0m [32mdeleter[0m [32mdmonitoringd[0m [32mqcomgpsd[0m [32mpandad[0m [32mparamsd[0m [32mlagd[0m [32mplannerd[0m [32mradard[0m [32mhardwared[0m [32mtombstoned[0m [32muploader[0m [32mstatsd[0m [32mfeedbackd[0m [32mmodeld_tinygrad[0m [32mmapd[0m [32mmapd_manager[0m [32mrtid[0m
RTI cycle took 0.045s
RTI cycle took 0.041s
RTI cycle took 0.030s
RTI cycle took 0.033s
RTI cycle took 0.041s
RTI cycle took 0.047s
RTI cycle took 0.032s
RTI cycle took 0.040s
RTI cycle took 0.039s
RTI cycle took 0.017s
RTI cycle took 0.047s
RTI cycle took 0.051s
RTI cycle took 0.038s
RTI cycle took 0.016s
RTI cycle took 0.054s
RTI cycle took 0.050s
RTI cycle took 0.040s
RTI cycle took 0.038s
RTI cycle took 0.035s
RTI cycle took 0.040s
RTI cycle took 0.049s
RTI cycle took 0.036s
RTI cycle took 0.027s
RTI cycle took 0.021s
RTI cycle took 0.030s
RTI cycle took 0.024s
RTI cycle took 0.047s
RTI cycle took 0.034s
RTI cycle took 0.039s
RTI cycle took 0.027s
RTI cycle took 0.029s
RTI cycle took 0.040s
RTI cycle took 0.050s
RTI cycle took 0.038s
RTI cycle took 0.030s
RTI cycle took 0.035s
RTI cycle took 0.031s
RTI cycle took 0.054s
RTI cycle took 0.026s
RTI cycle took 0.035s
RTI cycle took 0.018s
RTI cycle took 0.038s
RTI cycle took 0.027s
RTI cycle took 0.042s
RTI cycle took 0.024s
RTI cycle took 0.034s
RTI cycle took 0.016s
RTI cycle took 0.033s
RTI cycle took 0.030s
RTI cycle took 0.042s
RTI cycle took 0.037s
RTI cycle took 0.049s
RTI cycle took 0.028s
RTI cycle took 0.030s
RTI cycle took 0.039s
RTI cycle took 0.049s
RTI cycle took 0.037s
RTI cycle took 0.031s
RTI cycle took 0.030s
RTI cycle took 0.036s
RTI cycle took 0.019s
RTI cycle took 0.028s
RTI cycle took 0.049s
RTI cycle took 0.028s
RTI cycle took 0.032s
RTI cycle took 0.040s
RTI cycle took 0.031s
RTI cycle took 0.030s
RTI cycle took 0.034s
RTI cycle took 0.018s
RTI cycle took 0.026s
RTI cycle took 0.041s
RTI cycle took 0.030s
RTI cycle took 0.027s
RTI cycle took 0.027s
RTI cycle took 0.029s
RTI cycle took 0.041s
RTI cycle took 0.026s
RTI cycle took 0.029s
RTI cycle took 0.018s
RTI cycle took 0.041s
RTI cycle took 0.045s
RTI cycle took 0.030s
RTI cycle took 0.027s
RTI cycle took 0.028s
RTI cycle took 0.029s
RTI cycle took 0.036s
RTI cycle took 0.024s
RTI cycle took 0.031s
RTI cycle took 0.059s
RTI cycle took 0.025s
RTI cycle took 0.025s
RTI cycle took 0.025s
RTI cycle took 0.029s
RTI cycle took 0.019s
RTI cycle took 0.039s
RTI cycle took 0.039s
RTI cycle took 0.019s
RTI cycle took 0.041s
RTI cycle took 0.023s
RTI cycle took 0.029s
RTI cycle took 0.038s
RTI cycle took 0.039s
RTI cycle took 0.031s
RTI cycle took 0.027s
RTI cycle took 0.021s
RTI cycle took 0.029s
RTI cycle took 0.029s
RTI cycle took 0.029s
RTI cycle took 0.027s
RTI cycle took 0.031s
RTI cycle took 0.027s
RTI cycle took 0.032s
RTI cycle took 0.038s
RTI cycle took 0.040s
RTI cycle took 0.027s
RTI cycle took 0.023s
RTI cycle took 0.028s
RTI cycle took 0.032s
RTI cycle took 0.017s
RTI cycle took 0.027s
RTI cycle took 0.027s
RTI cycle took 0.042s
RTI cycle took 0.038s
RTI cycle took 0.048s
RTI cycle took 0.040s
RTI cycle took 0.028s
RTI cycle took 0.038s
RTI cycle took 0.025s
RTI cycle took 0.025s
RTI cycle took 0.028s
RTI cycle took 0.040s
RTI cycle took 0.028s
RTI cycle took 0.020s
RTI cycle took 0.017s
RTI cycle took 0.031s
RTI cycle took 0.021s
RTI cycle took 0.028s
RTI cycle took 0.021s
RTI cycle took 0.028s
RTI cycle took 0.031s
RTI cycle took 0.036s
RTI cycle took 0.030s
RTI cycle took 0.030s
RTI cycle took 0.038s
RTI cycle took 0.030s
RTI cycle took 0.031s
RTI cycle took 0.049s
RTI cycle took 0.038s
RTI cycle took 0.043s
RTI cycle took 0.043s
RTI cycle took 0.024s
RTI cycle took 0.029s
RTI cycle took 0.031s
RTI cycle took 0.038s
RTI cycle took 0.039s
RTI cycle took 0.028s
RTI cycle took 0.042s
RTI cycle took 0.028s
RTI cycle took 0.037s
RTI cycle took 0.033s
RTI cycle took 0.038s
RTI cycle took 0.027s
RTI cycle took 0.044s
RTI cycle took 0.026s
RTI cycle took 0.010s
RTI cycle took 0.014s
RTI cycle took 0.014s
RTI cycle took 0.032s
RTI cycle took 0.039s
RTI cycle took 0.020s
RTI cycle took 0.027s
RTI cycle took 0.029s
RTI cycle took 0.039s
RTI cycle took 0.026s
RTI cycle took 0.030s
RTI cycle took 0.041s
RTI cycle took 0.026s
RTI cycle took 0.030s
RTI cycle took 0.026s
RTI cycle took 0.032s
RTI cycle took 0.043s
RTI cycle took 0.021s
RTI cycle took 0.029s
RTI cycle took 0.040s
RTI cycle took 0.042s
RTI cycle took 0.029s
RTI cycle took 0.041s
[32mloggerd[0m [32mencoderd[0m [32mlogmessaged[0m [32mcamerad[0m [32mlogcatd[0m [32mproclogd[0m [32mmicd[0m [32mtimed[0m [32mdmonitoringmodeld[0m [32msensord[0m [32mui[0m [32msoundd[0m [32mlocationd[0m [32mcalibrationd[0m [32mtorqued[0m [32mcontrolsd[0m [32mselfdrived[0m [32mcard[0m [32mdeleter[0m [32mdmonitoringd[0m [32mqcomgpsd[0m [32mpandad[0m [32mparamsd[0m [32mlagd[0m [32mplannerd[0m [32mradard[0m [32mhardwared[0m [32mtombstoned[0m [32muploader[0m [32mstatsd[0m [32mfeedbackd[0m [32mmodeld_tinygrad[0m [32mmapd[0m [32mmapd_manager[0m [32mrtid[0m
[32mloggerd[0m [32mencoderd[0m [32mlogmessaged[0m [32mcamerad[0m [32mlogcatd[0m [32mproclogd[0m [32mmicd[0m [32mtimed[0m [32mdmonitoringmodeld[0m [32msensord[0m [32mui[0m [32msoundd[0m [32mlocationd[0m [32mcalibrationd[0m [32mtorqued[0m [32mcontrolsd[0m [32mselfdrived[0m [32mcard[0m [32mdeleter[0m [32mdmonitoringd[0m [32mqcomgpsd[0m [32mpandad[0m [32mparamsd[0m [32mlagd[0m [32mplannerd[0m [32mradard[0m [32mhardwared[0m [32mtombstoned[0m [32muploader[0m [32mstatsd[0m [32mfeedbackd[0m [32mmodeld_tinygrad[0m [32mmapd[0m [32mmapd_manager[0m [32mrtid[0m
[32mloggerd[0m [32mencoderd[0m [32mlogmessaged[0m [32mcamerad[0m [32mlogcatd[0m [32mproclogd[0m [32mmicd[0m [32mtimed[0m [32mdmonitoringmodeld[0m [32msensord[0m [32mui[0m [32msoundd[0m [32mlocationd[0m [32mcalibrationd[0m [32mtorqued[0m [32mcontrolsd[0m [32mselfdrived[0m [32mcard[0m [32mdeleter[0m [32mdmonitoringd[0m [32mqcomgpsd[0m [32mpandad[0m [32mparamsd[0m [32mlagd[0m [32mplannerd[0m [32mradard[0m [32mhardwared[0m [32mtombstoned[0m [32muploader[0m [32mstatsd[0m [32mfeedbackd[0m [32mmodeld_tinygrad[0m [32mmapd[0m [32mmapd_manager[0m [32mrtid[0m
[32mloggerd[0m [32mencoderd[0m [32mlogmessaged[0m [32mcamerad[0m [32mlogcatd[0m [32mproclogd[0m [32mmicd[0m [32mtimed[0m [32mdmonitoringmodeld[0m [32msensord[0m [32mui[0m [32msoundd[0m [32mlocationd[0m [32mcalibrationd[0m [32mtorqued[0m [32mcontrolsd[0m [32mselfdrived[0m [32mcard[0m [32mdeleter[0m [32mdmonitoringd[0m [32mqcomgpsd[0m [32mpandad[0m [32mparamsd[0m [32mlagd[0m [32mplannerd[0m [32mradard[0m [32mhardwared[0m [32mtombstoned[0m [32muploader[0m [32mstatsd[0m [32mfeedbackd[0m [32mmodeld_tinygrad[0m [32mmapd[0m [32mmapd_manager[0m [32mrtid[0m
[32mloggerd[0m [32mencoderd[0m [32mlogmessaged[0m [32mcamerad[0m [32mlogcatd[0m [32mproclogd[0m [32mmicd[0m [32mtimed[0m [32mdmonitoringmodeld[0m [32msensord[0m [32mui[0m [32msoundd[0m [32mlocationd[0m [32mcalibrationd[0m [32mtorqued[0m [32mcontrolsd[0m [32mselfdrived[0m [32mcard[0m [32mdeleter[0m [32mdmonitoringd[0m [32mqcomgpsd[0m [32mpandad[0m [32mparamsd[0m [32mlagd[0m [32mplannerd[0m [32mradard[0m [32mhardwared[0m [32mtombstoned[0m [32muploader[0m [32mstatsd[0m [32mfeedbackd[0m [32mmodeld_tinygrad[0m [32mmapd[0m [32mmapd_manager[0m [32mrtid[0m
[32mloggerd[0m [32mencoderd[0m [32mlogmessaged[0m [32mcamerad[0m [32mlogcatd[0m [32mproclogd[0m [32mmicd[0m [32mtimed[0m [32mdmonitoringmodeld[0m [32msensord[0m [32mui[0m [32msoundd[0m [32mlocationd[0m [32mcalibrationd[0m [32mtorqued[0m [32mcontrolsd[0m [32mselfdrived[0m [32mcard[0m [32mdeleter[0m [32mdmonitoringd[0m [32mqcomgpsd[0m [32mpandad[0m [32mparamsd[0m [32mlagd[0m [32mplannerd[0m [32mradard[0m [32mhardwared[0m [32mtombstoned[0m [32muploader[0m [32mstatsd[0m [32mfeedbackd[0m [32mmodeld_tinygrad[0m [32mmapd[0m [32mmapd_manager[0m [32mrtid[0m
[32mloggerd[0m [32mencoderd[0m [32mlogmessaged[0m [32mcamerad[0m [32mlogcatd[0m [32mproclogd[0m [32mmicd[0m [32mtimed[0m [32mdmonitoringmodeld[0m [32msensord[0m [32mui[0m [32msoundd[0m [32mlocationd[0m [32mcalibrationd[0m [32mtorqued[0m [32mcontrolsd[0m [32mselfdrived[0m [32mcard[0m [32mdeleter[0m [32mdmonitoringd[0m [32mqcomgpsd[0m [32mpandad[0m [32mparamsd[0m [32mlagd[0m [32mplannerd[0m [32mradard[0m [32mhardwared[0m [32mtombstoned[0m [32muploader[0m [32mstatsd[0m [32mfeedbackd[0m [32mmodeld_tinygrad[0m [32mmapd[0m [32mmapd_manager[0m [32mrtid[0m
[32mloggerd[0m [32mencoderd[0m [32mlogmessaged[0m [32mcamerad[0m [32mlogcatd[0m [32mproclogd[0m [32mmicd[0m [32mtimed[0m [32mdmonitoringmodeld[0m [32msensord[0m [32mui[0m [32msoundd[0m [32mlocationd[0m [32mcalibrationd[0m [32mtorqued[0m [32mcontrolsd[0m [32mselfdrived[0m [32mcard[0m [32mdeleter[0m [32mdmonitoringd[0m [32mqcomgpsd[0m [32mpandad[0m [32mparamsd[0m [32mlagd[0m [32mplannerd[0m [32mradard[0m [32mhardwared[0m [32mtombstoned[0m [32muploader[0m [32mstatsd[0m [32mfeedbackd[0m [32mmodeld_tinygrad[0m [32mmapd[0m [32mmapd_manager[0m [32mrtid[0m
[32mloggerd[0m [32mencoderd[0m [32mlogmessaged[0m [32mcamerad[0m [32mlogcatd[0m [32mproclogd[0m [32mmicd[0m [32mtimed[0m [32mdmonitoringmodeld[0m [32msensord[0m [32mui[0m [32msoundd[0m [32mlocationd[0m [32mcalibrationd[0m [32mtorqued[0m [32mcontrolsd[0m [32mselfdrived[0m [32mcard[0m [32mdeleter[0m [32mdmonitoringd[0m [32mqcomgpsd[0m [32mpandad[0m [32mparamsd[0m [32mlagd[0m [32mplannerd[0m [32mradard[0m [32mhardwared[0m [32mtombstoned[0m [32muploader[0m [32mstatsd[0m [32mfeedbackd[0m [32mmodeld_tinygrad[0m [32mmapd[0m [32mmapd_manager[0m [32mrtid[0m
[32mloggerd[0m [32mencoderd[0m [32mlogmessaged[0m [32mcamerad[0m [32mlogcatd[0m [32mproclogd[0m [32mmicd[0m [32mtimed[0m [32mdmonitoringmodeld[0m [32msensord[0m [32mui[0m [32msoundd[0m [32mlocationd[0m [32mcalibrationd[0m [32mtorqued[0m [32mcontrolsd[0m [32mselfdrived[0m [32mcard[0m [32mdeleter[0m [32mdmonitoringd[0m [32mqcomgpsd[0m [32mpandad[0m [32mparamsd[0m [32mlagd[0m [32mplannerd[0m [32mradard[0m [32mhardwared[0m [32mtombstoned[0m [32muploader[0m [32mstatsd[0m [32mfeedbackd[0m [32mmodeld_tinygrad[0m [32mmapd[0m [32mmapd_manager[0m [32mrtid[0m
[32mloggerd[0m [32mencoderd[0m [32mlogmessaged[0m [32mcamerad[0m [32mlogcatd[0m [32mproclogd[0m [32mmicd[0m [32mtimed[0m [32mdmonitoringmodeld[0m [32msensord[0m [32mui[0m [32msoundd[0m [32mlocationd[0m [32mcalibrationd[0m [32mtorqued[0m [32mcontrolsd[0m [32mselfdrived[0m [32mcard[0m [32mdeleter[0m [32mdmonitoringd[0m [32mqcomgpsd[0m [32mpandad[0m [32mparamsd[0m [32mlagd[0m [32mplannerd[0m [32mradard[0m [32mhardwared[0m [32mtombstoned[0m [32muploader[0m [32mstatsd[0m [32mfeedbackd[0m [32mmodeld_tinygrad[0m [32mmapd[0m [32mmapd_manager[0m [32mrtid[0m
[32mloggerd[0m [32mencoderd[0m [32mlogmessaged[0m [32mcamerad[0m [32mlogcatd[0m [32mproclogd[0m [32mmicd[0m [32mtimed[0m [32mdmonitoringmodeld[0m [32msensord[0m [32mui[0m [32msoundd[0m [32mlocationd[0m [32mcalibrationd[0m [32mtorqued[0m [32mcontrolsd[0m [32mselfdrived[0m [32mcard[0m [32mdeleter[0m [32mdmonitoringd[0m [32mqcomgpsd[0m [32mpandad[0m [32mparamsd[0m [32mlagd[0m [32mplannerd[0m [32mradard[0m [32mhardwared[0m [32mtombstoned[0m [32muploader[0m [32mstatsd[0m [32mfeedbackd[0m [32mmodeld_tinygrad[0m [32mmapd[0m [32mmapd_manager[0m [32mrtid[0m
[32mloggerd[0m [32mencoderd[0m [32mlogmessaged[0m [32mcamerad[0m [32mlogcatd[0m [32mproclogd[0m [32mmicd[0m [32mtimed[0m [32mdmonitoringmodeld[0m [32msensord[0m [32mui[0m [32msoundd[0m [32mlocationd[0m [32mcalibrationd[0m [32mtorqued[0m [32mcontrolsd[0m [32mselfdrived[0m [32mcard[0m [32mdeleter[0m [32mdmonitoringd[0m [32mqcomgpsd[0m [32mpandad[0m [32mparamsd[0m [32mlagd[0m [32mplannerd[0m [32mradard[0m [32mhardwared[0m [32mtombstoned[0m [32muploader[0m [32mstatsd[0m [32mfeedbackd[0m [32mmodeld_tinygrad[0m [32mmapd[0m [32mmapd_manager[0m [32mrtid[0m
RTI cycle took 0.024s
RTI cycle took 0.026s
RTI cycle took 0.040s
RTI cycle took 0.020s
RTI cycle took 0.026s
RTI cycle took 0.040s
RTI cycle took 0.042s
RTI cycle took 0.016s
RTI cycle took 0.025s
RTI cycle took 0.028s
RTI cycle took 0.028s
RTI cycle took 0.020s
RTI cycle took 0.020s
RTI cycle took 0.028s
RTI cycle took 0.038s
RTI cycle took 0.021s
RTI cycle took 0.040s
RTI cycle took 0.027s
RTI cycle took 0.028s
RTI cycle took 0.040s
RTI cycle took 0.025s
RTI cycle took 0.030s
RTI cycle took 0.028s
RTI cycle took 0.036s
RTI cycle took 0.020s
RTI cycle took 0.016s
RTI cycle took 0.024s
RTI cycle took 0.028s
RTI cycle took 0.031s
RTI cycle took 0.037s
RTI cycle took 0.031s
RTI cycle took 0.039s
RTI cycle took 0.031s
RTI cycle took 0.041s
RTI cycle took 0.025s
RTI cycle took 0.030s
RTI cycle took 0.041s
RTI cycle took 0.036s
RTI cycle took 0.032s
RTI cycle took 0.025s
RTI cycle took 0.031s
RTI cycle took 0.040s
RTI cycle took 0.026s
RTI cycle took 0.021s
RTI cycle took 0.036s
RTI cycle took 0.019s
RTI cycle took 0.038s
RTI cycle took 0.050s
RTI cycle took 0.025s
RTI cycle took 0.048s
RTI cycle took 0.022s
RTI cycle took 0.029s
RTI cycle took 0.026s
RTI cycle took 0.031s
RTI cycle took 0.027s
RTI cycle took 0.026s
RTI cycle took 0.026s
RTI cycle took 0.028s
RTI cycle took 0.031s
RTI cycle took 0.029s
RTI cycle took 0.030s
RTI cycle took 0.014s
RTI cycle took 0.032s
RTI cycle took 0.031s
RTI cycle took 0.047s
RTI cycle took 0.056s
RTI cycle took 0.042s
RTI cycle took 0.060s
RTI cycle took 0.038s
RTI cycle took 0.078s
RTI cycle took 0.042s
RTI cycle took 0.038s
RTI cycle took 0.040s
RTI cycle took 0.038s
RTI cycle took 0.025s
RTI cycle took 0.031s
RTI cycle took 0.030s
RTI cycle took 0.046s
RTI cycle took 0.022s
RTI cycle took 0.016s
RTI cycle took 0.021s
RTI cycle took 0.061s
RTI cycle took 0.029s
RTI cycle took 0.012s
RTI cycle took 0.030s
RTI cycle took 0.023s
RTI cycle took 0.041s
RTI cycle took 0.026s
RTI cycle took 0.036s
RTI cycle took 0.041s
RTI cycle took 0.033s
RTI cycle took 0.047s
RTI cycle took 0.030s
RTI cycle took 0.036s
RTI cycle took 0.046s
RTI cycle took 0.031s
RTI cycle took 0.040s
RTI cycle took 0.039s
RTI cycle took 0.026s
RTI cycle took 0.037s
RTI cycle took 0.041s
RTI cycle took 0.032s
RTI cycle took 0.039s
RTI cycle took 0.042s
RTI cycle took 0.028s
RTI cycle took 0.038s
RTI cycle took 0.024s
RTI cycle took 0.026s
RTI cycle took 0.032s
RTI cycle took 0.027s
RTI cycle took 0.039s
RTI cycle took 0.031s
RTI cycle took 0.040s
RTI cycle took 0.038s
RTI cycle took 0.041s
RTI cycle took 0.036s
RTI cycle took 0.038s
RTI cycle took 0.022s
RTI cycle took 0.029s
RTI cycle took 0.030s
RTI cycle took 0.027s
RTI cycle took 0.032s
RTI cycle took 0.014s
RTI cycle took 0.015s
RTI cycle took 0.019s
RTI cycle took 0.029s
RTI cycle took 0.026s
RTI cycle took 0.037s
RTI cycle took 0.020s
RTI cycle took 0.019s
RTI cycle took 0.027s
RTI cycle took 0.028s
RTI cycle took 0.033s
RTI cycle took 0.037s
RTI cycle took 0.019s
RTI cycle took 0.041s
RTI cycle took 0.015s
RTI cycle took 0.028s
RTI cycle took 0.015s
RTI cycle took 0.027s
RTI cycle took 0.038s
RTI cycle took 0.034s
RTI cycle took 0.023s
RTI cycle took 0.026s
RTI cycle took 0.022s
RTI cycle took 0.027s
RTI cycle took 0.030s
RTI cycle took 0.029s
RTI cycle took 0.019s
RTI cycle took 0.029s
RTI cycle took 0.019s
RTI cycle took 0.024s
RTI cycle took 0.021s
RTI cycle took 0.029s
RTI cycle took 0.037s
RTI cycle took 0.030s
RTI cycle took 0.052s
RTI cycle took 0.020s
RTI cycle took 0.015s
RTI cycle took 0.022s
RTI cycle took 0.029s
RTI cycle took 0.029s
RTI cycle took 0.014s
RTI cycle took 0.024s
RTI cycle took 0.026s
RTI cycle took 0.022s
RTI cycle took 0.039s
RTI cycle took 0.036s
RTI cycle took 0.029s
RTI cycle took 0.031s
RTI cycle took 0.025s
RTI cycle took 0.020s
RTI cycle took 0.027s
RTI cycle took 0.033s
RTI cycle took 0.037s
RTI cycle took 0.019s
RTI cycle took 0.029s
RTI cycle took 0.038s
RTI cycle took 0.037s
RTI cycle took 0.031s
RTI cycle took 0.027s
RTI cycle took 0.039s
RTI cycle took 0.041s
RTI cycle took 0.029s
RTI cycle took 0.019s
RTI cycle took 0.017s
RTI cycle took 0.018s
RTI cycle took 0.035s
RTI cycle took 0.028s
RTI cycle took 0.030s
RTI cycle took 0.027s
RTI cycle took 0.029s
RTI cycle took 0.019s
RTI cycle took 0.020s
RTI cycle took 0.036s
RTI cycle took 0.027s
RTI cycle took 0.034s
RTI cycle took 0.038s
RTI cycle took 0.037s
[32mloggerd[0m [32mencoderd[0m [32mlogmessaged[0m [32mcamerad[0m [32mlogcatd[0m [32mproclogd[0m [32mmicd[0m [32mtimed[0m [32mdmonitoringmodeld[0m [32msensord[0m [32mui[0m [32msoundd[0m [32mlocationd[0m [32mcalibrationd[0m [32mtorqued[0m [32mcontrolsd[0m [32mselfdrived[0m [32mcard[0m [32mdeleter[0m [32mdmonitoringd[0m [32mqcomgpsd[0m [32mpandad[0m [32mparamsd[0m [32mlagd[0m [32mplannerd[0m [32mradard[0m [32mhardwared[0m [32mtombstoned[0m [32muploader[0m [32mstatsd[0m [32mfeedbackd[0m [32mmodeld_tinygrad[0m [32mmapd[0m [32mmapd_manager[0m [32mrtid[0m
[32mloggerd[0m [32mencoderd[0m [32mlogmessaged[0m [32mcamerad[0m [32mlogcatd[0m [32mproclogd[0m [32mmicd[0m [32mtimed[0m [32mdmonitoringmodeld[0m [32msensord[0m [32mui[0m [32msoundd[0m [32mlocationd[0m [32mcalibrationd[0m [32mtorqued[0m [32mcontrolsd[0m [32mselfdrived[0m [32mcard[0m [32mdeleter[0m [32mdmonitoringd[0m [32mqcomgpsd[0m [32mpandad[0m [32mparamsd[0m [32mlagd[0m [32mplannerd[0m [32mradard[0m [32mhardwared[0m [32mtombstoned[0m [32muploader[0m [32mstatsd[0m [32mfeedbackd[0m [32mmodeld_tinygrad[0m [32mmapd[0m [32mmapd_manager[0m [32mrtid[0m
[32mloggerd[0m [32mencoderd[0m [32mlogmessaged[0m [32mcamerad[0m [32mlogcatd[0m [32mproclogd[0m [32mmicd[0m [32mtimed[0m [32mdmonitoringmodeld[0m [32msensord[0m [32mui[0m [32msoundd[0m [32mlocationd[0m [32mcalibrationd[0m [32mtorqued[0m [32mcontrolsd[0m [32mselfdrived[0m [32mcard[0m [32mdeleter[0m [32mdmonitoringd[0m [32mqcomgpsd[0m [32mpandad[0m [32mparamsd[0m [32mlagd[0m [32mplannerd[0m [32mradard[0m [32mhardwared[0m [32mtombstoned[0m [32muploader[0m [32mstatsd[0m [32mfeedbackd[0m [32mmodeld_tinygrad[0m [32mmapd[0m [32mmapd_manager[0m [32mrtid[0m
[32mloggerd[0m [32mencoderd[0m [32mlogmessaged[0m [32mcamerad[0m [32mlogcatd[0m [32mproclogd[0m [32mmicd[0m [32mtimed[0m [32mdmonitoringmodeld[0m [32msensord[0m [32mui[0m [32msoundd[0m [32mlocationd[0m [32mcalibrationd[0m [32mtorqued[0m [32mcontrolsd[0m [32mselfdrived[0m [32mcard[0m [32mdeleter[0m [32mdmonitoringd[0m [32mqcomgpsd[0m [32mpandad[0m [32mparamsd[0m [32mlagd[0m [32mplannerd[0m [32mradard[0m [32mhardwared[0m [32mtombstoned[0m [32muploader[0m [32mstatsd[0m [32mfeedbackd[0m [32mmodeld_tinygrad[0m [32mmapd[0m [32mmapd_manager[0m [32mrtid[0m
[32mloggerd[0m [32mencoderd[0m [32mlogmessaged[0m [32mcamerad[0m [32mlogcatd[0m [32mproclogd[0m [32mmicd[0m [32mtimed[0m [32mdmonitoringmodeld[0m [32msensord[0m [32mui[0m [32msoundd[0m [32mlocationd[0m [32mcalibrationd[0m [32mtorqued[0m [32mcontrolsd[0m [32mselfdrived[0m [32mcard[0m [32mdeleter[0m [32mdmonitoringd[0m [32mqcomgpsd[0m [32mpandad[0m [32mparamsd[0m [32mlagd[0m [32mplannerd[0m [32mradard[0m [32mhardwared[0m [32mtombstoned[0m [32muploader[0m [32mstatsd[0m [32mfeedbackd[0m [32mmodeld_tinygrad[0m [32mmapd[0m [32mmapd_manager[0m [32mrtid[0m
[32mloggerd[0m [32mencoderd[0m [32mlogmessaged[0m [32mcamerad[0m [32mlogcatd[0m [32mproclogd[0m [32mmicd[0m [32mtimed[0m [32mdmonitoringmodeld[0m [32msensord[0m [32mui[0m [32msoundd[0m [32mlocationd[0m [32mcalibrationd[0m [32mtorqued[0m [32mcontrolsd[0m [32mselfdrived[0m [32mcard[0m [32mdeleter[0m [32mdmonitoringd[0m [32mqcomgpsd[0m [32mpandad[0m [32mparamsd[0m [32mlagd[0m [32mplannerd[0m [32mradard[0m [32mhardwared[0m [32mtombstoned[0m [32muploader[0m [32mstatsd[0m [32mfeedbackd[0m [32mmodeld_tinygrad[0m [32mmapd[0m [32mmapd_manager[0m [32mrtid[0m
[32mloggerd[0m [32mencoderd[0m [32mlogmessaged[0m [32mcamerad[0m [32mlogcatd[0m [32mproclogd[0m [32mmicd[0m [32mtimed[0m [32mdmonitoringmodeld[0m [32msensord[0m [32mui[0m [32msoundd[0m [32mlocationd[0m [32mcalibrationd[0m [32mtorqued[0m [32mcontrolsd[0m [32mselfdrived[0m [32mcard[0m [32mdeleter[0m [32mdmonitoringd[0m [32mqcomgpsd[0m [32mpandad[0m [32mparamsd[0m [32mlagd[0m [32mplannerd[0m [32mradard[0m [32mhardwared[0m [32mtombstoned[0m [32muploader[0m [32mstatsd[0m [32mfeedbackd[0m [32mmodeld_tinygrad[0m [32mmapd[0m [32mmapd_manager[0m [32mrtid[0m
[32mloggerd[0m [32mencoderd[0m [32mlogmessaged[0m [32mcamerad[0m [32mlogcatd[0m [32mproclogd[0m [32mmicd[0m [32mtimed[0m [32mdmonitoringmodeld[0m [32msensord[0m [32mui[0m [32msoundd[0m [32mlocationd[0m [32mcalibrationd[0m [32mtorqued[0m [32mcontrolsd[0m [32mselfdrived[0m [32mcard[0m [32mdeleter[0m [32mdmonitoringd[0m [32mqcomgpsd[0m [32mpandad[0m [32mparamsd[0m [32mlagd[0m [32mplannerd[0m [32mradard[0m [32mhardwared[0m [32mtombstoned[0m [32muploader[0m [32mstatsd[0m [32mfeedbackd[0m [32mmodeld_tinygrad[0m [32mmapd[0m [32mmapd_manager[0m [32mrtid[0m
[32mloggerd[0m [32mencoderd[0m [32mlogmessaged[0m [32mcamerad[0m [32mlogcatd[0m [32mproclogd[0m [32mmicd[0m [32mtimed[0m [32mdmonitoringmodeld[0m [32msensord[0m [32mui[0m [32msoundd[0m [32mlocationd[0m [32mcalibrationd[0m [32mtorqued[0m [32mcontrolsd[0m [32mselfdrived[0m [32mcard[0m [32mdeleter[0m [32mdmonitoringd[0m [32mqcomgpsd[0m [32mpandad[0m [32mparamsd[0m [32mlagd[0m [32mplannerd[0m [32mradard[0m [32mhardwared[0m [32mtombstoned[0m [32muploader[0m [32mstatsd[0m [32mfeedbackd[0m [32mmodeld_tinygrad[0m [32mmapd[0m [32mmapd_manager[0m [32mrtid[0m
[32mloggerd[0m [32mencoderd[0m [32mlogmessaged[0m [32mcamerad[0m [32mlogcatd[0m [32mproclogd[0m [32mmicd[0m [32mtimed[0m [32mdmonitoringmodeld[0m [32msensord[0m [32mui[0m [32msoundd[0m [32mlocationd[0m [32mcalibrationd[0m [32mtorqued[0m [32mcontrolsd[0m [32mselfdrived[0m [32mcard[0m [32mdeleter[0m [32mdmonitoringd[0m [32mqcomgpsd[0m [32mpandad[0m [32mparamsd[0m [32mlagd[0m [32mplannerd[0m [32mradard[0m [32mhardwared[0m [32mtombstoned[0m [32muploader[0m [32mstatsd[0m [32mfeedbackd[0m [32mmodeld_tinygrad[0m [32mmapd[0m [32mmapd_manager[0m [32mrtid[0m
[32mloggerd[0m [32mencoderd[0m [32mlogmessaged[0m [32mcamerad[0m [32mlogcatd[0m [32mproclogd[0m [32mmicd[0m [32mtimed[0m [32mdmonitoringmodeld[0m [32msensord[0m [32mui[0m [32msoundd[0m [32mlocationd[0m [32mcalibrationd[0m [32mtorqued[0m [32mcontrolsd[0m [32mselfdrived[0m [32mcard[0m [32mdeleter[0m [32mdmonitoringd[0m [32mqcomgpsd[0m [32mpandad[0m [32mparamsd[0m [32mlagd[0m [32mplannerd[0m [32mradard[0m [32mhardwared[0m [32mtombstoned[0m [32muploader[0m [32mstatsd[0m [32mfeedbackd[0m [32mmodeld_tinygrad[0m [32mmapd[0m [32mmapd_manager[0m [32mrtid[0m
[32mloggerd[0m [32mencoderd[0m [32mlogmessaged[0m [32mcamerad[0m [32mlogcatd[0m [32mproclogd[0m [32mmicd[0m [32mtimed[0m [32mdmonitoringmodeld[0m [32msensord[0m [32mui[0m [32msoundd[0m [32mlocationd[0m [32mcalibrationd[0m [32mtorqued[0m [32mcontrolsd[0m [32mselfdrived[0m [32mcard[0m [32mdeleter[0m [32mdmonitoringd[0m [32mqcomgpsd[0m [32mpandad[0m [32mparamsd[0m [32mlagd[0m [32mplannerd[0m [32mradard[0m [32mhardwared[0m [32mtombstoned[0m [32muploader[0m [32mstatsd[0m [32mfeedbackd[0m [32mmodeld_tinygrad[0m [32mmapd[0m [32mmapd_manager[0m [32mrtid[0m
[32mloggerd[0m [32mencoderd[0m [32mlogmessaged[0m [32mcamerad[0m [32mlogcatd[0m [32mproclogd[0m [32mmicd[0m [32mtimed[0m [32mdmonitoringmodeld[0m [32msensord[0m [32mui[0m [32msoundd[0m [32mlocationd[0m [32mcalibrationd[0m [32mtorqued[0m [32mcontrolsd[0m [32mselfdrived[0m [32mcard[0m [32mdeleter[0m [32mdmonitoringd[0m [32mqcomgpsd[0m [32mpandad[0m [32mparamsd[0m [32mlagd[0m [32mplannerd[0m [32mradard[0m [32mhardwared[0m [32mtombstoned[0m [32muploader[0m [32mstatsd[0m [32mfeedbackd[0m [32mmodeld_tinygrad[0m [32mmapd[0m [32mmapd_manager[0m [32mrtid[0m
RTI cycle took 0.022s
RTI cycle took 0.037s
RTI cycle took 0.038s
RTI cycle took 0.023s
RTI cycle took 0.026s
RTI cycle took 0.034s
RTI cycle took 0.027s
RTI cycle took 0.019s
RTI cycle took 0.040s
RTI cycle took 0.039s
RTI cycle took 0.018s
RTI cycle took 0.038s
RTI cycle took 0.022s
RTI cycle took 0.027s
RTI cycle took 0.036s
RTI cycle took 0.019s
RTI cycle took 0.028s
RTI cycle took 0.039s
RTI cycle took 0.032s
RTI cycle took 0.025s
RTI cycle took 0.019s
RTI cycle took 0.028s
RTI cycle took 0.028s
RTI cycle took 0.032s
RTI cycle took 0.036s
RTI cycle took 0.022s
RTI cycle took 0.025s
RTI cycle took 0.027s
RTI cycle took 0.022s
RTI cycle took 0.037s
RTI cycle took 0.030s
RTI cycle took 0.029s
RTI cycle took 0.019s
RTI cycle took 0.029s
RTI cycle took 0.021s
RTI cycle took 0.037s
RTI cycle took 0.014s
RTI cycle took 0.022s
RTI cycle took 0.015s
RTI cycle took 0.028s
RTI cycle took 0.026s
RTI cycle took 0.029s
RTI cycle took 0.030s
RTI cycle took 0.019s
RTI cycle took 0.028s
RTI cycle took 0.025s
RTI cycle took 0.044s
RTI cycle took 0.018s
RTI cycle took 0.033s
RTI cycle took 0.040s
RTI cycle took 0.019s
RTI cycle took 0.033s
RTI cycle took 0.026s
RTI cycle took 0.036s
RTI cycle took 0.030s
RTI cycle took 0.028s
RTI cycle took 0.028s
RTI cycle took 0.030s
RTI cycle took 0.026s
RTI cycle took 0.031s
RTI cycle took 0.039s
RTI cycle took 0.016s
RTI cycle took 0.038s
RTI cycle took 0.033s
RTI cycle took 0.015s
RTI cycle took 0.037s
RTI cycle took 0.029s
RTI cycle took 0.018s
RTI cycle took 0.026s
RTI cycle took 0.028s
RTI cycle took 0.037s
RTI cycle took 0.034s
RTI cycle took 0.035s
RTI cycle took 0.031s
RTI cycle took 0.027s
RTI cycle took 0.039s
RTI cycle took 0.030s
RTI cycle took 0.030s
RTI cycle took 0.037s
RTI cycle took 0.030s
RTI cycle took 0.050s
RTI cycle took 0.052s
RTI cycle took 0.017s
RTI cycle took 0.024s
RTI cycle took 0.040s
RTI cycle took 0.038s
RTI cycle took 0.019s
RTI cycle took 0.027s
RTI cycle took 0.027s
stats dir full
RTI cycle took 0.035s
RTI cycle took 0.035s
RTI cycle took 0.019s
RTI cycle took 0.028s
RTI cycle took 0.029s
RTI cycle took 0.031s
RTI cycle took 0.037s
RTI cycle took 0.039s
RTI cycle took 0.022s
RTI cycle took 0.015s
RTI cycle took 0.028s
RTI cycle took 0.025s
RTI cycle took 0.031s
RTI cycle took 0.027s
RTI cycle took 0.037s
RTI cycle took 0.023s
RTI cycle took 0.026s
RTI cycle took 0.023s
RTI cycle took 0.027s
RTI cycle took 0.022s
RTI cycle took 0.037s
RTI cycle took 0.029s
RTI cycle took 0.031s
RTI cycle took 0.027s
RTI cycle took 0.029s
RTI cycle took 0.030s
RTI cycle took 0.027s
RTI cycle took 0.021s
RTI cycle took 0.042s
RTI cycle took 0.014s
RTI cycle took 0.019s
RTI cycle took 0.027s
RTI cycle took 0.018s
RTI cycle took 0.028s
RTI cycle took 0.029s
RTI cycle took 0.038s
RTI cycle took 0.029s
RTI cycle took 0.020s
RTI cycle took 0.026s
RTI cycle took 0.018s
RTI cycle took 0.036s
RTI cycle took 0.033s
RTI cycle took 0.027s
RTI cycle took 0.027s
RTI cycle took 0.029s
RTI cycle took 0.028s
RTI cycle took 0.034s
RTI cycle took 0.037s
RTI cycle took 0.036s
RTI cycle took 0.030s
RTI cycle took 0.031s
RTI cycle took 0.036s
RTI cycle took 0.022s
RTI cycle took 0.028s
RTI cycle took 0.056s
RTI cycle took 0.024s
RTI cycle took 0.019s
RTI cycle took 0.019s
RTI cycle took 0.025s
RTI cycle took 0.029s
RTI cycle took 0.043s
RTI cycle took 0.024s
RTI cycle took 0.033s
RTI cycle took 0.023s
RTI cycle took 0.025s
RTI cycle took 0.033s
RTI cycle took 0.026s
RTI cycle took 0.028s
RTI cycle took 0.015s
RTI cycle took 0.033s
RTI cycle took 0.044s
RTI cycle took 0.016s
RTI cycle took 0.024s
RTI cycle took 0.028s
RTI cycle took 0.038s
RTI cycle took 0.029s
RTI cycle took 0.029s
RTI cycle took 0.038s
RTI cycle took 0.026s
RTI cycle took 0.033s
RTI cycle took 0.028s
RTI cycle took 0.030s
RTI cycle took 0.017s
RTI cycle took 0.038s
RTI cycle took 0.020s
RTI cycle took 0.023s
RTI cycle took 0.040s
RTI cycle took 0.029s
RTI cycle took 0.037s
RTI cycle took 0.031s
RTI cycle took 0.035s
RTI cycle took 0.024s
RTI cycle took 0.019s
RTI cycle took 0.020s
RTI cycle took 0.019s
RTI cycle took 0.028s
RTI cycle took 0.029s
RTI cycle took 0.032s
RTI cycle took 0.032s
RTI cycle took 0.021s
RTI cycle took 0.028s
RTI cycle took 0.025s
RTI cycle took 0.019s
RTI cycle took 0.016s
RTI cycle took 0.025s
RTI cycle took 0.029s
RTI cycle took 0.022s
RTI cycle took 0.025s
RTI cycle took 0.028s
RTI cycle took 0.037s
RTI cycle took 0.025s
RTI cycle took 0.015s
RTI cycle took 0.032s
RTI cycle took 0.024s
RTI cycle took 0.017s
RTI cycle took 0.022s
RTI cycle took 0.030s
RTI cycle took 0.037s
RTI cycle took 0.030s
RTI cycle took 0.029s
RTI cycle took 0.019s
RTI cycle took 0.027s
RTI cycle took 0.017s
RTI cycle took 0.028s
RTI cycle took 0.036s
RTI cycle took 0.029s
[32mloggerd[0m [32mencoderd[0m [32mlogmessaged[0m [32mcamerad[0m [32mlogcatd[0m [32mproclogd[0m [32mmicd[0m [32mtimed[0m [32mdmonitoringmodeld[0m [32msensord[0m [32mui[0m [32msoundd[0m [32mlocationd[0m [32mcalibrationd[0m [32mtorqued[0m [32mcontrolsd[0m [32mselfdrived[0m [32mcard[0m [32mdeleter[0m [32mdmonitoringd[0m [32mqcomgpsd[0m [32mpandad[0m [32mparamsd[0m [32mlagd[0m [32mplannerd[0m [32mradard[0m [32mhardwared[0m [32mtombstoned[0m [32muploader[0m [32mstatsd[0m [32mfeedbackd[0m [32mmodeld_tinygrad[0m [32mmapd[0m [32mmapd_manager[0m [32mrtid[0m
[32mloggerd[0m [32mencoderd[0m [32mlogmessaged[0m [32mcamerad[0m [32mlogcatd[0m [32mproclogd[0m [32mmicd[0m [32mtimed[0m [32mdmonitoringmodeld[0m [32msensord[0m [32mui[0m [32msoundd[0m [32mlocationd[0m [32mcalibrationd[0m [32mtorqued[0m [32mcontrolsd[0m [32mselfdrived[0m [32mcard[0m [32mdeleter[0m [32mdmonitoringd[0m [32mqcomgpsd[0m [32mpandad[0m [32mparamsd[0m [32mlagd[0m [32mplannerd[0m [32mradard[0m [32mhardwared[0m [32mtombstoned[0m [32muploader[0m [32mstatsd[0m [32mfeedbackd[0m [32mmodeld_tinygrad[0m [32mmapd[0m [32mmapd_manager[0m [32mrtid[0m
[32mloggerd[0m [32mencoderd[0m [32mlogmessaged[0m [32mcamerad[0m [32mlogcatd[0m [32mproclogd[0m [32mmicd[0m [32mtimed[0m [32mdmonitoringmodeld[0m [32msensord[0m [32mui[0m [32msoundd[0m [32mlocationd[0m [32mcalibrationd[0m [32mtorqued[0m [32mcontrolsd[0m [32mselfdrived[0m [32mcard[0m [32mdeleter[0m [32mdmonitoringd[0m [32mqcomgpsd[0m [32mpandad[0m [32mparamsd[0m [32mlagd[0m [32mplannerd[0m [32mradard[0m [32mhardwared[0m [32mtombstoned[0m [32muploader[0m [32mstatsd[0m [32mfeedbackd[0m [32mmodeld_tinygrad[0m [32mmapd[0m [32mmapd_manager[0m [32mrtid[0m
[32mloggerd[0m [32mencoderd[0m [32mlogmessaged[0m [32mcamerad[0m [32mlogcatd[0m [32mproclogd[0m [32mmicd[0m [32mtimed[0m [32mdmonitoringmodeld[0m [32msensord[0m [32mui[0m [32msoundd[0m [32mlocationd[0m [32mcalibrationd[0m [32mtorqued[0m [32mcontrolsd[0m [32mselfdrived[0m [32mcard[0m [32mdeleter[0m [32mdmonitoringd[0m [32mqcomgpsd[0m [32mpandad[0m [32mparamsd[0m [32mlagd[0m [32mplannerd[0m [32mradard[0m [32mhardwared[0m [32mtombstoned[0m [32muploader[0m [32mstatsd[0m [32mfeedbackd[0m [32mmodeld_tinygrad[0m [32mmapd[0m [32mmapd_manager[0m [32mrtid[0m
[32mloggerd[0m [32mencoderd[0m [32mlogmessaged[0m [32mcamerad[0m [32mlogcatd[0m [32mproclogd[0m [32mmicd[0m [32mtimed[0m [32mdmonitoringmodeld[0m [32msensord[0m [32mui[0m [32msoundd[0m [32mlocationd[0m [32mcalibrationd[0m [32mtorqued[0m [32mcontrolsd[0m [32mselfdrived[0m [32mcard[0m [32mdeleter[0m [32mdmonitoringd[0m [32mqcomgpsd[0m [32mpandad[0m [32mparamsd[0m [32mlagd[0m [32mplannerd[0m [32mradard[0m [32mhardwared[0m [32mtombstoned[0m [32muploader[0m [32mstatsd[0m [32mfeedbackd[0m [32mmodeld_tinygrad[0m [32mmapd[0m [32mmapd_manager[0m [32mrtid[0m
[32mloggerd[0m [32mencoderd[0m [32mlogmessaged[0m [32mcamerad[0m [32mlogcatd[0m [32mproclogd[0m [32mmicd[0m [32mtimed[0m [32mdmonitoringmodeld[0m [32msensord[0m [32mui[0m [32msoundd[0m [32mlocationd[0m [32mcalibrationd[0m [32mtorqued[0m [32mcontrolsd[0m [32mselfdrived[0m [32mcard[0m [32mdeleter[0m [32mdmonitoringd[0m [32mqcomgpsd[0m [32mpandad[0m [32mparamsd[0m [32mlagd[0m [32mplannerd[0m [32mradard[0m [32mhardwared[0m [32mtombstoned[0m [32muploader[0m [32mstatsd[0m [32mfeedbackd[0m [32mmodeld_tinygrad[0m [32mmapd[0m [32mmapd_manager[0m [32mrtid[0m
[32mloggerd[0m [32mencoderd[0m [32mlogmessaged[0m [32mcamerad[0m [32mlogcatd[0m [32mproclogd[0m [32mmicd[0m [32mtimed[0m [32mdmonitoringmodeld[0m [32msensord[0m [32mui[0m [32msoundd[0m [32mlocationd[0m [32mcalibrationd[0m [32mtorqued[0m [32mcontrolsd[0m [32mselfdrived[0m [32mcard[0m [32mdeleter[0m [32mdmonitoringd[0m [32mqcomgpsd[0m [32mpandad[0m [32mparamsd[0m [32mlagd[0m [32mplannerd[0m [32mradard[0m [32mhardwared[0m [32mtombstoned[0m [32muploader[0m [32mstatsd[0m [32mfeedbackd[0m [32mmodeld_tinygrad[0m [32mmapd[0m [32mmapd_manager[0m [32mrtid[0m
[32mloggerd[0m [32mencoderd[0m [32mlogmessaged[0m [32mcamerad[0m [32mlogcatd[0m [32mproclogd[0m [32mmicd[0m [32mtimed[0m [32mdmonitoringmodeld[0m [32msensord[0m [32mui[0m [32msoundd[0m [32mlocationd[0m [32mcalibrationd[0m [32mtorqued[0m [32mcontrolsd[0m [32mselfdrived[0m [32mcard[0m [32mdeleter[0m [32mdmonitoringd[0m [32mqcomgpsd[0m [32mpandad[0m [32mparamsd[0m [32mlagd[0m [32mplannerd[0m [32mradard[0m [32mhardwared[0m [32mtombstoned[0m [32muploader[0m [32mstatsd[0m [32mfeedbackd[0m [32mmodeld_tinygrad[0m [32mmapd[0m [32mmapd_manager[0m [32mrtid[0m
[32mloggerd[0m [32mencoderd[0m [32mlogmessaged[0m [32mcamerad[0m [32mlogcatd[0m [32mproclogd[0m [32mmicd[0m [32mtimed[0m [32mdmonitoringmodeld[0m [32msensord[0m [32mui[0m [32msoundd[0m [32mlocationd[0m [32mcalibrationd[0m [32mtorqued[0m [32mcontrolsd[0m [32mselfdrived[0m [32mcard[0m [32mdeleter[0m [32mdmonitoringd[0m [32mqcomgpsd[0m [32mpandad[0m [32mparamsd[0m [32mlagd[0m [32mplannerd[0m [32mradard[0m [32mhardwared[0m [32mtombstoned[0m [32muploader[0m [32mstatsd[0m [32mfeedbackd[0m [32mmodeld_tinygrad[0m [32mmapd[0m [32mmapd_manager[0m [32mrtid[0m
[32mloggerd[0m [32mencoderd[0m [32mlogmessaged[0m [32mcamerad[0m [32mlogcatd[0m [32mproclogd[0m [32mmicd[0m [32mtimed[0m [32mdmonitoringmodeld[0m [32msensord[0m [32mui[0m [32msoundd[0m [32mlocationd[0m [32mcalibrationd[0m [32mtorqued[0m [32mcontrolsd[0m [32mselfdrived[0m [32mcard[0m [32mdeleter[0m [32mdmonitoringd[0m [32mqcomgpsd[0m [32mpandad[0m [32mparamsd[0m [32mlagd[0m [32mplannerd[0m [32mradard[0m [32mhardwared[0m [32mtombstoned[0m [32muploader[0m [32mstatsd[0m [32mfeedbackd[0m [32mmodeld_tinygrad[0m [32mmapd[0m [32mmapd_manager[0m [32mrtid[0m
[32mloggerd[0m [32mencoderd[0m [32mlogmessaged[0m [32mcamerad[0m [32mlogcatd[0m [32mproclogd[0m [32mmicd[0m [32mtimed[0m [32mdmonitoringmodeld[0m [32msensord[0m [32mui[0m [32msoundd[0m [32mlocationd[0m [32mcalibrationd[0m [32mtorqued[0m [32mcontrolsd[0m [32mselfdrived[0m [32mcard[0m [32mdeleter[0m [32mdmonitoringd[0m [32mqcomgpsd[0m [32mpandad[0m [32mparamsd[0m [32mlagd[0m [32mplannerd[0m [32mradard[0m [32mhardwared[0m [32mtombstoned[0m [32muploader[0m [32mstatsd[0m [32mfeedbackd[0m [32mmodeld_tinygrad[0m [32mmapd[0m [32mmapd_manager[0m [32mrtid[0m
[32mloggerd[0m [32mencoderd[0m [32mlogmessaged[0m [32mcamerad[0m [32mlogcatd[0m [32mproclogd[0m [32mmicd[0m [32mtimed[0m [32mdmonitoringmodeld[0m [32msensord[0m [32mui[0m [32msoundd[0m [32mlocationd[0m [32mcalibrationd[0m [32mtorqued[0m [32mcontrolsd[0m [32mselfdrived[0m [32mcard[0m [32mdeleter[0m [32mdmonitoringd[0m [32mqcomgpsd[0m [32mpandad[0m [32mparamsd[0m [32mlagd[0m [32mplannerd[0m [32mradard[0m [32mhardwared[0m [32mtombstoned[0m [32muploader[0m [32mstatsd[0m [32mfeedbackd[0m [32mmodeld_tinygrad[0m [32mmapd[0m [32mmapd_manager[0m [32mrtid[0m
[32mloggerd[0m [32mencoderd[0m [32mlogmessaged[0m [32mcamerad[0m [32mlogcatd[0m [32mproclogd[0m [32mmicd[0m [32mtimed[0m [32mdmonitoringmodeld[0m [32msensord[0m [32mui[0m [32msoundd[0m [32mlocationd[0m [32mcalibrationd[0m [32mtorqued[0m [32mcontrolsd[0m [32mselfdrived[0m [32mcard[0m [32mdeleter[0m [32mdmonitoringd[0m [32mqcomgpsd[0m [32mpandad[0m [32mparamsd[0m [32mlagd[0m [32mplannerd[0m [32mradard[0m [32mhardwared[0m [32mtombstoned[0m [32muploader[0m [32mstatsd[0m [32mfeedbackd[0m [32mmodeld_tinygrad[0m [32mmapd[0m [32mmapd_manager[0m [32mrtid[0m
RTI cycle took 0.033s
RTI cycle took 0.037s
RTI cycle took 0.030s
RTI cycle took 0.036s
RTI cycle took 0.025s
RTI cycle took 0.037s
RTI cycle took 0.037s
RTI cycle took 0.037s
RTI cycle took 0.024s
RTI cycle took 0.041s
RTI cycle took 0.042s
RTI cycle took 0.034s
RTI cycle took 0.025s
RTI cycle took 0.021s
RTI cycle took 0.036s
RTI cycle took 0.029s
RTI cycle took 0.047s
RTI cycle took 0.032s
RTI cycle took 0.043s
RTI cycle took 0.021s
RTI cycle took 0.030s
RTI cycle took 0.022s
RTI cycle took 0.016s
RTI cycle took 0.036s
RTI cycle took 0.040s
RTI cycle took 0.048s
RTI cycle took 0.028s
RTI cycle took 0.039s
RTI cycle took 0.062s
RTI cycle took 0.021s
RTI cycle took 0.035s
RTI cycle took 0.032s
RTI cycle took 0.038s
RTI cycle took 0.029s
RTI cycle took 0.025s
RTI cycle took 0.034s
RTI cycle took 0.031s
RTI cycle took 0.032s
RTI cycle took 0.027s
RTI cycle took 0.087s
RTI cycle took 0.022s
RTI cycle took 0.040s
RTI cycle took 0.023s
RTI cycle took 0.057s
RTI cycle took 0.022s
RTI cycle took 0.030s
RTI cycle took 0.029s
RTI cycle took 0.034s
RTI cycle took 0.030s
RTI cycle took 0.037s
RTI cycle took 0.039s
RTI cycle took 0.035s
RTI cycle took 0.058s
RTI cycle took 0.045s
RTI cycle took 0.060s
RTI cycle took 0.033s
RTI cycle took 0.031s
RTI cycle took 0.054s
RTI cycle took 0.023s
RTI cycle took 0.017s
RTI cycle took 0.031s
RTI cycle took 0.039s
RTI cycle took 0.045s
RTI cycle took 0.060s
RTI cycle took 0.030s
RTI cycle took 0.036s
RTI cycle took 0.031s
RTI cycle took 0.039s
RTI cycle took 0.062s
RTI cycle took 0.087s
RTI cycle took 0.028s
RTI cycle took 0.047s
RTI cycle took 0.034s
RTI cycle took 0.053s
RTI cycle took 0.023s
RTI cycle took 0.039s
RTI cycle took 0.054s
RTI cycle took 0.039s
RTI cycle took 0.029s
RTI cycle took 0.058s
RTI cycle took 0.039s
RTI cycle took 0.038s
RTI cycle took 0.040s
RTI cycle took 0.026s
RTI cycle took 0.031s
RTI cycle took 0.035s
RTI cycle took 0.035s
RTI cycle took 0.040s
system/loggerd/loggerd.cc: rotated to /data/media/0/realdata/00000064--b322bf3d4b--1
RTI cycle took 0.025s
RTI cycle took 0.049s
RTI cycle took 0.031s
RTI cycle took 0.038s
RTI cycle took 0.028s
RTI cycle took 0.044s
RTI cycle took 0.043s
RTI cycle took 0.074s
RTI cycle took 0.029s
RTI cycle took 0.028s
RTI cycle took 0.048s
RTI cycle took 0.039s
RTI cycle took 0.029s
RTI cycle took 0.030s
RTI cycle took 0.037s
RTI cycle took 0.038s
RTI cycle took 0.040s
RTI cycle took 0.032s
RTI cycle took 0.036s
RTI cycle took 0.029s
RTI cycle took 0.028s
RTI cycle took 0.018s
RTI cycle took 0.017s
RTI cycle took 0.026s
RTI cycle took 0.029s
RTI cycle took 0.017s
RTI cycle took 0.025s
RTI cycle took 0.019s
RTI cycle took 0.016s
RTI cycle took 0.045s
RTI cycle took 0.027s
RTI cycle took 0.017s
RTI cycle took 0.026s
RTI cycle took 0.019s
RTI cycle took 0.027s
RTI cycle took 0.040s
RTI cycle took 0.029s
RTI cycle took 0.029s
RTI cycle took 0.031s
RTI cycle took 0.026s
RTI cycle took 0.033s
RTI cycle took 0.026s
RTI cycle took 0.040s
RTI cycle took 0.031s
RTI cycle took 0.026s
RTI cycle took 0.027s
RTI cycle took 0.019s
RTI cycle took 0.036s
RTI cycle took 0.043s
RTI cycle took 0.032s
RTI cycle took 0.028s
RTI cycle took 0.037s
RTI cycle took 0.025s
RTI cycle took 0.035s
RTI cycle took 0.029s
RTI cycle took 0.065s
RTI cycle took 0.035s
RTI cycle took 0.042s
RTI cycle took 0.028s
RTI cycle took 0.070s
RTI cycle took 0.017s
RTI cycle took 0.030s
RTI cycle took 0.025s
RTI cycle took 0.024s
RTI cycle took 0.037s
RTI cycle took 0.033s
RTI cycle took 0.032s
RTI cycle took 0.025s
RTI cycle took 0.038s
RTI cycle took 0.029s
RTI cycle took 0.030s
RTI cycle took 0.017s
RTI cycle took 0.011s
RTI cycle took 0.020s
RTI cycle took 0.039s
RTI cycle took 0.026s
RTI cycle took 0.040s
RTI cycle took 0.036s
RTI cycle took 0.029s
RTI cycle took 0.038s
RTI cycle took 0.040s
RTI cycle took 0.031s
RTI cycle took 0.038s
RTI cycle took 0.026s
RTI cycle took 0.030s
RTI cycle took 0.028s
RTI cycle took 0.039s
RTI cycle took 0.032s
RTI cycle took 0.044s
[32mloggerd[0m [32mencoderd[0m [32mlogmessaged[0m [32mcamerad[0m [32mlogcatd[0m [32mproclogd[0m [32mmicd[0m [32mtimed[0m [32mdmonitoringmodeld[0m [32msensord[0m [32mui[0m [32msoundd[0m [32mlocationd[0m [32mcalibrationd[0m [32mtorqued[0m [32mcontrolsd[0m [32mselfdrived[0m [32mcard[0m [32mdeleter[0m [32mdmonitoringd[0m [32mqcomgpsd[0m [32mpandad[0m [32mparamsd[0m [32mlagd[0m [32mplannerd[0m [32mradard[0m [32mhardwared[0m [32mtombstoned[0m [32muploader[0m [32mstatsd[0m [32mfeedbackd[0m [32mmodeld_tinygrad[0m [32mmapd[0m [32mmapd_manager[0m [32mrtid[0m
[32mloggerd[0m [32mencoderd[0m [32mlogmessaged[0m [32mcamerad[0m [32mlogcatd[0m [32mproclogd[0m [32mmicd[0m [32mtimed[0m [32mdmonitoringmodeld[0m [32msensord[0m [32mui[0m [32msoundd[0m [32mlocationd[0m [32mcalibrationd[0m [32mtorqued[0m [32mcontrolsd[0m [32mselfdrived[0m [32mcard[0m [32mdeleter[0m [32mdmonitoringd[0m [32mqcomgpsd[0m [32mpandad[0m [32mparamsd[0m [32mlagd[0m [32mplannerd[0m [32mradard[0m [32mhardwared[0m [32mtombstoned[0m [32muploader[0m [32mstatsd[0m [32mfeedbackd[0m [32mmodeld_tinygrad[0m [32mmapd[0m [32mmapd_manager[0m [32mrtid[0m
[32mloggerd[0m [32mencoderd[0m [32mlogmessaged[0m [32mcamerad[0m [32mlogcatd[0m [32mproclogd[0m [32mmicd[0m [32mtimed[0m [32mdmonitoringmodeld[0m [32msensord[0m [32mui[0m [32msoundd[0m [32mlocationd[0m [32mcalibrationd[0m [32mtorqued[0m [32mcontrolsd[0m [32mselfdrived[0m [32mcard[0m [32mdeleter[0m [32mdmonitoringd[0m [32mqcomgpsd[0m [32mpandad[0m [32mparamsd[0m [32mlagd[0m [32mplannerd[0m [32mradard[0m [32mhardwared[0m [32mtombstoned[0m [32muploader[0m [32mstatsd[0m [32mfeedbackd[0m [32mmodeld_tinygrad[0m [32mmapd[0m [32mmapd_manager[0m [32mrtid[0m
[32mloggerd[0m [32mencoderd[0m [32mlogmessaged[0m [32mcamerad[0m [32mlogcatd[0m [32mproclogd[0m [32mmicd[0m [32mtimed[0m [32mdmonitoringmodeld[0m [32msensord[0m [32mui[0m [32msoundd[0m [32mlocationd[0m [32mcalibrationd[0m [32mtorqued[0m [32mcontrolsd[0m [32mselfdrived[0m [32mcard[0m [32mdeleter[0m [32mdmonitoringd[0m [32mqcomgpsd[0m [32mpandad[0m [32mparamsd[0m [32mlagd[0m [32mplannerd[0m [32mradard[0m [32mhardwared[0m [32mtombstoned[0m [32muploader[0m [32mstatsd[0m [32mfeedbackd[0m [32mmodeld_tinygrad[0m [32mmapd[0m [32mmapd_manager[0m [32mrtid[0m
[32mloggerd[0m [32mencoderd[0m [32mlogmessaged[0m [32mcamerad[0m [32mlogcatd[0m [32mproclogd[0m [32mmicd[0m [32mtimed[0m [32mdmonitoringmodeld[0m [32msensord[0m [32mui[0m [32msoundd[0m [32mlocationd[0m [32mcalibrationd[0m [32mtorqued[0m [32mcontrolsd[0m [32mselfdrived[0m [32mcard[0m [32mdeleter[0m [32mdmonitoringd[0m [32mqcomgpsd[0m [32mpandad[0m [32mparamsd[0m [32mlagd[0m [32mplannerd[0m [32mradard[0m [32mhardwared[0m [32mtombstoned[0m [32muploader[0m [32mstatsd[0m [32mfeedbackd[0m [32mmodeld_tinygrad[0m [32mmapd[0m [32mmapd_manager[0m [32mrtid[0m
[32mloggerd[0m [32mencoderd[0m [32mlogmessaged[0m [32mcamerad[0m [32mlogcatd[0m [32mproclogd[0m [32mmicd[0m [32mtimed[0m [32mdmonitoringmodeld[0m [32msensord[0m [32mui[0m [32msoundd[0m [32mlocationd[0m [32mcalibrationd[0m [32mtorqued[0m [32mcontrolsd[0m [32mselfdrived[0m [32mcard[0m [32mdeleter[0m [32mdmonitoringd[0m [32mqcomgpsd[0m [32mpandad[0m [32mparamsd[0m [32mlagd[0m [32mplannerd[0m [32mradard[0m [32mhardwared[0m [32mtombstoned[0m [32muploader[0m [32mstatsd[0m [32mfeedbackd[0m [32mmodeld_tinygrad[0m [32mmapd[0m [32mmapd_manager[0m [32mrtid[0m
[32mloggerd[0m [32mencoderd[0m [32mlogmessaged[0m [32mcamerad[0m [32mlogcatd[0m [32mproclogd[0m [32mmicd[0m [32mtimed[0m [32mdmonitoringmodeld[0m [32msensord[0m [32mui[0m [32msoundd[0m [32mlocationd[0m [32mcalibrationd[0m [32mtorqued[0m [32mcontrolsd[0m [32mselfdrived[0m [32mcard[0m [32mdeleter[0m [32mdmonitoringd[0m [32mqcomgpsd[0m [32mpandad[0m [32mparamsd[0m [32mlagd[0m [32mplannerd[0m [32mradard[0m [32mhardwared[0m [32mtombstoned[0m [32muploader[0m [32mstatsd[0m [32mfeedbackd[0m [32mmodeld_tinygrad[0m [32mmapd[0m [32mmapd_manager[0m [32mrtid[0m
[32mloggerd[0m [32mencoderd[0m [32mlogmessaged[0m [32mcamerad[0m [32mlogcatd[0m [32mproclogd[0m [32mmicd[0m [32mtimed[0m [32mdmonitoringmodeld[0m [32msensord[0m [32mui[0m [32msoundd[0m [32mlocationd[0m [32mcalibrationd[0m [32mtorqued[0m [32mcontrolsd[0m [32mselfdrived[0m [32mcard[0m [32mdeleter[0m [32mdmonitoringd[0m [32mqcomgpsd[0m [32mpandad[0m [32mparamsd[0m [32mlagd[0m [32mplannerd[0m [32mradard[0m [32mhardwared[0m [32mtombstoned[0m [32muploader[0m [32mstatsd[0m [32mfeedbackd[0m [32mmodeld_tinygrad[0m [32mmapd[0m [32mmapd_manager[0m [32mrtid[0m
[32mloggerd[0m [32mencoderd[0m [32mlogmessaged[0m [32mcamerad[0m [32mlogcatd[0m [32mproclogd[0m [32mmicd[0m [32mtimed[0m [32mdmonitoringmodeld[0m [32msensord[0m [32mui[0m [32msoundd[0m [32mlocationd[0m [32mcalibrationd[0m [32mtorqued[0m [32mcontrolsd[0m [32mselfdrived[0m [32mcard[0m [32mdeleter[0m [32mdmonitoringd[0m [32mqcomgpsd[0m [32mpandad[0m [32mparamsd[0m [32mlagd[0m [32mplannerd[0m [32mradard[0m [32mhardwared[0m [32mtombstoned[0m [32muploader[0m [32mstatsd[0m [32mfeedbackd[0m [32mmodeld_tinygrad[0m [32mmapd[0m [32mmapd_manager[0m [32mrtid[0m
[32mloggerd[0m [32mencoderd[0m [32mlogmessaged[0m [32mcamerad[0m [32mlogcatd[0m [32mproclogd[0m [32mmicd[0m [32mtimed[0m [32mdmonitoringmodeld[0m [32msensord[0m [32mui[0m [32msoundd[0m [32mlocationd[0m [32mcalibrationd[0m [32mtorqued[0m [32mcontrolsd[0m [32mselfdrived[0m [32mcard[0m [32mdeleter[0m [32mdmonitoringd[0m [32mqcomgpsd[0m [32mpandad[0m [32mparamsd[0m [32mlagd[0m [32mplannerd[0m [32mradard[0m [32mhardwared[0m [32mtombstoned[0m [32muploader[0m [32mstatsd[0m [32mfeedbackd[0m [32mmodeld_tinygrad[0m [32mmapd[0m [32mmapd_manager[0m [32mrtid[0m
[32mloggerd[0m [32mencoderd[0m [32mlogmessaged[0m [32mcamerad[0m [32mlogcatd[0m [32mproclogd[0m [32mmicd[0m [32mtimed[0m [32mdmonitoringmodeld[0m [32msensord[0m [32mui[0m [32msoundd[0m [32mlocationd[0m [32mcalibrationd[0m [32mtorqued[0m [32mcontrolsd[0m [32mselfdrived[0m [32mcard[0m [32mdeleter[0m [32mdmonitoringd[0m [32mqcomgpsd[0m [32mpandad[0m [32mparamsd[0m [32mlagd[0m [32mplannerd[0m [32mradard[0m [32mhardwared[0m [32mtombstoned[0m [32muploader[0m [32mstatsd[0m [32mfeedbackd[0m [32mmodeld_tinygrad[0m [32mmapd[0m [32mmapd_manager[0m [32mrtid[0m
[32mloggerd[0m [32mencoderd[0m [32mlogmessaged[0m [32mcamerad[0m [32mlogcatd[0m [32mproclogd[0m [32mmicd[0m [32mtimed[0m [32mdmonitoringmodeld[0m [32msensord[0m [32mui[0m [32msoundd[0m [32mlocationd[0m [32mcalibrationd[0m [32mtorqued[0m [32mcontrolsd[0m [32mselfdrived[0m [32mcard[0m [32mdeleter[0m [32mdmonitoringd[0m [32mqcomgpsd[0m [32mpandad[0m [32mparamsd[0m [32mlagd[0m [32mplannerd[0m [32mradard[0m [32mhardwared[0m [32mtombstoned[0m [32muploader[0m [32mstatsd[0m [32mfeedbackd[0m [32mmodeld_tinygrad[0m [32mmapd[0m [32mmapd_manager[0m [32mrtid[0m
[32mloggerd[0m [32mencoderd[0m [32mlogmessaged[0m [32mcamerad[0m [32mlogcatd[0m [32mproclogd[0m [32mmicd[0m [32mtimed[0m [32mdmonitoringmodeld[0m [32msensord[0m [32mui[0m [32msoundd[0m [32mlocationd[0m [32mcalibrationd[0m [32mtorqued[0m [32mcontrolsd[0m [32mselfdrived[0m [32mcard[0m [32mdeleter[0m [32mdmonitoringd[0m [32mqcomgpsd[0m [32mpandad[0m [32mparamsd[0m [32mlagd[0m [32mplannerd[0m [32mradard[0m [32mhardwared[0m [32mtombstoned[0m [32muploader[0m [32mstatsd[0m [32mfeedbackd[0m [32mmodeld_tinygrad[0m [32mmapd[0m [32mmapd_manager[0m [32mrtid[0m
RTI cycle took 0.021s
RTI cycle took 0.041s
RTI cycle took 0.026s
RTI cycle took 0.044s
RTI cycle took 0.034s
RTI cycle took 0.029s
RTI cycle took 0.028s
RTI cycle took 0.037s
RTI cycle took 0.026s
RTI cycle took 0.027s
RTI cycle took 0.030s
RTI cycle took 0.019s
RTI cycle took 0.029s
RTI cycle took 0.030s
RTI cycle took 0.017s
RTI cycle took 0.028s
RTI cycle took 0.065s
RTI cycle took 0.043s
RTI cycle took 0.039s
RTI cycle took 0.035s
RTI cycle took 0.040s
RTI cycle took 0.018s
RTI cycle took 0.046s
RTI cycle took 0.026s
RTI cycle took 0.038s
RTI cycle took 0.032s
RTI cycle took 0.019s
RTI cycle took 0.025s
RTI cycle took 0.026s
RTI cycle took 0.034s
RTI cycle took 0.034s
RTI cycle took 0.040s
RTI cycle took 0.034s
RTI cycle took 0.021s
RTI cycle took 0.029s
RTI cycle took 0.021s
RTI cycle took 0.025s
RTI cycle took 0.030s
RTI cycle took 0.018s
RTI cycle took 0.027s
RTI cycle took 0.037s
RTI cycle took 0.030s
RTI cycle took 0.030s
RTI cycle took 0.028s
RTI cycle took 0.019s
RTI cycle took 0.040s
RTI cycle took 0.020s
RTI cycle took 0.021s
RTI cycle took 0.028s
RTI cycle took 0.030s
RTI cycle took 0.038s
RTI cycle took 0.028s
RTI cycle took 0.040s
RTI cycle took 0.028s
RTI cycle took 0.027s
RTI cycle took 0.020s
RTI cycle took 0.020s
RTI cycle took 0.021s
RTI cycle took 0.029s
RTI cycle took 0.020s
RTI cycle took 0.030s
RTI cycle took 0.024s
RTI cycle took 0.024s
RTI cycle took 0.038s
RTI cycle took 0.028s
RTI cycle took 0.028s
RTI cycle took 0.028s
RTI cycle took 0.029s
RTI cycle took 0.031s
RTI cycle took 0.027s
RTI cycle took 0.031s
RTI cycle took 0.028s
RTI cycle took 0.021s
RTI cycle took 0.026s
RTI cycle took 0.030s
RTI cycle took 0.030s
RTI cycle took 0.026s
RTI cycle took 0.030s
RTI cycle took 0.026s
RTI cycle took 0.045s
RTI cycle took 0.021s
RTI cycle took 0.022s
RTI cycle took 0.037s
RTI cycle took 0.028s
RTI cycle took 0.037s
RTI cycle took 0.022s
RTI cycle took 0.026s
RTI cycle took 0.047s
RTI cycle took 0.024s
RTI cycle took 0.016s
RTI cycle took 0.027s
RTI cycle took 0.027s
RTI cycle took 0.031s
RTI cycle took 0.017s
RTI cycle took 0.025s
RTI cycle took 0.018s
RTI cycle took 0.026s
RTI cycle took 0.019s
RTI cycle took 0.028s
RTI cycle took 0.029s
RTI cycle took 0.043s
RTI cycle took 0.035s
RTI cycle took 0.057s
RTI cycle took 0.031s
RTI cycle took 0.039s
RTI cycle took 0.050s
RTI cycle took 0.015s
RTI cycle took 0.037s
RTI cycle took 0.039s
RTI cycle took 0.048s
RTI cycle took 0.044s
RTI cycle took 0.032s
RTI cycle took 0.042s
RTI cycle took 0.029s
RTI cycle took 0.040s
RTI cycle took 0.035s
RTI cycle took 0.029s
RTI cycle took 0.031s
RTI cycle took 0.036s
RTI cycle took 0.042s
RTI cycle took 0.037s
RTI cycle took 0.019s
RTI cycle took 0.027s
RTI cycle took 0.039s
RTI cycle took 0.029s
RTI cycle took 0.049s
RTI cycle took 0.038s
RTI cycle took 0.029s
RTI cycle took 0.028s
RTI cycle took 0.036s
RTI cycle took 0.034s
RTI cycle took 0.038s
RTI cycle took 0.035s
RTI cycle took 0.030s
RTI cycle took 0.049s
RTI cycle took 0.028s
RTI cycle took 0.030s
RTI cycle took 0.032s
RTI cycle took 0.027s
RTI cycle took 0.015s
RTI cycle took 0.040s
RTI cycle took 0.027s
RTI cycle took 0.039s
RTI cycle took 0.030s
RTI cycle took 0.032s
RTI cycle took 0.033s
RTI cycle took 0.031s
RTI cycle took 0.028s
RTI cycle took 0.029s
RTI cycle took 0.029s
RTI cycle took 0.027s
RTI cycle took 0.030s
RTI cycle took 0.030s
RTI cycle took 0.025s
RTI cycle took 0.032s
RTI cycle took 0.030s
RTI cycle took 0.039s
RTI cycle took 0.029s
RTI cycle took 0.026s
RTI cycle took 0.031s
RTI cycle took 0.018s
RTI cycle took 0.032s
RTI cycle took 0.032s
RTI cycle took 0.045s
RTI cycle took 0.030s
RTI cycle took 0.038s
RTI cycle took 0.022s
RTI cycle took 0.026s
RTI cycle took 0.031s
RTI cycle took 0.042s
RTI cycle took 0.037s
RTI cycle took 0.028s
RTI cycle took 0.030s
RTI cycle took 0.024s
RTI cycle took 0.023s
RTI cycle took 0.029s
RTI cycle took 0.027s
RTI cycle took 0.019s
RTI cycle took 0.029s
RTI cycle took 0.017s
RTI cycle took 0.027s
RTI cycle took 0.040s
RTI cycle took 0.018s
RTI cycle took 0.027s
RTI cycle took 0.046s
RTI cycle took 0.029s
RTI cycle took 0.022s
RTI cycle took 0.038s
RTI cycle took 0.041s
RTI cycle took 0.027s
RTI cycle took 0.019s
RTI cycle took 0.036s
RTI cycle took 0.036s
RTI cycle took 0.018s
RTI cycle took 0.028s
RTI cycle took 0.019s
RTI cycle took 0.027s
RTI cycle took 0.031s
RTI cycle took 0.018s
RTI cycle took 0.015s
RTI cycle took 0.024s
RTI cycle took 0.031s
[32mloggerd[0m [32mencoderd[0m [32mlogmessaged[0m [32mcamerad[0m [32mlogcatd[0m [32mproclogd[0m [32mmicd[0m [32mtimed[0m [32mdmonitoringmodeld[0m [32msensord[0m [32mui[0m [32msoundd[0m [32mlocationd[0m [32mcalibrationd[0m [32mtorqued[0m [32mcontrolsd[0m [32mselfdrived[0m [32mcard[0m [32mdeleter[0m [32mdmonitoringd[0m [32mqcomgpsd[0m [32mpandad[0m [32mparamsd[0m [32mlagd[0m [32mplannerd[0m [32mradard[0m [32mhardwared[0m [32mtombstoned[0m [32muploader[0m [32mstatsd[0m [32mfeedbackd[0m [32mmodeld_tinygrad[0m [32mmapd[0m [32mmapd_manager[0m [32mrtid[0m
[32mloggerd[0m [32mencoderd[0m [32mlogmessaged[0m [32mcamerad[0m [32mlogcatd[0m [32mproclogd[0m [32mmicd[0m [32mtimed[0m [32mdmonitoringmodeld[0m [32msensord[0m [32mui[0m [32msoundd[0m [32mlocationd[0m [32mcalibrationd[0m [32mtorqued[0m [32mcontrolsd[0m [32mselfdrived[0m [32mcard[0m [32mdeleter[0m [32mdmonitoringd[0m [32mqcomgpsd[0m [32mpandad[0m [32mparamsd[0m [32mlagd[0m [32mplannerd[0m [32mradard[0m [32mhardwared[0m [32mtombstoned[0m [32muploader[0m [32mstatsd[0m [32mfeedbackd[0m [32mmodeld_tinygrad[0m [32mmapd[0m [32mmapd_manager[0m [32mrtid[0m
[32mloggerd[0m [32mencoderd[0m [32mlogmessaged[0m [32mcamerad[0m [32mlogcatd[0m [32mproclogd[0m [32mmicd[0m [32mtimed[0m [32mdmonitoringmodeld[0m [32msensord[0m [32mui[0m [32msoundd[0m [32mlocationd[0m [32mcalibrationd[0m [32mtorqued[0m [32mcontrolsd[0m [32mselfdrived[0m [32mcard[0m [32mdeleter[0m [32mdmonitoringd[0m [32mqcomgpsd[0m [32mpandad[0m [32mparamsd[0m [32mlagd[0m [32mplannerd[0m [32mradard[0m [32mhardwared[0m [32mtombstoned[0m [32muploader[0m [32mstatsd[0m [32mfeedbackd[0m [32mmodeld_tinygrad[0m [32mmapd[0m [32mmapd_manager[0m [32mrtid[0m
[32mloggerd[0m [32mencoderd[0m [32mlogmessaged[0m [32mcamerad[0m [32mlogcatd[0m [32mproclogd[0m [32mmicd[0m [32mtimed[0m [32mdmonitoringmodeld[0m [32msensord[0m [32mui[0m [32msoundd[0m [32mlocationd[0m [32mcalibrationd[0m [32mtorqued[0m [32mcontrolsd[0m [32mselfdrived[0m [32mcard[0m [32mdeleter[0m [32mdmonitoringd[0m [32mqcomgpsd[0m [32mpandad[0m [32mparamsd[0m [32mlagd[0m [32mplannerd[0m [32mradard[0m [32mhardwared[0m [32mtombstoned[0m [32muploader[0m [32mstatsd[0m [32mfeedbackd[0m [32mmodeld_tinygrad[0m [32mmapd[0m [32mmapd_manager[0m [32mrtid[0m
[32mloggerd[0m [32mencoderd[0m [32mlogmessaged[0m [32mcamerad[0m [32mlogcatd[0m [32mproclogd[0m [32mmicd[0m [32mtimed[0m [32mdmonitoringmodeld[0m [32msensord[0m [32mui[0m [32msoundd[0m [32mlocationd[0m [32mcalibrationd[0m [32mtorqued[0m [32mcontrolsd[0m [32mselfdrived[0m [32mcard[0m [32mdeleter[0m [32mdmonitoringd[0m [32mqcomgpsd[0m [32mpandad[0m [32mparamsd[0m [32mlagd[0m [32mplannerd[0m [32mradard[0m [32mhardwared[0m [32mtombstoned[0m [32muploader[0m [32mstatsd[0m [32mfeedbackd[0m [32mmodeld_tinygrad[0m [32mmapd[0m [32mmapd_manager[0m [32mrtid[0m
[32mloggerd[0m [32mencoderd[0m [32mlogmessaged[0m [32mcamerad[0m [32mlogcatd[0m [32mproclogd[0m [32mmicd[0m [32mtimed[0m [32mdmonitoringmodeld[0m [32msensord[0m [32mui[0m [32msoundd[0m [32mlocationd[0m [32mcalibrationd[0m [32mtorqued[0m [32mcontrolsd[0m [32mselfdrived[0m [32mcard[0m [32mdeleter[0m [32mdmonitoringd[0m [32mqcomgpsd[0m [32mpandad[0m [32mparamsd[0m [32mlagd[0m [32mplannerd[0m [32mradard[0m [32mhardwared[0m [32mtombstoned[0m [32muploader[0m [32mstatsd[0m [32mfeedbackd[0m [32mmodeld_tinygrad[0m [32mmapd[0m [32mmapd_manager[0m [32mrtid[0m
[32mloggerd[0m [32mencoderd[0m [32mlogmessaged[0m [32mcamerad[0m [32mlogcatd[0m [32mproclogd[0m [32mmicd[0m [32mtimed[0m [32mdmonitoringmodeld[0m [32msensord[0m [32mui[0m [32msoundd[0m [32mlocationd[0m [32mcalibrationd[0m [32mtorqued[0m [32mcontrolsd[0m [32mselfdrived[0m [32mcard[0m [32mdeleter[0m [32mdmonitoringd[0m [32mqcomgpsd[0m [32mpandad[0m [32mparamsd[0m [32mlagd[0m [32mplannerd[0m [32mradard[0m [32mhardwared[0m [32mtombstoned[0m [32muploader[0m [32mstatsd[0m [32mfeedbackd[0m [32mmodeld_tinygrad[0m [32mmapd[0m [32mmapd_manager[0m [32mrtid[0m
[32mloggerd[0m [32mencoderd[0m [32mlogmessaged[0m [32mcamerad[0m [32mlogcatd[0m [32mproclogd[0m [32mmicd[0m [32mtimed[0m [32mdmonitoringmodeld[0m [32msensord[0m [32mui[0m [32msoundd[0m [32mlocationd[0m [32mcalibrationd[0m [32mtorqued[0m [32mcontrolsd[0m [32mselfdrived[0m [32mcard[0m [32mdeleter[0m [32mdmonitoringd[0m [32mqcomgpsd[0m [32mpandad[0m [32mparamsd[0m [32mlagd[0m [32mplannerd[0m [32mradard[0m [32mhardwared[0m [32mtombstoned[0m [32muploader[0m [32mstatsd[0m [32mfeedbackd[0m [32mmodeld_tinygrad[0m [32mmapd[0m [32mmapd_manager[0m [32mrtid[0m
[32mloggerd[0m [32mencoderd[0m [32mlogmessaged[0m [32mcamerad[0m [32mlogcatd[0m [32mproclogd[0m [32mmicd[0m [32mtimed[0m [32mdmonitoringmodeld[0m [32msensord[0m [32mui[0m [32msoundd[0m [32mlocationd[0m [32mcalibrationd[0m [32mtorqued[0m [32mcontrolsd[0m [32mselfdrived[0m [32mcard[0m [32mdeleter[0m [32mdmonitoringd[0m [32mqcomgpsd[0m [32mpandad[0m [32mparamsd[0m [32mlagd[0m [32mplannerd[0m [32mradard[0m [32mhardwared[0m [32mtombstoned[0m [32muploader[0m [32mstatsd[0m [32mfeedbackd[0m [32mmodeld_tinygrad[0m [32mmapd[0m [32mmapd_manager[0m [32mrtid[0m
[32mloggerd[0m [32mencoderd[0m [32mlogmessaged[0m [32mcamerad[0m [32mlogcatd[0m [32mproclogd[0m [32mmicd[0m [32mtimed[0m [32mdmonitoringmodeld[0m [32msensord[0m [32mui[0m [32msoundd[0m [32mlocationd[0m [32mcalibrationd[0m [32mtorqued[0m [32mcontrolsd[0m [32mselfdrived[0m [32mcard[0m [32mdeleter[0m [32mdmonitoringd[0m [32mqcomgpsd[0m [32mpandad[0m [32mparamsd[0m [32mlagd[0m [32mplannerd[0m [32mradard[0m [32mhardwared[0m [32mtombstoned[0m [32muploader[0m [32mstatsd[0m [32mfeedbackd[0m [32mmodeld_tinygrad[0m [32mmapd[0m [32mmapd_manager[0m [32mrtid[0m
[32mloggerd[0m [32mencoderd[0m [32mlogmessaged[0m [32mcamerad[0m [32mlogcatd[0m [32mproclogd[0m [32mmicd[0m [32mtimed[0m [32mdmonitoringmodeld[0m [32msensord[0m [32mui[0m [32msoundd[0m [32mlocationd[0m [32mcalibrationd[0m [32mtorqued[0m [32mcontrolsd[0m [32mselfdrived[0m [32mcard[0m [32mdeleter[0m [32mdmonitoringd[0m [32mqcomgpsd[0m [32mpandad[0m [32mparamsd[0m [32mlagd[0m [32mplannerd[0m [32mradard[0m [32mhardwared[0m [32mtombstoned[0m [32muploader[0m [32mstatsd[0m [32mfeedbackd[0m [32mmodeld_tinygrad[0m [32mmapd[0m [32mmapd_manager[0m [32mrtid[0m
[32mloggerd[0m [32mencoderd[0m [32mlogmessaged[0m [32mcamerad[0m [32mlogcatd[0m [32mproclogd[0m [32mmicd[0m [32mtimed[0m [32mdmonitoringmodeld[0m [32msensord[0m [32mui[0m [32msoundd[0m [32mlocationd[0m [32mcalibrationd[0m [32mtorqued[0m [32mcontrolsd[0m [32mselfdrived[0m [32mcard[0m [32mdeleter[0m [32mdmonitoringd[0m [32mqcomgpsd[0m [32mpandad[0m [32mparamsd[0m [32mlagd[0m [32mplannerd[0m [32mradard[0m [32mhardwared[0m [32mtombstoned[0m [32muploader[0m [32mstatsd[0m [32mfeedbackd[0m [32mmodeld_tinygrad[0m [32mmapd[0m [32mmapd_manager[0m [32mrtid[0m
[32mloggerd[0m [32mencoderd[0m [32mlogmessaged[0m [32mcamerad[0m [32mlogcatd[0m [32mproclogd[0m [32mmicd[0m [32mtimed[0m [32mdmonitoringmodeld[0m [32msensord[0m [32mui[0m [32msoundd[0m [32mlocationd[0m [32mcalibrationd[0m [32mtorqued[0m [32mcontrolsd[0m [32mselfdrived[0m [32mcard[0m [32mdeleter[0m [32mdmonitoringd[0m [32mqcomgpsd[0m [32mpandad[0m [32mparamsd[0m [32mlagd[0m [32mplannerd[0m [32mradard[0m [32mhardwared[0m [32mtombstoned[0m [32muploader[0m [32mstatsd[0m [32mfeedbackd[0m [32mmodeld_tinygrad[0m [32mmapd[0m [32mmapd_manager[0m [32mrtid[0m
RTI cycle took 0.026s
RTI cycle took 0.037s
RTI cycle took 0.033s
RTI cycle took 0.028s
RTI cycle took 0.025s
RTI cycle took 0.026s
RTI cycle took 0.031s
RTI cycle took 0.029s
RTI cycle took 0.021s
RTI cycle took 0.028s
RTI cycle took 0.026s
RTI cycle took 0.032s
RTI cycle took 0.019s
RTI cycle took 0.038s
RTI cycle took 0.040s
RTI cycle took 0.027s
RTI cycle took 0.029s
RTI cycle took 0.030s
RTI cycle took 0.020s
RTI cycle took 0.028s
RTI cycle took 0.026s
RTI cycle took 0.033s
RTI cycle took 0.038s
RTI cycle took 0.026s
RTI cycle took 0.041s
RTI cycle took 0.018s
RTI cycle took 0.028s
RTI cycle took 0.028s
RTI cycle took 0.037s
RTI cycle took 0.021s
RTI cycle took 0.020s
RTI cycle took 0.025s
RTI cycle took 0.025s
RTI cycle took 0.033s
RTI cycle took 0.032s
RTI cycle took 0.017s
RTI cycle took 0.037s
RTI cycle took 0.039s
RTI cycle took 0.017s
RTI cycle took 0.026s
RTI cycle took 0.029s
RTI cycle took 0.021s
RTI cycle took 0.019s
RTI cycle took 0.046s
RTI cycle took 0.035s
RTI cycle took 0.028s
RTI cycle took 0.061s
RTI cycle took 0.030s
RTI cycle took 0.030s
RTI cycle took 0.030s
RTI cycle took 0.027s
RTI cycle took 0.078s
RTI cycle took 0.041s
RTI cycle took 0.027s
RTI cycle took 0.021s
RTI cycle took 0.038s
RTI cycle took 0.036s
RTI cycle took 0.017s
RTI cycle took 0.022s
RTI cycle took 0.023s
RTI cycle took 0.028s
RTI cycle took 0.031s
RTI cycle took 0.039s
RTI cycle took 0.027s
RTI cycle took 0.032s
RTI cycle took 0.037s
RTI cycle took 0.040s
RTI cycle took 0.027s
RTI cycle took 0.034s
RTI cycle took 0.029s
RTI cycle took 0.037s
RTI cycle took 0.021s
RTI cycle took 0.040s
RTI cycle took 0.036s
RTI cycle took 0.049s
RTI cycle took 0.038s
RTI cycle took 0.040s
RTI cycle took 0.040s
RTI cycle took 0.038s
RTI cycle took 0.041s
RTI cycle took 0.056s
RTI cycle took 0.039s
RTI cycle took 0.025s
RTI cycle took 0.029s
RTI cycle took 0.037s
RTI cycle took 0.047s
RTI cycle took 0.031s
RTI cycle took 0.039s
RTI cycle took 0.028s
RTI cycle took 0.032s
RTI cycle took 0.056s
RTI cycle took 0.034s
RTI cycle took 0.035s
RTI cycle took 0.034s
RTI cycle took 0.028s
RTI cycle took 0.039s
RTI cycle took 0.026s
RTI cycle took 0.031s
RTI cycle took 0.030s
RTI cycle took 0.037s
RTI cycle took 0.029s
RTI cycle took 0.056s
RTI cycle took 0.022s
RTI cycle took 0.039s
RTI cycle took 0.022s
RTI cycle took 0.029s
RTI cycle took 0.028s
RTI cycle took 0.030s
RTI cycle took 0.026s
RTI cycle took 0.030s
RTI cycle took 0.029s
RTI cycle took 0.037s
RTI cycle took 0.020s
RTI cycle took 0.029s
RTI cycle took 0.030s
RTI cycle took 0.028s
RTI cycle took 0.028s
RTI cycle took 0.041s
RTI cycle took 0.027s
RTI cycle took 0.038s
RTI cycle took 0.030s
RTI cycle took 0.030s
RTI cycle took 0.039s
RTI cycle took 0.029s
RTI cycle took 0.029s
RTI cycle took 0.025s
RTI cycle took 0.041s
RTI cycle took 0.019s
RTI cycle took 0.027s
RTI cycle took 0.039s
RTI cycle took 0.027s
RTI cycle took 0.044s
RTI cycle took 0.038s
RTI cycle took 0.028s
RTI cycle took 0.038s
RTI cycle took 0.027s
RTI cycle took 0.042s
RTI cycle took 0.046s
RTI cycle took 0.050s
RTI cycle took 0.038s
RTI cycle took 0.018s
RTI cycle took 0.027s
RTI cycle took 0.027s
RTI cycle took 0.041s
RTI cycle took 0.028s
RTI cycle took 0.045s
RTI cycle took 0.023s
RTI cycle took 0.031s
RTI cycle took 0.039s
RTI cycle took 0.029s
RTI cycle took 0.026s
RTI cycle took 0.039s
RTI cycle took 0.029s
RTI cycle took 0.039s
RTI cycle took 0.018s
RTI cycle took 0.027s
RTI cycle took 0.016s
RTI cycle took 0.026s
RTI cycle took 0.027s
RTI cycle took 0.037s
RTI cycle took 0.032s
RTI cycle took 0.041s
RTI cycle took 0.019s
RTI cycle took 0.036s
RTI cycle took 0.031s
RTI cycle took 0.018s
RTI cycle took 0.036s
RTI cycle took 0.018s
RTI cycle took 0.039s
RTI cycle took 0.020s
RTI cycle took 0.028s
RTI cycle took 0.022s
RTI cycle took 0.038s
RTI cycle took 0.021s
RTI cycle took 0.048s
RTI cycle took 0.018s
RTI cycle took 0.027s
RTI cycle took 0.039s
RTI cycle took 0.036s
RTI cycle took 0.011s
RTI cycle took 0.031s
RTI cycle took 0.037s
RTI cycle took 0.031s
RTI cycle took 0.029s
RTI cycle took 0.018s
RTI cycle took 0.017s
RTI cycle took 0.015s
RTI cycle took 0.022s
RTI cycle took 0.029s
RTI cycle took 0.019s
RTI cycle took 0.027s
RTI cycle took 0.031s
RTI cycle took 0.018s
RTI cycle took 0.022s
RTI cycle took 0.036s
[32mloggerd[0m [32mencoderd[0m [32mlogmessaged[0m [32mcamerad[0m [32mlogcatd[0m [32mproclogd[0m [32mmicd[0m [32mtimed[0m [32mdmonitoringmodeld[0m [32msensord[0m [32mui[0m [32msoundd[0m [32mlocationd[0m [32mcalibrationd[0m [32mtorqued[0m [32mcontrolsd[0m [32mselfdrived[0m [32mcard[0m [32mdeleter[0m [32mdmonitoringd[0m [32mqcomgpsd[0m [32mpandad[0m [32mparamsd[0m [32mlagd[0m [32mplannerd[0m [32mradard[0m [32mhardwared[0m [32mtombstoned[0m [32muploader[0m [32mstatsd[0m [32mfeedbackd[0m [32mmodeld_tinygrad[0m [32mmapd[0m [32mmapd_manager[0m [32mrtid[0m
[32mloggerd[0m [32mencoderd[0m [32mlogmessaged[0m [32mcamerad[0m [32mlogcatd[0m [32mproclogd[0m [32mmicd[0m [32mtimed[0m [32mdmonitoringmodeld[0m [32msensord[0m [32mui[0m [32msoundd[0m [32mlocationd[0m [32mcalibrationd[0m [32mtorqued[0m [32mcontrolsd[0m [32mselfdrived[0m [32mcard[0m [32mdeleter[0m [32mdmonitoringd[0m [32mqcomgpsd[0m [32mpandad[0m [32mparamsd[0m [32mlagd[0m [32mplannerd[0m [32mradard[0m [32mhardwared[0m [32mtombstoned[0m [32muploader[0m [32mstatsd[0m [32mfeedbackd[0m [32mmodeld_tinygrad[0m [32mmapd[0m [32mmapd_manager[0m [32mrtid[0m
[32mloggerd[0m [32mencoderd[0m [32mlogmessaged[0m [32mcamerad[0m [32mlogcatd[0m [32mproclogd[0m [32mmicd[0m [32mtimed[0m [32mdmonitoringmodeld[0m [32msensord[0m [32mui[0m [32msoundd[0m [32mlocationd[0m [32mcalibrationd[0m [32mtorqued[0m [32mcontrolsd[0m [32mselfdrived[0m [32mcard[0m [32mdeleter[0m [32mdmonitoringd[0m [32mqcomgpsd[0m [32mpandad[0m [32mparamsd[0m [32mlagd[0m [32mplannerd[0m [32mradard[0m [32mhardwared[0m [32mtombstoned[0m [32muploader[0m [32mstatsd[0m [32mfeedbackd[0m [32mmodeld_tinygrad[0m [32mmapd[0m [32mmapd_manager[0m [32mrtid[0m
[32mloggerd[0m [32mencoderd[0m [32mlogmessaged[0m [32mcamerad[0m [32mlogcatd[0m [32mproclogd[0m [32mmicd[0m [32mtimed[0m [32mdmonitoringmodeld[0m [32msensord[0m [32mui[0m [32msoundd[0m [32mlocationd[0m [32mcalibrationd[0m [32mtorqued[0m [32mcontrolsd[0m [32mselfdrived[0m [32mcard[0m [32mdeleter[0m [32mdmonitoringd[0m [32mqcomgpsd[0m [32mpandad[0m [32mparamsd[0m [32mlagd[0m [32mplannerd[0m [32mradard[0m [32mhardwared[0m [32mtombstoned[0m [32muploader[0m [32mstatsd[0m [32mfeedbackd[0m [32mmodeld_tinygrad[0m [32mmapd[0m [32mmapd_manager[0m [32mrtid[0m
[32mloggerd[0m [32mencoderd[0m [32mlogmessaged[0m [32mcamerad[0m [32mlogcatd[0m [32mproclogd[0m [32mmicd[0m [32mtimed[0m [32mdmonitoringmodeld[0m [32msensord[0m [32mui[0m [32msoundd[0m [32mlocationd[0m [32mcalibrationd[0m [32mtorqued[0m [32mcontrolsd[0m [32mselfdrived[0m [32mcard[0m [32mdeleter[0m [32mdmonitoringd[0m [32mqcomgpsd[0m [32mpandad[0m [32mparamsd[0m [32mlagd[0m [32mplannerd[0m [32mradard[0m [32mhardwared[0m [32mtombstoned[0m [32muploader[0m [32mstatsd[0m [32mfeedbackd[0m [32mmodeld_tinygrad[0m [32mmapd[0m [32mmapd_manager[0m [32mrtid[0m
[32mloggerd[0m [32mencoderd[0m [32mlogmessaged[0m [32mcamerad[0m [32mlogcatd[0m [32mproclogd[0m [32mmicd[0m [32mtimed[0m [32mdmonitoringmodeld[0m [32msensord[0m [32mui[0m [32msoundd[0m [32mlocationd[0m [32mcalibrationd[0m [32mtorqued[0m [32mcontrolsd[0m [32mselfdrived[0m [32mcard[0m [32mdeleter[0m [32mdmonitoringd[0m [32mqcomgpsd[0m [32mpandad[0m [32mparamsd[0m [32mlagd[0m [32mplannerd[0m [32mradard[0m [32mhardwared[0m [32mtombstoned[0m [32muploader[0m [32mstatsd[0m [32mfeedbackd[0m [32mmodeld_tinygrad[0m [32mmapd[0m [32mmapd_manager[0m [32mrtid[0m
[32mloggerd[0m [32mencoderd[0m [32mlogmessaged[0m [32mcamerad[0m [32mlogcatd[0m [32mproclogd[0m [32mmicd[0m [32mtimed[0m [32mdmonitoringmodeld[0m [32msensord[0m [32mui[0m [32msoundd[0m [32mlocationd[0m [32mcalibrationd[0m [32mtorqued[0m [32mcontrolsd[0m [32mselfdrived[0m [32mcard[0m [32mdeleter[0m [32mdmonitoringd[0m [32mqcomgpsd[0m [32mpandad[0m [32mparamsd[0m [32mlagd[0m [32mplannerd[0m [32mradard[0m [32mhardwared[0m [32mtombstoned[0m [32muploader[0m [32mstatsd[0m [32mfeedbackd[0m [32mmodeld_tinygrad[0m [32mmapd[0m [32mmapd_manager[0m [32mrtid[0m
[32mloggerd[0m [32mencoderd[0m [32mlogmessaged[0m [32mcamerad[0m [32mlogcatd[0m [32mproclogd[0m [32mmicd[0m [32mtimed[0m [32mdmonitoringmodeld[0m [32msensord[0m [32mui[0m [32msoundd[0m [32mlocationd[0m [32mcalibrationd[0m [32mtorqued[0m [32mcontrolsd[0m [32mselfdrived[0m [32mcard[0m [32mdeleter[0m [32mdmonitoringd[0m [32mqcomgpsd[0m [32mpandad[0m [32mparamsd[0m [32mlagd[0m [32mplannerd[0m [32mradard[0m [32mhardwared[0m [32mtombstoned[0m [32muploader[0m [32mstatsd[0m [32mfeedbackd[0m [32mmodeld_tinygrad[0m [32mmapd[0m [32mmapd_manager[0m [32mrtid[0m
[32mloggerd[0m [32mencoderd[0m [32mlogmessaged[0m [32mcamerad[0m [32mlogcatd[0m [32mproclogd[0m [32mmicd[0m [32mtimed[0m [32mdmonitoringmodeld[0m [32msensord[0m [32mui[0m [32msoundd[0m [32mlocationd[0m [32mcalibrationd[0m [32mtorqued[0m [32mcontrolsd[0m [32mselfdrived[0m [32mcard[0m [32mdeleter[0m [32mdmonitoringd[0m [32mqcomgpsd[0m [32mpandad[0m [32mparamsd[0m [32mlagd[0m [32mplannerd[0m [32mradard[0m [32mhardwared[0m [32mtombstoned[0m [32muploader[0m [32mstatsd[0m [32mfeedbackd[0m [32mmodeld_tinygrad[0m [32mmapd[0m [32mmapd_manager[0m [32mrtid[0m
[32mloggerd[0m [32mencoderd[0m [32mlogmessaged[0m [32mcamerad[0m [32mlogcatd[0m [32mproclogd[0m [32mmicd[0m [32mtimed[0m [32mdmonitoringmodeld[0m [32msensord[0m [32mui[0m [32msoundd[0m [32mlocationd[0m [32mcalibrationd[0m [32mtorqued[0m [32mcontrolsd[0m [32mselfdrived[0m [32mcard[0m [32mdeleter[0m [32mdmonitoringd[0m [32mqcomgpsd[0m [32mpandad[0m [32mparamsd[0m [32mlagd[0m [32mplannerd[0m [32mradard[0m [32mhardwared[0m [32mtombstoned[0m [32muploader[0m [32mstatsd[0m [32mfeedbackd[0m [32mmodeld_tinygrad[0m [32mmapd[0m [32mmapd_manager[0m [32mrtid[0m
[32mloggerd[0m [32mencoderd[0m [32mlogmessaged[0m [32mcamerad[0m [32mlogcatd[0m [32mproclogd[0m [32mmicd[0m [32mtimed[0m [32mdmonitoringmodeld[0m [32msensord[0m [32mui[0m [32msoundd[0m [32mlocationd[0m [32mcalibrationd[0m [32mtorqued[0m [32mcontrolsd[0m [32mselfdrived[0m [32mcard[0m [32mdeleter[0m [32mdmonitoringd[0m [32mqcomgpsd[0m [32mpandad[0m [32mparamsd[0m [32mlagd[0m [32mplannerd[0m [32mradard[0m [32mhardwared[0m [32mtombstoned[0m [32muploader[0m [32mstatsd[0m [32mfeedbackd[0m [32mmodeld_tinygrad[0m [32mmapd[0m [32mmapd_manager[0m [32mrtid[0m
[32mloggerd[0m [32mencoderd[0m [32mlogmessaged[0m [32mcamerad[0m [32mlogcatd[0m [32mproclogd[0m [32mmicd[0m [32mtimed[0m [32mdmonitoringmodeld[0m [32msensord[0m [32mui[0m [32msoundd[0m [32mlocationd[0m [32mcalibrationd[0m [32mtorqued[0m [32mcontrolsd[0m [32mselfdrived[0m [32mcard[0m [32mdeleter[0m [32mdmonitoringd[0m [32mqcomgpsd[0m [32mpandad[0m [32mparamsd[0m [32mlagd[0m [32mplannerd[0m [32mradard[0m [32mhardwared[0m [32mtombstoned[0m [32muploader[0m [32mstatsd[0m [32mfeedbackd[0m [32mmodeld_tinygrad[0m [32mmapd[0m [32mmapd_manager[0m [32mrtid[0m
[32mloggerd[0m [32mencoderd[0m [32mlogmessaged[0m [32mcamerad[0m [32mlogcatd[0m [32mproclogd[0m [32mmicd[0m [32mtimed[0m [32mdmonitoringmodeld[0m [32msensord[0m [32mui[0m [32msoundd[0m [32mlocationd[0m [32mcalibrationd[0m [32mtorqued[0m [32mcontrolsd[0m [32mselfdrived[0m [32mcard[0m [32mdeleter[0m [32mdmonitoringd[0m [32mqcomgpsd[0m [32mpandad[0m [32mparamsd[0m [32mlagd[0m [32mplannerd[0m [32mradard[0m [32mhardwared[0m [32mtombstoned[0m [32muploader[0m [32mstatsd[0m [32mfeedbackd[0m [32mmodeld_tinygrad[0m [32mmapd[0m [32mmapd_manager[0m [32mrtid[0m
RTI cycle took 0.038s
RTI cycle took 0.031s
RTI cycle took 0.019s
RTI cycle took 0.028s
RTI cycle took 0.031s
RTI cycle took 0.038s
RTI cycle took 0.028s
RTI cycle took 0.042s
RTI cycle took 0.026s
RTI cycle took 0.029s
RTI cycle took 0.018s
RTI cycle took 0.026s
RTI cycle took 0.030s
RTI cycle took 0.019s
RTI cycle took 0.016s
RTI cycle took 0.043s
RTI cycle took 0.022s
RTI cycle took 0.037s
RTI cycle took 0.021s
RTI cycle took 0.018s
RTI cycle took 0.037s
RTI cycle took 0.030s
RTI cycle took 0.029s
RTI cycle took 0.026s
RTI cycle took 0.078s
RTI cycle took 0.026s
RTI cycle took 0.041s
RTI cycle took 0.033s
RTI cycle took 0.029s
RTI cycle took 0.054s
RTI cycle took 0.041s
RTI cycle took 0.052s
RTI cycle took 0.030s
RTI cycle took 0.017s
RTI cycle took 0.038s
RTI cycle took 0.039s
RTI cycle took 0.022s
RTI cycle took 0.019s
RTI cycle took 0.028s
RTI cycle took 0.025s
RTI cycle took 0.040s
RTI cycle took 0.038s
RTI cycle took 0.039s
RTI cycle took 0.020s
RTI cycle took 0.040s
RTI cycle took 0.026s
RTI cycle took 0.031s
RTI cycle took 0.030s
RTI cycle took 0.030s
RTI cycle took 0.023s
RTI cycle took 0.027s
RTI cycle took 0.021s
RTI cycle took 0.027s
RTI cycle took 0.032s
RTI cycle took 0.028s
RTI cycle took 0.031s
RTI cycle took 0.029s
RTI cycle took 0.027s
RTI cycle took 0.030s
RTI cycle took 0.028s
RTI cycle took 0.030s
RTI cycle took 0.039s
RTI cycle took 0.019s
RTI cycle took 0.035s
RTI cycle took 0.034s
RTI cycle took 0.041s
RTI cycle took 0.036s
RTI cycle took 0.019s
RTI cycle took 0.027s
RTI cycle took 0.027s
RTI cycle took 0.033s
RTI cycle took 0.028s
RTI cycle took 0.018s
RTI cycle took 0.014s
RTI cycle took 0.033s
RTI cycle took 0.026s
RTI cycle took 0.017s
RTI cycle took 0.024s
RTI cycle took 0.034s
RTI cycle took 0.017s
RTI cycle took 0.034s
RTI cycle took 0.027s
RTI cycle took 0.030s
RTI cycle took 0.037s
RTI cycle took 0.020s
RTI cycle took 0.030s
RTI cycle took 0.028s
RTI cycle took 0.021s
RTI cycle took 0.047s
RTI cycle took 0.020s
RTI cycle took 0.029s
RTI cycle took 0.037s
RTI cycle took 0.047s
RTI cycle took 0.035s
RTI cycle took 0.028s
RTI cycle took 0.029s
RTI cycle took 0.030s
RTI cycle took 0.029s
RTI cycle took 0.029s
RTI cycle took 0.029s
RTI cycle took 0.028s
RTI cycle took 0.031s
RTI cycle took 0.024s
RTI cycle took 0.024s
RTI cycle took 0.041s
RTI cycle took 0.018s
RTI cycle took 0.025s
RTI cycle took 0.030s
RTI cycle took 0.026s
RTI cycle took 0.019s
RTI cycle took 0.020s
RTI cycle took 0.026s
RTI cycle took 0.019s
RTI cycle took 0.020s
RTI cycle took 0.030s
RTI cycle took 0.040s
RTI cycle took 0.027s
RTI cycle took 0.031s
RTI cycle took 0.026s
RTI cycle took 0.031s
RTI cycle took 0.030s
RTI cycle took 0.026s
RTI cycle took 0.021s
RTI cycle took 0.019s
RTI cycle took 0.027s
RTI cycle took 0.021s
RTI cycle took 0.027s
RTI cycle took 0.040s
RTI cycle took 0.036s
RTI cycle took 0.020s
RTI cycle took 0.026s
RTI cycle took 0.025s
RTI cycle took 0.028s
RTI cycle took 0.031s
RTI cycle took 0.029s
RTI cycle took 0.040s
RTI cycle took 0.039s
RTI cycle took 0.029s
RTI cycle took 0.019s
RTI cycle took 0.026s
RTI cycle took 0.032s
RTI cycle took 0.027s
RTI cycle took 0.028s
RTI cycle took 0.040s
RTI cycle took 0.029s
RTI cycle took 0.028s
RTI cycle took 0.028s
RTI cycle took 0.031s
RTI cycle took 0.039s
RTI cycle took 0.029s
RTI cycle took 0.029s
RTI cycle took 0.031s
RTI cycle took 0.027s
RTI cycle took 0.023s
RTI cycle took 0.027s
RTI cycle took 0.029s
RTI cycle took 0.028s
RTI cycle took 0.030s
RTI cycle took 0.027s
RTI cycle took 0.041s
RTI cycle took 0.020s
RTI cycle took 0.029s
RTI cycle took 0.018s
RTI cycle took 0.026s
RTI cycle took 0.030s
RTI cycle took 0.038s
RTI cycle took 0.020s
RTI cycle took 0.021s
RTI cycle took 0.026s
RTI cycle took 0.038s
RTI cycle took 0.029s
RTI cycle took 0.039s
RTI cycle took 0.031s
RTI cycle took 0.018s
RTI cycle took 0.028s
RTI cycle took 0.026s
RTI cycle took 0.041s
RTI cycle took 0.030s
RTI cycle took 0.026s
RTI cycle took 0.032s
RTI cycle took 0.029s
RTI cycle took 0.019s
RTI cycle took 0.026s
RTI cycle took 0.038s
RTI cycle took 0.032s
RTI cycle took 0.028s
RTI cycle took 0.018s
RTI cycle took 0.029s
RTI cycle took 0.029s
RTI cycle took 0.020s
RTI cycle took 0.027s
RTI cycle took 0.015s
RTI cycle took 0.023s
RTI cycle took 0.040s
RTI cycle took 0.030s
RTI cycle took 0.040s
RTI cycle took 0.037s
RTI cycle took 0.030s
RTI cycle took 0.038s
RTI cycle took 0.020s
RTI cycle took 0.028s
RTI cycle took 0.018s
RTI cycle took 0.027s
RTI cycle took 0.027s
RTI cycle took 0.030s
RTI cycle took 0.039s
RTI cycle took 0.028s
RTI cycle took 0.031s
RTI cycle took 0.026s
RTI cycle took 0.023s
RTI cycle took 0.028s
[32mloggerd[0m [32mencoderd[0m [32mlogmessaged[0m [32mcamerad[0m [32mlogcatd[0m [32mproclogd[0m [32mmicd[0m [32mtimed[0m [32mdmonitoringmodeld[0m [32msensord[0m [32mui[0m [32msoundd[0m [32mlocationd[0m [32mcalibrationd[0m [32mtorqued[0m [32mcontrolsd[0m [32mselfdrived[0m [32mcard[0m [32mdeleter[0m [32mdmonitoringd[0m [32mqcomgpsd[0m [32mpandad[0m [32mparamsd[0m [32mlagd[0m [32mplannerd[0m [32mradard[0m [32mhardwared[0m [32mtombstoned[0m [32muploader[0m [32mstatsd[0m [32mfeedbackd[0m [32mmodeld_tinygrad[0m [32mmapd[0m [32mmapd_manager[0m [32mrtid[0m
[32mloggerd[0m [32mencoderd[0m [32mlogmessaged[0m [32mcamerad[0m [32mlogcatd[0m [32mproclogd[0m [32mmicd[0m [32mtimed[0m [32mdmonitoringmodeld[0m [32msensord[0m [32mui[0m [32msoundd[0m [32mlocationd[0m [32mcalibrationd[0m [32mtorqued[0m [32mcontrolsd[0m [32mselfdrived[0m [32mcard[0m [32mdeleter[0m [32mdmonitoringd[0m [32mqcomgpsd[0m [32mpandad[0m [32mparamsd[0m [32mlagd[0m [32mplannerd[0m [32mradard[0m [32mhardwared[0m [32mtombstoned[0m [32muploader[0m [32mstatsd[0m [32mfeedbackd[0m [32mmodeld_tinygrad[0m [32mmapd[0m [32mmapd_manager[0m [32mrtid[0m
[32mloggerd[0m [32mencoderd[0m [32mlogmessaged[0m [32mcamerad[0m [32mlogcatd[0m [32mproclogd[0m [32mmicd[0m [32mtimed[0m [32mdmonitoringmodeld[0m [32msensord[0m [32mui[0m [32msoundd[0m [32mlocationd[0m [32mcalibrationd[0m [32mtorqued[0m [32mcontrolsd[0m [32mselfdrived[0m [32mcard[0m [32mdeleter[0m [32mdmonitoringd[0m [32mqcomgpsd[0m [32mpandad[0m [32mparamsd[0m [32mlagd[0m [32mplannerd[0m [32mradard[0m [32mhardwared[0m [32mtombstoned[0m [32muploader[0m [32mstatsd[0m [32mfeedbackd[0m [32mmodeld_tinygrad[0m [32mmapd[0m [32mmapd_manager[0m [32mrtid[0m
[32mloggerd[0m [32mencoderd[0m [32mlogmessaged[0m [32mcamerad[0m [32mlogcatd[0m [32mproclogd[0m [32mmicd[0m [32mtimed[0m [32mdmonitoringmodeld[0m [32msensord[0m [32mui[0m [32msoundd[0m [32mlocationd[0m [32mcalibrationd[0m [32mtorqued[0m [32mcontrolsd[0m [32mselfdrived[0m [32mcard[0m [32mdeleter[0m [32mdmonitoringd[0m [32mqcomgpsd[0m [32mpandad[0m [32mparamsd[0m [32mlagd[0m [32mplannerd[0m [32mradard[0m [32mhardwared[0m [32mtombstoned[0m [32muploader[0m [32mstatsd[0m [32mfeedbackd[0m [32mmodeld_tinygrad[0m [32mmapd[0m [32mmapd_manager[0m [32mrtid[0m
[32mloggerd[0m [32mencoderd[0m [32mlogmessaged[0m [32mcamerad[0m [32mlogcatd[0m [32mproclogd[0m [32mmicd[0m [32mtimed[0m [32mdmonitoringmodeld[0m [32msensord[0m [32mui[0m [32msoundd[0m [32mlocationd[0m [32mcalibrationd[0m [32mtorqued[0m [32mcontrolsd[0m [32mselfdrived[0m [32mcard[0m [32mdeleter[0m [32mdmonitoringd[0m [32mqcomgpsd[0m [32mpandad[0m [32mparamsd[0m [32mlagd[0m [32mplannerd[0m [32mradard[0m [32mhardwared[0m [32mtombstoned[0m [32muploader[0m [32mstatsd[0m [32mfeedbackd[0m [32mmodeld_tinygrad[0m [32mmapd[0m [32mmapd_manager[0m [32mrtid[0m
[32mloggerd[0m [32mencoderd[0m [32mlogmessaged[0m [32mcamerad[0m [32mlogcatd[0m [32mproclogd[0m [32mmicd[0m [32mtimed[0m [32mdmonitoringmodeld[0m [32msensord[0m [32mui[0m [32msoundd[0m [32mlocationd[0m [32mcalibrationd[0m [32mtorqued[0m [32mcontrolsd[0m [32mselfdrived[0m [32mcard[0m [32mdeleter[0m [32mdmonitoringd[0m [32mqcomgpsd[0m [32mpandad[0m [32mparamsd[0m [32mlagd[0m [32mplannerd[0m [32mradard[0m [32mhardwared[0m [32mtombstoned[0m [32muploader[0m [32mstatsd[0m [32mfeedbackd[0m [32mmodeld_tinygrad[0m [32mmapd[0m [32mmapd_manager[0m [32mrtid[0m
[32mloggerd[0m [32mencoderd[0m [32mlogmessaged[0m [32mcamerad[0m [32mlogcatd[0m [32mproclogd[0m [32mmicd[0m [32mtimed[0m [32mdmonitoringmodeld[0m [32msensord[0m [32mui[0m [32msoundd[0m [32mlocationd[0m [32mcalibrationd[0m [32mtorqued[0m [32mcontrolsd[0m [32mselfdrived[0m [32mcard[0m [32mdeleter[0m [32mdmonitoringd[0m [32mqcomgpsd[0m [32mpandad[0m [32mparamsd[0m [32mlagd[0m [32mplannerd[0m [32mradard[0m [32mhardwared[0m [32mtombstoned[0m [32muploader[0m [32mstatsd[0m [32mfeedbackd[0m [32mmodeld_tinygrad[0m [32mmapd[0m [32mmapd_manager[0m [32mrtid[0m
[32mloggerd[0m [32mencoderd[0m [32mlogmessaged[0m [32mcamerad[0m [32mlogcatd[0m [32mproclogd[0m [32mmicd[0m [32mtimed[0m [32mdmonitoringmodeld[0m [32msensord[0m [32mui[0m [32msoundd[0m [32mlocationd[0m [32mcalibrationd[0m [32mtorqued[0m [32mcontrolsd[0m [32mselfdrived[0m [32mcard[0m [32mdeleter[0m [32mdmonitoringd[0m [32mqcomgpsd[0m [32mpandad[0m [32mparamsd[0m [32mlagd[0m [32mplannerd[0m [32mradard[0m [32mhardwared[0m [32mtombstoned[0m [32muploader[0m [32mstatsd[0m [32mfeedbackd[0m [32mmodeld_tinygrad[0m [32mmapd[0m [32mmapd_manager[0m [32mrtid[0m
[32mloggerd[0m [32mencoderd[0m [32mlogmessaged[0m [32mcamerad[0m [32mlogcatd[0m [32mproclogd[0m [32mmicd[0m [32mtimed[0m [32mdmonitoringmodeld[0m [32msensord[0m [32mui[0m [32msoundd[0m [32mlocationd[0m [32mcalibrationd[0m [32mtorqued[0m [32mcontrolsd[0m [32mselfdrived[0m [32mcard[0m [32mdeleter[0m [32mdmonitoringd[0m [32mqcomgpsd[0m [32mpandad[0m [32mparamsd[0m [32mlagd[0m [32mplannerd[0m [32mradard[0m [32mhardwared[0m [32mtombstoned[0m [32muploader[0m [32mstatsd[0m [32mfeedbackd[0m [32mmodeld_tinygrad[0m [32mmapd[0m [32mmapd_manager[0m [32mrtid[0m
[32mloggerd[0m [32mencoderd[0m [32mlogmessaged[0m [32mcamerad[0m [32mlogcatd[0m [32mproclogd[0m [32mmicd[0m [32mtimed[0m [32mdmonitoringmodeld[0m [32msensord[0m [32mui[0m [32msoundd[0m [32mlocationd[0m [32mcalibrationd[0m [32mtorqued[0m [32mcontrolsd[0m [32mselfdrived[0m [32mcard[0m [32mdeleter[0m [32mdmonitoringd[0m [32mqcomgpsd[0m [32mpandad[0m [32mparamsd[0m [32mlagd[0m [32mplannerd[0m [32mradard[0m [32mhardwared[0m [32mtombstoned[0m [32muploader[0m [32mstatsd[0m [32mfeedbackd[0m [32mmodeld_tinygrad[0m [32mmapd[0m [32mmapd_manager[0m [32mrtid[0m
[32mloggerd[0m [32mencoderd[0m [32mlogmessaged[0m [32mcamerad[0m [32mlogcatd[0m [32mproclogd[0m [32mmicd[0m [32mtimed[0m [32mdmonitoringmodeld[0m [32msensord[0m [32mui[0m [32msoundd[0m [32mlocationd[0m [32mcalibrationd[0m [32mtorqued[0m [32mcontrolsd[0m [32mselfdrived[0m [32mcard[0m [32mdeleter[0m [32mdmonitoringd[0m [32mqcomgpsd[0m [32mpandad[0m [32mparamsd[0m [32mlagd[0m [32mplannerd[0m [32mradard[0m [32mhardwared[0m [32mtombstoned[0m [32muploader[0m [32mstatsd[0m [32mfeedbackd[0m [32mmodeld_tinygrad[0m [32mmapd[0m [32mmapd_manager[0m [32mrtid[0m
[32mloggerd[0m [32mencoderd[0m [32mlogmessaged[0m [32mcamerad[0m [32mlogcatd[0m [32mproclogd[0m [32mmicd[0m [32mtimed[0m [32mdmonitoringmodeld[0m [32msensord[0m [32mui[0m [32msoundd[0m [32mlocationd[0m [32mcalibrationd[0m [32mtorqued[0m [32mcontrolsd[0m [32mselfdrived[0m [32mcard[0m [32mdeleter[0m [32mdmonitoringd[0m [32mqcomgpsd[0m [32mpandad[0m [32mparamsd[0m [32mlagd[0m [32mplannerd[0m [32mradard[0m [32mhardwared[0m [32mtombstoned[0m [32muploader[0m [32mstatsd[0m [32mfeedbackd[0m [32mmodeld_tinygrad[0m [32mmapd[0m [32mmapd_manager[0m [32mrtid[0m
[32mloggerd[0m [32mencoderd[0m [32mlogmessaged[0m [32mcamerad[0m [32mlogcatd[0m [32mproclogd[0m [32mmicd[0m [32mtimed[0m [32mdmonitoringmodeld[0m [32msensord[0m [32mui[0m [32msoundd[0m [32mlocationd[0m [32mcalibrationd[0m [32mtorqued[0m [32mcontrolsd[0m [32mselfdrived[0m [32mcard[0m [32mdeleter[0m [32mdmonitoringd[0m [32mqcomgpsd[0m [32mpandad[0m [32mparamsd[0m [32mlagd[0m [32mplannerd[0m [32mradard[0m [32mhardwared[0m [32mtombstoned[0m [32muploader[0m [32mstatsd[0m [32mfeedbackd[0m [32mmodeld_tinygrad[0m [32mmapd[0m [32mmapd_manager[0m [32mrtid[0m
RTI cycle took 0.041s
RTI cycle took 0.029s
RTI cycle took 0.027s
RTI cycle took 0.030s
RTI cycle took 0.040s
RTI cycle took 0.026s
RTI cycle took 0.028s
RTI cycle took 0.027s
RTI cycle took 0.031s
RTI cycle took 0.030s
RTI cycle took 0.037s
RTI cycle took 0.021s
RTI cycle took 0.027s
RTI cycle took 0.044s
RTI cycle took 0.031s
RTI cycle took 0.040s
RTI cycle took 0.029s
RTI cycle took 0.031s
RTI cycle took 0.019s
RTI cycle took 0.035s
RTI cycle took 0.021s
RTI cycle took 0.029s
RTI cycle took 0.037s
RTI cycle took 0.040s
RTI cycle took 0.030s
RTI cycle took 0.040s
RTI cycle took 0.022s
RTI cycle took 0.032s
RTI cycle took 0.027s
RTI cycle took 0.018s
RTI cycle took 0.040s
RTI cycle took 0.035s
RTI cycle took 0.036s
RTI cycle took 0.039s
RTI cycle took 0.029s
RTI cycle took 0.030s
RTI cycle took 0.040s
RTI cycle took 0.017s
RTI cycle took 0.023s
RTI cycle took 0.028s
RTI cycle took 0.031s
RTI cycle took 0.030s
RTI cycle took 0.018s
RTI cycle took 0.016s
RTI cycle took 0.031s
RTI cycle took 0.042s
RTI cycle took 0.048s
RTI cycle took 0.041s
RTI cycle took 0.038s
RTI cycle took 0.019s
RTI cycle took 0.017s
RTI cycle took 0.022s
RTI cycle took 0.018s
RTI cycle took 0.028s
RTI cycle took 0.018s
RTI cycle took 0.026s
RTI cycle took 0.030s
RTI cycle took 0.032s
RTI cycle took 0.026s
RTI cycle took 0.017s
RTI cycle took 0.028s
RTI cycle took 0.028s
RTI cycle took 0.020s
RTI cycle took 0.029s
RTI cycle took 0.028s
RTI cycle took 0.023s
RTI cycle took 0.024s
RTI cycle took 0.029s
RTI cycle took 0.030s
RTI cycle took 0.037s
RTI cycle took 0.018s
RTI cycle took 0.027s
RTI cycle took 0.028s
RTI cycle took 0.018s
RTI cycle took 0.028s
RTI cycle took 0.039s
RTI cycle took 0.029s
RTI cycle took 0.029s
RTI cycle took 0.018s
RTI cycle took 0.038s
RTI cycle took 0.027s
RTI cycle took 0.034s
RTI cycle took 0.025s
RTI cycle took 0.019s
RTI cycle took 0.037s
RTI cycle took 0.029s
RTI cycle took 0.037s
RTI cycle took 0.031s
RTI cycle took 0.029s
RTI cycle took 0.029s
RTI cycle took 0.030s
RTI cycle took 0.019s
RTI cycle took 0.021s
RTI cycle took 0.037s
RTI cycle took 0.022s
RTI cycle took 0.027s
RTI cycle took 0.019s
RTI cycle took 0.030s
RTI cycle took 0.020s
RTI cycle took 0.023s
RTI cycle took 0.030s
RTI cycle took 0.021s
RTI cycle took 0.029s
RTI cycle took 0.030s
RTI cycle took 0.029s
RTI cycle took 0.029s
RTI cycle took 0.030s
RTI cycle took 0.029s
RTI cycle took 0.031s
RTI cycle took 0.037s
RTI cycle took 0.033s
RTI cycle took 0.017s
RTI cycle took 0.025s
RTI cycle took 0.042s
RTI cycle took 0.029s
RTI cycle took 0.040s
RTI cycle took 0.028s
RTI cycle took 0.040s
RTI cycle took 0.037s
RTI cycle took 0.039s
RTI cycle took 0.029s
RTI cycle took 0.037s
RTI cycle took 0.025s
RTI cycle took 0.021s
RTI cycle took 0.029s
RTI cycle took 0.025s
RTI cycle took 0.042s
RTI cycle took 0.028s
RTI cycle took 0.019s
RTI cycle took 0.039s
RTI cycle took 0.049s
RTI cycle took 0.037s
RTI cycle took 0.030s
RTI cycle took 0.028s
RTI cycle took 0.034s
RTI cycle took 0.024s
RTI cycle took 0.039s
RTI cycle took 0.018s
RTI cycle took 0.014s
RTI cycle took 0.022s
RTI cycle took 0.030s
RTI cycle took 0.041s
RTI cycle took 0.027s
RTI cycle took 0.029s
RTI cycle took 0.040s
RTI cycle took 0.027s
RTI cycle took 0.019s
RTI cycle took 0.026s
RTI cycle took 0.030s
RTI cycle took 0.037s
RTI cycle took 0.030s
RTI cycle took 0.030s
RTI cycle took 0.036s
RTI cycle took 0.021s
RTI cycle took 0.048s
RTI cycle took 0.048s
RTI cycle took 0.028s
RTI cycle took 0.041s
RTI cycle took 0.055s
RTI cycle took 0.034s
RTI cycle took 0.035s
RTI cycle took 0.050s
RTI cycle took 0.037s
RTI cycle took 0.042s
RTI cycle took 0.050s
RTI cycle took 0.039s
RTI cycle took 0.019s
RTI cycle took 0.023s
RTI cycle took 0.051s
RTI cycle took 0.035s
RTI cycle took 0.034s
RTI cycle took 0.026s
RTI cycle took 0.045s
RTI cycle took 0.035s
RTI cycle took 0.040s
RTI cycle took 0.027s
RTI cycle took 0.021s
RTI cycle took 0.037s
RTI cycle took 0.040s
RTI cycle took 0.073s
RTI cycle took 0.050s
RTI cycle took 0.034s
RTI cycle took 0.020s
RTI cycle took 0.039s
RTI cycle took 0.031s
RTI cycle took 0.039s
RTI cycle took 0.037s
RTI cycle took 0.026s
RTI cycle took 0.046s
RTI cycle took 0.023s
RTI cycle took 0.021s
RTI cycle took 0.025s
RTI cycle took 0.041s
RTI cycle took 0.025s
RTI cycle took 0.034s
RTI cycle took 0.017s
RTI cycle took 0.036s
RTI cycle took 0.020s
RTI cycle took 0.027s
[32mloggerd[0m [32mencoderd[0m [32mlogmessaged[0m [32mcamerad[0m [32mlogcatd[0m [32mproclogd[0m [32mmicd[0m [32mtimed[0m [32mdmonitoringmodeld[0m [32msensord[0m [32mui[0m [32msoundd[0m [32mlocationd[0m [32mcalibrationd[0m [32mtorqued[0m [32mcontrolsd[0m [32mselfdrived[0m [32mcard[0m [32mdeleter[0m [32mdmonitoringd[0m [32mqcomgpsd[0m [32mpandad[0m [32mparamsd[0m [32mlagd[0m [32mplannerd[0m [32mradard[0m [32mhardwared[0m [32mtombstoned[0m [32muploader[0m [32mstatsd[0m [32mfeedbackd[0m [32mmodeld_tinygrad[0m [32mmapd[0m [32mmapd_manager[0m [32mrtid[0m
[32mloggerd[0m [32mencoderd[0m [32mlogmessaged[0m [32mcamerad[0m [32mlogcatd[0m [32mproclogd[0m [32mmicd[0m [32mtimed[0m [32mdmonitoringmodeld[0m [32msensord[0m [32mui[0m [32msoundd[0m [32mlocationd[0m [32mcalibrationd[0m [32mtorqued[0m [32mcontrolsd[0m [32mselfdrived[0m [32mcard[0m [32mdeleter[0m [32mdmonitoringd[0m [32mqcomgpsd[0m [32mpandad[0m [32mparamsd[0m [32mlagd[0m [32mplannerd[0m [32mradard[0m [32mhardwared[0m [32mtombstoned[0m [32muploader[0m [32mstatsd[0m [32mfeedbackd[0m [32mmodeld_tinygrad[0m [32mmapd[0m [32mmapd_manager[0m [32mrtid[0m
[32mloggerd[0m [32mencoderd[0m [32mlogmessaged[0m [32mcamerad[0m [32mlogcatd[0m [32mproclogd[0m [32mmicd[0m [32mtimed[0m [32mdmonitoringmodeld[0m [32msensord[0m [32mui[0m [32msoundd[0m [32mlocationd[0m [32mcalibrationd[0m [32mtorqued[0m [32mcontrolsd[0m [32mselfdrived[0m [32mcard[0m [32mdeleter[0m [32mdmonitoringd[0m [32mqcomgpsd[0m [32mpandad[0m [32mparamsd[0m [32mlagd[0m [32mplannerd[0m [32mradard[0m [32mhardwared[0m [32mtombstoned[0m [32muploader[0m [32mstatsd[0m [32mfeedbackd[0m [32mmodeld_tinygrad[0m [32mmapd[0m [32mmapd_manager[0m [32mrtid[0m
[32mloggerd[0m [32mencoderd[0m [32mlogmessaged[0m [32mcamerad[0m [32mlogcatd[0m [32mproclogd[0m [32mmicd[0m [32mtimed[0m [32mdmonitoringmodeld[0m [32msensord[0m [32mui[0m [32msoundd[0m [32mlocationd[0m [32mcalibrationd[0m [32mtorqued[0m [32mcontrolsd[0m [32mselfdrived[0m [32mcard[0m [32mdeleter[0m [32mdmonitoringd[0m [32mqcomgpsd[0m [32mpandad[0m [32mparamsd[0m [32mlagd[0m [32mplannerd[0m [32mradard[0m [32mhardwared[0m [32mtombstoned[0m [32muploader[0m [32mstatsd[0m [32mfeedbackd[0m [32mmodeld_tinygrad[0m [32mmapd[0m [32mmapd_manager[0m [32mrtid[0m
[32mloggerd[0m [32mencoderd[0m [32mlogmessaged[0m [32mcamerad[0m [32mlogcatd[0m [32mproclogd[0m [32mmicd[0m [32mtimed[0m [32mdmonitoringmodeld[0m [32msensord[0m [32mui[0m [32msoundd[0m [32mlocationd[0m [32mcalibrationd[0m [32mtorqued[0m [32mcontrolsd[0m [32mselfdrived[0m [32mcard[0m [32mdeleter[0m [32mdmonitoringd[0m [32mqcomgpsd[0m [32mpandad[0m [32mparamsd[0m [32mlagd[0m [32mplannerd[0m [32mradard[0m [32mhardwared[0m [32mtombstoned[0m [32muploader[0m [32mstatsd[0m [32mfeedbackd[0m [32mmodeld_tinygrad[0m [32mmapd[0m [32mmapd_manager[0m [32mrtid[0m
[32mloggerd[0m [32mencoderd[0m [32mlogmessaged[0m [32mcamerad[0m [32mlogcatd[0m [32mproclogd[0m [32mmicd[0m [32mtimed[0m [32mdmonitoringmodeld[0m [32msensord[0m [32mui[0m [32msoundd[0m [32mlocationd[0m [32mcalibrationd[0m [32mtorqued[0m [32mcontrolsd[0m [32mselfdrived[0m [32mcard[0m [32mdeleter[0m [32mdmonitoringd[0m [32mqcomgpsd[0m [32mpandad[0m [32mparamsd[0m [32mlagd[0m [32mplannerd[0m [32mradard[0m [32mhardwared[0m [32mtombstoned[0m [32muploader[0m [32mstatsd[0m [32mfeedbackd[0m [32mmodeld_tinygrad[0m [32mmapd[0m [32mmapd_manager[0m [32mrtid[0m
[32mloggerd[0m [32mencoderd[0m [32mlogmessaged[0m [32mcamerad[0m [32mlogcatd[0m [32mproclogd[0m [32mmicd[0m [32mtimed[0m [32mdmonitoringmodeld[0m [32msensord[0m [32mui[0m [32msoundd[0m [32mlocationd[0m [32mcalibrationd[0m [32mtorqued[0m [32mcontrolsd[0m [32mselfdrived[0m [32mcard[0m [32mdeleter[0m [32mdmonitoringd[0m [32mqcomgpsd[0m [32mpandad[0m [32mparamsd[0m [32mlagd[0m [32mplannerd[0m [32mradard[0m [32mhardwared[0m [32mtombstoned[0m [32muploader[0m [32mstatsd[0m [32mfeedbackd[0m [32mmodeld_tinygrad[0m [32mmapd[0m [32mmapd_manager[0m [32mrtid[0m
[32mloggerd[0m [32mencoderd[0m [32mlogmessaged[0m [32mcamerad[0m [32mlogcatd[0m [32mproclogd[0m [32mmicd[0m [32mtimed[0m [32mdmonitoringmodeld[0m [32msensord[0m [32mui[0m [32msoundd[0m [32mlocationd[0m [32mcalibrationd[0m [32mtorqued[0m [32mcontrolsd[0m [32mselfdrived[0m [32mcard[0m [32mdeleter[0m [32mdmonitoringd[0m [32mqcomgpsd[0m [32mpandad[0m [32mparamsd[0m [32mlagd[0m [32mplannerd[0m [32mradard[0m [32mhardwared[0m [32mtombstoned[0m [32muploader[0m [32mstatsd[0m [32mfeedbackd[0m [32mmodeld_tinygrad[0m [32mmapd[0m [32mmapd_manager[0m [32mrtid[0m
[32mloggerd[0m [32mencoderd[0m [32mlogmessaged[0m [32mcamerad[0m [32mlogcatd[0m [32mproclogd[0m [32mmicd[0m [32mtimed[0m [32mdmonitoringmodeld[0m [32msensord[0m [32mui[0m [32msoundd[0m [32mlocationd[0m [32mcalibrationd[0m [32mtorqued[0m [32mcontrolsd[0m [32mselfdrived[0m [32mcard[0m [32mdeleter[0m [32mdmonitoringd[0m [32mqcomgpsd[0m [32mpandad[0m [32mparamsd[0m [32mlagd[0m [32mplannerd[0m [32mradard[0m [32mhardwared[0m [32mtombstoned[0m [32muploader[0m [32mstatsd[0m [32mfeedbackd[0m [32mmodeld_tinygrad[0m [32mmapd[0m [32mmapd_manager[0m [32mrtid[0m
[32mloggerd[0m [32mencoderd[0m [32mlogmessaged[0m [32mcamerad[0m [32mlogcatd[0m [32mproclogd[0m [32mmicd[0m [32mtimed[0m [32mdmonitoringmodeld[0m [32msensord[0m [32mui[0m [32msoundd[0m [32mlocationd[0m [32mcalibrationd[0m [32mtorqued[0m [32mcontrolsd[0m [32mselfdrived[0m [32mcard[0m [32mdeleter[0m [32mdmonitoringd[0m [32mqcomgpsd[0m [32mpandad[0m [32mparamsd[0m [32mlagd[0m [32mplannerd[0m [32mradard[0m [32mhardwared[0m [32mtombstoned[0m [32muploader[0m [32mstatsd[0m [32mfeedbackd[0m [32mmodeld_tinygrad[0m [32mmapd[0m [32mmapd_manager[0m [32mrtid[0m
[32mloggerd[0m [32mencoderd[0m [32mlogmessaged[0m [32mcamerad[0m [32mlogcatd[0m [32mproclogd[0m [32mmicd[0m [32mtimed[0m [32mdmonitoringmodeld[0m [32msensord[0m [32mui[0m [32msoundd[0m [32mlocationd[0m [32mcalibrationd[0m [32mtorqued[0m [32mcontrolsd[0m [32mselfdrived[0m [32mcard[0m [32mdeleter[0m [32mdmonitoringd[0m [32mqcomgpsd[0m [32mpandad[0m [32mparamsd[0m [32mlagd[0m [32mplannerd[0m [32mradard[0m [32mhardwared[0m [32mtombstoned[0m [32muploader[0m [32mstatsd[0m [32mfeedbackd[0m [32mmodeld_tinygrad[0m [32mmapd[0m [32mmapd_manager[0m [32mrtid[0m
[32mloggerd[0m [32mencoderd[0m [32mlogmessaged[0m [32mcamerad[0m [32mlogcatd[0m [32mproclogd[0m [32mmicd[0m [32mtimed[0m [32mdmonitoringmodeld[0m [32msensord[0m [32mui[0m [32msoundd[0m [32mlocationd[0m [32mcalibrationd[0m [32mtorqued[0m [32mcontrolsd[0m [32mselfdrived[0m [32mcard[0m [32mdeleter[0m [32mdmonitoringd[0m [32mqcomgpsd[0m [32mpandad[0m [32mparamsd[0m [32mlagd[0m [32mplannerd[0m [32mradard[0m [32mhardwared[0m [32mtombstoned[0m [32muploader[0m [32mstatsd[0m [32mfeedbackd[0m [32mmodeld_tinygrad[0m [32mmapd[0m [32mmapd_manager[0m [32mrtid[0m
[32mloggerd[0m [32mencoderd[0m [32mlogmessaged[0m [32mcamerad[0m [32mlogcatd[0m [32mproclogd[0m [32mmicd[0m [32mtimed[0m [32mdmonitoringmodeld[0m [32msensord[0m [32mui[0m [32msoundd[0m [32mlocationd[0m [32mcalibrationd[0m [32mtorqued[0m [32mcontrolsd[0m [32mselfdrived[0m [32mcard[0m [32mdeleter[0m [32mdmonitoringd[0m [32mqcomgpsd[0m [32mpandad[0m [32mparamsd[0m [32mlagd[0m [32mplannerd[0m [32mradard[0m [32mhardwared[0m [32mtombstoned[0m [32muploader[0m [32mstatsd[0m [32mfeedbackd[0m [32mmodeld_tinygrad[0m [32mmapd[0m [32mmapd_manager[0m [32mrtid[0m
RTI cycle took 0.038s
RTI cycle took 0.028s
RTI cycle took 0.039s
RTI cycle took 0.038s
RTI cycle took 0.028s
RTI cycle took 0.027s
RTI cycle took 0.031s
RTI cycle took 0.029s
RTI cycle took 0.040s
RTI cycle took 0.039s
RTI cycle took 0.030s
RTI cycle took 0.031s
RTI cycle took 0.036s
RTI cycle took 0.039s
RTI cycle took 0.031s
RTI cycle took 0.026s
RTI cycle took 0.030s
RTI cycle took 0.039s
RTI cycle took 0.029s
RTI cycle took 0.029s
RTI cycle took 0.032s
RTI cycle took 0.028s
RTI cycle took 0.018s
RTI cycle took 0.026s
RTI cycle took 0.030s
RTI cycle took 0.019s
RTI cycle took 0.027s
RTI cycle took 0.019s
RTI cycle took 0.028s
RTI cycle took 0.029s
RTI cycle took 0.029s
RTI cycle took 0.032s
RTI cycle took 0.028s
RTI cycle took 0.030s
RTI cycle took 0.027s
RTI cycle took 0.017s
RTI cycle took 0.035s
RTI cycle took 0.029s
RTI cycle took 0.027s
RTI cycle took 0.030s
RTI cycle took 0.019s
RTI cycle took 0.024s
RTI cycle took 0.030s
RTI cycle took 0.019s
RTI cycle took 0.028s
RTI cycle took 0.028s
RTI cycle took 0.039s
RTI cycle took 0.029s
RTI cycle took 0.033s
RTI cycle took 0.024s
RTI cycle took 0.037s
RTI cycle took 0.021s
RTI cycle took 0.029s
RTI cycle took 0.027s
RTI cycle took 0.027s
RTI cycle took 0.044s
RTI cycle took 0.034s
RTI cycle took 0.020s
RTI cycle took 0.028s
RTI cycle took 0.018s
RTI cycle took 0.041s
RTI cycle took 0.035s
RTI cycle took 0.020s
RTI cycle took 0.025s
RTI cycle took 0.022s
RTI cycle took 0.039s
RTI cycle took 0.039s
RTI cycle took 0.019s
RTI cycle took 0.039s
RTI cycle took 0.036s
RTI cycle took 0.020s
RTI cycle took 0.053s
RTI cycle took 0.036s
RTI cycle took 0.039s
RTI cycle took 0.038s
RTI cycle took 0.021s
RTI cycle took 0.029s
RTI cycle took 0.047s
RTI cycle took 0.022s
RTI cycle took 0.039s
RTI cycle took 0.037s
RTI cycle took 0.021s
RTI cycle took 0.042s
RTI cycle took 0.030s
RTI cycle took 0.033s
RTI cycle took 0.038s
RTI cycle took 0.039s
RTI cycle took 0.018s
RTI cycle took 0.024s
RTI cycle took 0.029s
RTI cycle took 0.028s
RTI cycle took 0.019s
RTI cycle took 0.035s
RTI cycle took 0.039s
RTI cycle took 0.040s
RTI cycle took 0.028s
RTI cycle took 0.031s
RTI cycle took 0.029s
RTI cycle took 0.031s
RTI cycle took 0.025s
RTI cycle took 0.021s
RTI cycle took 0.046s
RTI cycle took 0.031s
RTI cycle took 0.039s
RTI cycle took 0.037s
RTI cycle took 0.022s
RTI cycle took 0.018s
RTI cycle took 0.025s
RTI cycle took 0.029s
RTI cycle took 0.037s
RTI cycle took 0.039s
RTI cycle took 0.022s
RTI cycle took 0.026s
RTI cycle took 0.030s
RTI cycle took 0.029s
RTI cycle took 0.026s
RTI cycle took 0.042s
RTI cycle took 0.038s
RTI cycle took 0.015s
RTI cycle took 0.014s
RTI cycle took 0.033s
RTI cycle took 0.031s
RTI cycle took 0.036s
RTI cycle took 0.018s
RTI cycle took 0.041s
RTI cycle took 0.035s
RTI cycle took 0.040s
RTI cycle took 0.035s
RTI cycle took 0.032s
RTI cycle took 0.048s
RTI cycle took 0.018s
RTI cycle took 0.035s
RTI cycle took 0.027s
RTI cycle took 0.030s
RTI cycle took 0.025s
RTI cycle took 0.017s
RTI cycle took 0.029s
RTI cycle took 0.029s
RTI cycle took 0.017s
RTI cycle took 0.015s
RTI cycle took 0.026s
RTI cycle took 0.032s
RTI cycle took 0.025s
RTI cycle took 0.030s
RTI cycle took 0.028s
RTI cycle took 0.029s
RTI cycle took 0.028s
RTI cycle took 0.030s
RTI cycle took 0.049s
RTI cycle took 0.031s
RTI cycle took 0.019s
RTI cycle took 0.037s
RTI cycle took 0.027s
RTI cycle took 0.040s
RTI cycle took 0.040s
RTI cycle took 0.039s
RTI cycle took 0.040s
RTI cycle took 0.018s
RTI cycle took 0.027s
RTI cycle took 0.027s
RTI cycle took 0.022s
RTI cycle took 0.036s
RTI cycle took 0.031s
RTI cycle took 0.029s
RTI cycle took 0.028s
RTI cycle took 0.033s
RTI cycle took 0.036s
RTI cycle took 0.019s
RTI cycle took 0.027s
RTI cycle took 0.030s
RTI cycle took 0.032s
RTI cycle took 0.026s
RTI cycle took 0.046s
RTI cycle took 0.030s
RTI cycle took 0.017s
RTI cycle took 0.017s
RTI cycle took 0.024s
RTI cycle took 0.030s
RTI cycle took 0.029s
RTI cycle took 0.027s
RTI cycle took 0.021s
RTI cycle took 0.028s
RTI cycle took 0.031s
RTI cycle took 0.033s
RTI cycle took 0.030s
RTI cycle took 0.027s
RTI cycle took 0.029s
RTI cycle took 0.040s
RTI cycle took 0.018s
RTI cycle took 0.025s
RTI cycle took 0.021s
RTI cycle took 0.029s
RTI cycle took 0.028s
RTI cycle took 0.032s
RTI cycle took 0.038s
RTI cycle took 0.030s
RTI cycle took 0.029s
RTI cycle took 0.018s
RTI cycle took 0.027s
RTI cycle took 0.021s
RTI cycle took 0.014s
RTI cycle took 0.021s
RTI cycle took 0.031s
RTI cycle took 0.027s
RTI cycle took 0.040s
RTI cycle took 0.020s
RTI cycle took 0.029s
[32mloggerd[0m [32mencoderd[0m [32mlogmessaged[0m [32mcamerad[0m [32mlogcatd[0m [32mproclogd[0m [32mmicd[0m [32mtimed[0m [32mdmonitoringmodeld[0m [32msensord[0m [32mui[0m [32msoundd[0m [32mlocationd[0m [32mcalibrationd[0m [32mtorqued[0m [32mcontrolsd[0m [32mselfdrived[0m [32mcard[0m [32mdeleter[0m [32mdmonitoringd[0m [32mqcomgpsd[0m [32mpandad[0m [32mparamsd[0m [32mlagd[0m [32mplannerd[0m [32mradard[0m [32mhardwared[0m [32mtombstoned[0m [32muploader[0m [32mstatsd[0m [32mfeedbackd[0m [32mmodeld_tinygrad[0m [32mmapd[0m [32mmapd_manager[0m [32mrtid[0m
[32mloggerd[0m [32mencoderd[0m [32mlogmessaged[0m [32mcamerad[0m [32mlogcatd[0m [32mproclogd[0m [32mmicd[0m [32mtimed[0m [32mdmonitoringmodeld[0m [32msensord[0m [32mui[0m [32msoundd[0m [32mlocationd[0m [32mcalibrationd[0m [32mtorqued[0m [32mcontrolsd[0m [32mselfdrived[0m [32mcard[0m [32mdeleter[0m [32mdmonitoringd[0m [32mqcomgpsd[0m [32mpandad[0m [32mparamsd[0m [32mlagd[0m [32mplannerd[0m [32mradard[0m [32mhardwared[0m [32mtombstoned[0m [32muploader[0m [32mstatsd[0m [32mfeedbackd[0m [32mmodeld_tinygrad[0m [32mmapd[0m [32mmapd_manager[0m [32mrtid[0m
[32mloggerd[0m [32mencoderd[0m [32mlogmessaged[0m [32mcamerad[0m [32mlogcatd[0m [32mproclogd[0m [32mmicd[0m [32mtimed[0m [32mdmonitoringmodeld[0m [32msensord[0m [32mui[0m [32msoundd[0m [32mlocationd[0m [32mcalibrationd[0m [32mtorqued[0m [32mcontrolsd[0m [32mselfdrived[0m [32mcard[0m [32mdeleter[0m [32mdmonitoringd[0m [32mqcomgpsd[0m [32mpandad[0m [32mparamsd[0m [32mlagd[0m [32mplannerd[0m [32mradard[0m [32mhardwared[0m [32mtombstoned[0m [32muploader[0m [32mstatsd[0m [32mfeedbackd[0m [32mmodeld_tinygrad[0m [32mmapd[0m [32mmapd_manager[0m [32mrtid[0m
[32mloggerd[0m [32mencoderd[0m [32mlogmessaged[0m [32mcamerad[0m [32mlogcatd[0m [32mproclogd[0m [32mmicd[0m [32mtimed[0m [32mdmonitoringmodeld[0m [32msensord[0m [32mui[0m [32msoundd[0m [32mlocationd[0m [32mcalibrationd[0m [32mtorqued[0m [32mcontrolsd[0m [32mselfdrived[0m [32mcard[0m [32mdeleter[0m [32mdmonitoringd[0m [32mqcomgpsd[0m [32mpandad[0m [32mparamsd[0m [32mlagd[0m [32mplannerd[0m [32mradard[0m [32mhardwared[0m [32mtombstoned[0m [32muploader[0m [32mstatsd[0m [32mfeedbackd[0m [32mmodeld_tinygrad[0m [32mmapd[0m [32mmapd_manager[0m [32mrtid[0m
[32mloggerd[0m [32mencoderd[0m [32mlogmessaged[0m [32mcamerad[0m [32mlogcatd[0m [32mproclogd[0m [32mmicd[0m [32mtimed[0m [32mdmonitoringmodeld[0m [32msensord[0m [32mui[0m [32msoundd[0m [32mlocationd[0m [32mcalibrationd[0m [32mtorqued[0m [32mcontrolsd[0m [32mselfdrived[0m [32mcard[0m [32mdeleter[0m [32mdmonitoringd[0m [32mqcomgpsd[0m [32mpandad[0m [32mparamsd[0m [32mlagd[0m [32mplannerd[0m [32mradard[0m [32mhardwared[0m [32mtombstoned[0m [32muploader[0m [32mstatsd[0m [32mfeedbackd[0m [32mmodeld_tinygrad[0m [32mmapd[0m [32mmapd_manager[0m [32mrtid[0m
[32mloggerd[0m [32mencoderd[0m [32mlogmessaged[0m [32mcamerad[0m [32mlogcatd[0m [32mproclogd[0m [32mmicd[0m [32mtimed[0m [32mdmonitoringmodeld[0m [32msensord[0m [32mui[0m [32msoundd[0m [32mlocationd[0m [32mcalibrationd[0m [32mtorqued[0m [32mcontrolsd[0m [32mselfdrived[0m [32mcard[0m [32mdeleter[0m [32mdmonitoringd[0m [32mqcomgpsd[0m [32mpandad[0m [32mparamsd[0m [32mlagd[0m [32mplannerd[0m [32mradard[0m [32mhardwared[0m [32mtombstoned[0m [32muploader[0m [32mstatsd[0m [32mfeedbackd[0m [32mmodeld_tinygrad[0m [32mmapd[0m [32mmapd_manager[0m [32mrtid[0m
[32mloggerd[0m [32mencoderd[0m [32mlogmessaged[0m [32mcamerad[0m [32mlogcatd[0m [32mproclogd[0m [32mmicd[0m [32mtimed[0m [32mdmonitoringmodeld[0m [32msensord[0m [32mui[0m [32msoundd[0m [32mlocationd[0m [32mcalibrationd[0m [32mtorqued[0m [32mcontrolsd[0m [32mselfdrived[0m [32mcard[0m [32mdeleter[0m [32mdmonitoringd[0m [32mqcomgpsd[0m [32mpandad[0m [32mparamsd[0m [32mlagd[0m [32mplannerd[0m [32mradard[0m [32mhardwared[0m [32mtombstoned[0m [32muploader[0m [32mstatsd[0m [32mfeedbackd[0m [32mmodeld_tinygrad[0m [32mmapd[0m [32mmapd_manager[0m [32mrtid[0m
[32mloggerd[0m [32mencoderd[0m [32mlogmessaged[0m [32mcamerad[0m [32mlogcatd[0m [32mproclogd[0m [32mmicd[0m [32mtimed[0m [32mdmonitoringmodeld[0m [32msensord[0m [32mui[0m [32msoundd[0m [32mlocationd[0m [32mcalibrationd[0m [32mtorqued[0m [32mcontrolsd[0m [32mselfdrived[0m [32mcard[0m [32mdeleter[0m [32mdmonitoringd[0m [32mqcomgpsd[0m [32mpandad[0m [32mparamsd[0m [32mlagd[0m [32mplannerd[0m [32mradard[0m [32mhardwared[0m [32mtombstoned[0m [32muploader[0m [32mstatsd[0m [32mfeedbackd[0m [32mmodeld_tinygrad[0m [32mmapd[0m [32mmapd_manager[0m [32mrtid[0m
[32mloggerd[0m [32mencoderd[0m [32mlogmessaged[0m [32mcamerad[0m [32mlogcatd[0m [32mproclogd[0m [32mmicd[0m [32mtimed[0m [32mdmonitoringmodeld[0m [32msensord[0m [32mui[0m [32msoundd[0m [32mlocationd[0m [32mcalibrationd[0m [32mtorqued[0m [32mcontrolsd[0m [32mselfdrived[0m [32mcard[0m [32mdeleter[0m [32mdmonitoringd[0m [32mqcomgpsd[0m [32mpandad[0m [32mparamsd[0m [32mlagd[0m [32mplannerd[0m [32mradard[0m [32mhardwared[0m [32mtombstoned[0m [32muploader[0m [32mstatsd[0m [32mfeedbackd[0m [32mmodeld_tinygrad[0m [32mmapd[0m [32mmapd_manager[0m [32mrtid[0m
[32mloggerd[0m [32mencoderd[0m [32mlogmessaged[0m [32mcamerad[0m [32mlogcatd[0m [32mproclogd[0m [32mmicd[0m [32mtimed[0m [32mdmonitoringmodeld[0m [32msensord[0m [32mui[0m [32msoundd[0m [32mlocationd[0m [32mcalibrationd[0m [32mtorqued[0m [32mcontrolsd[0m [32mselfdrived[0m [32mcard[0m [32mdeleter[0m [32mdmonitoringd[0m [32mqcomgpsd[0m [32mpandad[0m [32mparamsd[0m [32mlagd[0m [32mplannerd[0m [32mradard[0m [32mhardwared[0m [32mtombstoned[0m [32muploader[0m [32mstatsd[0m [32mfeedbackd[0m [32mmodeld_tinygrad[0m [32mmapd[0m [32mmapd_manager[0m [32mrtid[0m
[32mloggerd[0m [32mencoderd[0m [32mlogmessaged[0m [32mcamerad[0m [32mlogcatd[0m [32mproclogd[0m [32mmicd[0m [32mtimed[0m [32mdmonitoringmodeld[0m [32msensord[0m [32mui[0m [32msoundd[0m [32mlocationd[0m [32mcalibrationd[0m [32mtorqued[0m [32mcontrolsd[0m [32mselfdrived[0m [32mcard[0m [32mdeleter[0m [32mdmonitoringd[0m [32mqcomgpsd[0m [32mpandad[0m [32mparamsd[0m [32mlagd[0m [32mplannerd[0m [32mradard[0m [32mhardwared[0m [32mtombstoned[0m [32muploader[0m [32mstatsd[0m [32mfeedbackd[0m [32mmodeld_tinygrad[0m [32mmapd[0m [32mmapd_manager[0m [32mrtid[0m
[32mloggerd[0m [32mencoderd[0m [32mlogmessaged[0m [32mcamerad[0m [32mlogcatd[0m [32mproclogd[0m [32mmicd[0m [32mtimed[0m [32mdmonitoringmodeld[0m [32msensord[0m [32mui[0m [32msoundd[0m [32mlocationd[0m [32mcalibrationd[0m [32mtorqued[0m [32mcontrolsd[0m [32mselfdrived[0m [32mcard[0m [32mdeleter[0m [32mdmonitoringd[0m [32mqcomgpsd[0m [32mpandad[0m [32mparamsd[0m [32mlagd[0m [32mplannerd[0m [32mradard[0m [32mhardwared[0m [32mtombstoned[0m [32muploader[0m [32mstatsd[0m [32mfeedbackd[0m [32mmodeld_tinygrad[0m [32mmapd[0m [32mmapd_manager[0m [32mrtid[0m
[32mloggerd[0m [32mencoderd[0m [32mlogmessaged[0m [32mcamerad[0m [32mlogcatd[0m [32mproclogd[0m [32mmicd[0m [32mtimed[0m [32mdmonitoringmodeld[0m [32msensord[0m [32mui[0m [32msoundd[0m [32mlocationd[0m [32mcalibrationd[0m [32mtorqued[0m [32mcontrolsd[0m [32mselfdrived[0m [32mcard[0m [32mdeleter[0m [32mdmonitoringd[0m [32mqcomgpsd[0m [32mpandad[0m [32mparamsd[0m [32mlagd[0m [32mplannerd[0m [32mradard[0m [32mhardwared[0m [32mtombstoned[0m [32muploader[0m [32mstatsd[0m [32mfeedbackd[0m [32mmodeld_tinygrad[0m [32mmapd[0m [32mmapd_manager[0m [32mrtid[0m
RTI cycle took 0.040s
RTI cycle took 0.018s
RTI cycle took 0.026s
RTI cycle took 0.031s
RTI cycle took 0.027s
RTI cycle took 0.021s
RTI cycle took 0.038s
RTI cycle took 0.030s
RTI cycle took 0.030s
RTI cycle took 0.017s
RTI cycle took 0.027s
RTI cycle took 0.027s
RTI cycle took 0.030s
RTI cycle took 0.019s
RTI cycle took 0.030s
RTI cycle took 0.038s
RTI cycle took 0.043s
RTI cycle took 0.033s
RTI cycle took 0.032s
RTI cycle took 0.028s
RTI cycle took 0.029s
RTI cycle took 0.018s
RTI cycle took 0.024s
RTI cycle took 0.018s
RTI cycle took 0.029s
RTI cycle took 0.028s
RTI cycle took 0.029s
RTI cycle took 0.020s
RTI cycle took 0.028s
RTI cycle took 0.041s
RTI cycle took 0.030s
RTI cycle took 0.039s
RTI cycle took 0.019s
RTI cycle took 0.044s
RTI cycle took 0.020s
RTI cycle took 0.040s
RTI cycle took 0.020s
RTI cycle took 0.028s
RTI cycle took 0.031s
RTI cycle took 0.016s
RTI cycle took 0.026s
RTI cycle took 0.027s
RTI cycle took 0.028s
RTI cycle took 0.020s
RTI cycle took 0.031s
RTI cycle took 0.030s
RTI cycle took 0.038s
RTI cycle took 0.030s
RTI cycle took 0.028s
RTI cycle took 0.018s
RTI cycle took 0.029s
RTI cycle took 0.026s
RTI cycle took 0.022s
RTI cycle took 0.026s
RTI cycle took 0.020s
RTI cycle took 0.025s
RTI cycle took 0.031s
RTI cycle took 0.039s
RTI cycle took 0.020s
RTI cycle took 0.029s
RTI cycle took 0.018s
RTI cycle took 0.026s
RTI cycle took 0.037s
RTI cycle took 0.042s
RTI cycle took 0.028s
RTI cycle took 0.019s
RTI cycle took 0.028s
RTI cycle took 0.028s
RTI cycle took 0.039s
RTI cycle took 0.020s
RTI cycle took 0.029s
RTI cycle took 0.030s
RTI cycle took 0.039s
RTI cycle took 0.032s
RTI cycle took 0.021s
RTI cycle took 0.026s
RTI cycle took 0.022s
RTI cycle took 0.030s
RTI cycle took 0.029s
RTI cycle took 0.026s
RTI cycle took 0.029s
RTI cycle took 0.025s
RTI cycle took 0.039s
RTI cycle took 0.019s
RTI cycle took 0.028s
RTI cycle took 0.019s
RTI cycle took 0.029s
RTI cycle took 0.028s
RTI cycle took 0.040s
RTI cycle took 0.040s
RTI cycle took 0.019s
RTI cycle took 0.027s
RTI cycle took 0.017s
RTI cycle took 0.025s
RTI cycle took 0.019s
RTI cycle took 0.017s
RTI cycle took 0.035s
RTI cycle took 0.042s
RTI cycle took 0.026s
RTI cycle took 0.029s
RTI cycle took 0.028s
RTI cycle took 0.030s
RTI cycle took 0.028s
RTI cycle took 0.030s
RTI cycle took 0.019s
RTI cycle took 0.018s
RTI cycle took 0.034s
RTI cycle took 0.031s
RTI cycle took 0.028s
RTI cycle took 0.030s
RTI cycle took 0.028s
RTI cycle took 0.019s
RTI cycle took 0.016s
RTI cycle took 0.035s
RTI cycle took 0.038s
RTI cycle took 0.020s
RTI cycle took 0.026s
RTI cycle took 0.031s
RTI cycle took 0.018s
RTI cycle took 0.028s
RTI cycle took 0.017s
RTI cycle took 0.028s
RTI cycle took 0.039s
RTI cycle took 0.018s
RTI cycle took 0.026s
RTI cycle took 0.040s
RTI cycle took 0.028s
RTI cycle took 0.031s
RTI cycle took 0.035s
RTI cycle took 0.042s
RTI cycle took 0.029s
RTI cycle took 0.019s
RTI cycle took 0.037s
RTI cycle took 0.030s
RTI cycle took 0.028s
RTI cycle took 0.020s
RTI cycle took 0.039s
RTI cycle took 0.017s
RTI cycle took 0.015s
RTI cycle took 0.015s
RTI cycle took 0.012s
RTI cycle took 0.022s
RTI cycle took 0.029s
RTI cycle took 0.030s
RTI cycle took 0.039s
RTI cycle took 0.018s
RTI cycle took 0.016s
RTI cycle took 0.035s
RTI cycle took 0.020s
RTI cycle took 0.029s
RTI cycle took 0.030s
RTI cycle took 0.028s
RTI cycle took 0.030s
RTI cycle took 0.025s
RTI cycle took 0.023s
RTI cycle took 0.029s
RTI cycle took 0.017s
RTI cycle took 0.015s
RTI cycle took 0.023s
RTI cycle took 0.017s
RTI cycle took 0.036s
RTI cycle took 0.022s
RTI cycle took 0.038s
RTI cycle took 0.039s
RTI cycle took 0.030s
RTI cycle took 0.040s
RTI cycle took 0.018s
RTI cycle took 0.026s
RTI cycle took 0.018s
RTI cycle took 0.025s
RTI cycle took 0.020s
RTI cycle took 0.028s
RTI cycle took 0.019s
RTI cycle took 0.029s
RTI cycle took 0.018s
RTI cycle took 0.026s
RTI cycle took 0.028s
RTI cycle took 0.030s
RTI cycle took 0.039s
RTI cycle took 0.032s
RTI cycle took 0.025s
RTI cycle took 0.019s
RTI cycle took 0.017s
RTI cycle took 0.026s
RTI cycle took 0.028s
RTI cycle took 0.038s
RTI cycle took 0.013s
RTI cycle took 0.016s
RTI cycle took 0.024s
RTI cycle took 0.030s
RTI cycle took 0.040s
RTI cycle took 0.019s
RTI cycle took 0.028s
RTI cycle took 0.026s
RTI cycle took 0.031s
RTI cycle took 0.028s
RTI cycle took 0.029s
RTI cycle took 0.041s
RTI cycle took 0.037s
RTI cycle took 0.019s
RTI cycle took 0.028s
RTI cycle took 0.026s
RTI cycle took 0.030s
RTI cycle took 0.028s
RTI cycle took 0.039s
RTI cycle took 0.019s
RTI cycle took 0.016s
RTI cycle took 0.026s
RTI cycle took 0.039s
RTI cycle took 0.028s
RTI cycle took 0.020s
RTI cycle took 0.028s
RTI cycle took 0.028s
RTI cycle took 0.029s
RTI cycle took 0.020s
RTI cycle took 0.018s
RTI cycle took 0.028s
RTI cycle took 0.037s
RTI cycle took 0.039s
RTI cycle took 0.030s
RTI cycle took 0.039s
RTI cycle took 0.018s
RTI cycle took 0.027s
[32mloggerd[0m [32mencoderd[0m [32mlogmessaged[0m [32mcamerad[0m [32mlogcatd[0m [32mproclogd[0m [32mmicd[0m [32mtimed[0m [32mdmonitoringmodeld[0m [32msensord[0m [32mui[0m [32msoundd[0m [32mlocationd[0m [32mcalibrationd[0m [32mtorqued[0m [32mcontrolsd[0m [32mselfdrived[0m [32mcard[0m [32mdeleter[0m [32mdmonitoringd[0m [32mqcomgpsd[0m [32mpandad[0m [32mparamsd[0m [32mlagd[0m [32mplannerd[0m [32mradard[0m [32mhardwared[0m [32mtombstoned[0m [32muploader[0m [32mstatsd[0m [32mfeedbackd[0m [32mmodeld_tinygrad[0m [32mmapd[0m [32mmapd_manager[0m [32mrtid[0m
[32mloggerd[0m [32mencoderd[0m [32mlogmessaged[0m [32mcamerad[0m [32mlogcatd[0m [32mproclogd[0m [32mmicd[0m [32mtimed[0m [32mdmonitoringmodeld[0m [32msensord[0m [32mui[0m [32msoundd[0m [32mlocationd[0m [32mcalibrationd[0m [32mtorqued[0m [32mcontrolsd[0m [32mselfdrived[0m [32mcard[0m [32mdeleter[0m [32mdmonitoringd[0m [32mqcomgpsd[0m [32mpandad[0m [32mparamsd[0m [32mlagd[0m [32mplannerd[0m [32mradard[0m [32mhardwared[0m [32mtombstoned[0m [32muploader[0m [32mstatsd[0m [32mfeedbackd[0m [32mmodeld_tinygrad[0m [32mmapd[0m [32mmapd_manager[0m [32mrtid[0m
[32mloggerd[0m [32mencoderd[0m [32mlogmessaged[0m [32mcamerad[0m [32mlogcatd[0m [32mproclogd[0m [32mmicd[0m [32mtimed[0m [32mdmonitoringmodeld[0m [32msensord[0m [32mui[0m [32msoundd[0m [32mlocationd[0m [32mcalibrationd[0m [32mtorqued[0m [32mcontrolsd[0m [32mselfdrived[0m [32mcard[0m [32mdeleter[0m [32mdmonitoringd[0m [32mqcomgpsd[0m [32mpandad[0m [32mparamsd[0m [32mlagd[0m [32mplannerd[0m [32mradard[0m [32mhardwared[0m [32mtombstoned[0m [32muploader[0m [32mstatsd[0m [32mfeedbackd[0m [32mmodeld_tinygrad[0m [32mmapd[0m [32mmapd_manager[0m [32mrtid[0m
[32mloggerd[0m [32mencoderd[0m [32mlogmessaged[0m [32mcamerad[0m [32mlogcatd[0m [32mproclogd[0m [32mmicd[0m [32mtimed[0m [32mdmonitoringmodeld[0m [32msensord[0m [32mui[0m [32msoundd[0m [32mlocationd[0m [32mcalibrationd[0m [32mtorqued[0m [32mcontrolsd[0m [32mselfdrived[0m [32mcard[0m [32mdeleter[0m [32mdmonitoringd[0m [32mqcomgpsd[0m [32mpandad[0m [32mparamsd[0m [32mlagd[0m [32mplannerd[0m [32mradard[0m [32mhardwared[0m [32mtombstoned[0m [32muploader[0m [32mstatsd[0m [32mfeedbackd[0m [32mmodeld_tinygrad[0m [32mmapd[0m [32mmapd_manager[0m [32mrtid[0m
[32mloggerd[0m [32mencoderd[0m [32mlogmessaged[0m [32mcamerad[0m [32mlogcatd[0m [32mproclogd[0m [32mmicd[0m [32mtimed[0m [32mdmonitoringmodeld[0m [32msensord[0m [32mui[0m [32msoundd[0m [32mlocationd[0m [32mcalibrationd[0m [32mtorqued[0m [32mcontrolsd[0m [32mselfdrived[0m [32mcard[0m [32mdeleter[0m [32mdmonitoringd[0m [32mqcomgpsd[0m [32mpandad[0m [32mparamsd[0m [32mlagd[0m [32mplannerd[0m [32mradard[0m [32mhardwared[0m [32mtombstoned[0m [32muploader[0m [32mstatsd[0m [32mfeedbackd[0m [32mmodeld_tinygrad[0m [32mmapd[0m [32mmapd_manager[0m [32mrtid[0m
[32mloggerd[0m [32mencoderd[0m [32mlogmessaged[0m [32mcamerad[0m [32mlogcatd[0m [32mproclogd[0m [32mmicd[0m [32mtimed[0m [32mdmonitoringmodeld[0m [32msensord[0m [32mui[0m [32msoundd[0m [32mlocationd[0m [32mcalibrationd[0m [32mtorqued[0m [32mcontrolsd[0m [32mselfdrived[0m [32mcard[0m [32mdeleter[0m [32mdmonitoringd[0m [32mqcomgpsd[0m [32mpandad[0m [32mparamsd[0m [32mlagd[0m [32mplannerd[0m [32mradard[0m [32mhardwared[0m [32mtombstoned[0m [32muploader[0m [32mstatsd[0m [32mfeedbackd[0m [32mmodeld_tinygrad[0m [32mmapd[0m [32mmapd_manager[0m [32mrtid[0m
[32mloggerd[0m [32mencoderd[0m [32mlogmessaged[0m [32mcamerad[0m [32mlogcatd[0m [32mproclogd[0m [32mmicd[0m [32mtimed[0m [32mdmonitoringmodeld[0m [32msensord[0m [32mui[0m [32msoundd[0m [32mlocationd[0m [32mcalibrationd[0m [32mtorqued[0m [32mcontrolsd[0m [32mselfdrived[0m [32mcard[0m [32mdeleter[0m [32mdmonitoringd[0m [32mqcomgpsd[0m [32mpandad[0m [32mparamsd[0m [32mlagd[0m [32mplannerd[0m [32mradard[0m [32mhardwared[0m [32mtombstoned[0m [32muploader[0m [32mstatsd[0m [32mfeedbackd[0m [32mmodeld_tinygrad[0m [32mmapd[0m [32mmapd_manager[0m [32mrtid[0m
[32mloggerd[0m [32mencoderd[0m [32mlogmessaged[0m [32mcamerad[0m [32mlogcatd[0m [32mproclogd[0m [32mmicd[0m [32mtimed[0m [32mdmonitoringmodeld[0m [32msensord[0m [32mui[0m [32msoundd[0m [32mlocationd[0m [32mcalibrationd[0m [32mtorqued[0m [32mcontrolsd[0m [32mselfdrived[0m [32mcard[0m [32mdeleter[0m [32mdmonitoringd[0m [32mqcomgpsd[0m [32mpandad[0m [32mparamsd[0m [32mlagd[0m [32mplannerd[0m [32mradard[0m [32mhardwared[0m [32mtombstoned[0m [32muploader[0m [32mstatsd[0m [32mfeedbackd[0m [32mmodeld_tinygrad[0m [32mmapd[0m [32mmapd_manager[0m [32mrtid[0m
[32mloggerd[0m [32mencoderd[0m [32mlogmessaged[0m [32mcamerad[0m [32mlogcatd[0m [32mproclogd[0m [32mmicd[0m [32mtimed[0m [32mdmonitoringmodeld[0m [32msensord[0m [32mui[0m [32msoundd[0m [32mlocationd[0m [32mcalibrationd[0m [32mtorqued[0m [32mcontrolsd[0m [32mselfdrived[0m [32mcard[0m [32mdeleter[0m [32mdmonitoringd[0m [32mqcomgpsd[0m [32mpandad[0m [32mparamsd[0m [32mlagd[0m [32mplannerd[0m [32mradard[0m [32mhardwared[0m [32mtombstoned[0m [32muploader[0m [32mstatsd[0m [32mfeedbackd[0m [32mmodeld_tinygrad[0m [32mmapd[0m [32mmapd_manager[0m [32mrtid[0m
[32mloggerd[0m [32mencoderd[0m [32mlogmessaged[0m [32mcamerad[0m [32mlogcatd[0m [32mproclogd[0m [32mmicd[0m [32mtimed[0m [32mdmonitoringmodeld[0m [32msensord[0m [32mui[0m [32msoundd[0m [32mlocationd[0m [32mcalibrationd[0m [32mtorqued[0m [32mcontrolsd[0m [32mselfdrived[0m [32mcard[0m [32mdeleter[0m [32mdmonitoringd[0m [32mqcomgpsd[0m [32mpandad[0m [32mparamsd[0m [32mlagd[0m [32mplannerd[0m [32mradard[0m [32mhardwared[0m [32mtombstoned[0m [32muploader[0m [32mstatsd[0m [32mfeedbackd[0m [32mmodeld_tinygrad[0m [32mmapd[0m [32mmapd_manager[0m [32mrtid[0m
[32mloggerd[0m [32mencoderd[0m [32mlogmessaged[0m [32mcamerad[0m [32mlogcatd[0m [32mproclogd[0m [32mmicd[0m [32mtimed[0m [32mdmonitoringmodeld[0m [32msensord[0m [32mui[0m [32msoundd[0m [32mlocationd[0m [32mcalibrationd[0m [32mtorqued[0m [32mcontrolsd[0m [32mselfdrived[0m [32mcard[0m [32mdeleter[0m [32mdmonitoringd[0m [32mqcomgpsd[0m [32mpandad[0m [32mparamsd[0m [32mlagd[0m [32mplannerd[0m [32mradard[0m [32mhardwared[0m [32mtombstoned[0m [32muploader[0m [32mstatsd[0m [32mfeedbackd[0m [32mmodeld_tinygrad[0m [32mmapd[0m [32mmapd_manager[0m [32mrtid[0m
[32mloggerd[0m [32mencoderd[0m [32mlogmessaged[0m [32mcamerad[0m [32mlogcatd[0m [32mproclogd[0m [32mmicd[0m [32mtimed[0m [32mdmonitoringmodeld[0m [32msensord[0m [32mui[0m [32msoundd[0m [32mlocationd[0m [32mcalibrationd[0m [32mtorqued[0m [32mcontrolsd[0m [32mselfdrived[0m [32mcard[0m [32mdeleter[0m [32mdmonitoringd[0m [32mqcomgpsd[0m [32mpandad[0m [32mparamsd[0m [32mlagd[0m [32mplannerd[0m [32mradard[0m [32mhardwared[0m [32mtombstoned[0m [32muploader[0m [32mstatsd[0m [32mfeedbackd[0m [32mmodeld_tinygrad[0m [32mmapd[0m [32mmapd_manager[0m [32mrtid[0m
[32mloggerd[0m [32mencoderd[0m [32mlogmessaged[0m [32mcamerad[0m [32mlogcatd[0m [32mproclogd[0m [32mmicd[0m [32mtimed[0m [32mdmonitoringmodeld[0m [32msensord[0m [32mui[0m [32msoundd[0m [32mlocationd[0m [32mcalibrationd[0m [32mtorqued[0m [32mcontrolsd[0m [32mselfdrived[0m [32mcard[0m [32mdeleter[0m [32mdmonitoringd[0m [32mqcomgpsd[0m [32mpandad[0m [32mparamsd[0m [32mlagd[0m [32mplannerd[0m [32mradard[0m [32mhardwared[0m [32mtombstoned[0m [32muploader[0m [32mstatsd[0m [32mfeedbackd[0m [32mmodeld_tinygrad[0m [32mmapd[0m [32mmapd_manager[0m [32mrtid[0m
RTI cycle took 0.018s
RTI cycle took 0.028s
RTI cycle took 0.018s
RTI cycle took 0.025s
RTI cycle took 0.040s
RTI cycle took 0.028s
RTI cycle took 0.034s
RTI cycle took 0.024s
RTI cycle took 0.020s
RTI cycle took 0.029s
RTI cycle took 0.031s
RTI cycle took 0.017s
RTI cycle took 0.016s
RTI cycle took 0.024s
RTI cycle took 0.027s
RTI cycle took 0.040s
RTI cycle took 0.037s
RTI cycle took 0.040s
RTI cycle took 0.020s
RTI cycle took 0.018s
RTI cycle took 0.025s
RTI cycle took 0.029s
RTI cycle took 0.030s
RTI cycle took 0.017s
RTI cycle took 0.025s
RTI cycle took 0.019s
RTI cycle took 0.028s
RTI cycle took 0.015s
RTI cycle took 0.031s
RTI cycle took 0.019s
RTI cycle took 0.037s
RTI cycle took 0.033s
RTI cycle took 0.021s
RTI cycle took 0.038s
RTI cycle took 0.028s
RTI cycle took 0.019s
RTI cycle took 0.027s
RTI cycle took 0.020s
RTI cycle took 0.026s
RTI cycle took 0.030s
RTI cycle took 0.018s
RTI cycle took 0.017s
RTI cycle took 0.034s
RTI cycle took 0.032s
RTI cycle took 0.027s
RTI cycle took 0.039s
RTI cycle took 0.055s
RTI cycle took 0.024s
RTI cycle took 0.029s
RTI cycle took 0.038s
RTI cycle took 0.037s
RTI cycle took 0.020s
RTI cycle took 0.017s
RTI cycle took 0.026s
RTI cycle took 0.029s
RTI cycle took 0.031s
RTI cycle took 0.017s
RTI cycle took 0.026s
RTI cycle took 0.018s
RTI cycle took 0.016s
RTI cycle took 0.014s
RTI cycle took 0.022s
RTI cycle took 0.034s
RTI cycle took 0.024s
RTI cycle took 0.019s
RTI cycle took 0.028s
RTI cycle took 0.038s
RTI cycle took 0.027s
RTI cycle took 0.032s
RTI cycle took 0.040s
RTI cycle took 0.016s
RTI cycle took 0.025s
RTI cycle took 0.016s
RTI cycle took 0.025s
RTI cycle took 0.025s
RTI cycle took 0.038s
RTI cycle took 0.030s
RTI cycle took 0.020s
RTI cycle took 0.031s
RTI cycle took 0.029s
RTI cycle took 0.030s
RTI cycle took 0.040s
RTI cycle took 0.026s
RTI cycle took 0.021s
RTI cycle took 0.018s
RTI cycle took 0.020s
RTI cycle took 0.026s
RTI cycle took 0.032s
RTI cycle took 0.038s
RTI cycle took 0.018s
RTI cycle took 0.026s
RTI cycle took 0.029s
RTI cycle took 0.030s
RTI cycle took 0.039s
RTI cycle took 0.020s
RTI cycle took 0.016s
RTI cycle took 0.024s
RTI cycle took 0.019s
RTI cycle took 0.025s
RTI cycle took 0.029s
RTI cycle took 0.028s
RTI cycle took 0.032s
RTI cycle took 0.029s
RTI cycle took 0.023s
RTI cycle took 0.029s
RTI cycle took 0.030s
RTI cycle took 0.028s
RTI cycle took 0.039s
RTI cycle took 0.019s
RTI cycle took 0.029s
RTI cycle took 0.019s
RTI cycle took 0.018s
RTI cycle took 0.035s
RTI cycle took 0.030s
RTI cycle took 0.018s
RTI cycle took 0.034s
RTI cycle took 0.032s
RTI cycle took 0.027s
RTI cycle took 0.022s
RTI cycle took 0.016s
RTI cycle took 0.024s
RTI cycle took 0.034s
RTI cycle took 0.022s
RTI cycle took 0.030s
RTI cycle took 0.026s
RTI cycle took 0.032s
RTI cycle took 0.039s
RTI cycle took 0.020s
RTI cycle took 0.028s
RTI cycle took 0.018s
RTI cycle took 0.028s
RTI cycle took 0.027s
RTI cycle took 0.032s
RTI cycle took 0.029s
RTI cycle took 0.029s
RTI cycle took 0.029s
RTI cycle took 0.027s
RTI cycle took 0.041s
RTI cycle took 0.017s
RTI cycle took 0.027s
RTI cycle took 0.029s
RTI cycle took 0.037s
RTI cycle took 0.030s
RTI cycle took 0.029s
RTI cycle took 0.038s
RTI cycle took 0.021s
RTI cycle took 0.026s
RTI cycle took 0.032s
RTI cycle took 0.027s
RTI cycle took 0.020s
RTI cycle took 0.014s
RTI cycle took 0.033s
RTI cycle took 0.021s
RTI cycle took 0.017s
RTI cycle took 0.035s
RTI cycle took 0.032s
RTI cycle took 0.032s
RTI cycle took 0.021s
RTI cycle took 0.028s
RTI cycle took 0.039s
RTI cycle took 0.024s
RTI cycle took 0.029s
RTI cycle took 0.028s
RTI cycle took 0.020s
RTI cycle took 0.027s
RTI cycle took 0.030s
RTI cycle took 0.043s
RTI cycle took 0.026s
RTI cycle took 0.041s
RTI cycle took 0.016s
RTI cycle took 0.032s
RTI cycle took 0.017s
RTI cycle took 0.028s
RTI cycle took 0.039s
RTI cycle took 0.028s
RTI cycle took 0.021s
RTI cycle took 0.039s
RTI cycle took 0.026s
RTI cycle took 0.033s
RTI cycle took 0.037s
RTI cycle took 0.018s
RTI cycle took 0.028s
RTI cycle took 0.028s
RTI cycle took 0.031s
RTI cycle took 0.026s
RTI cycle took 0.031s
RTI cycle took 0.028s
RTI cycle took 0.031s
RTI cycle took 0.028s
RTI cycle took 0.016s
RTI cycle took 0.027s
RTI cycle took 0.038s
RTI cycle took 0.030s
RTI cycle took 0.029s
RTI cycle took 0.019s
RTI cycle took 0.025s
RTI cycle took 0.017s
RTI cycle took 0.025s
RTI cycle took 0.032s
RTI cycle took 0.036s
RTI cycle took 0.020s
RTI cycle took 0.040s
RTI cycle took 0.016s
RTI cycle took 0.025s
RTI cycle took 0.039s
RTI cycle took 0.020s
RTI cycle took 0.028s
RTI cycle took 0.041s
RTI cycle took 0.036s
RTI cycle took 0.042s
RTI cycle took 0.031s
RTI cycle took 0.038s
RTI cycle took 0.018s
RTI cycle took 0.027s
RTI cycle took 0.027s
RTI cycle took 0.030s
RTI cycle took 0.028s
RTI cycle took 0.035s
RTI cycle took 0.025s
[32mloggerd[0m [32mencoderd[0m [32mlogmessaged[0m [32mcamerad[0m [32mlogcatd[0m [32mproclogd[0m [32mmicd[0m [32mtimed[0m [32mdmonitoringmodeld[0m [32msensord[0m [32mui[0m [32msoundd[0m [32mlocationd[0m [32mcalibrationd[0m [32mtorqued[0m [32mcontrolsd[0m [32mselfdrived[0m [32mcard[0m [32mdeleter[0m [32mdmonitoringd[0m [32mqcomgpsd[0m [32mpandad[0m [32mparamsd[0m [32mlagd[0m [32mplannerd[0m [32mradard[0m [32mhardwared[0m [32mtombstoned[0m [32muploader[0m [32mstatsd[0m [32mfeedbackd[0m [32mmodeld_tinygrad[0m [32mmapd[0m [32mmapd_manager[0m [32mrtid[0m
[32mloggerd[0m [32mencoderd[0m [32mlogmessaged[0m [32mcamerad[0m [32mlogcatd[0m [32mproclogd[0m [32mmicd[0m [32mtimed[0m [32mdmonitoringmodeld[0m [32msensord[0m [32mui[0m [32msoundd[0m [32mlocationd[0m [32mcalibrationd[0m [32mtorqued[0m [32mcontrolsd[0m [32mselfdrived[0m [32mcard[0m [32mdeleter[0m [32mdmonitoringd[0m [32mqcomgpsd[0m [32mpandad[0m [32mparamsd[0m [32mlagd[0m [32mplannerd[0m [32mradard[0m [32mhardwared[0m [32mtombstoned[0m [32muploader[0m [32mstatsd[0m [32mfeedbackd[0m [32mmodeld_tinygrad[0m [32mmapd[0m [32mmapd_manager[0m [32mrtid[0m
[32mloggerd[0m [32mencoderd[0m [32mlogmessaged[0m [32mcamerad[0m [32mlogcatd[0m [32mproclogd[0m [32mmicd[0m [32mtimed[0m [32mdmonitoringmodeld[0m [32msensord[0m [32mui[0m [32msoundd[0m [32mlocationd[0m [32mcalibrationd[0m [32mtorqued[0m [32mcontrolsd[0m [32mselfdrived[0m [32mcard[0m [32mdeleter[0m [32mdmonitoringd[0m [32mqcomgpsd[0m [32mpandad[0m [32mparamsd[0m [32mlagd[0m [32mplannerd[0m [32mradard[0m [32mhardwared[0m [32mtombstoned[0m [32muploader[0m [32mstatsd[0m [32mfeedbackd[0m [32mmodeld_tinygrad[0m [32mmapd[0m [32mmapd_manager[0m [32mrtid[0m
[32mloggerd[0m [32mencoderd[0m [32mlogmessaged[0m [32mcamerad[0m [32mlogcatd[0m [32mproclogd[0m [32mmicd[0m [32mtimed[0m [32mdmonitoringmodeld[0m [32msensord[0m [32mui[0m [32msoundd[0m [32mlocationd[0m [32mcalibrationd[0m [32mtorqued[0m [32mcontrolsd[0m [32mselfdrived[0m [32mcard[0m [32mdeleter[0m [32mdmonitoringd[0m [32mqcomgpsd[0m [32mpandad[0m [32mparamsd[0m [32mlagd[0m [32mplannerd[0m [32mradard[0m [32mhardwared[0m [32mtombstoned[0m [32muploader[0m [32mstatsd[0m [32mfeedbackd[0m [32mmodeld_tinygrad[0m [32mmapd[0m [32mmapd_manager[0m [32mrtid[0m
[32mloggerd[0m [32mencoderd[0m [32mlogmessaged[0m [32mcamerad[0m [32mlogcatd[0m [32mproclogd[0m [32mmicd[0m [32mtimed[0m [32mdmonitoringmodeld[0m [32msensord[0m [32mui[0m [32msoundd[0m [32mlocationd[0m [32mcalibrationd[0m [32mtorqued[0m [32mcontrolsd[0m [32mselfdrived[0m [32mcard[0m [32mdeleter[0m [32mdmonitoringd[0m [32mqcomgpsd[0m [32mpandad[0m [32mparamsd[0m [32mlagd[0m [32mplannerd[0m [32mradard[0m [32mhardwared[0m [32mtombstoned[0m [32muploader[0m [32mstatsd[0m [32mfeedbackd[0m [32mmodeld_tinygrad[0m [32mmapd[0m [32mmapd_manager[0m [32mrtid[0m
[32mloggerd[0m [32mencoderd[0m [32mlogmessaged[0m [32mcamerad[0m [32mlogcatd[0m [32mproclogd[0m [32mmicd[0m [32mtimed[0m [32mdmonitoringmodeld[0m [32msensord[0m [32mui[0m [32msoundd[0m [32mlocationd[0m [32mcalibrationd[0m [32mtorqued[0m [32mcontrolsd[0m [32mselfdrived[0m [32mcard[0m [32mdeleter[0m [32mdmonitoringd[0m [32mqcomgpsd[0m [32mpandad[0m [32mparamsd[0m [32mlagd[0m [32mplannerd[0m [32mradard[0m [32mhardwared[0m [32mtombstoned[0m [32muploader[0m [32mstatsd[0m [32mfeedbackd[0m [32mmodeld_tinygrad[0m [32mmapd[0m [32mmapd_manager[0m [32mrtid[0m
[32mloggerd[0m [32mencoderd[0m [32mlogmessaged[0m [32mcamerad[0m [32mlogcatd[0m [32mproclogd[0m [32mmicd[0m [32mtimed[0m [32mdmonitoringmodeld[0m [32msensord[0m [32mui[0m [32msoundd[0m [32mlocationd[0m [32mcalibrationd[0m [32mtorqued[0m [32mcontrolsd[0m [32mselfdrived[0m [32mcard[0m [32mdeleter[0m [32mdmonitoringd[0m [32mqcomgpsd[0m [32mpandad[0m [32mparamsd[0m [32mlagd[0m [32mplannerd[0m [32mradard[0m [32mhardwared[0m [32mtombstoned[0m [32muploader[0m [32mstatsd[0m [32mfeedbackd[0m [32mmodeld_tinygrad[0m [32mmapd[0m [32mmapd_manager[0m [32mrtid[0m
[32mloggerd[0m [32mencoderd[0m [32mlogmessaged[0m [32mcamerad[0m [32mlogcatd[0m [32mproclogd[0m [32mmicd[0m [32mtimed[0m [32mdmonitoringmodeld[0m [32msensord[0m [32mui[0m [32msoundd[0m [32mlocationd[0m [32mcalibrationd[0m [32mtorqued[0m [32mcontrolsd[0m [32mselfdrived[0m [32mcard[0m [32mdeleter[0m [32mdmonitoringd[0m [32mqcomgpsd[0m [32mpandad[0m [32mparamsd[0m [32mlagd[0m [32mplannerd[0m [32mradard[0m [32mhardwared[0m [32mtombstoned[0m [32muploader[0m [32mstatsd[0m [32mfeedbackd[0m [32mmodeld_tinygrad[0m [32mmapd[0m [32mmapd_manager[0m [32mrtid[0m
[32mloggerd[0m [32mencoderd[0m [32mlogmessaged[0m [32mcamerad[0m [32mlogcatd[0m [32mproclogd[0m [32mmicd[0m [32mtimed[0m [32mdmonitoringmodeld[0m [32msensord[0m [32mui[0m [32msoundd[0m [32mlocationd[0m [32mcalibrationd[0m [32mtorqued[0m [32mcontrolsd[0m [32mselfdrived[0m [32mcard[0m [32mdeleter[0m [32mdmonitoringd[0m [32mqcomgpsd[0m [32mpandad[0m [32mparamsd[0m [32mlagd[0m [32mplannerd[0m [32mradard[0m [32mhardwared[0m [32mtombstoned[0m [32muploader[0m [32mstatsd[0m [32mfeedbackd[0m [32mmodeld_tinygrad[0m [32mmapd[0m [32mmapd_manager[0m [32mrtid[0m
[32mloggerd[0m [32mencoderd[0m [32mlogmessaged[0m [32mcamerad[0m [32mlogcatd[0m [32mproclogd[0m [32mmicd[0m [32mtimed[0m [32mdmonitoringmodeld[0m [32msensord[0m [32mui[0m [32msoundd[0m [32mlocationd[0m [32mcalibrationd[0m [32mtorqued[0m [32mcontrolsd[0m [32mselfdrived[0m [32mcard[0m [32mdeleter[0m [32mdmonitoringd[0m [32mqcomgpsd[0m [32mpandad[0m [32mparamsd[0m [32mlagd[0m [32mplannerd[0m [32mradard[0m [32mhardwared[0m [32mtombstoned[0m [32muploader[0m [32mstatsd[0m [32mfeedbackd[0m [32mmodeld_tinygrad[0m [32mmapd[0m [32mmapd_manager[0m [32mrtid[0m
[32mloggerd[0m [32mencoderd[0m [32mlogmessaged[0m [32mcamerad[0m [32mlogcatd[0m [32mproclogd[0m [32mmicd[0m [32mtimed[0m [32mdmonitoringmodeld[0m [32msensord[0m [32mui[0m [32msoundd[0m [32mlocationd[0m [32mcalibrationd[0m [32mtorqued[0m [32mcontrolsd[0m [32mselfdrived[0m [32mcard[0m [32mdeleter[0m [32mdmonitoringd[0m [32mqcomgpsd[0m [32mpandad[0m [32mparamsd[0m [32mlagd[0m [32mplannerd[0m [32mradard[0m [32mhardwared[0m [32mtombstoned[0m [32muploader[0m [32mstatsd[0m [32mfeedbackd[0m [32mmodeld_tinygrad[0m [32mmapd[0m [32mmapd_manager[0m [32mrtid[0m
[32mloggerd[0m [32mencoderd[0m [32mlogmessaged[0m [32mcamerad[0m [32mlogcatd[0m [32mproclogd[0m [32mmicd[0m [32mtimed[0m [32mdmonitoringmodeld[0m [32msensord[0m [32mui[0m [32msoundd[0m [32mlocationd[0m [32mcalibrationd[0m [32mtorqued[0m [32mcontrolsd[0m [32mselfdrived[0m [32mcard[0m [32mdeleter[0m [32mdmonitoringd[0m [32mqcomgpsd[0m [32mpandad[0m [32mparamsd[0m [32mlagd[0m [32mplannerd[0m [32mradard[0m [32mhardwared[0m [32mtombstoned[0m [32muploader[0m [32mstatsd[0m [32mfeedbackd[0m [32mmodeld_tinygrad[0m [32mmapd[0m [32mmapd_manager[0m [32mrtid[0m
[32mloggerd[0m [32mencoderd[0m [32mlogmessaged[0m [32mcamerad[0m [32mlogcatd[0m [32mproclogd[0m [32mmicd[0m [32mtimed[0m [32mdmonitoringmodeld[0m [32msensord[0m [32mui[0m [32msoundd[0m [32mlocationd[0m [32mcalibrationd[0m [32mtorqued[0m [32mcontrolsd[0m [32mselfdrived[0m [32mcard[0m [32mdeleter[0m [32mdmonitoringd[0m [32mqcomgpsd[0m [32mpandad[0m [32mparamsd[0m [32mlagd[0m [32mplannerd[0m [32mradard[0m [32mhardwared[0m [32mtombstoned[0m [32muploader[0m [32mstatsd[0m [32mfeedbackd[0m [32mmodeld_tinygrad[0m [32mmapd[0m [32mmapd_manager[0m [32mrtid[0m
RTI cycle took 0.029s
RTI cycle took 0.019s
RTI cycle took 0.029s
RTI cycle took 0.018s
RTI cycle took 0.035s
RTI cycle took 0.065s
RTI cycle took 0.034s
RTI cycle took 0.018s
RTI cycle took 0.039s
RTI cycle took 0.032s
RTI cycle took 0.039s
RTI cycle took 0.032s
RTI cycle took 0.033s
RTI cycle took 0.041s
RTI cycle took 0.037s
RTI cycle took 0.024s
RTI cycle took 0.037s
RTI cycle took 0.039s
RTI cycle took 0.019s
RTI cycle took 0.039s
RTI cycle took 0.039s
RTI cycle took 0.030s
RTI cycle took 0.030s
RTI cycle took 0.037s
RTI cycle took 0.048s
RTI cycle took 0.038s
RTI cycle took 0.021s
RTI cycle took 0.057s
RTI cycle took 0.047s
RTI cycle took 0.026s
RTI cycle took 0.038s
RTI cycle took 0.032s
RTI cycle took 0.043s
RTI cycle took 0.031s
RTI cycle took 0.015s
RTI cycle took 0.035s
RTI cycle took 0.042s
RTI cycle took 0.029s
RTI cycle took 0.022s
RTI cycle took 0.027s
RTI cycle took 0.029s
RTI cycle took 0.018s
RTI cycle took 0.039s
RTI cycle took 0.027s
RTI cycle took 0.037s
RTI cycle took 0.037s
RTI cycle took 0.023s
RTI cycle took 0.037s
RTI cycle took 0.046s
RTI cycle took 0.047s
RTI cycle took 0.034s
RTI cycle took 0.035s
RTI cycle took 0.037s
RTI cycle took 0.025s
RTI cycle took 0.032s
RTI cycle took 0.022s
RTI cycle took 0.029s
RTI cycle took 0.028s
RTI cycle took 0.047s
RTI cycle took 0.032s
RTI cycle took 0.026s
RTI cycle took 0.038s
RTI cycle took 0.041s
RTI cycle took 0.019s
RTI cycle took 0.021s
RTI cycle took 0.028s
RTI cycle took 0.030s
RTI cycle took 0.036s
RTI cycle took 0.038s
RTI cycle took 0.040s
RTI cycle took 0.027s
RTI cycle took 0.030s
RTI cycle took 0.022s
RTI cycle took 0.035s
RTI cycle took 0.040s
RTI cycle took 0.018s
RTI cycle took 0.027s
RTI cycle took 0.019s
RTI cycle took 0.037s
RTI cycle took 0.040s
RTI cycle took 0.029s
RTI cycle took 0.030s
RTI cycle took 0.041s
RTI cycle took 0.014s
RTI cycle took 0.024s
RTI cycle took 0.028s
RTI cycle took 0.054s
RTI cycle took 0.025s
RTI cycle took 0.040s
RTI cycle took 0.033s
RTI cycle took 0.032s
RTI cycle took 0.030s
RTI cycle took 0.037s
RTI cycle took 0.020s
RTI cycle took 0.027s
RTI cycle took 0.035s
RTI cycle took 0.018s
RTI cycle took 0.034s
RTI cycle took 0.021s
RTI cycle took 0.028s
RTI cycle took 0.023s
RTI cycle took 0.027s
RTI cycle took 0.028s
RTI cycle took 0.027s
RTI cycle took 0.017s
RTI cycle took 0.028s
RTI cycle took 0.026s
RTI cycle took 0.034s
RTI cycle took 0.026s
RTI cycle took 0.030s
RTI cycle took 0.031s
RTI cycle took 0.018s
RTI cycle took 0.027s
RTI cycle took 0.028s
RTI cycle took 0.021s
RTI cycle took 0.018s
RTI cycle took 0.028s
RTI cycle took 0.030s
RTI cycle took 0.028s
RTI cycle took 0.038s
RTI cycle took 0.037s
RTI cycle took 0.030s
RTI cycle took 0.030s
RTI cycle took 0.019s
RTI cycle took 0.028s
RTI cycle took 0.038s
RTI cycle took 0.030s
stats dir full
RTI cycle took 0.030s
RTI cycle took 0.031s
RTI cycle took 0.026s
RTI cycle took 0.025s
RTI cycle took 0.031s
RTI cycle took 0.032s
RTI cycle took 0.016s
RTI cycle took 0.025s
RTI cycle took 0.037s
RTI cycle took 0.020s
RTI cycle took 0.016s
RTI cycle took 0.026s
RTI cycle took 0.037s
RTI cycle took 0.037s
RTI cycle took 0.021s
RTI cycle took 0.043s
RTI cycle took 0.034s
RTI cycle took 0.030s
RTI cycle took 0.040s
RTI cycle took 0.017s
RTI cycle took 0.027s
RTI cycle took 0.018s
RTI cycle took 0.028s
RTI cycle took 0.016s
RTI cycle took 0.027s
RTI cycle took 0.043s
RTI cycle took 0.037s
RTI cycle took 0.021s
RTI cycle took 0.019s
RTI cycle took 0.026s
RTI cycle took 0.028s
RTI cycle took 0.032s
RTI cycle took 0.028s
RTI cycle took 0.040s
RTI cycle took 0.016s
RTI cycle took 0.025s
RTI cycle took 0.030s
RTI cycle took 0.030s
RTI cycle took 0.025s
RTI cycle took 0.021s
RTI cycle took 0.037s
RTI cycle took 0.022s
RTI cycle took 0.030s
RTI cycle took 0.025s
RTI cycle took 0.031s
RTI cycle took 0.039s
RTI cycle took 0.039s
RTI cycle took 0.037s
RTI cycle took 0.051s
RTI cycle took 0.042s
RTI cycle took 0.028s
RTI cycle took 0.020s
RTI cycle took 0.045s
RTI cycle took 0.064s
RTI cycle took 0.019s
RTI cycle took 0.048s
RTI cycle took 0.033s
RTI cycle took 0.026s
RTI cycle took 0.031s
RTI cycle took 0.041s
RTI cycle took 0.033s
RTI cycle took 0.041s
RTI cycle took 0.031s
RTI cycle took 0.027s
RTI cycle took 0.041s
RTI cycle took 0.031s
RTI cycle took 0.035s
RTI cycle took 0.027s
RTI cycle took 0.026s
RTI cycle took 0.039s
[32mloggerd[0m [32mencoderd[0m [32mlogmessaged[0m [32mcamerad[0m [32mlogcatd[0m [32mproclogd[0m [32mmicd[0m [32mtimed[0m [32mdmonitoringmodeld[0m [32msensord[0m [32mui[0m [32msoundd[0m [32mlocationd[0m [32mcalibrationd[0m [32mtorqued[0m [32mcontrolsd[0m [32mselfdrived[0m [32mcard[0m [32mdeleter[0m [32mdmonitoringd[0m [32mqcomgpsd[0m [32mpandad[0m [32mparamsd[0m [32mlagd[0m [32mplannerd[0m [32mradard[0m [32mhardwared[0m [32mtombstoned[0m [32muploader[0m [32mstatsd[0m [32mfeedbackd[0m [32mmodeld_tinygrad[0m [32mmapd[0m [32mmapd_manager[0m [32mrtid[0m
[32mloggerd[0m [32mencoderd[0m [32mlogmessaged[0m [32mcamerad[0m [32mlogcatd[0m [32mproclogd[0m [32mmicd[0m [32mtimed[0m [32mdmonitoringmodeld[0m [32msensord[0m [32mui[0m [32msoundd[0m [32mlocationd[0m [32mcalibrationd[0m [32mtorqued[0m [32mcontrolsd[0m [32mselfdrived[0m [32mcard[0m [32mdeleter[0m [32mdmonitoringd[0m [32mqcomgpsd[0m [32mpandad[0m [32mparamsd[0m [32mlagd[0m [32mplannerd[0m [32mradard[0m [32mhardwared[0m [32mtombstoned[0m [32muploader[0m [32mstatsd[0m [32mfeedbackd[0m [32mmodeld_tinygrad[0m [32mmapd[0m [32mmapd_manager[0m [32mrtid[0m
[32mloggerd[0m [32mencoderd[0m [32mlogmessaged[0m [32mcamerad[0m [32mlogcatd[0m [32mproclogd[0m [32mmicd[0m [32mtimed[0m [32mdmonitoringmodeld[0m [32msensord[0m [32mui[0m [32msoundd[0m [32mlocationd[0m [32mcalibrationd[0m [32mtorqued[0m [32mcontrolsd[0m [32mselfdrived[0m [32mcard[0m [32mdeleter[0m [32mdmonitoringd[0m [32mqcomgpsd[0m [32mpandad[0m [32mparamsd[0m [32mlagd[0m [32mplannerd[0m [32mradard[0m [32mhardwared[0m [32mtombstoned[0m [32muploader[0m [32mstatsd[0m [32mfeedbackd[0m [32mmodeld_tinygrad[0m [32mmapd[0m [32mmapd_manager[0m [32mrtid[0m
[32mloggerd[0m [32mencoderd[0m [32mlogmessaged[0m [32mcamerad[0m [32mlogcatd[0m [32mproclogd[0m [32mmicd[0m [32mtimed[0m [32mdmonitoringmodeld[0m [32msensord[0m [32mui[0m [32msoundd[0m [32mlocationd[0m [32mcalibrationd[0m [32mtorqued[0m [32mcontrolsd[0m [32mselfdrived[0m [32mcard[0m [32mdeleter[0m [32mdmonitoringd[0m [32mqcomgpsd[0m [32mpandad[0m [32mparamsd[0m [32mlagd[0m [32mplannerd[0m [32mradard[0m [32mhardwared[0m [32mtombstoned[0m [32muploader[0m [32mstatsd[0m [32mfeedbackd[0m [32mmodeld_tinygrad[0m [32mmapd[0m [32mmapd_manager[0m [32mrtid[0m
[32mloggerd[0m [32mencoderd[0m [32mlogmessaged[0m [32mcamerad[0m [32mlogcatd[0m [32mproclogd[0m [32mmicd[0m [32mtimed[0m [32mdmonitoringmodeld[0m [32msensord[0m [32mui[0m [32msoundd[0m [32mlocationd[0m [32mcalibrationd[0m [32mtorqued[0m [32mcontrolsd[0m [32mselfdrived[0m [32mcard[0m [32mdeleter[0m [32mdmonitoringd[0m [32mqcomgpsd[0m [32mpandad[0m [32mparamsd[0m [32mlagd[0m [32mplannerd[0m [32mradard[0m [32mhardwared[0m [32mtombstoned[0m [32muploader[0m [32mstatsd[0m [32mfeedbackd[0m [32mmodeld_tinygrad[0m [32mmapd[0m [32mmapd_manager[0m [32mrtid[0m
[32mloggerd[0m [32mencoderd[0m [32mlogmessaged[0m [32mcamerad[0m [32mlogcatd[0m [32mproclogd[0m [32mmicd[0m [32mtimed[0m [32mdmonitoringmodeld[0m [32msensord[0m [32mui[0m [32msoundd[0m [32mlocationd[0m [32mcalibrationd[0m [32mtorqued[0m [32mcontrolsd[0m [32mselfdrived[0m [32mcard[0m [32mdeleter[0m [32mdmonitoringd[0m [32mqcomgpsd[0m [32mpandad[0m [32mparamsd[0m [32mlagd[0m [32mplannerd[0m [32mradard[0m [32mhardwared[0m [32mtombstoned[0m [32muploader[0m [32mstatsd[0m [32mfeedbackd[0m [32mmodeld_tinygrad[0m [32mmapd[0m [32mmapd_manager[0m [32mrtid[0m
[32mloggerd[0m [32mencoderd[0m [32mlogmessaged[0m [32mcamerad[0m [32mlogcatd[0m [32mproclogd[0m [32mmicd[0m [32mtimed[0m [32mdmonitoringmodeld[0m [32msensord[0m [32mui[0m [32msoundd[0m [32mlocationd[0m [32mcalibrationd[0m [32mtorqued[0m [32mcontrolsd[0m [32mselfdrived[0m [32mcard[0m [32mdeleter[0m [32mdmonitoringd[0m [32mqcomgpsd[0m [32mpandad[0m [32mparamsd[0m [32mlagd[0m [32mplannerd[0m [32mradard[0m [32mhardwared[0m [32mtombstoned[0m [32muploader[0m [32mstatsd[0m [32mfeedbackd[0m [32mmodeld_tinygrad[0m [32mmapd[0m [32mmapd_manager[0m [32mrtid[0m
[32mloggerd[0m [32mencoderd[0m [32mlogmessaged[0m [32mcamerad[0m [32mlogcatd[0m [32mproclogd[0m [32mmicd[0m [32mtimed[0m [32mdmonitoringmodeld[0m [32msensord[0m [32mui[0m [32msoundd[0m [32mlocationd[0m [32mcalibrationd[0m [32mtorqued[0m [32mcontrolsd[0m [32mselfdrived[0m [32mcard[0m [32mdeleter[0m [32mdmonitoringd[0m [32mqcomgpsd[0m [32mpandad[0m [32mparamsd[0m [32mlagd[0m [32mplannerd[0m [32mradard[0m [32mhardwared[0m [32mtombstoned[0m [32muploader[0m [32mstatsd[0m [32mfeedbackd[0m [32mmodeld_tinygrad[0m [32mmapd[0m [32mmapd_manager[0m [32mrtid[0m
[32mloggerd[0m [32mencoderd[0m [32mlogmessaged[0m [32mcamerad[0m [32mlogcatd[0m [32mproclogd[0m [32mmicd[0m [32mtimed[0m [32mdmonitoringmodeld[0m [32msensord[0m [32mui[0m [32msoundd[0m [32mlocationd[0m [32mcalibrationd[0m [32mtorqued[0m [32mcontrolsd[0m [32mselfdrived[0m [32mcard[0m [32mdeleter[0m [32mdmonitoringd[0m [32mqcomgpsd[0m [32mpandad[0m [32mparamsd[0m [32mlagd[0m [32mplannerd[0m [32mradard[0m [32mhardwared[0m [32mtombstoned[0m [32muploader[0m [32mstatsd[0m [32mfeedbackd[0m [32mmodeld_tinygrad[0m [32mmapd[0m [32mmapd_manager[0m [32mrtid[0m
[32mloggerd[0m [32mencoderd[0m [32mlogmessaged[0m [32mcamerad[0m [32mlogcatd[0m [32mproclogd[0m [32mmicd[0m [32mtimed[0m [32mdmonitoringmodeld[0m [32msensord[0m [32mui[0m [32msoundd[0m [32mlocationd[0m [32mcalibrationd[0m [32mtorqued[0m [32mcontrolsd[0m [32mselfdrived[0m [32mcard[0m [32mdeleter[0m [32mdmonitoringd[0m [32mqcomgpsd[0m [32mpandad[0m [32mparamsd[0m [32mlagd[0m [32mplannerd[0m [32mradard[0m [32mhardwared[0m [32mtombstoned[0m [32muploader[0m [32mstatsd[0m [32mfeedbackd[0m [32mmodeld_tinygrad[0m [32mmapd[0m [32mmapd_manager[0m [32mrtid[0m
[32mloggerd[0m [32mencoderd[0m [32mlogmessaged[0m [32mcamerad[0m [32mlogcatd[0m [32mproclogd[0m [32mmicd[0m [32mtimed[0m [32mdmonitoringmodeld[0m [32msensord[0m [32mui[0m [32msoundd[0m [32mlocationd[0m [32mcalibrationd[0m [32mtorqued[0m [32mcontrolsd[0m [32mselfdrived[0m [32mcard[0m [32mdeleter[0m [32mdmonitoringd[0m [32mqcomgpsd[0m [32mpandad[0m [32mparamsd[0m [32mlagd[0m [32mplannerd[0m [32mradard[0m [32mhardwared[0m [32mtombstoned[0m [32muploader[0m [32mstatsd[0m [32mfeedbackd[0m [32mmodeld_tinygrad[0m [32mmapd[0m [32mmapd_manager[0m [32mrtid[0m
[32mloggerd[0m [32mencoderd[0m [32mlogmessaged[0m [32mcamerad[0m [32mlogcatd[0m [32mproclogd[0m [32mmicd[0m [32mtimed[0m [32mdmonitoringmodeld[0m [32msensord[0m [32mui[0m [32msoundd[0m [32mlocationd[0m [32mcalibrationd[0m [32mtorqued[0m [32mcontrolsd[0m [32mselfdrived[0m [32mcard[0m [32mdeleter[0m [32mdmonitoringd[0m [32mqcomgpsd[0m [32mpandad[0m [32mparamsd[0m [32mlagd[0m [32mplannerd[0m [32mradard[0m [32mhardwared[0m [32mtombstoned[0m [32muploader[0m [32mstatsd[0m [32mfeedbackd[0m [32mmodeld_tinygrad[0m [32mmapd[0m [32mmapd_manager[0m [32mrtid[0m
[32mloggerd[0m [32mencoderd[0m [32mlogmessaged[0m [32mcamerad[0m [32mlogcatd[0m [32mproclogd[0m [32mmicd[0m [32mtimed[0m [32mdmonitoringmodeld[0m [32msensord[0m [32mui[0m [32msoundd[0m [32mlocationd[0m [32mcalibrationd[0m [32mtorqued[0m [32mcontrolsd[0m [32mselfdrived[0m [32mcard[0m [32mdeleter[0m [32mdmonitoringd[0m [32mqcomgpsd[0m [32mpandad[0m [32mparamsd[0m [32mlagd[0m [32mplannerd[0m [32mradard[0m [32mhardwared[0m [32mtombstoned[0m [32muploader[0m [32mstatsd[0m [32mfeedbackd[0m [32mmodeld_tinygrad[0m [32mmapd[0m [32mmapd_manager[0m [32mrtid[0m
RTI cycle took 0.026s
RTI cycle took 0.030s
RTI cycle took 0.043s
RTI cycle took 0.028s
RTI cycle took 0.026s
RTI cycle took 0.031s
RTI cycle took 0.019s
RTI cycle took 0.028s
RTI cycle took 0.016s
RTI cycle took 0.027s
RTI cycle took 0.027s
RTI cycle took 0.029s
RTI cycle took 0.032s
RTI cycle took 0.036s
RTI cycle took 0.030s
RTI cycle took 0.030s
RTI cycle took 0.020s
RTI cycle took 0.041s
RTI cycle took 0.017s
RTI cycle took 0.034s
RTI cycle took 0.033s
RTI cycle took 0.036s
RTI cycle took 0.052s
RTI cycle took 0.016s
RTI cycle took 0.035s
RTI cycle took 0.023s
RTI cycle took 0.026s
RTI cycle took 0.027s
RTI cycle took 0.030s
RTI cycle took 0.049s
RTI cycle took 0.018s
RTI cycle took 0.025s
RTI cycle took 0.032s
RTI cycle took 0.017s
RTI cycle took 0.027s
RTI cycle took 0.019s
RTI cycle took 0.029s
RTI cycle took 0.028s
RTI cycle took 0.052s
RTI cycle took 0.054s
RTI cycle took 0.055s
RTI cycle took 0.039s
RTI cycle took 0.037s
RTI cycle took 0.030s
RTI cycle took 0.046s
RTI cycle took 0.028s
RTI cycle took 0.030s
RTI cycle took 0.041s
RTI cycle took 0.017s
RTI cycle took 0.024s
RTI cycle took 0.038s
RTI cycle took 0.027s
RTI cycle took 0.026s
RTI cycle took 0.018s
RTI cycle took 0.019s
RTI cycle took 0.026s
RTI cycle took 0.022s
RTI cycle took 0.038s
RTI cycle took 0.017s
RTI cycle took 0.016s
RTI cycle took 0.021s
RTI cycle took 0.019s
RTI cycle took 0.028s
RTI cycle took 0.028s
RTI cycle took 0.030s
RTI cycle took 0.027s
RTI cycle took 0.021s
RTI cycle took 0.028s
RTI cycle took 0.019s
RTI cycle took 0.026s
RTI cycle took 0.040s
RTI cycle took 0.017s
RTI cycle took 0.023s
RTI cycle took 0.045s
RTI cycle took 0.034s
RTI cycle took 0.031s
RTI cycle took 0.023s
RTI cycle took 0.026s
RTI cycle took 0.038s
RTI cycle took 0.034s
RTI cycle took 0.023s
RTI cycle took 0.017s
RTI cycle took 0.027s
RTI cycle took 0.020s
RTI cycle took 0.027s
RTI cycle took 0.016s
RTI cycle took 0.027s
RTI cycle took 0.026s
RTI cycle took 0.019s
RTI cycle took 0.036s
RTI cycle took 0.039s
RTI cycle took 0.026s
RTI cycle took 0.030s
RTI cycle took 0.039s
RTI cycle took 0.020s
RTI cycle took 0.028s
RTI cycle took 0.022s
RTI cycle took 0.025s
RTI cycle took 0.022s
RTI cycle took 0.036s
RTI cycle took 0.019s
RTI cycle took 0.038s
RTI cycle took 0.020s
RTI cycle took 0.028s
RTI cycle took 0.037s
RTI cycle took 0.031s
RTI cycle took 0.030s
RTI cycle took 0.027s
RTI cycle took 0.039s
RTI cycle took 0.030s
RTI cycle took 0.039s
RTI cycle took 0.019s
RTI cycle took 0.015s
RTI cycle took 0.015s
RTI cycle took 0.025s
RTI cycle took 0.017s
RTI cycle took 0.038s
RTI cycle took 0.019s
RTI cycle took 0.027s
RTI cycle took 0.027s
RTI cycle took 0.029s
RTI cycle took 0.029s
RTI cycle took 0.039s
RTI cycle took 0.021s
RTI cycle took 0.036s
RTI cycle took 0.030s
RTI cycle took 0.026s
RTI cycle took 0.025s
RTI cycle took 0.030s
RTI cycle took 0.042s
RTI cycle took 0.025s
RTI cycle took 0.040s
RTI cycle took 0.031s
RTI cycle took 0.038s
RTI cycle took 0.019s
RTI cycle took 0.040s
RTI cycle took 0.036s
RTI cycle took 0.018s
RTI cycle took 0.017s
RTI cycle took 0.024s
RTI cycle took 0.040s
RTI cycle took 0.017s
RTI cycle took 0.017s
RTI cycle took 0.021s
RTI cycle took 0.029s
RTI cycle took 0.019s
RTI cycle took 0.028s
RTI cycle took 0.024s
RTI cycle took 0.033s
RTI cycle took 0.029s
RTI cycle took 0.025s
RTI cycle took 0.030s
RTI cycle took 0.029s
RTI cycle took 0.017s
RTI cycle took 0.037s
RTI cycle took 0.041s
RTI cycle took 0.035s
system/loggerd/loggerd.cc: rotated to /data/media/0/realdata/00000064--b322bf3d4b--2
RTI cycle took 0.041s
RTI cycle took 0.028s
RTI cycle took 0.040s
RTI cycle took 0.026s
RTI cycle took 0.030s
RTI cycle took 0.039s
RTI cycle took 0.018s
RTI cycle took 0.017s
RTI cycle took 0.026s
RTI cycle took 0.030s
RTI cycle took 0.017s
RTI cycle took 0.026s
RTI cycle took 0.021s
RTI cycle took 0.026s
RTI cycle took 0.018s
RTI cycle took 0.027s
RTI cycle took 0.019s
RTI cycle took 0.028s
RTI cycle took 0.018s
RTI cycle took 0.027s
RTI cycle took 0.039s
RTI cycle took 0.021s
RTI cycle took 0.018s
RTI cycle took 0.027s
RTI cycle took 0.028s
RTI cycle took 0.029s
RTI cycle took 0.031s
RTI cycle took 0.019s
RTI cycle took 0.028s
RTI cycle took 0.030s
RTI cycle took 0.018s
RTI cycle took 0.015s
RTI cycle took 0.014s
RTI cycle took 0.021s
RTI cycle took 0.033s
RTI cycle took 0.034s
RTI cycle took 0.028s
RTI cycle took 0.030s
RTI cycle took 0.031s
RTI cycle took 0.030s
RTI cycle took 0.037s
RTI cycle took 0.018s
RTI cycle took 0.028s
RTI cycle took 0.019s
RTI cycle took 0.038s
RTI cycle took 0.039s
RTI cycle took 0.029s
RTI cycle took 0.030s
RTI cycle took 0.040s
RTI cycle took 0.027s
RTI cycle took 0.030s
RTI cycle took 0.027s
RTI cycle took 0.030s
RTI cycle took 0.032s
RTI cycle took 0.016s
RTI cycle took 0.036s
RTI cycle took 0.026s
[32mloggerd[0m [32mencoderd[0m [32mlogmessaged[0m [32mcamerad[0m [32mlogcatd[0m [32mproclogd[0m [32mmicd[0m [32mtimed[0m [32mdmonitoringmodeld[0m [32msensord[0m [32mui[0m [32msoundd[0m [32mlocationd[0m [32mcalibrationd[0m [32mtorqued[0m [32mcontrolsd[0m [32mselfdrived[0m [32mcard[0m [32mdeleter[0m [32mdmonitoringd[0m [32mqcomgpsd[0m [32mpandad[0m [32mparamsd[0m [32mlagd[0m [32mplannerd[0m [32mradard[0m [32mhardwared[0m [32mtombstoned[0m [32muploader[0m [32mstatsd[0m [32mfeedbackd[0m [32mmodeld_tinygrad[0m [32mmapd[0m [32mmapd_manager[0m [32mrtid[0m
[32mloggerd[0m [32mencoderd[0m [32mlogmessaged[0m [32mcamerad[0m [32mlogcatd[0m [32mproclogd[0m [32mmicd[0m [32mtimed[0m [32mdmonitoringmodeld[0m [32msensord[0m [32mui[0m [32msoundd[0m [32mlocationd[0m [32mcalibrationd[0m [32mtorqued[0m [32mcontrolsd[0m [32mselfdrived[0m [32mcard[0m [32mdeleter[0m [32mdmonitoringd[0m [32mqcomgpsd[0m [32mpandad[0m [32mparamsd[0m [32mlagd[0m [32mplannerd[0m [32mradard[0m [32mhardwared[0m [32mtombstoned[0m [32muploader[0m [32mstatsd[0m [32mfeedbackd[0m [32mmodeld_tinygrad[0m [32mmapd[0m [32mmapd_manager[0m [32mrtid[0m
[32mloggerd[0m [32mencoderd[0m [32mlogmessaged[0m [32mcamerad[0m [32mlogcatd[0m [32mproclogd[0m [32mmicd[0m [32mtimed[0m [32mdmonitoringmodeld[0m [32msensord[0m [32mui[0m [32msoundd[0m [32mlocationd[0m [32mcalibrationd[0m [32mtorqued[0m [32mcontrolsd[0m [32mselfdrived[0m [32mcard[0m [32mdeleter[0m [32mdmonitoringd[0m [32mqcomgpsd[0m [32mpandad[0m [32mparamsd[0m [32mlagd[0m [32mplannerd[0m [32mradard[0m [32mhardwared[0m [32mtombstoned[0m [32muploader[0m [32mstatsd[0m [32mfeedbackd[0m [32mmodeld_tinygrad[0m [32mmapd[0m [32mmapd_manager[0m [32mrtid[0m
[32mloggerd[0m [32mencoderd[0m [32mlogmessaged[0m [32mcamerad[0m [32mlogcatd[0m [32mproclogd[0m [32mmicd[0m [32mtimed[0m [32mdmonitoringmodeld[0m [32msensord[0m [32mui[0m [32msoundd[0m [32mlocationd[0m [32mcalibrationd[0m [32mtorqued[0m [32mcontrolsd[0m [32mselfdrived[0m [32mcard[0m [32mdeleter[0m [32mdmonitoringd[0m [32mqcomgpsd[0m [32mpandad[0m [32mparamsd[0m [32mlagd[0m [32mplannerd[0m [32mradard[0m [32mhardwared[0m [32mtombstoned[0m [32muploader[0m [32mstatsd[0m [32mfeedbackd[0m [32mmodeld_tinygrad[0m [32mmapd[0m [32mmapd_manager[0m [32mrtid[0m
[32mloggerd[0m [32mencoderd[0m [32mlogmessaged[0m [32mcamerad[0m [32mlogcatd[0m [32mproclogd[0m [32mmicd[0m [32mtimed[0m [32mdmonitoringmodeld[0m [32msensord[0m [32mui[0m [32msoundd[0m [32mlocationd[0m [32mcalibrationd[0m [32mtorqued[0m [32mcontrolsd[0m [32mselfdrived[0m [32mcard[0m [32mdeleter[0m [32mdmonitoringd[0m [32mqcomgpsd[0m [32mpandad[0m [32mparamsd[0m [32mlagd[0m [32mplannerd[0m [32mradard[0m [32mhardwared[0m [32mtombstoned[0m [32muploader[0m [32mstatsd[0m [32mfeedbackd[0m [32mmodeld_tinygrad[0m [32mmapd[0m [32mmapd_manager[0m [32mrtid[0m
[32mloggerd[0m [32mencoderd[0m [32mlogmessaged[0m [32mcamerad[0m [32mlogcatd[0m [32mproclogd[0m [32mmicd[0m [32mtimed[0m [32mdmonitoringmodeld[0m [32msensord[0m [32mui[0m [32msoundd[0m [32mlocationd[0m [32mcalibrationd[0m [32mtorqued[0m [32mcontrolsd[0m [32mselfdrived[0m [32mcard[0m [32mdeleter[0m [32mdmonitoringd[0m [32mqcomgpsd[0m [32mpandad[0m [32mparamsd[0m [32mlagd[0m [32mplannerd[0m [32mradard[0m [32mhardwared[0m [32mtombstoned[0m [32muploader[0m [32mstatsd[0m [32mfeedbackd[0m [32mmodeld_tinygrad[0m [32mmapd[0m [32mmapd_manager[0m [32mrtid[0m
[32mloggerd[0m [32mencoderd[0m [32mlogmessaged[0m [32mcamerad[0m [32mlogcatd[0m [32mproclogd[0m [32mmicd[0m [32mtimed[0m [32mdmonitoringmodeld[0m [32msensord[0m [32mui[0m [32msoundd[0m [32mlocationd[0m [32mcalibrationd[0m [32mtorqued[0m [32mcontrolsd[0m [32mselfdrived[0m [32mcard[0m [32mdeleter[0m [32mdmonitoringd[0m [32mqcomgpsd[0m [32mpandad[0m [32mparamsd[0m [32mlagd[0m [32mplannerd[0m [32mradard[0m [32mhardwared[0m [32mtombstoned[0m [32muploader[0m [32mstatsd[0m [32mfeedbackd[0m [32mmodeld_tinygrad[0m [32mmapd[0m [32mmapd_manager[0m [32mrtid[0m
[32mloggerd[0m [32mencoderd[0m [32mlogmessaged[0m [32mcamerad[0m [32mlogcatd[0m [32mproclogd[0m [32mmicd[0m [32mtimed[0m [32mdmonitoringmodeld[0m [32msensord[0m [32mui[0m [32msoundd[0m [32mlocationd[0m [32mcalibrationd[0m [32mtorqued[0m [32mcontrolsd[0m [32mselfdrived[0m [32mcard[0m [32mdeleter[0m [32mdmonitoringd[0m [32mqcomgpsd[0m [32mpandad[0m [32mparamsd[0m [32mlagd[0m [32mplannerd[0m [32mradard[0m [32mhardwared[0m [32mtombstoned[0m [32muploader[0m [32mstatsd[0m [32mfeedbackd[0m [32mmodeld_tinygrad[0m [32mmapd[0m [32mmapd_manager[0m [32mrtid[0m
[32mloggerd[0m [32mencoderd[0m [32mlogmessaged[0m [32mcamerad[0m [32mlogcatd[0m [32mproclogd[0m [32mmicd[0m [32mtimed[0m [32mdmonitoringmodeld[0m [32msensord[0m [32mui[0m [32msoundd[0m [32mlocationd[0m [32mcalibrationd[0m [32mtorqued[0m [32mcontrolsd[0m [32mselfdrived[0m [32mcard[0m [32mdeleter[0m [32mdmonitoringd[0m [32mqcomgpsd[0m [32mpandad[0m [32mparamsd[0m [32mlagd[0m [32mplannerd[0m [32mradard[0m [32mhardwared[0m [32mtombstoned[0m [32muploader[0m [32mstatsd[0m [32mfeedbackd[0m [32mmodeld_tinygrad[0m [32mmapd[0m [32mmapd_manager[0m [32mrtid[0m
[32mloggerd[0m [32mencoderd[0m [32mlogmessaged[0m [32mcamerad[0m [32mlogcatd[0m [32mproclogd[0m [32mmicd[0m [32mtimed[0m [32mdmonitoringmodeld[0m [32msensord[0m [32mui[0m [32msoundd[0m [32mlocationd[0m [32mcalibrationd[0m [32mtorqued[0m [32mcontrolsd[0m [32mselfdrived[0m [32mcard[0m [32mdeleter[0m [32mdmonitoringd[0m [32mqcomgpsd[0m [32mpandad[0m [32mparamsd[0m [32mlagd[0m [32mplannerd[0m [32mradard[0m [32mhardwared[0m [32mtombstoned[0m [32muploader[0m [32mstatsd[0m [32mfeedbackd[0m [32mmodeld_tinygrad[0m [32mmapd[0m [32mmapd_manager[0m [32mrtid[0m
[32mloggerd[0m [32mencoderd[0m [32mlogmessaged[0m [32mcamerad[0m [32mlogcatd[0m [32mproclogd[0m [32mmicd[0m [32mtimed[0m [32mdmonitoringmodeld[0m [32msensord[0m [32mui[0m [32msoundd[0m [32mlocationd[0m [32mcalibrationd[0m [32mtorqued[0m [32mcontrolsd[0m [32mselfdrived[0m [32mcard[0m [32mdeleter[0m [32mdmonitoringd[0m [32mqcomgpsd[0m [32mpandad[0m [32mparamsd[0m [32mlagd[0m [32mplannerd[0m [32mradard[0m [32mhardwared[0m [32mtombstoned[0m [32muploader[0m [32mstatsd[0m [32mfeedbackd[0m [32mmodeld_tinygrad[0m [32mmapd[0m [32mmapd_manager[0m [32mrtid[0m
[32mloggerd[0m [32mencoderd[0m [32mlogmessaged[0m [32mcamerad[0m [32mlogcatd[0m [32mproclogd[0m [32mmicd[0m [32mtimed[0m [32mdmonitoringmodeld[0m [32msensord[0m [32mui[0m [32msoundd[0m [32mlocationd[0m [32mcalibrationd[0m [32mtorqued[0m [32mcontrolsd[0m [32mselfdrived[0m [32mcard[0m [32mdeleter[0m [32mdmonitoringd[0m [32mqcomgpsd[0m [32mpandad[0m [32mparamsd[0m [32mlagd[0m [32mplannerd[0m [32mradard[0m [32mhardwared[0m [32mtombstoned[0m [32muploader[0m [32mstatsd[0m [32mfeedbackd[0m [32mmodeld_tinygrad[0m [32mmapd[0m [32mmapd_manager[0m [32mrtid[0m
[32mloggerd[0m [32mencoderd[0m [32mlogmessaged[0m [32mcamerad[0m [32mlogcatd[0m [32mproclogd[0m [32mmicd[0m [32mtimed[0m [32mdmonitoringmodeld[0m [32msensord[0m [32mui[0m [32msoundd[0m [32mlocationd[0m [32mcalibrationd[0m [32mtorqued[0m [32mcontrolsd[0m [32mselfdrived[0m [32mcard[0m [32mdeleter[0m [32mdmonitoringd[0m [32mqcomgpsd[0m [32mpandad[0m [32mparamsd[0m [32mlagd[0m [32mplannerd[0m [32mradard[0m [32mhardwared[0m [32mtombstoned[0m [32muploader[0m [32mstatsd[0m [32mfeedbackd[0m [32mmodeld_tinygrad[0m [32mmapd[0m [32mmapd_manager[0m [32mrtid[0m
RTI cycle took 0.049s
RTI cycle took 0.031s
RTI cycle took 0.019s
RTI cycle took 0.026s
RTI cycle took 0.030s
RTI cycle took 0.039s
RTI cycle took 0.020s
RTI cycle took 0.025s
RTI cycle took 0.029s
RTI cycle took 0.033s
RTI cycle took 0.024s
RTI cycle took 0.019s
RTI cycle took 0.028s
RTI cycle took 0.032s
RTI cycle took 0.037s
RTI cycle took 0.038s
RTI cycle took 0.030s
RTI cycle took 0.029s
RTI cycle took 0.051s
RTI cycle took 0.036s
RTI cycle took 0.031s
RTI cycle took 0.041s
RTI cycle took 0.045s
RTI cycle took 0.020s
RTI cycle took 0.022s
RTI cycle took 0.018s
RTI cycle took 0.026s
RTI cycle took 0.018s
RTI cycle took 0.024s
RTI cycle took 0.018s
RTI cycle took 0.027s
RTI cycle took 0.038s
RTI cycle took 0.047s
RTI cycle took 0.017s
RTI cycle took 0.025s
RTI cycle took 0.016s
RTI cycle took 0.033s
RTI cycle took 0.040s
RTI cycle took 0.037s
RTI cycle took 0.030s
RTI cycle took 0.041s
RTI cycle took 0.026s
RTI cycle took 0.033s
RTI cycle took 0.035s
RTI cycle took 0.028s
RTI cycle took 0.030s
RTI cycle took 0.042s
RTI cycle took 0.026s
RTI cycle took 0.029s
RTI cycle took 0.031s
RTI cycle took 0.015s
RTI cycle took 0.027s
RTI cycle took 0.042s
RTI cycle took 0.039s
RTI cycle took 0.027s
RTI cycle took 0.031s
RTI cycle took 0.026s
RTI cycle took 0.031s
RTI cycle took 0.018s
RTI cycle took 0.026s
RTI cycle took 0.019s
RTI cycle took 0.018s
RTI cycle took 0.023s
RTI cycle took 0.039s
RTI cycle took 0.019s
RTI cycle took 0.049s
RTI cycle took 0.020s
RTI cycle took 0.033s
RTI cycle took 0.017s
RTI cycle took 0.026s
RTI cycle took 0.025s
RTI cycle took 0.042s
RTI cycle took 0.029s
RTI cycle took 0.018s
RTI cycle took 0.026s
RTI cycle took 0.018s
RTI cycle took 0.017s
RTI cycle took 0.033s
RTI cycle took 0.030s
RTI cycle took 0.047s
RTI cycle took 0.030s
RTI cycle took 0.030s
RTI cycle took 0.027s
RTI cycle took 0.031s
RTI cycle took 0.040s
RTI cycle took 0.025s
RTI cycle took 0.032s
RTI cycle took 0.017s
RTI cycle took 0.026s
RTI cycle took 0.030s
RTI cycle took 0.030s
RTI cycle took 0.039s
RTI cycle took 0.016s
RTI cycle took 0.028s
RTI cycle took 0.029s
RTI cycle took 0.038s
RTI cycle took 0.028s
RTI cycle took 0.032s
RTI cycle took 0.024s
RTI cycle took 0.028s
RTI cycle took 0.039s
RTI cycle took 0.033s
RTI cycle took 0.034s
RTI cycle took 0.030s
RTI cycle took 0.032s
RTI cycle took 0.026s
RTI cycle took 0.035s
RTI cycle took 0.025s
RTI cycle took 0.029s
RTI cycle took 0.025s
RTI cycle took 0.039s
RTI cycle took 0.028s
RTI cycle took 0.027s
RTI cycle took 0.039s
RTI cycle took 0.033s
RTI cycle took 0.029s
RTI cycle took 0.043s
RTI cycle took 0.022s
RTI cycle took 0.029s
RTI cycle took 0.019s
RTI cycle took 0.022s
RTI cycle took 0.030s
RTI cycle took 0.039s
RTI cycle took 0.027s
RTI cycle took 0.042s
RTI cycle took 0.020s
RTI cycle took 0.024s
RTI cycle took 0.033s
RTI cycle took 0.035s
RTI cycle took 0.038s
RTI cycle took 0.031s
RTI cycle took 0.041s
RTI cycle took 0.027s
RTI cycle took 0.025s
RTI cycle took 0.031s
RTI cycle took 0.031s
RTI cycle took 0.026s
RTI cycle took 0.034s
RTI cycle took 0.035s
RTI cycle took 0.026s
RTI cycle took 0.024s
RTI cycle took 0.036s
RTI cycle took 0.026s
RTI cycle took 0.040s
RTI cycle took 0.031s
RTI cycle took 0.035s
RTI cycle took 0.034s
RTI cycle took 0.037s
RTI cycle took 0.026s
RTI cycle took 0.038s
RTI cycle took 0.031s
RTI cycle took 0.018s
RTI cycle took 0.026s
RTI cycle took 0.026s
RTI cycle took 0.029s
RTI cycle took 0.030s
RTI cycle took 0.049s
RTI cycle took 0.034s
RTI cycle took 0.029s
RTI cycle took 0.034s
RTI cycle took 0.041s
RTI cycle took 0.031s
RTI cycle took 0.051s
RTI cycle took 0.037s
RTI cycle took 0.046s
RTI cycle took 0.037s
RTI cycle took 0.047s
RTI cycle took 0.028s
RTI cycle took 0.039s
RTI cycle took 0.068s
RTI cycle took 0.022s
RTI cycle took 0.042s
RTI cycle took 0.024s
RTI cycle took 0.039s
RTI cycle took 0.043s
RTI cycle took 0.035s
RTI cycle took 0.039s
RTI cycle took 0.039s
RTI cycle took 0.079s
RTI cycle took 0.041s
RTI cycle took 0.025s
RTI cycle took 0.065s
RTI cycle took 0.028s
RTI cycle took 0.047s
RTI cycle took 0.023s
RTI cycle took 0.039s
RTI cycle took 0.035s
RTI cycle took 0.031s
RTI cycle took 0.043s
RTI cycle took 0.014s
RTI cycle took 0.023s
RTI cycle took 0.032s
RTI cycle took 0.037s
RTI cycle took 0.029s
RTI cycle took 0.027s
[32mloggerd[0m [32mencoderd[0m [32mlogmessaged[0m [32mcamerad[0m [32mlogcatd[0m [32mproclogd[0m [32mmicd[0m [32mtimed[0m [32mdmonitoringmodeld[0m [32msensord[0m [32mui[0m [32msoundd[0m [32mlocationd[0m [32mcalibrationd[0m [32mtorqued[0m [32mcontrolsd[0m [32mselfdrived[0m [32mcard[0m [32mdeleter[0m [32mdmonitoringd[0m [32mqcomgpsd[0m [32mpandad[0m [32mparamsd[0m [32mlagd[0m [32mplannerd[0m [32mradard[0m [32mhardwared[0m [32mtombstoned[0m [32muploader[0m [32mstatsd[0m [32mfeedbackd[0m [32mmodeld_tinygrad[0m [32mmapd[0m [32mmapd_manager[0m [32mrtid[0m
[32mloggerd[0m [32mencoderd[0m [32mlogmessaged[0m [32mcamerad[0m [32mlogcatd[0m [32mproclogd[0m [32mmicd[0m [32mtimed[0m [32mdmonitoringmodeld[0m [32msensord[0m [32mui[0m [32msoundd[0m [32mlocationd[0m [32mcalibrationd[0m [32mtorqued[0m [32mcontrolsd[0m [32mselfdrived[0m [32mcard[0m [32mdeleter[0m [32mdmonitoringd[0m [32mqcomgpsd[0m [32mpandad[0m [32mparamsd[0m [32mlagd[0m [32mplannerd[0m [32mradard[0m [32mhardwared[0m [32mtombstoned[0m [32muploader[0m [32mstatsd[0m [32mfeedbackd[0m [32mmodeld_tinygrad[0m [32mmapd[0m [32mmapd_manager[0m [32mrtid[0m
[32mloggerd[0m [32mencoderd[0m [32mlogmessaged[0m [32mcamerad[0m [32mlogcatd[0m [32mproclogd[0m [32mmicd[0m [32mtimed[0m [32mdmonitoringmodeld[0m [32msensord[0m [32mui[0m [32msoundd[0m [32mlocationd[0m [32mcalibrationd[0m [32mtorqued[0m [32mcontrolsd[0m [32mselfdrived[0m [32mcard[0m [32mdeleter[0m [32mdmonitoringd[0m [32mqcomgpsd[0m [32mpandad[0m [32mparamsd[0m [32mlagd[0m [32mplannerd[0m [32mradard[0m [32mhardwared[0m [32mtombstoned[0m [32muploader[0m [32mstatsd[0m [32mfeedbackd[0m [32mmodeld_tinygrad[0m [32mmapd[0m [32mmapd_manager[0m [32mrtid[0m
[32mloggerd[0m [32mencoderd[0m [32mlogmessaged[0m [32mcamerad[0m [32mlogcatd[0m [32mproclogd[0m [32mmicd[0m [32mtimed[0m [32mdmonitoringmodeld[0m [32msensord[0m [32mui[0m [32msoundd[0m [32mlocationd[0m [32mcalibrationd[0m [32mtorqued[0m [32mcontrolsd[0m [32mselfdrived[0m [32mcard[0m [32mdeleter[0m [32mdmonitoringd[0m [32mqcomgpsd[0m [32mpandad[0m [32mparamsd[0m [32mlagd[0m [32mplannerd[0m [32mradard[0m [32mhardwared[0m [32mtombstoned[0m [32muploader[0m [32mstatsd[0m [32mfeedbackd[0m [32mmodeld_tinygrad[0m [32mmapd[0m [32mmapd_manager[0m [32mrtid[0m
[32mloggerd[0m [32mencoderd[0m [32mlogmessaged[0m [32mcamerad[0m [32mlogcatd[0m [32mproclogd[0m [32mmicd[0m [32mtimed[0m [32mdmonitoringmodeld[0m [32msensord[0m [32mui[0m [32msoundd[0m [32mlocationd[0m [32mcalibrationd[0m [32mtorqued[0m [32mcontrolsd[0m [32mselfdrived[0m [32mcard[0m [32mdeleter[0m [32mdmonitoringd[0m [32mqcomgpsd[0m [32mpandad[0m [32mparamsd[0m [32mlagd[0m [32mplannerd[0m [32mradard[0m [32mhardwared[0m [32mtombstoned[0m [32muploader[0m [32mstatsd[0m [32mfeedbackd[0m [32mmodeld_tinygrad[0m [32mmapd[0m [32mmapd_manager[0m [32mrtid[0m
[32mloggerd[0m [32mencoderd[0m [32mlogmessaged[0m [32mcamerad[0m [32mlogcatd[0m [32mproclogd[0m [32mmicd[0m [32mtimed[0m [32mdmonitoringmodeld[0m [32msensord[0m [32mui[0m [32msoundd[0m [32mlocationd[0m [32mcalibrationd[0m [32mtorqued[0m [32mcontrolsd[0m [32mselfdrived[0m [32mcard[0m [32mdeleter[0m [32mdmonitoringd[0m [32mqcomgpsd[0m [32mpandad[0m [32mparamsd[0m [32mlagd[0m [32mplannerd[0m [32mradard[0m [32mhardwared[0m [32mtombstoned[0m [32muploader[0m [32mstatsd[0m [32mfeedbackd[0m [32mmodeld_tinygrad[0m [32mmapd[0m [32mmapd_manager[0m [32mrtid[0m
[32mloggerd[0m [32mencoderd[0m [32mlogmessaged[0m [32mcamerad[0m [32mlogcatd[0m [32mproclogd[0m [32mmicd[0m [32mtimed[0m [32mdmonitoringmodeld[0m [32msensord[0m [32mui[0m [32msoundd[0m [32mlocationd[0m [32mcalibrationd[0m [32mtorqued[0m [32mcontrolsd[0m [32mselfdrived[0m [32mcard[0m [32mdeleter[0m [32mdmonitoringd[0m [32mqcomgpsd[0m [32mpandad[0m [32mparamsd[0m [32mlagd[0m [32mplannerd[0m [32mradard[0m [32mhardwared[0m [32mtombstoned[0m [32muploader[0m [32mstatsd[0m [32mfeedbackd[0m [32mmodeld_tinygrad[0m [32mmapd[0m [32mmapd_manager[0m [32mrtid[0m
[32mloggerd[0m [32mencoderd[0m [32mlogmessaged[0m [32mcamerad[0m [32mlogcatd[0m [32mproclogd[0m [32mmicd[0m [32mtimed[0m [32mdmonitoringmodeld[0m [32msensord[0m [32mui[0m [32msoundd[0m [32mlocationd[0m [32mcalibrationd[0m [32mtorqued[0m [32mcontrolsd[0m [32mselfdrived[0m [32mcard[0m [32mdeleter[0m [32mdmonitoringd[0m [32mqcomgpsd[0m [32mpandad[0m [32mparamsd[0m [32mlagd[0m [32mplannerd[0m [32mradard[0m [32mhardwared[0m [32mtombstoned[0m [32muploader[0m [32mstatsd[0m [32mfeedbackd[0m [32mmodeld_tinygrad[0m [32mmapd[0m [32mmapd_manager[0m [32mrtid[0m
[32mloggerd[0m [32mencoderd[0m [32mlogmessaged[0m [32mcamerad[0m [32mlogcatd[0m [32mproclogd[0m [32mmicd[0m [32mtimed[0m [32mdmonitoringmodeld[0m [32msensord[0m [32mui[0m [32msoundd[0m [32mlocationd[0m [32mcalibrationd[0m [32mtorqued[0m [32mcontrolsd[0m [32mselfdrived[0m [32mcard[0m [32mdeleter[0m [32mdmonitoringd[0m [32mqcomgpsd[0m [32mpandad[0m [32mparamsd[0m [32mlagd[0m [32mplannerd[0m [32mradard[0m [32mhardwared[0m [32mtombstoned[0m [32muploader[0m [32mstatsd[0m [32mfeedbackd[0m [32mmodeld_tinygrad[0m [32mmapd[0m [32mmapd_manager[0m [32mrtid[0m
[32mloggerd[0m [32mencoderd[0m [32mlogmessaged[0m [32mcamerad[0m [32mlogcatd[0m [32mproclogd[0m [32mmicd[0m [32mtimed[0m [32mdmonitoringmodeld[0m [32msensord[0m [32mui[0m [32msoundd[0m [32mlocationd[0m [32mcalibrationd[0m [32mtorqued[0m [32mcontrolsd[0m [32mselfdrived[0m [32mcard[0m [32mdeleter[0m [32mdmonitoringd[0m [32mqcomgpsd[0m [32mpandad[0m [32mparamsd[0m [32mlagd[0m [32mplannerd[0m [32mradard[0m [32mhardwared[0m [32mtombstoned[0m [32muploader[0m [32mstatsd[0m [32mfeedbackd[0m [32mmodeld_tinygrad[0m [32mmapd[0m [32mmapd_manager[0m [32mrtid[0m
[32mloggerd[0m [32mencoderd[0m [32mlogmessaged[0m [32mcamerad[0m [32mlogcatd[0m [32mproclogd[0m [32mmicd[0m [32mtimed[0m [32mdmonitoringmodeld[0m [32msensord[0m [32mui[0m [32msoundd[0m [32mlocationd[0m [32mcalibrationd[0m [32mtorqued[0m [32mcontrolsd[0m [32mselfdrived[0m [32mcard[0m [32mdeleter[0m [32mdmonitoringd[0m [32mqcomgpsd[0m [32mpandad[0m [32mparamsd[0m [32mlagd[0m [32mplannerd[0m [32mradard[0m [32mhardwared[0m [32mtombstoned[0m [32muploader[0m [32mstatsd[0m [32mfeedbackd[0m [32mmodeld_tinygrad[0m [32mmapd[0m [32mmapd_manager[0m [32mrtid[0m
[32mloggerd[0m [32mencoderd[0m [32mlogmessaged[0m [32mcamerad[0m [32mlogcatd[0m [32mproclogd[0m [32mmicd[0m [32mtimed[0m [32mdmonitoringmodeld[0m [32msensord[0m [32mui[0m [32msoundd[0m [32mlocationd[0m [32mcalibrationd[0m [32mtorqued[0m [32mcontrolsd[0m [32mselfdrived[0m [32mcard[0m [32mdeleter[0m [32mdmonitoringd[0m [32mqcomgpsd[0m [32mpandad[0m [32mparamsd[0m [32mlagd[0m [32mplannerd[0m [32mradard[0m [32mhardwared[0m [32mtombstoned[0m [32muploader[0m [32mstatsd[0m [32mfeedbackd[0m [32mmodeld_tinygrad[0m [32mmapd[0m [32mmapd_manager[0m [32mrtid[0m
[32mloggerd[0m [32mencoderd[0m [32mlogmessaged[0m [32mcamerad[0m [32mlogcatd[0m [32mproclogd[0m [32mmicd[0m [32mtimed[0m [32mdmonitoringmodeld[0m [32msensord[0m [32mui[0m [32msoundd[0m [32mlocationd[0m [32mcalibrationd[0m [32mtorqued[0m [32mcontrolsd[0m [32mselfdrived[0m [32mcard[0m [32mdeleter[0m [32mdmonitoringd[0m [32mqcomgpsd[0m [32mpandad[0m [32mparamsd[0m [32mlagd[0m [32mplannerd[0m [32mradard[0m [32mhardwared[0m [32mtombstoned[0m [32muploader[0m [32mstatsd[0m [32mfeedbackd[0m [32mmodeld_tinygrad[0m [32mmapd[0m [32mmapd_manager[0m [32mrtid[0m
RTI cycle took 0.043s
RTI cycle took 0.025s
RTI cycle took 0.018s
RTI cycle took 0.028s
RTI cycle took 0.036s
RTI cycle took 0.019s
RTI cycle took 0.029s
RTI cycle took 0.038s
RTI cycle took 0.037s
RTI cycle took 0.031s
RTI cycle took 0.026s
RTI cycle took 0.029s
RTI cycle took 0.041s
RTI cycle took 0.021s
RTI cycle took 0.029s
RTI cycle took 0.042s
RTI cycle took 0.034s
RTI cycle took 0.031s
RTI cycle took 0.029s
RTI cycle took 0.039s
RTI cycle took 0.030s
RTI cycle took 0.041s
RTI cycle took 0.038s
RTI cycle took 0.038s
RTI cycle took 0.029s
RTI cycle took 0.030s
RTI cycle took 0.037s
RTI cycle took 0.042s
RTI cycle took 0.018s
RTI cycle took 0.031s
RTI cycle took 0.041s
RTI cycle took 0.033s
RTI cycle took 0.041s
RTI cycle took 0.041s
RTI cycle took 0.015s
RTI cycle took 0.036s
RTI cycle took 0.025s
RTI cycle took 0.034s
RTI cycle took 0.026s
RTI cycle took 0.019s
RTI cycle took 0.026s
RTI cycle took 0.031s
RTI cycle took 0.028s
RTI cycle took 0.028s
RTI cycle took 0.029s
RTI cycle took 0.031s
RTI cycle took 0.030s
RTI cycle took 0.026s
RTI cycle took 0.039s
RTI cycle took 0.028s
RTI cycle took 0.031s
RTI cycle took 0.039s
RTI cycle took 0.035s
RTI cycle took 0.030s
RTI cycle took 0.032s
RTI cycle took 0.036s
RTI cycle took 0.026s
RTI cycle took 0.031s
RTI cycle took 0.035s
RTI cycle took 0.040s
RTI cycle took 0.058s
RTI cycle took 0.022s
RTI cycle took 0.028s
RTI cycle took 0.026s
RTI cycle took 0.041s
RTI cycle took 0.027s
RTI cycle took 0.029s
RTI cycle took 0.027s
RTI cycle took 0.031s
RTI cycle took 0.026s
RTI cycle took 0.028s
RTI cycle took 0.029s
RTI cycle took 0.041s
RTI cycle took 0.026s
RTI cycle took 0.030s
RTI cycle took 0.032s
RTI cycle took 0.035s
RTI cycle took 0.023s
RTI cycle took 0.025s
RTI cycle took 0.033s
RTI cycle took 0.023s
RTI cycle took 0.029s
RTI cycle took 0.038s
RTI cycle took 0.042s
RTI cycle took 0.022s
RTI cycle took 0.040s
RTI cycle took 0.030s
RTI cycle took 0.027s
RTI cycle took 0.025s
RTI cycle took 0.041s
RTI cycle took 0.017s
RTI cycle took 0.037s
RTI cycle took 0.029s
RTI cycle took 0.038s
RTI cycle took 0.020s
RTI cycle took 0.039s
RTI cycle took 0.017s
RTI cycle took 0.025s
RTI cycle took 0.039s
RTI cycle took 0.025s
RTI cycle took 0.030s
RTI cycle took 0.018s
RTI cycle took 0.028s
RTI cycle took 0.032s
RTI cycle took 0.022s
RTI cycle took 0.030s
RTI cycle took 0.033s
RTI cycle took 0.036s
RTI cycle took 0.042s
RTI cycle took 0.038s
RTI cycle took 0.049s
RTI cycle took 0.035s
RTI cycle took 0.029s
RTI cycle took 0.031s
RTI cycle took 0.019s
RTI cycle took 0.040s
RTI cycle took 0.026s
RTI cycle took 0.039s
RTI cycle took 0.038s
RTI cycle took 0.033s
RTI cycle took 0.016s
RTI cycle took 0.038s
RTI cycle took 0.038s
RTI cycle took 0.059s
RTI cycle took 0.035s
RTI cycle took 0.044s
RTI cycle took 0.048s
RTI cycle took 0.051s
RTI cycle took 0.033s
RTI cycle took 0.023s
RTI cycle took 0.025s
RTI cycle took 0.034s
RTI cycle took 0.037s
RTI cycle took 0.037s
RTI cycle took 0.051s
RTI cycle took 0.038s
RTI cycle took 0.028s
RTI cycle took 0.030s
RTI cycle took 0.031s
RTI cycle took 0.025s
RTI cycle took 0.029s
RTI cycle took 0.029s
RTI cycle took 0.030s
RTI cycle took 0.037s
RTI cycle took 0.027s
RTI cycle took 0.061s
RTI cycle took 0.028s
RTI cycle took 0.049s
RTI cycle took 0.049s
RTI cycle took 0.034s
RTI cycle took 0.030s
RTI cycle took 0.049s
RTI cycle took 0.030s
RTI cycle took 0.038s
RTI cycle took 0.014s
RTI cycle took 0.038s
RTI cycle took 0.033s
RTI cycle took 0.042s
RTI cycle took 0.042s
RTI cycle took 0.034s
RTI cycle took 0.049s
RTI cycle took 0.036s
RTI cycle took 0.048s
RTI cycle took 0.038s
RTI cycle took 0.029s
RTI cycle took 0.031s
RTI cycle took 0.029s
RTI cycle took 0.027s
RTI cycle took 0.066s
RTI cycle took 0.031s
RTI cycle took 0.027s
RTI cycle took 0.039s
RTI cycle took 0.039s
RTI cycle took 0.030s
RTI cycle took 0.027s
RTI cycle took 0.040s
RTI cycle took 0.056s
RTI cycle took 0.033s
RTI cycle took 0.026s
RTI cycle took 0.052s
RTI cycle took 0.046s
RTI cycle took 0.018s
RTI cycle took 0.039s
RTI cycle took 0.039s
RTI cycle took 0.016s
RTI cycle took 0.036s
RTI cycle took 0.028s
RTI cycle took 0.026s
RTI cycle took 0.045s
[32mloggerd[0m [32mencoderd[0m [32mlogmessaged[0m [32mcamerad[0m [32mlogcatd[0m [32mproclogd[0m [32mmicd[0m [32mtimed[0m [32mdmonitoringmodeld[0m [32msensord[0m [32mui[0m [32msoundd[0m [32mlocationd[0m [32mcalibrationd[0m [32mtorqued[0m [32mcontrolsd[0m [32mselfdrived[0m [32mcard[0m [32mdeleter[0m [32mdmonitoringd[0m [32mqcomgpsd[0m [32mpandad[0m [32mparamsd[0m [32mlagd[0m [32mplannerd[0m [32mradard[0m [32mhardwared[0m [32mtombstoned[0m [32muploader[0m [32mstatsd[0m [32mfeedbackd[0m [32mmodeld_tinygrad[0m [32mmapd[0m [32mmapd_manager[0m [32mrtid[0m
[32mloggerd[0m [32mencoderd[0m [32mlogmessaged[0m [32mcamerad[0m [32mlogcatd[0m [32mproclogd[0m [32mmicd[0m [32mtimed[0m [32mdmonitoringmodeld[0m [32msensord[0m [32mui[0m [32msoundd[0m [32mlocationd[0m [32mcalibrationd[0m [32mtorqued[0m [32mcontrolsd[0m [32mselfdrived[0m [32mcard[0m [32mdeleter[0m [32mdmonitoringd[0m [32mqcomgpsd[0m [32mpandad[0m [32mparamsd[0m [32mlagd[0m [32mplannerd[0m [32mradard[0m [32mhardwared[0m [32mtombstoned[0m [32muploader[0m [32mstatsd[0m [32mfeedbackd[0m [32mmodeld_tinygrad[0m [32mmapd[0m [32mmapd_manager[0m [32mrtid[0m
[32mloggerd[0m [32mencoderd[0m [32mlogmessaged[0m [32mcamerad[0m [32mlogcatd[0m [32mproclogd[0m [32mmicd[0m [32mtimed[0m [32mdmonitoringmodeld[0m [32msensord[0m [32mui[0m [32msoundd[0m [32mlocationd[0m [32mcalibrationd[0m [32mtorqued[0m [32mcontrolsd[0m [32mselfdrived[0m [32mcard[0m [32mdeleter[0m [32mdmonitoringd[0m [32mqcomgpsd[0m [32mpandad[0m [32mparamsd[0m [32mlagd[0m [32mplannerd[0m [32mradard[0m [32mhardwared[0m [32mtombstoned[0m [32muploader[0m [32mstatsd[0m [32mfeedbackd[0m [32mmodeld_tinygrad[0m [32mmapd[0m [32mmapd_manager[0m [32mrtid[0m
[32mloggerd[0m [32mencoderd[0m [32mlogmessaged[0m [32mcamerad[0m [32mlogcatd[0m [32mproclogd[0m [32mmicd[0m [32mtimed[0m [32mdmonitoringmodeld[0m [32msensord[0m [32mui[0m [32msoundd[0m [32mlocationd[0m [32mcalibrationd[0m [32mtorqued[0m [32mcontrolsd[0m [32mselfdrived[0m [32mcard[0m [32mdeleter[0m [32mdmonitoringd[0m [32mqcomgpsd[0m [32mpandad[0m [32mparamsd[0m [32mlagd[0m [32mplannerd[0m [32mradard[0m [32mhardwared[0m [32mtombstoned[0m [32muploader[0m [32mstatsd[0m [32mfeedbackd[0m [32mmodeld_tinygrad[0m [32mmapd[0m [32mmapd_manager[0m [32mrtid[0m
[32mloggerd[0m [32mencoderd[0m [32mlogmessaged[0m [32mcamerad[0m [32mlogcatd[0m [32mproclogd[0m [32mmicd[0m [32mtimed[0m [32mdmonitoringmodeld[0m [32msensord[0m [32mui[0m [32msoundd[0m [32mlocationd[0m [32mcalibrationd[0m [32mtorqued[0m [32mcontrolsd[0m [32mselfdrived[0m [32mcard[0m [32mdeleter[0m [32mdmonitoringd[0m [32mqcomgpsd[0m [32mpandad[0m [32mparamsd[0m [32mlagd[0m [32mplannerd[0m [32mradard[0m [32mhardwared[0m [32mtombstoned[0m [32muploader[0m [32mstatsd[0m [32mfeedbackd[0m [32mmodeld_tinygrad[0m [32mmapd[0m [32mmapd_manager[0m [32mrtid[0m
[32mloggerd[0m [32mencoderd[0m [32mlogmessaged[0m [32mcamerad[0m [32mlogcatd[0m [32mproclogd[0m [32mmicd[0m [32mtimed[0m [32mdmonitoringmodeld[0m [32msensord[0m [32mui[0m [32msoundd[0m [32mlocationd[0m [32mcalibrationd[0m [32mtorqued[0m [32mcontrolsd[0m [32mselfdrived[0m [32mcard[0m [32mdeleter[0m [32mdmonitoringd[0m [32mqcomgpsd[0m [32mpandad[0m [32mparamsd[0m [32mlagd[0m [32mplannerd[0m [32mradard[0m [32mhardwared[0m [32mtombstoned[0m [32muploader[0m [32mstatsd[0m [32mfeedbackd[0m [32mmodeld_tinygrad[0m [32mmapd[0m [32mmapd_manager[0m [32mrtid[0m
[32mloggerd[0m [32mencoderd[0m [32mlogmessaged[0m [32mcamerad[0m [32mlogcatd[0m [32mproclogd[0m [32mmicd[0m [32mtimed[0m [32mdmonitoringmodeld[0m [32msensord[0m [32mui[0m [32msoundd[0m [32mlocationd[0m [32mcalibrationd[0m [32mtorqued[0m [32mcontrolsd[0m [32mselfdrived[0m [32mcard[0m [32mdeleter[0m [32mdmonitoringd[0m [32mqcomgpsd[0m [32mpandad[0m [32mparamsd[0m [32mlagd[0m [32mplannerd[0m [32mradard[0m [32mhardwared[0m [32mtombstoned[0m [32muploader[0m [32mstatsd[0m [32mfeedbackd[0m [32mmodeld_tinygrad[0m [32mmapd[0m [32mmapd_manager[0m [32mrtid[0m
[32mloggerd[0m [32mencoderd[0m [32mlogmessaged[0m [32mcamerad[0m [32mlogcatd[0m [32mproclogd[0m [32mmicd[0m [32mtimed[0m [32mdmonitoringmodeld[0m [32msensord[0m [32mui[0m [32msoundd[0m [32mlocationd[0m [32mcalibrationd[0m [32mtorqued[0m [32mcontrolsd[0m [32mselfdrived[0m [32mcard[0m [32mdeleter[0m [32mdmonitoringd[0m [32mqcomgpsd[0m [32mpandad[0m [32mparamsd[0m [32mlagd[0m [32mplannerd[0m [32mradard[0m [32mhardwared[0m [32mtombstoned[0m [32muploader[0m [32mstatsd[0m [32mfeedbackd[0m [32mmodeld_tinygrad[0m [32mmapd[0m [32mmapd_manager[0m [32mrtid[0m
[32mloggerd[0m [32mencoderd[0m [32mlogmessaged[0m [32mcamerad[0m [32mlogcatd[0m [32mproclogd[0m [32mmicd[0m [32mtimed[0m [32mdmonitoringmodeld[0m [32msensord[0m [32mui[0m [32msoundd[0m [32mlocationd[0m [32mcalibrationd[0m [32mtorqued[0m [32mcontrolsd[0m [32mselfdrived[0m [32mcard[0m [32mdeleter[0m [32mdmonitoringd[0m [32mqcomgpsd[0m [32mpandad[0m [32mparamsd[0m [32mlagd[0m [32mplannerd[0m [32mradard[0m [32mhardwared[0m [32mtombstoned[0m [32muploader[0m [32mstatsd[0m [32mfeedbackd[0m [32mmodeld_tinygrad[0m [32mmapd[0m [32mmapd_manager[0m [32mrtid[0m
[32mloggerd[0m [32mencoderd[0m [32mlogmessaged[0m [32mcamerad[0m [32mlogcatd[0m [32mproclogd[0m [32mmicd[0m [32mtimed[0m [32mdmonitoringmodeld[0m [32msensord[0m [32mui[0m [32msoundd[0m [32mlocationd[0m [32mcalibrationd[0m [32mtorqued[0m [32mcontrolsd[0m [32mselfdrived[0m [32mcard[0m [32mdeleter[0m [32mdmonitoringd[0m [32mqcomgpsd[0m [32mpandad[0m [32mparamsd[0m [32mlagd[0m [32mplannerd[0m [32mradard[0m [32mhardwared[0m [32mtombstoned[0m [32muploader[0m [32mstatsd[0m [32mfeedbackd[0m [32mmodeld_tinygrad[0m [32mmapd[0m [32mmapd_manager[0m [32mrtid[0m
[32mloggerd[0m [32mencoderd[0m [32mlogmessaged[0m [32mcamerad[0m [32mlogcatd[0m [32mproclogd[0m [32mmicd[0m [32mtimed[0m [32mdmonitoringmodeld[0m [32msensord[0m [32mui[0m [32msoundd[0m [32mlocationd[0m [32mcalibrationd[0m [32mtorqued[0m [32mcontrolsd[0m [32mselfdrived[0m [32mcard[0m [32mdeleter[0m [32mdmonitoringd[0m [32mqcomgpsd[0m [32mpandad[0m [32mparamsd[0m [32mlagd[0m [32mplannerd[0m [32mradard[0m [32mhardwared[0m [32mtombstoned[0m [32muploader[0m [32mstatsd[0m [32mfeedbackd[0m [32mmodeld_tinygrad[0m [32mmapd[0m [32mmapd_manager[0m [32mrtid[0m
[32mloggerd[0m [32mencoderd[0m [32mlogmessaged[0m [32mcamerad[0m [32mlogcatd[0m [32mproclogd[0m [32mmicd[0m [32mtimed[0m [32mdmonitoringmodeld[0m [32msensord[0m [32mui[0m [32msoundd[0m [32mlocationd[0m [32mcalibrationd[0m [32mtorqued[0m [32mcontrolsd[0m [32mselfdrived[0m [32mcard[0m [32mdeleter[0m [32mdmonitoringd[0m [32mqcomgpsd[0m [32mpandad[0m [32mparamsd[0m [32mlagd[0m [32mplannerd[0m [32mradard[0m [32mhardwared[0m [32mtombstoned[0m [32muploader[0m [32mstatsd[0m [32mfeedbackd[0m [32mmodeld_tinygrad[0m [32mmapd[0m [32mmapd_manager[0m [32mrtid[0m
[32mloggerd[0m [32mencoderd[0m [32mlogmessaged[0m [32mcamerad[0m [32mlogcatd[0m [32mproclogd[0m [32mmicd[0m [32mtimed[0m [32mdmonitoringmodeld[0m [32msensord[0m [32mui[0m [32msoundd[0m [32mlocationd[0m [32mcalibrationd[0m [32mtorqued[0m [32mcontrolsd[0m [32mselfdrived[0m [32mcard[0m [32mdeleter[0m [32mdmonitoringd[0m [32mqcomgpsd[0m [32mpandad[0m [32mparamsd[0m [32mlagd[0m [32mplannerd[0m [32mradard[0m [32mhardwared[0m [32mtombstoned[0m [32muploader[0m [32mstatsd[0m [32mfeedbackd[0m [32mmodeld_tinygrad[0m [32mmapd[0m [32mmapd_manager[0m [32mrtid[0m
RTI cycle took 0.048s
RTI cycle took 0.040s
RTI cycle took 0.034s
RTI cycle took 0.031s
RTI cycle took 0.029s
RTI cycle took 0.029s
RTI cycle took 0.038s
RTI cycle took 0.036s
RTI cycle took 0.030s
RTI cycle took 0.039s
RTI cycle took 0.047s
RTI cycle took 0.041s
RTI cycle took 0.056s
RTI cycle took 0.029s
RTI cycle took 0.039s
RTI cycle took 0.038s
RTI cycle took 0.062s
RTI cycle took 0.049s
RTI cycle took 0.132s
RTI cycle took 0.037s
RTI cycle took 0.027s
RTI cycle took 0.046s
RTI cycle took 0.037s
RTI cycle took 0.066s
RTI cycle took 0.050s
RTI cycle took 0.037s
RTI cycle took 0.030s
RTI cycle took 0.051s
RTI cycle took 0.035s
RTI cycle took 0.030s
RTI cycle took 0.038s
RTI cycle took 0.040s
RTI cycle took 0.054s
RTI cycle took 0.028s
RTI cycle took 0.049s
RTI cycle took 0.032s
RTI cycle took 0.056s
RTI cycle took 0.040s
RTI cycle took 0.034s
RTI cycle took 0.037s
RTI cycle took 0.038s
RTI cycle took 0.032s
RTI cycle took 0.045s
RTI cycle took 0.029s
RTI cycle took 0.030s
RTI cycle took 0.032s
RTI cycle took 0.048s
RTI cycle took 0.039s
RTI cycle took 0.036s
RTI cycle took 0.045s
RTI cycle took 0.025s
RTI cycle took 0.035s
RTI cycle took 0.039s
RTI cycle took 0.030s
RTI cycle took 0.044s
RTI cycle took 0.025s
RTI cycle took 0.029s
RTI cycle took 0.037s
RTI cycle took 0.030s
RTI cycle took 0.031s
RTI cycle took 0.038s
RTI cycle took 0.028s
RTI cycle took 0.050s
RTI cycle took 0.036s
RTI cycle took 0.030s
RTI cycle took 0.028s
RTI cycle took 0.040s
RTI cycle took 0.022s
RTI cycle took 0.021s
RTI cycle took 0.030s
RTI cycle took 0.037s
RTI cycle took 0.026s
RTI cycle took 0.031s
RTI cycle took 0.035s
RTI cycle took 0.023s
RTI cycle took 0.039s
RTI cycle took 0.037s
RTI cycle took 0.029s
RTI cycle took 0.040s
RTI cycle took 0.026s
RTI cycle took 0.091s
RTI cycle took 0.070s
RTI cycle took 0.037s
RTI cycle took 0.029s
RTI cycle took 0.040s
RTI cycle took 0.038s
RTI cycle took 0.035s
RTI cycle took 0.023s
RTI cycle took 0.040s
RTI cycle took 0.037s
RTI cycle took 0.029s
RTI cycle took 0.032s
RTI cycle took 0.025s
RTI cycle took 0.030s
RTI cycle took 0.027s
RTI cycle took 0.051s
RTI cycle took 0.017s
RTI cycle took 0.026s
RTI cycle took 0.026s
RTI cycle took 0.033s
RTI cycle took 0.034s
RTI cycle took 0.018s
RTI cycle took 0.027s
RTI cycle took 0.020s
RTI cycle took 0.027s
RTI cycle took 0.020s
RTI cycle took 0.028s
RTI cycle took 0.030s
RTI cycle took 0.028s
RTI cycle took 0.027s
RTI cycle took 0.039s
RTI cycle took 0.026s
RTI cycle took 0.027s
RTI cycle took 0.039s
RTI cycle took 0.030s
RTI cycle took 0.038s
RTI cycle took 0.020s
RTI cycle took 0.037s
RTI cycle took 0.048s
RTI cycle took 0.026s
RTI cycle took 0.030s
RTI cycle took 0.028s
RTI cycle took 0.031s
RTI cycle took 0.029s
RTI cycle took 0.018s
RTI cycle took 0.027s
RTI cycle took 0.023s
RTI cycle took 0.024s
RTI cycle took 0.018s
RTI cycle took 0.026s
RTI cycle took 0.020s
RTI cycle took 0.023s
RTI cycle took 0.029s
RTI cycle took 0.028s
RTI cycle took 0.031s
RTI cycle took 0.027s
RTI cycle took 0.035s
RTI cycle took 0.030s
RTI cycle took 0.029s
RTI cycle took 0.028s
RTI cycle took 0.040s
RTI cycle took 0.013s
RTI cycle took 0.030s
RTI cycle took 0.029s
RTI cycle took 0.018s
RTI cycle took 0.025s
RTI cycle took 0.023s
RTI cycle took 0.027s
RTI cycle took 0.018s
RTI cycle took 0.024s
RTI cycle took 0.019s
RTI cycle took 0.028s
RTI cycle took 0.029s
RTI cycle took 0.031s
RTI cycle took 0.021s
RTI cycle took 0.027s
RTI cycle took 0.017s
RTI cycle took 0.027s
RTI cycle took 0.040s
RTI cycle took 0.026s
RTI cycle took 0.028s
RTI cycle took 0.037s
RTI cycle took 0.018s
RTI cycle took 0.026s
RTI cycle took 0.039s
RTI cycle took 0.029s
RTI cycle took 0.019s
RTI cycle took 0.042s
RTI cycle took 0.023s
RTI cycle took 0.035s
RTI cycle took 0.031s
RTI cycle took 0.031s
RTI cycle took 0.037s
RTI cycle took 0.019s
RTI cycle took 0.016s
RTI cycle took 0.026s
RTI cycle took 0.019s
RTI cycle took 0.028s
RTI cycle took 0.028s
RTI cycle took 0.020s
RTI cycle took 0.028s
RTI cycle took 0.037s
RTI cycle took 0.024s
RTI cycle took 0.029s
RTI cycle took 0.020s
[32mloggerd[0m [32mencoderd[0m [32mlogmessaged[0m [32mcamerad[0m [32mlogcatd[0m [32mproclogd[0m [32mmicd[0m [32mtimed[0m [32mdmonitoringmodeld[0m [32msensord[0m [32mui[0m [32msoundd[0m [32mlocationd[0m [32mcalibrationd[0m [32mtorqued[0m [32mcontrolsd[0m [32mselfdrived[0m [32mcard[0m [32mdeleter[0m [32mdmonitoringd[0m [32mqcomgpsd[0m [32mpandad[0m [32mparamsd[0m [32mlagd[0m [32mplannerd[0m [32mradard[0m [32mhardwared[0m [32mtombstoned[0m [32muploader[0m [32mstatsd[0m [32mfeedbackd[0m [32mmodeld_tinygrad[0m [32mmapd[0m [32mmapd_manager[0m [32mrtid[0m
[32mloggerd[0m [32mencoderd[0m [32mlogmessaged[0m [32mcamerad[0m [32mlogcatd[0m [32mproclogd[0m [32mmicd[0m [32mtimed[0m [32mdmonitoringmodeld[0m [32msensord[0m [32mui[0m [32msoundd[0m [32mlocationd[0m [32mcalibrationd[0m [32mtorqued[0m [32mcontrolsd[0m [32mselfdrived[0m [32mcard[0m [32mdeleter[0m [32mdmonitoringd[0m [32mqcomgpsd[0m [32mpandad[0m [32mparamsd[0m [32mlagd[0m [32mplannerd[0m [32mradard[0m [32mhardwared[0m [32mtombstoned[0m [32muploader[0m [32mstatsd[0m [32mfeedbackd[0m [32mmodeld_tinygrad[0m [32mmapd[0m [32mmapd_manager[0m [32mrtid[0m
[32mloggerd[0m [32mencoderd[0m [32mlogmessaged[0m [32mcamerad[0m [32mlogcatd[0m [32mproclogd[0m [32mmicd[0m [32mtimed[0m [32mdmonitoringmodeld[0m [32msensord[0m [32mui[0m [32msoundd[0m [32mlocationd[0m [32mcalibrationd[0m [32mtorqued[0m [32mcontrolsd[0m [32mselfdrived[0m [32mcard[0m [32mdeleter[0m [32mdmonitoringd[0m [32mqcomgpsd[0m [32mpandad[0m [32mparamsd[0m [32mlagd[0m [32mplannerd[0m [32mradard[0m [32mhardwared[0m [32mtombstoned[0m [32muploader[0m [32mstatsd[0m [32mfeedbackd[0m [32mmodeld_tinygrad[0m [32mmapd[0m [32mmapd_manager[0m [32mrtid[0m
[32mloggerd[0m [32mencoderd[0m [32mlogmessaged[0m [32mcamerad[0m [32mlogcatd[0m [32mproclogd[0m [32mmicd[0m [32mtimed[0m [32mdmonitoringmodeld[0m [32msensord[0m [32mui[0m [32msoundd[0m [32mlocationd[0m [32mcalibrationd[0m [32mtorqued[0m [32mcontrolsd[0m [32mselfdrived[0m [32mcard[0m [32mdeleter[0m [32mdmonitoringd[0m [32mqcomgpsd[0m [32mpandad[0m [32mparamsd[0m [32mlagd[0m [32mplannerd[0m [32mradard[0m [32mhardwared[0m [32mtombstoned[0m [32muploader[0m [32mstatsd[0m [32mfeedbackd[0m [32mmodeld_tinygrad[0m [32mmapd[0m [32mmapd_manager[0m [32mrtid[0m
[32mloggerd[0m [32mencoderd[0m [32mlogmessaged[0m [32mcamerad[0m [32mlogcatd[0m [32mproclogd[0m [32mmicd[0m [32mtimed[0m [32mdmonitoringmodeld[0m [32msensord[0m [32mui[0m [32msoundd[0m [32mlocationd[0m [32mcalibrationd[0m [32mtorqued[0m [32mcontrolsd[0m [32mselfdrived[0m [32mcard[0m [32mdeleter[0m [32mdmonitoringd[0m [32mqcomgpsd[0m [32mpandad[0m [32mparamsd[0m [32mlagd[0m [32mplannerd[0m [32mradard[0m [32mhardwared[0m [32mtombstoned[0m [32muploader[0m [32mstatsd[0m [32mfeedbackd[0m [32mmodeld_tinygrad[0m [32mmapd[0m [32mmapd_manager[0m [32mrtid[0m
[32mloggerd[0m [32mencoderd[0m [32mlogmessaged[0m [32mcamerad[0m [32mlogcatd[0m [32mproclogd[0m [32mmicd[0m [32mtimed[0m [32mdmonitoringmodeld[0m [32msensord[0m [32mui[0m [32msoundd[0m [32mlocationd[0m [32mcalibrationd[0m [32mtorqued[0m [32mcontrolsd[0m [32mselfdrived[0m [32mcard[0m [32mdeleter[0m [32mdmonitoringd[0m [32mqcomgpsd[0m [32mpandad[0m [32mparamsd[0m [32mlagd[0m [32mplannerd[0m [32mradard[0m [32mhardwared[0m [32mtombstoned[0m [32muploader[0m [32mstatsd[0m [32mfeedbackd[0m [32mmodeld_tinygrad[0m [32mmapd[0m [32mmapd_manager[0m [32mrtid[0m
[32mloggerd[0m [32mencoderd[0m [32mlogmessaged[0m [32mcamerad[0m [32mlogcatd[0m [32mproclogd[0m [32mmicd[0m [32mtimed[0m [32mdmonitoringmodeld[0m [32msensord[0m [32mui[0m [32msoundd[0m [32mlocationd[0m [32mcalibrationd[0m [32mtorqued[0m [32mcontrolsd[0m [32mselfdrived[0m [32mcard[0m [32mdeleter[0m [32mdmonitoringd[0m [32mqcomgpsd[0m [32mpandad[0m [32mparamsd[0m [32mlagd[0m [32mplannerd[0m [32mradard[0m [32mhardwared[0m [32mtombstoned[0m [32muploader[0m [32mstatsd[0m [32mfeedbackd[0m [32mmodeld_tinygrad[0m [32mmapd[0m [32mmapd_manager[0m [32mrtid[0m
[32mloggerd[0m [32mencoderd[0m [32mlogmessaged[0m [32mcamerad[0m [32mlogcatd[0m [32mproclogd[0m [32mmicd[0m [32mtimed[0m [32mdmonitoringmodeld[0m [32msensord[0m [32mui[0m [32msoundd[0m [32mlocationd[0m [32mcalibrationd[0m [32mtorqued[0m [32mcontrolsd[0m [32mselfdrived[0m [32mcard[0m [32mdeleter[0m [32mdmonitoringd[0m [32mqcomgpsd[0m [32mpandad[0m [32mparamsd[0m [32mlagd[0m [32mplannerd[0m [32mradard[0m [32mhardwared[0m [32mtombstoned[0m [32muploader[0m [32mstatsd[0m [32mfeedbackd[0m [32mmodeld_tinygrad[0m [32mmapd[0m [32mmapd_manager[0m [32mrtid[0m
[32mloggerd[0m [32mencoderd[0m [32mlogmessaged[0m [32mcamerad[0m [32mlogcatd[0m [32mproclogd[0m [32mmicd[0m [32mtimed[0m [32mdmonitoringmodeld[0m [32msensord[0m [32mui[0m [32msoundd[0m [32mlocationd[0m [32mcalibrationd[0m [32mtorqued[0m [32mcontrolsd[0m [32mselfdrived[0m [32mcard[0m [32mdeleter[0m [32mdmonitoringd[0m [32mqcomgpsd[0m [32mpandad[0m [32mparamsd[0m [32mlagd[0m [32mplannerd[0m [32mradard[0m [32mhardwared[0m [32mtombstoned[0m [32muploader[0m [32mstatsd[0m [32mfeedbackd[0m [32mmodeld_tinygrad[0m [32mmapd[0m [32mmapd_manager[0m [32mrtid[0m
[32mloggerd[0m [32mencoderd[0m [32mlogmessaged[0m [32mcamerad[0m [32mlogcatd[0m [32mproclogd[0m [32mmicd[0m [32mtimed[0m [32mdmonitoringmodeld[0m [32msensord[0m [32mui[0m [32msoundd[0m [32mlocationd[0m [32mcalibrationd[0m [32mtorqued[0m [32mcontrolsd[0m [32mselfdrived[0m [32mcard[0m [32mdeleter[0m [32mdmonitoringd[0m [32mqcomgpsd[0m [32mpandad[0m [32mparamsd[0m [32mlagd[0m [32mplannerd[0m [32mradard[0m [32mhardwared[0m [32mtombstoned[0m [32muploader[0m [32mstatsd[0m [32mfeedbackd[0m [32mmodeld_tinygrad[0m [32mmapd[0m [32mmapd_manager[0m [32mrtid[0m
[32mloggerd[0m [32mencoderd[0m [32mlogmessaged[0m [32mcamerad[0m [32mlogcatd[0m [32mproclogd[0m [32mmicd[0m [32mtimed[0m [32mdmonitoringmodeld[0m [32msensord[0m [32mui[0m [32msoundd[0m [32mlocationd[0m [32mcalibrationd[0m [32mtorqued[0m [32mcontrolsd[0m [32mselfdrived[0m [32mcard[0m [32mdeleter[0m [32mdmonitoringd[0m [32mqcomgpsd[0m [32mpandad[0m [32mparamsd[0m [32mlagd[0m [32mplannerd[0m [32mradard[0m [32mhardwared[0m [32mtombstoned[0m [32muploader[0m [32mstatsd[0m [32mfeedbackd[0m [32mmodeld_tinygrad[0m [32mmapd[0m [32mmapd_manager[0m [32mrtid[0m
[32mloggerd[0m [32mencoderd[0m [32mlogmessaged[0m [32mcamerad[0m [32mlogcatd[0m [32mproclogd[0m [32mmicd[0m [32mtimed[0m [32mdmonitoringmodeld[0m [32msensord[0m [32mui[0m [32msoundd[0m [32mlocationd[0m [32mcalibrationd[0m [32mtorqued[0m [32mcontrolsd[0m [32mselfdrived[0m [32mcard[0m [32mdeleter[0m [32mdmonitoringd[0m [32mqcomgpsd[0m [32mpandad[0m [32mparamsd[0m [32mlagd[0m [32mplannerd[0m [32mradard[0m [32mhardwared[0m [32mtombstoned[0m [32muploader[0m [32mstatsd[0m [32mfeedbackd[0m [32mmodeld_tinygrad[0m [32mmapd[0m [32mmapd_manager[0m [32mrtid[0m
[32mloggerd[0m [32mencoderd[0m [32mlogmessaged[0m [32mcamerad[0m [32mlogcatd[0m [32mproclogd[0m [32mmicd[0m [32mtimed[0m [32mdmonitoringmodeld[0m [32msensord[0m [32mui[0m [32msoundd[0m [32mlocationd[0m [32mcalibrationd[0m [32mtorqued[0m [32mcontrolsd[0m [32mselfdrived[0m [32mcard[0m [32mdeleter[0m [32mdmonitoringd[0m [32mqcomgpsd[0m [32mpandad[0m [32mparamsd[0m [32mlagd[0m [32mplannerd[0m [32mradard[0m [32mhardwared[0m [32mtombstoned[0m [32muploader[0m [32mstatsd[0m [32mfeedbackd[0m [32mmodeld_tinygrad[0m [32mmapd[0m [32mmapd_manager[0m [32mrtid[0m
RTI cycle took 0.022s
RTI cycle took 0.031s
RTI cycle took 0.037s
RTI cycle took 0.020s
RTI cycle took 0.029s
RTI cycle took 0.031s
RTI cycle took 0.027s
RTI cycle took 0.019s
RTI cycle took 0.027s
RTI cycle took 0.030s
RTI cycle took 0.031s
RTI cycle took 0.048s
RTI cycle took 0.041s
RTI cycle took 0.024s
RTI cycle took 0.031s
RTI cycle took 0.036s
RTI cycle took 0.019s
RTI cycle took 0.027s
RTI cycle took 0.018s
RTI cycle took 0.028s
RTI cycle took 0.029s
RTI cycle took 0.031s
RTI cycle took 0.037s
RTI cycle took 0.044s
RTI cycle took 0.019s
RTI cycle took 0.025s
RTI cycle took 0.030s
RTI cycle took 0.019s
RTI cycle took 0.026s
RTI cycle took 0.032s
RTI cycle took 0.036s
RTI cycle took 0.029s
RTI cycle took 0.029s
RTI cycle took 0.033s
RTI cycle took 0.037s
RTI cycle took 0.040s
RTI cycle took 0.020s
RTI cycle took 0.026s
RTI cycle took 0.029s
RTI cycle took 0.028s
RTI cycle took 0.020s
RTI cycle took 0.027s
RTI cycle took 0.019s
RTI cycle took 0.022s
RTI cycle took 0.037s
RTI cycle took 0.030s
RTI cycle took 0.018s
RTI cycle took 0.033s
RTI cycle took 0.030s
RTI cycle took 0.028s
RTI cycle took 0.031s
RTI cycle took 0.033s
RTI cycle took 0.035s
RTI cycle took 0.051s
RTI cycle took 0.015s
RTI cycle took 0.025s
RTI cycle took 0.029s
RTI cycle took 0.025s
RTI cycle took 0.018s
RTI cycle took 0.019s
RTI cycle took 0.025s
RTI cycle took 0.035s
RTI cycle took 0.025s
RTI cycle took 0.040s
RTI cycle took 0.040s
RTI cycle took 0.025s
RTI cycle took 0.041s
RTI cycle took 0.034s
RTI cycle took 0.021s
RTI cycle took 0.028s
RTI cycle took 0.028s
RTI cycle took 0.029s
RTI cycle took 0.040s
RTI cycle took 0.030s
RTI cycle took 0.029s
RTI cycle took 0.038s
RTI cycle took 0.022s
RTI cycle took 0.030s
RTI cycle took 0.025s
RTI cycle took 0.042s
RTI cycle took 0.026s
RTI cycle took 0.021s
RTI cycle took 0.038s
RTI cycle took 0.031s
RTI cycle took 0.025s
RTI cycle took 0.017s
RTI cycle took 0.024s
RTI cycle took 0.030s
RTI cycle took 0.028s
RTI cycle took 0.041s
RTI cycle took 0.029s
RTI cycle took 0.026s
RTI cycle took 0.021s
RTI cycle took 0.027s
RTI cycle took 0.030s
RTI cycle took 0.044s
RTI cycle took 0.016s
RTI cycle took 0.023s
RTI cycle took 0.039s
RTI cycle took 0.029s
RTI cycle took 0.030s
RTI cycle took 0.018s
RTI cycle took 0.027s
RTI cycle took 0.030s
RTI cycle took 0.031s
RTI cycle took 0.037s
RTI cycle took 0.018s
RTI cycle took 0.029s
RTI cycle took 0.027s
RTI cycle took 0.031s
RTI cycle took 0.029s
RTI cycle took 0.029s
RTI cycle took 0.031s
RTI cycle took 0.026s
RTI cycle took 0.038s
RTI cycle took 0.030s
RTI cycle took 0.030s
RTI cycle took 0.026s
RTI cycle took 0.027s
RTI cycle took 0.022s
RTI cycle took 0.036s
RTI cycle took 0.032s
RTI cycle took 0.030s
RTI cycle took 0.022s
RTI cycle took 0.033s
RTI cycle took 0.030s
RTI cycle took 0.029s
RTI cycle took 0.031s
RTI cycle took 0.038s
RTI cycle took 0.019s
RTI cycle took 0.037s
RTI cycle took 0.038s
RTI cycle took 0.029s
RTI cycle took 0.039s
RTI cycle took 0.029s
RTI cycle took 0.039s
RTI cycle took 0.029s
RTI cycle took 0.030s
RTI cycle took 0.027s
RTI cycle took 0.030s
RTI cycle took 0.019s
RTI cycle took 0.011s
RTI cycle took 0.027s
RTI cycle took 0.038s
RTI cycle took 0.031s
RTI cycle took 0.050s
RTI cycle took 0.037s
RTI cycle took 0.039s
RTI cycle took 0.026s
RTI cycle took 0.030s
RTI cycle took 0.012s
RTI cycle took 0.028s
RTI cycle took 0.018s
RTI cycle took 0.029s
RTI cycle took 0.038s
RTI cycle took 0.030s
RTI cycle took 0.046s
RTI cycle took 0.042s
RTI cycle took 0.059s
RTI cycle took 0.028s
RTI cycle took 0.018s
RTI cycle took 0.026s
RTI cycle took 0.030s
RTI cycle took 0.032s
RTI cycle took 0.031s
RTI cycle took 0.034s
RTI cycle took 0.023s
RTI cycle took 0.042s
RTI cycle took 0.027s
RTI cycle took 0.028s
RTI cycle took 0.030s
RTI cycle took 0.020s
RTI cycle took 0.029s
RTI cycle took 0.029s
RTI cycle took 0.032s
RTI cycle took 0.038s
RTI cycle took 0.017s
RTI cycle took 0.024s
RTI cycle took 0.028s
RTI cycle took 0.032s
RTI cycle took 0.021s
RTI cycle took 0.025s
RTI cycle took 0.029s
RTI cycle took 0.027s
RTI cycle took 0.031s
RTI cycle took 0.042s
RTI cycle took 0.019s
RTI cycle took 0.028s
RTI cycle took 0.019s
RTI cycle took 0.028s
RTI cycle took 0.049s
RTI cycle took 0.038s
RTI cycle took 0.031s
RTI cycle took 0.028s
RTI cycle took 0.019s
RTI cycle took 0.027s
RTI cycle took 0.039s
RTI cycle took 0.021s
RTI cycle took 0.037s
RTI cycle took 0.016s
RTI cycle took 0.028s
RTI cycle took 0.038s
RTI cycle took 0.017s
RTI cycle took 0.027s
RTI cycle took 0.047s
RTI cycle took 0.025s
[32mloggerd[0m [32mencoderd[0m [32mlogmessaged[0m [32mcamerad[0m [32mlogcatd[0m [32mproclogd[0m [32mmicd[0m [32mtimed[0m [32mdmonitoringmodeld[0m [32msensord[0m [32mui[0m [32msoundd[0m [32mlocationd[0m [32mcalibrationd[0m [32mtorqued[0m [32mcontrolsd[0m [32mselfdrived[0m [32mcard[0m [32mdeleter[0m [32mdmonitoringd[0m [32mqcomgpsd[0m [32mpandad[0m [32mparamsd[0m [32mlagd[0m [32mplannerd[0m [32mradard[0m [32mhardwared[0m [32mtombstoned[0m [32muploader[0m [32mstatsd[0m [32mfeedbackd[0m [32mmodeld_tinygrad[0m [32mmapd[0m [32mmapd_manager[0m [32mrtid[0m
[32mloggerd[0m [32mencoderd[0m [32mlogmessaged[0m [32mcamerad[0m [32mlogcatd[0m [32mproclogd[0m [32mmicd[0m [32mtimed[0m [32mdmonitoringmodeld[0m [32msensord[0m [32mui[0m [32msoundd[0m [32mlocationd[0m [32mcalibrationd[0m [32mtorqued[0m [32mcontrolsd[0m [32mselfdrived[0m [32mcard[0m [32mdeleter[0m [32mdmonitoringd[0m [32mqcomgpsd[0m [32mpandad[0m [32mparamsd[0m [32mlagd[0m [32mplannerd[0m [32mradard[0m [32mhardwared[0m [32mtombstoned[0m [32muploader[0m [32mstatsd[0m [32mfeedbackd[0m [32mmodeld_tinygrad[0m [32mmapd[0m [32mmapd_manager[0m [32mrtid[0m
[32mloggerd[0m [32mencoderd[0m [32mlogmessaged[0m [32mcamerad[0m [32mlogcatd[0m [32mproclogd[0m [32mmicd[0m [32mtimed[0m [32mdmonitoringmodeld[0m [32msensord[0m [32mui[0m [32msoundd[0m [32mlocationd[0m [32mcalibrationd[0m [32mtorqued[0m [32mcontrolsd[0m [32mselfdrived[0m [32mcard[0m [32mdeleter[0m [32mdmonitoringd[0m [32mqcomgpsd[0m [32mpandad[0m [32mparamsd[0m [32mlagd[0m [32mplannerd[0m [32mradard[0m [32mhardwared[0m [32mtombstoned[0m [32muploader[0m [32mstatsd[0m [32mfeedbackd[0m [32mmodeld_tinygrad[0m [32mmapd[0m [32mmapd_manager[0m [32mrtid[0m
[32mloggerd[0m [32mencoderd[0m [32mlogmessaged[0m [32mcamerad[0m [32mlogcatd[0m [32mproclogd[0m [32mmicd[0m [32mtimed[0m [32mdmonitoringmodeld[0m [32msensord[0m [32mui[0m [32msoundd[0m [32mlocationd[0m [32mcalibrationd[0m [32mtorqued[0m [32mcontrolsd[0m [32mselfdrived[0m [32mcard[0m [32mdeleter[0m [32mdmonitoringd[0m [32mqcomgpsd[0m [32mpandad[0m [32mparamsd[0m [32mlagd[0m [32mplannerd[0m [32mradard[0m [32mhardwared[0m [32mtombstoned[0m [32muploader[0m [32mstatsd[0m [32mfeedbackd[0m [32mmodeld_tinygrad[0m [32mmapd[0m [32mmapd_manager[0m [32mrtid[0m
[32mloggerd[0m [32mencoderd[0m [32mlogmessaged[0m [32mcamerad[0m [32mlogcatd[0m [32mproclogd[0m [32mmicd[0m [32mtimed[0m [32mdmonitoringmodeld[0m [32msensord[0m [32mui[0m [32msoundd[0m [32mlocationd[0m [32mcalibrationd[0m [32mtorqued[0m [32mcontrolsd[0m [32mselfdrived[0m [32mcard[0m [32mdeleter[0m [32mdmonitoringd[0m [32mqcomgpsd[0m [32mpandad[0m [32mparamsd[0m [32mlagd[0m [32mplannerd[0m [32mradard[0m [32mhardwared[0m [32mtombstoned[0m [32muploader[0m [32mstatsd[0m [32mfeedbackd[0m [32mmodeld_tinygrad[0m [32mmapd[0m [32mmapd_manager[0m [32mrtid[0m
[32mloggerd[0m [32mencoderd[0m [32mlogmessaged[0m [32mcamerad[0m [32mlogcatd[0m [32mproclogd[0m [32mmicd[0m [32mtimed[0m [32mdmonitoringmodeld[0m [32msensord[0m [32mui[0m [32msoundd[0m [32mlocationd[0m [32mcalibrationd[0m [32mtorqued[0m [32mcontrolsd[0m [32mselfdrived[0m [32mcard[0m [32mdeleter[0m [32mdmonitoringd[0m [32mqcomgpsd[0m [32mpandad[0m [32mparamsd[0m [32mlagd[0m [32mplannerd[0m [32mradard[0m [32mhardwared[0m [32mtombstoned[0m [32muploader[0m [32mstatsd[0m [32mfeedbackd[0m [32mmodeld_tinygrad[0m [32mmapd[0m [32mmapd_manager[0m [32mrtid[0m
[32mloggerd[0m [32mencoderd[0m [32mlogmessaged[0m [32mcamerad[0m [32mlogcatd[0m [32mproclogd[0m [32mmicd[0m [32mtimed[0m [32mdmonitoringmodeld[0m [32msensord[0m [32mui[0m [32msoundd[0m [32mlocationd[0m [32mcalibrationd[0m [32mtorqued[0m [32mcontrolsd[0m [32mselfdrived[0m [32mcard[0m [32mdeleter[0m [32mdmonitoringd[0m [32mqcomgpsd[0m [32mpandad[0m [32mparamsd[0m [32mlagd[0m [32mplannerd[0m [32mradard[0m [32mhardwared[0m [32mtombstoned[0m [32muploader[0m [32mstatsd[0m [32mfeedbackd[0m [32mmodeld_tinygrad[0m [32mmapd[0m [32mmapd_manager[0m [32mrtid[0m
[32mloggerd[0m [32mencoderd[0m [32mlogmessaged[0m [32mcamerad[0m [32mlogcatd[0m [32mproclogd[0m [32mmicd[0m [32mtimed[0m [32mdmonitoringmodeld[0m [32msensord[0m [32mui[0m [32msoundd[0m [32mlocationd[0m [32mcalibrationd[0m [32mtorqued[0m [32mcontrolsd[0m [32mselfdrived[0m [32mcard[0m [32mdeleter[0m [32mdmonitoringd[0m [32mqcomgpsd[0m [32mpandad[0m [32mparamsd[0m [32mlagd[0m [32mplannerd[0m [32mradard[0m [32mhardwared[0m [32mtombstoned[0m [32muploader[0m [32mstatsd[0m [32mfeedbackd[0m [32mmodeld_tinygrad[0m [32mmapd[0m [32mmapd_manager[0m [32mrtid[0m
[32mloggerd[0m [32mencoderd[0m [32mlogmessaged[0m [32mcamerad[0m [32mlogcatd[0m [32mproclogd[0m [32mmicd[0m [32mtimed[0m [32mdmonitoringmodeld[0m [32msensord[0m [32mui[0m [32msoundd[0m [32mlocationd[0m [32mcalibrationd[0m [32mtorqued[0m [32mcontrolsd[0m [32mselfdrived[0m [32mcard[0m [32mdeleter[0m [32mdmonitoringd[0m [32mqcomgpsd[0m [32mpandad[0m [32mparamsd[0m [32mlagd[0m [32mplannerd[0m [32mradard[0m [32mhardwared[0m [32mtombstoned[0m [32muploader[0m [32mstatsd[0m [32mfeedbackd[0m [32mmodeld_tinygrad[0m [32mmapd[0m [32mmapd_manager[0m [32mrtid[0m
[32mloggerd[0m [32mencoderd[0m [32mlogmessaged[0m [32mcamerad[0m [32mlogcatd[0m [32mproclogd[0m [32mmicd[0m [32mtimed[0m [32mdmonitoringmodeld[0m [32msensord[0m [32mui[0m [32msoundd[0m [32mlocationd[0m [32mcalibrationd[0m [32mtorqued[0m [32mcontrolsd[0m [32mselfdrived[0m [32mcard[0m [32mdeleter[0m [32mdmonitoringd[0m [32mqcomgpsd[0m [32mpandad[0m [32mparamsd[0m [32mlagd[0m [32mplannerd[0m [32mradard[0m [32mhardwared[0m [32mtombstoned[0m [32muploader[0m [32mstatsd[0m [32mfeedbackd[0m [32mmodeld_tinygrad[0m [32mmapd[0m [32mmapd_manager[0m [32mrtid[0m
[32mloggerd[0m [32mencoderd[0m [32mlogmessaged[0m [32mcamerad[0m [32mlogcatd[0m [32mproclogd[0m [32mmicd[0m [32mtimed[0m [32mdmonitoringmodeld[0m [32msensord[0m [32mui[0m [32msoundd[0m [32mlocationd[0m [32mcalibrationd[0m [32mtorqued[0m [32mcontrolsd[0m [32mselfdrived[0m [32mcard[0m [32mdeleter[0m [32mdmonitoringd[0m [32mqcomgpsd[0m [32mpandad[0m [32mparamsd[0m [32mlagd[0m [32mplannerd[0m [32mradard[0m [32mhardwared[0m [32mtombstoned[0m [32muploader[0m [32mstatsd[0m [32mfeedbackd[0m [32mmodeld_tinygrad[0m [32mmapd[0m [32mmapd_manager[0m [32mrtid[0m
[32mloggerd[0m [32mencoderd[0m [32mlogmessaged[0m [32mcamerad[0m [32mlogcatd[0m [32mproclogd[0m [32mmicd[0m [32mtimed[0m [32mdmonitoringmodeld[0m [32msensord[0m [32mui[0m [32msoundd[0m [32mlocationd[0m [32mcalibrationd[0m [32mtorqued[0m [32mcontrolsd[0m [32mselfdrived[0m [32mcard[0m [32mdeleter[0m [32mdmonitoringd[0m [32mqcomgpsd[0m [32mpandad[0m [32mparamsd[0m [32mlagd[0m [32mplannerd[0m [32mradard[0m [32mhardwared[0m [32mtombstoned[0m [32muploader[0m [32mstatsd[0m [32mfeedbackd[0m [32mmodeld_tinygrad[0m [32mmapd[0m [32mmapd_manager[0m [32mrtid[0m
[32mloggerd[0m [32mencoderd[0m [32mlogmessaged[0m [32mcamerad[0m [32mlogcatd[0m [32mproclogd[0m [32mmicd[0m [32mtimed[0m [32mdmonitoringmodeld[0m [32msensord[0m [32mui[0m [32msoundd[0m [32mlocationd[0m [32mcalibrationd[0m [32mtorqued[0m [32mcontrolsd[0m [32mselfdrived[0m [32mcard[0m [32mdeleter[0m [32mdmonitoringd[0m [32mqcomgpsd[0m [32mpandad[0m [32mparamsd[0m [32mlagd[0m [32mplannerd[0m [32mradard[0m [32mhardwared[0m [32mtombstoned[0m [32muploader[0m [32mstatsd[0m [32mfeedbackd[0m [32mmodeld_tinygrad[0m [32mmapd[0m [32mmapd_manager[0m [32mrtid[0m
RTI cycle took 0.017s
RTI cycle took 0.024s
RTI cycle took 0.029s
RTI cycle took 0.037s
RTI cycle took 0.022s
RTI cycle took 0.025s
RTI cycle took 0.030s
RTI cycle took 0.028s
RTI cycle took 0.031s
RTI cycle took 0.019s
RTI cycle took 0.030s
RTI cycle took 0.018s
RTI cycle took 0.040s
RTI cycle took 0.036s
RTI cycle took 0.040s
RTI cycle took 0.021s
RTI cycle took 0.038s
RTI cycle took 0.018s
RTI cycle took 0.027s
RTI cycle took 0.031s
RTI cycle took 0.023s
RTI cycle took 0.021s
RTI cycle took 0.025s
RTI cycle took 0.023s
RTI cycle took 0.034s
RTI cycle took 0.041s
RTI cycle took 0.031s
RTI cycle took 0.039s
RTI cycle took 0.025s
RTI cycle took 0.026s
RTI cycle took 0.029s
RTI cycle took 0.040s
RTI cycle took 0.028s
RTI cycle took 0.030s
RTI cycle took 0.029s
RTI cycle took 0.030s
RTI cycle took 0.030s
RTI cycle took 0.027s
RTI cycle took 0.028s
RTI cycle took 0.031s
RTI cycle took 0.019s
RTI cycle took 0.039s
RTI cycle took 0.025s
RTI cycle took 0.019s
RTI cycle took 0.039s
RTI cycle took 0.030s
RTI cycle took 0.028s
RTI cycle took 0.028s
RTI cycle took 0.040s
RTI cycle took 0.017s
RTI cycle took 0.026s
RTI cycle took 0.027s
RTI cycle took 0.028s
RTI cycle took 0.032s
RTI cycle took 0.030s
RTI cycle took 0.028s
RTI cycle took 0.039s
RTI cycle took 0.015s
RTI cycle took 0.034s
RTI cycle took 0.026s
RTI cycle took 0.030s
RTI cycle took 0.031s
RTI cycle took 0.016s
RTI cycle took 0.024s
RTI cycle took 0.032s
RTI cycle took 0.025s
RTI cycle took 0.035s
RTI cycle took 0.020s
RTI cycle took 0.029s
RTI cycle took 0.037s
RTI cycle took 0.040s
RTI cycle took 0.019s
RTI cycle took 0.037s
RTI cycle took 0.029s
RTI cycle took 0.030s
RTI cycle took 0.037s
RTI cycle took 0.029s
RTI cycle took 0.041s
RTI cycle took 0.038s
RTI cycle took 0.029s
RTI cycle took 0.030s
RTI cycle took 0.037s
RTI cycle took 0.030s
RTI cycle took 0.036s
RTI cycle took 0.030s
RTI cycle took 0.018s
RTI cycle took 0.028s
RTI cycle took 0.029s
RTI cycle took 0.030s
RTI cycle took 0.027s
RTI cycle took 0.042s
RTI cycle took 0.027s
RTI cycle took 0.025s
RTI cycle took 0.022s
RTI cycle took 0.038s
RTI cycle took 0.038s
RTI cycle took 0.039s
RTI cycle took 0.026s
RTI cycle took 0.039s
RTI cycle took 0.030s
RTI cycle took 0.031s
RTI cycle took 0.027s
RTI cycle took 0.028s
RTI cycle took 0.019s
RTI cycle took 0.033s
RTI cycle took 0.031s
RTI cycle took 0.018s
RTI cycle took 0.028s
RTI cycle took 0.028s
RTI cycle took 0.029s
RTI cycle took 0.030s
RTI cycle took 0.045s
RTI cycle took 0.023s
RTI cycle took 0.028s
RTI cycle took 0.029s
RTI cycle took 0.031s
RTI cycle took 0.017s
RTI cycle took 0.028s
RTI cycle took 0.027s
RTI cycle took 0.028s
RTI cycle took 0.028s
RTI cycle took 0.031s
RTI cycle took 0.027s
RTI cycle took 0.018s
RTI cycle took 0.026s
RTI cycle took 0.019s
RTI cycle took 0.029s
RTI cycle took 0.037s
RTI cycle took 0.023s
RTI cycle took 0.036s
RTI cycle took 0.036s
RTI cycle took 0.031s
RTI cycle took 0.030s
RTI cycle took 0.018s
RTI cycle took 0.027s
RTI cycle took 0.028s
RTI cycle took 0.019s
RTI cycle took 0.025s
RTI cycle took 0.028s
RTI cycle took 0.031s
RTI cycle took 0.036s
RTI cycle took 0.016s
RTI cycle took 0.033s
RTI cycle took 0.030s
RTI cycle took 0.028s
RTI cycle took 0.048s
RTI cycle took 0.037s
RTI cycle took 0.024s
RTI cycle took 0.024s
RTI cycle took 0.019s
RTI cycle took 0.041s
RTI cycle took 0.026s
RTI cycle took 0.029s
RTI cycle took 0.029s
RTI cycle took 0.020s
RTI cycle took 0.030s
RTI cycle took 0.039s
RTI cycle took 0.022s
RTI cycle took 0.035s
RTI cycle took 0.033s
RTI cycle took 0.021s
RTI cycle took 0.036s
RTI cycle took 0.043s
RTI cycle took 0.019s
RTI cycle took 0.015s
RTI cycle took 0.022s
RTI cycle took 0.025s
RTI cycle took 0.031s
RTI cycle took 0.030s
RTI cycle took 0.038s
RTI cycle took 0.021s
RTI cycle took 0.037s
RTI cycle took 0.019s
RTI cycle took 0.028s
RTI cycle took 0.017s
RTI cycle took 0.035s
RTI cycle took 0.037s
RTI cycle took 0.031s
RTI cycle took 0.029s
RTI cycle took 0.028s
RTI cycle took 0.032s
RTI cycle took 0.027s
RTI cycle took 0.034s
RTI cycle took 0.023s
RTI cycle took 0.031s
RTI cycle took 0.016s
RTI cycle took 0.032s
RTI cycle took 0.020s
RTI cycle took 0.041s
RTI cycle took 0.030s
RTI cycle took 0.026s
RTI cycle took 0.031s
RTI cycle took 0.017s
RTI cycle took 0.026s
RTI cycle took 0.040s
RTI cycle took 0.026s
RTI cycle took 0.030s
RTI cycle took 0.039s
RTI cycle took 0.028s
RTI cycle took 0.029s
RTI cycle took 0.030s
RTI cycle took 0.029s
RTI cycle took 0.028s
RTI cycle took 0.028s
RTI cycle took 0.028s
RTI cycle took 0.019s
RTI cycle took 0.028s
RTI cycle took 0.040s
RTI cycle took 0.020s
RTI cycle took 0.034s
[32mloggerd[0m [32mencoderd[0m [32mlogmessaged[0m [32mcamerad[0m [32mlogcatd[0m [32mproclogd[0m [32mmicd[0m [32mtimed[0m [32mdmonitoringmodeld[0m [32msensord[0m [32mui[0m [32msoundd[0m [32mlocationd[0m [32mcalibrationd[0m [32mtorqued[0m [32mcontrolsd[0m [32mselfdrived[0m [32mcard[0m [32mdeleter[0m [32mdmonitoringd[0m [32mqcomgpsd[0m [32mpandad[0m [32mparamsd[0m [32mlagd[0m [32mplannerd[0m [32mradard[0m [32mhardwared[0m [32mtombstoned[0m [32muploader[0m [32mstatsd[0m [32mfeedbackd[0m [32mmodeld_tinygrad[0m [32mmapd[0m [32mmapd_manager[0m [32mrtid[0m
[32mloggerd[0m [32mencoderd[0m [32mlogmessaged[0m [32mcamerad[0m [32mlogcatd[0m [32mproclogd[0m [32mmicd[0m [32mtimed[0m [32mdmonitoringmodeld[0m [32msensord[0m [32mui[0m [32msoundd[0m [32mlocationd[0m [32mcalibrationd[0m [32mtorqued[0m [32mcontrolsd[0m [32mselfdrived[0m [32mcard[0m [32mdeleter[0m [32mdmonitoringd[0m [32mqcomgpsd[0m [32mpandad[0m [32mparamsd[0m [32mlagd[0m [32mplannerd[0m [32mradard[0m [32mhardwared[0m [32mtombstoned[0m [32muploader[0m [32mstatsd[0m [32mfeedbackd[0m [32mmodeld_tinygrad[0m [32mmapd[0m [32mmapd_manager[0m [32mrtid[0m
[32mloggerd[0m [32mencoderd[0m [32mlogmessaged[0m [32mcamerad[0m [32mlogcatd[0m [32mproclogd[0m [32mmicd[0m [32mtimed[0m [32mdmonitoringmodeld[0m [32msensord[0m [32mui[0m [32msoundd[0m [32mlocationd[0m [32mcalibrationd[0m [32mtorqued[0m [32mcontrolsd[0m [32mselfdrived[0m [32mcard[0m [32mdeleter[0m [32mdmonitoringd[0m [32mqcomgpsd[0m [32mpandad[0m [32mparamsd[0m [32mlagd[0m [32mplannerd[0m [32mradard[0m [32mhardwared[0m [32mtombstoned[0m [32muploader[0m [32mstatsd[0m [32mfeedbackd[0m [32mmodeld_tinygrad[0m [32mmapd[0m [32mmapd_manager[0m [32mrtid[0m
[32mloggerd[0m [32mencoderd[0m [32mlogmessaged[0m [32mcamerad[0m [32mlogcatd[0m [32mproclogd[0m [32mmicd[0m [32mtimed[0m [32mdmonitoringmodeld[0m [32msensord[0m [32mui[0m [32msoundd[0m [32mlocationd[0m [32mcalibrationd[0m [32mtorqued[0m [32mcontrolsd[0m [32mselfdrived[0m [32mcard[0m [32mdeleter[0m [32mdmonitoringd[0m [32mqcomgpsd[0m [32mpandad[0m [32mparamsd[0m [32mlagd[0m [32mplannerd[0m [32mradard[0m [32mhardwared[0m [32mtombstoned[0m [32muploader[0m [32mstatsd[0m [32mfeedbackd[0m [32mmodeld_tinygrad[0m [32mmapd[0m [32mmapd_manager[0m [32mrtid[0m
[32mloggerd[0m [32mencoderd[0m [32mlogmessaged[0m [32mcamerad[0m [32mlogcatd[0m [32mproclogd[0m [32mmicd[0m [32mtimed[0m [32mdmonitoringmodeld[0m [32msensord[0m [32mui[0m [32msoundd[0m [32mlocationd[0m [32mcalibrationd[0m [32mtorqued[0m [32mcontrolsd[0m [32mselfdrived[0m [32mcard[0m [32mdeleter[0m [32mdmonitoringd[0m [32mqcomgpsd[0m [32mpandad[0m [32mparamsd[0m [32mlagd[0m [32mplannerd[0m [32mradard[0m [32mhardwared[0m [32mtombstoned[0m [32muploader[0m [32mstatsd[0m [32mfeedbackd[0m [32mmodeld_tinygrad[0m [32mmapd[0m [32mmapd_manager[0m [32mrtid[0m
[32mloggerd[0m [32mencoderd[0m [32mlogmessaged[0m [32mcamerad[0m [32mlogcatd[0m [32mproclogd[0m [32mmicd[0m [32mtimed[0m [32mdmonitoringmodeld[0m [32msensord[0m [32mui[0m [32msoundd[0m [32mlocationd[0m [32mcalibrationd[0m [32mtorqued[0m [32mcontrolsd[0m [32mselfdrived[0m [32mcard[0m [32mdeleter[0m [32mdmonitoringd[0m [32mqcomgpsd[0m [32mpandad[0m [32mparamsd[0m [32mlagd[0m [32mplannerd[0m [32mradard[0m [32mhardwared[0m [32mtombstoned[0m [32muploader[0m [32mstatsd[0m [32mfeedbackd[0m [32mmodeld_tinygrad[0m [32mmapd[0m [32mmapd_manager[0m [32mrtid[0m
[32mloggerd[0m [32mencoderd[0m [32mlogmessaged[0m [32mcamerad[0m [32mlogcatd[0m [32mproclogd[0m [32mmicd[0m [32mtimed[0m [32mdmonitoringmodeld[0m [32msensord[0m [32mui[0m [32msoundd[0m [32mlocationd[0m [32mcalibrationd[0m [32mtorqued[0m [32mcontrolsd[0m [32mselfdrived[0m [32mcard[0m [32mdeleter[0m [32mdmonitoringd[0m [32mqcomgpsd[0m [32mpandad[0m [32mparamsd[0m [32mlagd[0m [32mplannerd[0m [32mradard[0m [32mhardwared[0m [32mtombstoned[0m [32muploader[0m [32mstatsd[0m [32mfeedbackd[0m [32mmodeld_tinygrad[0m [32mmapd[0m [32mmapd_manager[0m [32mrtid[0m
[32mloggerd[0m [32mencoderd[0m [32mlogmessaged[0m [32mcamerad[0m [32mlogcatd[0m [32mproclogd[0m [32mmicd[0m [32mtimed[0m [32mdmonitoringmodeld[0m [32msensord[0m [32mui[0m [32msoundd[0m [32mlocationd[0m [32mcalibrationd[0m [32mtorqued[0m [32mcontrolsd[0m [32mselfdrived[0m [32mcard[0m [32mdeleter[0m [32mdmonitoringd[0m [32mqcomgpsd[0m [32mpandad[0m [32mparamsd[0m [32mlagd[0m [32mplannerd[0m [32mradard[0m [32mhardwared[0m [32mtombstoned[0m [32muploader[0m [32mstatsd[0m [32mfeedbackd[0m [32mmodeld_tinygrad[0m [32mmapd[0m [32mmapd_manager[0m [32mrtid[0m
[32mloggerd[0m [32mencoderd[0m [32mlogmessaged[0m [32mcamerad[0m [32mlogcatd[0m [32mproclogd[0m [32mmicd[0m [32mtimed[0m [32mdmonitoringmodeld[0m [32msensord[0m [32mui[0m [32msoundd[0m [32mlocationd[0m [32mcalibrationd[0m [32mtorqued[0m [32mcontrolsd[0m [32mselfdrived[0m [32mcard[0m [32mdeleter[0m [32mdmonitoringd[0m [32mqcomgpsd[0m [32mpandad[0m [32mparamsd[0m [32mlagd[0m [32mplannerd[0m [32mradard[0m [32mhardwared[0m [32mtombstoned[0m [32muploader[0m [32mstatsd[0m [32mfeedbackd[0m [32mmodeld_tinygrad[0m [32mmapd[0m [32mmapd_manager[0m [32mrtid[0m
[32mloggerd[0m [32mencoderd[0m [32mlogmessaged[0m [32mcamerad[0m [32mlogcatd[0m [32mproclogd[0m [32mmicd[0m [32mtimed[0m [32mdmonitoringmodeld[0m [32msensord[0m [32mui[0m [32msoundd[0m [32mlocationd[0m [32mcalibrationd[0m [32mtorqued[0m [32mcontrolsd[0m [32mselfdrived[0m [32mcard[0m [32mdeleter[0m [32mdmonitoringd[0m [32mqcomgpsd[0m [32mpandad[0m [32mparamsd[0m [32mlagd[0m [32mplannerd[0m [32mradard[0m [32mhardwared[0m [32mtombstoned[0m [32muploader[0m [32mstatsd[0m [32mfeedbackd[0m [32mmodeld_tinygrad[0m [32mmapd[0m [32mmapd_manager[0m [32mrtid[0m
[32mloggerd[0m [32mencoderd[0m [32mlogmessaged[0m [32mcamerad[0m [32mlogcatd[0m [32mproclogd[0m [32mmicd[0m [32mtimed[0m [32mdmonitoringmodeld[0m [32msensord[0m [32mui[0m [32msoundd[0m [32mlocationd[0m [32mcalibrationd[0m [32mtorqued[0m [32mcontrolsd[0m [32mselfdrived[0m [32mcard[0m [32mdeleter[0m [32mdmonitoringd[0m [32mqcomgpsd[0m [32mpandad[0m [32mparamsd[0m [32mlagd[0m [32mplannerd[0m [32mradard[0m [32mhardwared[0m [32mtombstoned[0m [32muploader[0m [32mstatsd[0m [32mfeedbackd[0m [32mmodeld_tinygrad[0m [32mmapd[0m [32mmapd_manager[0m [32mrtid[0m
[32mloggerd[0m [32mencoderd[0m [32mlogmessaged[0m [32mcamerad[0m [32mlogcatd[0m [32mproclogd[0m [32mmicd[0m [32mtimed[0m [32mdmonitoringmodeld[0m [32msensord[0m [32mui[0m [32msoundd[0m [32mlocationd[0m [32mcalibrationd[0m [32mtorqued[0m [32mcontrolsd[0m [32mselfdrived[0m [32mcard[0m [32mdeleter[0m [32mdmonitoringd[0m [32mqcomgpsd[0m [32mpandad[0m [32mparamsd[0m [32mlagd[0m [32mplannerd[0m [32mradard[0m [32mhardwared[0m [32mtombstoned[0m [32muploader[0m [32mstatsd[0m [32mfeedbackd[0m [32mmodeld_tinygrad[0m [32mmapd[0m [32mmapd_manager[0m [32mrtid[0m
[32mloggerd[0m [32mencoderd[0m [32mlogmessaged[0m [32mcamerad[0m [32mlogcatd[0m [32mproclogd[0m [32mmicd[0m [32mtimed[0m [32mdmonitoringmodeld[0m [32msensord[0m [32mui[0m [32msoundd[0m [32mlocationd[0m [32mcalibrationd[0m [32mtorqued[0m [32mcontrolsd[0m [32mselfdrived[0m [32mcard[0m [32mdeleter[0m [32mdmonitoringd[0m [32mqcomgpsd[0m [32mpandad[0m [32mparamsd[0m [32mlagd[0m [32mplannerd[0m [32mradard[0m [32mhardwared[0m [32mtombstoned[0m [32muploader[0m [32mstatsd[0m [32mfeedbackd[0m [32mmodeld_tinygrad[0m [32mmapd[0m [32mmapd_manager[0m [32mrtid[0m
RTI cycle took 0.022s
RTI cycle took 0.029s
RTI cycle took 0.041s
RTI cycle took 0.039s
RTI cycle took 0.029s
RTI cycle took 0.028s
RTI cycle took 0.040s
RTI cycle took 0.028s
RTI cycle took 0.036s
RTI cycle took 0.028s
RTI cycle took 0.030s
RTI cycle took 0.037s
RTI cycle took 0.033s
RTI cycle took 0.033s
RTI cycle took 0.033s
RTI cycle took 0.033s
RTI cycle took 0.011s
RTI cycle took 0.030s
RTI cycle took 0.028s
RTI cycle took 0.029s
RTI cycle took 0.017s
RTI cycle took 0.027s
RTI cycle took 0.039s
RTI cycle took 0.040s
RTI cycle took 0.031s
RTI cycle took 0.038s
RTI cycle took 0.046s
RTI cycle took 0.020s
RTI cycle took 0.030s
RTI cycle took 0.041s
RTI cycle took 0.038s
RTI cycle took 0.029s
RTI cycle took 0.018s
RTI cycle took 0.028s
RTI cycle took 0.040s
RTI cycle took 0.025s
RTI cycle took 0.029s
RTI cycle took 0.026s
RTI cycle took 0.029s
RTI cycle took 0.032s
RTI cycle took 0.028s
RTI cycle took 0.014s
RTI cycle took 0.022s
RTI cycle took 0.032s
RTI cycle took 0.036s
RTI cycle took 0.020s
RTI cycle took 0.027s
RTI cycle took 0.051s
RTI cycle took 0.020s
RTI cycle took 0.028s
RTI cycle took 0.017s
RTI cycle took 0.027s
RTI cycle took 0.029s
RTI cycle took 0.031s
RTI cycle took 0.026s
RTI cycle took 0.029s
RTI cycle took 0.029s
RTI cycle took 0.030s
RTI cycle took 0.031s
RTI cycle took 0.017s
RTI cycle took 0.028s
RTI cycle took 0.026s
RTI cycle took 0.029s
RTI cycle took 0.016s
RTI cycle took 0.023s
RTI cycle took 0.024s
RTI cycle took 0.030s
RTI cycle took 0.027s
RTI cycle took 0.031s
RTI cycle took 0.039s
RTI cycle took 0.039s
RTI cycle took 0.041s
RTI cycle took 0.029s
RTI cycle took 0.032s
RTI cycle took 0.029s
RTI cycle took 0.031s
RTI cycle took 0.036s
RTI cycle took 0.021s
RTI cycle took 0.030s
RTI cycle took 0.039s
RTI cycle took 0.036s
RTI cycle took 0.054s
RTI cycle took 0.024s
RTI cycle took 0.031s
RTI cycle took 0.028s
RTI cycle took 0.031s
RTI cycle took 0.018s
RTI cycle took 0.015s
RTI cycle took 0.029s
RTI cycle took 0.026s
RTI cycle took 0.037s
RTI cycle took 0.017s
RTI cycle took 0.028s
RTI cycle took 0.028s
RTI cycle took 0.034s
RTI cycle took 0.035s
RTI cycle took 0.019s
RTI cycle took 0.027s
RTI cycle took 0.031s
RTI cycle took 0.028s
RTI cycle took 0.030s
RTI cycle took 0.027s
RTI cycle took 0.041s
RTI cycle took 0.018s
RTI cycle took 0.027s
RTI cycle took 0.033s
RTI cycle took 0.034s
RTI cycle took 0.026s
RTI cycle took 0.026s
RTI cycle took 0.023s
RTI cycle took 0.034s
RTI cycle took 0.019s
RTI cycle took 0.033s
RTI cycle took 0.032s
RTI cycle took 0.041s
RTI cycle took 0.031s
RTI cycle took 0.027s
RTI cycle took 0.025s
RTI cycle took 0.032s
RTI cycle took 0.019s
RTI cycle took 0.027s
RTI cycle took 0.052s
RTI cycle took 0.014s
RTI cycle took 0.018s
RTI cycle took 0.027s
RTI cycle took 0.024s
RTI cycle took 0.024s
RTI cycle took 0.025s
RTI cycle took 0.043s
RTI cycle took 0.028s
RTI cycle took 0.019s
RTI cycle took 0.034s
RTI cycle took 0.031s
RTI cycle took 0.030s
RTI cycle took 0.028s
RTI cycle took 0.027s
RTI cycle took 0.042s
RTI cycle took 0.021s
RTI cycle took 0.022s
RTI cycle took 0.021s
RTI cycle took 0.028s
RTI cycle took 0.027s
RTI cycle took 0.029s
RTI cycle took 0.032s
RTI cycle took 0.028s
RTI cycle took 0.024s
RTI cycle took 0.023s
RTI cycle took 0.031s
RTI cycle took 0.017s
RTI cycle took 0.028s
RTI cycle took 0.037s
RTI cycle took 0.017s
RTI cycle took 0.026s
RTI cycle took 0.020s
RTI cycle took 0.021s
RTI cycle took 0.031s
RTI cycle took 0.027s
RTI cycle took 0.021s
RTI cycle took 0.029s
RTI cycle took 0.034s
RTI cycle took 0.030s
RTI cycle took 0.033s
RTI cycle took 0.015s
RTI cycle took 0.022s
RTI cycle took 0.043s
RTI cycle took 0.022s
RTI cycle took 0.029s
RTI cycle took 0.028s
RTI cycle took 0.037s
RTI cycle took 0.029s
RTI cycle took 0.017s
RTI cycle took 0.028s
RTI cycle took 0.035s
RTI cycle took 0.039s
RTI cycle took 0.028s
RTI cycle took 0.019s
RTI cycle took 0.025s
RTI cycle took 0.037s
RTI cycle took 0.027s
RTI cycle took 0.013s
RTI cycle took 0.031s
RTI cycle took 0.057s
RTI cycle took 0.023s
RTI cycle took 0.027s
RTI cycle took 0.039s
RTI cycle took 0.043s
RTI cycle took 0.026s
RTI cycle took 0.025s
RTI cycle took 0.029s
RTI cycle took 0.028s
RTI cycle took 0.030s
RTI cycle took 0.031s
RTI cycle took 0.017s
RTI cycle took 0.036s
RTI cycle took 0.029s
RTI cycle took 0.018s
RTI cycle took 0.028s
RTI cycle took 0.040s
RTI cycle took 0.020s
RTI cycle took 0.030s
RTI cycle took 0.025s
RTI cycle took 0.027s
RTI cycle took 0.030s
RTI cycle took 0.032s
RTI cycle took 0.038s
RTI cycle took 0.017s
RTI cycle took 0.026s
RTI cycle took 0.034s
RTI cycle took 0.015s
RTI cycle took 0.025s
[32mloggerd[0m [32mencoderd[0m [32mlogmessaged[0m [32mcamerad[0m [32mlogcatd[0m [32mproclogd[0m [32mmicd[0m [32mtimed[0m [32mdmonitoringmodeld[0m [32msensord[0m [32mui[0m [32msoundd[0m [32mlocationd[0m [32mcalibrationd[0m [32mtorqued[0m [32mcontrolsd[0m [32mselfdrived[0m [32mcard[0m [32mdeleter[0m [32mdmonitoringd[0m [32mqcomgpsd[0m [32mpandad[0m [32mparamsd[0m [32mlagd[0m [32mplannerd[0m [32mradard[0m [32mhardwared[0m [32mtombstoned[0m [32muploader[0m [32mstatsd[0m [32mfeedbackd[0m [32mmodeld_tinygrad[0m [32mmapd[0m [32mmapd_manager[0m [32mrtid[0m
[32mloggerd[0m [32mencoderd[0m [32mlogmessaged[0m [32mcamerad[0m [32mlogcatd[0m [32mproclogd[0m [32mmicd[0m [32mtimed[0m [32mdmonitoringmodeld[0m [32msensord[0m [32mui[0m [32msoundd[0m [32mlocationd[0m [32mcalibrationd[0m [32mtorqued[0m [32mcontrolsd[0m [32mselfdrived[0m [32mcard[0m [32mdeleter[0m [32mdmonitoringd[0m [32mqcomgpsd[0m [32mpandad[0m [32mparamsd[0m [32mlagd[0m [32mplannerd[0m [32mradard[0m [32mhardwared[0m [32mtombstoned[0m [32muploader[0m [32mstatsd[0m [32mfeedbackd[0m [32mmodeld_tinygrad[0m [32mmapd[0m [32mmapd_manager[0m [32mrtid[0m
[32mloggerd[0m [32mencoderd[0m [32mlogmessaged[0m [32mcamerad[0m [32mlogcatd[0m [32mproclogd[0m [32mmicd[0m [32mtimed[0m [32mdmonitoringmodeld[0m [32msensord[0m [32mui[0m [32msoundd[0m [32mlocationd[0m [32mcalibrationd[0m [32mtorqued[0m [32mcontrolsd[0m [32mselfdrived[0m [32mcard[0m [32mdeleter[0m [32mdmonitoringd[0m [32mqcomgpsd[0m [32mpandad[0m [32mparamsd[0m [32mlagd[0m [32mplannerd[0m [32mradard[0m [32mhardwared[0m [32mtombstoned[0m [32muploader[0m [32mstatsd[0m [32mfeedbackd[0m [32mmodeld_tinygrad[0m [32mmapd[0m [32mmapd_manager[0m [32mrtid[0m
[32mloggerd[0m [32mencoderd[0m [32mlogmessaged[0m [32mcamerad[0m [32mlogcatd[0m [32mproclogd[0m [32mmicd[0m [32mtimed[0m [32mdmonitoringmodeld[0m [32msensord[0m [32mui[0m [32msoundd[0m [32mlocationd[0m [32mcalibrationd[0m [32mtorqued[0m [32mcontrolsd[0m [32mselfdrived[0m [32mcard[0m [32mdeleter[0m [32mdmonitoringd[0m [32mqcomgpsd[0m [32mpandad[0m [32mparamsd[0m [32mlagd[0m [32mplannerd[0m [32mradard[0m [32mhardwared[0m [32mtombstoned[0m [32muploader[0m [32mstatsd[0m [32mfeedbackd[0m [32mmodeld_tinygrad[0m [32mmapd[0m [32mmapd_manager[0m [32mrtid[0m
[32mloggerd[0m [32mencoderd[0m [32mlogmessaged[0m [32mcamerad[0m [32mlogcatd[0m [32mproclogd[0m [32mmicd[0m [32mtimed[0m [32mdmonitoringmodeld[0m [32msensord[0m [32mui[0m [32msoundd[0m [32mlocationd[0m [32mcalibrationd[0m [32mtorqued[0m [32mcontrolsd[0m [32mselfdrived[0m [32mcard[0m [32mdeleter[0m [32mdmonitoringd[0m [32mqcomgpsd[0m [32mpandad[0m [32mparamsd[0m [32mlagd[0m [32mplannerd[0m [32mradard[0m [32mhardwared[0m [32mtombstoned[0m [32muploader[0m [32mstatsd[0m [32mfeedbackd[0m [32mmodeld_tinygrad[0m [32mmapd[0m [32mmapd_manager[0m [32mrtid[0m
[32mloggerd[0m [32mencoderd[0m [32mlogmessaged[0m [32mcamerad[0m [32mlogcatd[0m [32mproclogd[0m [32mmicd[0m [32mtimed[0m [32mdmonitoringmodeld[0m [32msensord[0m [32mui[0m [32msoundd[0m [32mlocationd[0m [32mcalibrationd[0m [32mtorqued[0m [32mcontrolsd[0m [32mselfdrived[0m [32mcard[0m [32mdeleter[0m [32mdmonitoringd[0m [32mqcomgpsd[0m [32mpandad[0m [32mparamsd[0m [32mlagd[0m [32mplannerd[0m [32mradard[0m [32mhardwared[0m [32mtombstoned[0m [32muploader[0m [32mstatsd[0m [32mfeedbackd[0m [32mmodeld_tinygrad[0m [32mmapd[0m [32mmapd_manager[0m [32mrtid[0m
[32mloggerd[0m [32mencoderd[0m [32mlogmessaged[0m [32mcamerad[0m [32mlogcatd[0m [32mproclogd[0m [32mmicd[0m [32mtimed[0m [32mdmonitoringmodeld[0m [32msensord[0m [32mui[0m [32msoundd[0m [32mlocationd[0m [32mcalibrationd[0m [32mtorqued[0m [32mcontrolsd[0m [32mselfdrived[0m [32mcard[0m [32mdeleter[0m [32mdmonitoringd[0m [32mqcomgpsd[0m [32mpandad[0m [32mparamsd[0m [32mlagd[0m [32mplannerd[0m [32mradard[0m [32mhardwared[0m [32mtombstoned[0m [32muploader[0m [32mstatsd[0m [32mfeedbackd[0m [32mmodeld_tinygrad[0m [32mmapd[0m [32mmapd_manager[0m [32mrtid[0m
[32mloggerd[0m [32mencoderd[0m [32mlogmessaged[0m [32mcamerad[0m [32mlogcatd[0m [32mproclogd[0m [32mmicd[0m [32mtimed[0m [32mdmonitoringmodeld[0m [32msensord[0m [32mui[0m [32msoundd[0m [32mlocationd[0m [32mcalibrationd[0m [32mtorqued[0m [32mcontrolsd[0m [32mselfdrived[0m [32mcard[0m [32mdeleter[0m [32mdmonitoringd[0m [32mqcomgpsd[0m [32mpandad[0m [32mparamsd[0m [32mlagd[0m [32mplannerd[0m [32mradard[0m [32mhardwared[0m [32mtombstoned[0m [32muploader[0m [32mstatsd[0m [32mfeedbackd[0m [32mmodeld_tinygrad[0m [32mmapd[0m [32mmapd_manager[0m [32mrtid[0m
[32mloggerd[0m [32mencoderd[0m [32mlogmessaged[0m [32mcamerad[0m [32mlogcatd[0m [32mproclogd[0m [32mmicd[0m [32mtimed[0m [32mdmonitoringmodeld[0m [32msensord[0m [32mui[0m [32msoundd[0m [32mlocationd[0m [32mcalibrationd[0m [32mtorqued[0m [32mcontrolsd[0m [32mselfdrived[0m [32mcard[0m [32mdeleter[0m [32mdmonitoringd[0m [32mqcomgpsd[0m [32mpandad[0m [32mparamsd[0m [32mlagd[0m [32mplannerd[0m [32mradard[0m [32mhardwared[0m [32mtombstoned[0m [32muploader[0m [32mstatsd[0m [32mfeedbackd[0m [32mmodeld_tinygrad[0m [32mmapd[0m [32mmapd_manager[0m [32mrtid[0m
[32mloggerd[0m [32mencoderd[0m [32mlogmessaged[0m [32mcamerad[0m [32mlogcatd[0m [32mproclogd[0m [32mmicd[0m [32mtimed[0m [32mdmonitoringmodeld[0m [32msensord[0m [32mui[0m [32msoundd[0m [32mlocationd[0m [32mcalibrationd[0m [32mtorqued[0m [32mcontrolsd[0m [32mselfdrived[0m [32mcard[0m [32mdeleter[0m [32mdmonitoringd[0m [32mqcomgpsd[0m [32mpandad[0m [32mparamsd[0m [32mlagd[0m [32mplannerd[0m [32mradard[0m [32mhardwared[0m [32mtombstoned[0m [32muploader[0m [32mstatsd[0m [32mfeedbackd[0m [32mmodeld_tinygrad[0m [32mmapd[0m [32mmapd_manager[0m [32mrtid[0m
[32mloggerd[0m [32mencoderd[0m [32mlogmessaged[0m [32mcamerad[0m [32mlogcatd[0m [32mproclogd[0m [32mmicd[0m [32mtimed[0m [32mdmonitoringmodeld[0m [32msensord[0m [32mui[0m [32msoundd[0m [32mlocationd[0m [32mcalibrationd[0m [32mtorqued[0m [32mcontrolsd[0m [32mselfdrived[0m [32mcard[0m [32mdeleter[0m [32mdmonitoringd[0m [32mqcomgpsd[0m [32mpandad[0m [32mparamsd[0m [32mlagd[0m [32mplannerd[0m [32mradard[0m [32mhardwared[0m [32mtombstoned[0m [32muploader[0m [32mstatsd[0m [32mfeedbackd[0m [32mmodeld_tinygrad[0m [32mmapd[0m [32mmapd_manager[0m [32mrtid[0m
[32mloggerd[0m [32mencoderd[0m [32mlogmessaged[0m [32mcamerad[0m [32mlogcatd[0m [32mproclogd[0m [32mmicd[0m [32mtimed[0m [32mdmonitoringmodeld[0m [32msensord[0m [32mui[0m [32msoundd[0m [32mlocationd[0m [32mcalibrationd[0m [32mtorqued[0m [32mcontrolsd[0m [32mselfdrived[0m [32mcard[0m [32mdeleter[0m [32mdmonitoringd[0m [32mqcomgpsd[0m [32mpandad[0m [32mparamsd[0m [32mlagd[0m [32mplannerd[0m [32mradard[0m [32mhardwared[0m [32mtombstoned[0m [32muploader[0m [32mstatsd[0m [32mfeedbackd[0m [32mmodeld_tinygrad[0m [32mmapd[0m [32mmapd_manager[0m [32mrtid[0m
[32mloggerd[0m [32mencoderd[0m [32mlogmessaged[0m [32mcamerad[0m [32mlogcatd[0m [32mproclogd[0m [32mmicd[0m [32mtimed[0m [32mdmonitoringmodeld[0m [32msensord[0m [32mui[0m [32msoundd[0m [32mlocationd[0m [32mcalibrationd[0m [32mtorqued[0m [32mcontrolsd[0m [32mselfdrived[0m [32mcard[0m [32mdeleter[0m [32mdmonitoringd[0m [32mqcomgpsd[0m [32mpandad[0m [32mparamsd[0m [32mlagd[0m [32mplannerd[0m [32mradard[0m [32mhardwared[0m [32mtombstoned[0m [32muploader[0m [32mstatsd[0m [32mfeedbackd[0m [32mmodeld_tinygrad[0m [32mmapd[0m [32mmapd_manager[0m [32mrtid[0m
RTI cycle took 0.030s
RTI cycle took 0.039s
RTI cycle took 0.033s
RTI cycle took 0.030s
RTI cycle took 0.029s
RTI cycle took 0.032s
RTI cycle took 0.035s
RTI cycle took 0.031s
RTI cycle took 0.017s
RTI cycle took 0.029s
RTI cycle took 0.015s
RTI cycle took 0.025s
RTI cycle took 0.017s
RTI cycle took 0.025s
RTI cycle took 0.031s
RTI cycle took 0.030s
RTI cycle took 0.036s
RTI cycle took 0.021s
RTI cycle took 0.039s
RTI cycle took 0.019s
RTI cycle took 0.027s
RTI cycle took 0.027s
RTI cycle took 0.019s
RTI cycle took 0.026s
RTI cycle took 0.040s
RTI cycle took 0.027s
RTI cycle took 0.020s
RTI cycle took 0.029s
RTI cycle took 0.035s
RTI cycle took 0.021s
RTI cycle took 0.029s
RTI cycle took 0.039s
RTI cycle took 0.024s
RTI cycle took 0.028s
RTI cycle took 0.037s
RTI cycle took 0.049s
RTI cycle took 0.036s
RTI cycle took 0.041s
RTI cycle took 0.030s
RTI cycle took 0.026s
RTI cycle took 0.022s
RTI cycle took 0.027s
RTI cycle took 0.042s
RTI cycle took 0.026s
RTI cycle took 0.018s
RTI cycle took 0.026s
RTI cycle took 0.032s
RTI cycle took 0.025s
RTI cycle took 0.028s
RTI cycle took 0.032s
RTI cycle took 0.021s
RTI cycle took 0.039s
RTI cycle took 0.027s
RTI cycle took 0.020s
RTI cycle took 0.041s
RTI cycle took 0.032s
RTI cycle took 0.023s
RTI cycle took 0.038s
RTI cycle took 0.028s
RTI cycle took 0.031s
RTI cycle took 0.040s
RTI cycle took 0.020s
RTI cycle took 0.027s
RTI cycle took 0.020s
RTI cycle took 0.017s
RTI cycle took 0.027s
RTI cycle took 0.026s
RTI cycle took 0.029s
RTI cycle took 0.044s
RTI cycle took 0.035s
RTI cycle took 0.018s
RTI cycle took 0.028s
RTI cycle took 0.040s
RTI cycle took 0.019s
RTI cycle took 0.020s
RTI cycle took 0.026s
RTI cycle took 0.029s
RTI cycle took 0.019s
RTI cycle took 0.019s
RTI cycle took 0.025s
RTI cycle took 0.027s
RTI cycle took 0.019s
RTI cycle took 0.031s
RTI cycle took 0.039s
RTI cycle took 0.026s
RTI cycle took 0.027s
RTI cycle took 0.028s
RTI cycle took 0.030s
RTI cycle took 0.017s
RTI cycle took 0.023s
RTI cycle took 0.019s
RTI cycle took 0.027s
RTI cycle took 0.020s
RTI cycle took 0.029s
RTI cycle took 0.019s
RTI cycle took 0.028s
RTI cycle took 0.030s
RTI cycle took 0.029s
RTI cycle took 0.023s
RTI cycle took 0.016s
RTI cycle took 0.019s
RTI cycle took 0.028s
RTI cycle took 0.029s
RTI cycle took 0.042s
RTI cycle took 0.023s
RTI cycle took 0.027s
RTI cycle took 0.020s
RTI cycle took 0.020s
RTI cycle took 0.026s
RTI cycle took 0.038s
RTI cycle took 0.022s
RTI cycle took 0.027s
RTI cycle took 0.040s
RTI cycle took 0.027s
RTI cycle took 0.031s
RTI cycle took 0.030s
RTI cycle took 0.031s
RTI cycle took 0.037s
RTI cycle took 0.017s
RTI cycle took 0.027s
RTI cycle took 0.028s
RTI cycle took 0.030s
RTI cycle took 0.017s
RTI cycle took 0.028s
RTI cycle took 0.020s
RTI cycle took 0.027s
RTI cycle took 0.028s
RTI cycle took 0.028s
RTI cycle took 0.020s
RTI cycle took 0.027s
RTI cycle took 0.029s
RTI cycle took 0.019s
RTI cycle took 0.028s
RTI cycle took 0.037s
RTI cycle took 0.024s
RTI cycle took 0.028s
RTI cycle took 0.027s
RTI cycle took 0.041s
RTI cycle took 0.026s
RTI cycle took 0.033s
RTI cycle took 0.025s
RTI cycle took 0.040s
RTI cycle took 0.027s
RTI cycle took 0.036s
RTI cycle took 0.035s
RTI cycle took 0.026s
RTI cycle took 0.030s
RTI cycle took 0.034s
RTI cycle took 0.026s
RTI cycle took 0.027s
RTI cycle took 0.029s
RTI cycle took 0.042s
RTI cycle took 0.025s
RTI cycle took 0.041s
RTI cycle took 0.032s
RTI cycle took 0.037s
RTI cycle took 0.018s
RTI cycle took 0.027s
RTI cycle took 0.019s
RTI cycle took 0.029s
RTI cycle took 0.028s
RTI cycle took 0.018s
RTI cycle took 0.036s
RTI cycle took 0.040s
RTI cycle took 0.027s
RTI cycle took 0.024s
RTI cycle took 0.031s
RTI cycle took 0.031s
RTI cycle took 0.038s
RTI cycle took 0.020s
RTI cycle took 0.019s
RTI cycle took 0.022s
RTI cycle took 0.027s
RTI cycle took 0.029s
RTI cycle took 0.022s
RTI cycle took 0.026s
RTI cycle took 0.030s
RTI cycle took 0.032s
RTI cycle took 0.016s
RTI cycle took 0.025s
RTI cycle took 0.023s
RTI cycle took 0.030s
RTI cycle took 0.030s
RTI cycle took 0.032s
RTI cycle took 0.038s
RTI cycle took 0.037s
RTI cycle took 0.021s
RTI cycle took 0.039s
RTI cycle took 0.016s
RTI cycle took 0.027s
RTI cycle took 0.037s
RTI cycle took 0.020s
RTI cycle took 0.022s
RTI cycle took 0.029s
RTI cycle took 0.029s
RTI cycle took 0.019s
RTI cycle took 0.027s
RTI cycle took 0.020s
RTI cycle took 0.028s
RTI cycle took 0.034s
RTI cycle took 0.027s
RTI cycle took 0.017s
RTI cycle took 0.023s
RTI cycle took 0.048s
RTI cycle took 0.038s
RTI cycle took 0.019s
RTI cycle took 0.028s
RTI cycle took 0.028s
RTI cycle took 0.030s
RTI cycle took 0.027s
RTI cycle took 0.030s
RTI cycle took 0.030s
RTI cycle took 0.017s
RTI cycle took 0.038s
RTI cycle took 0.038s
RTI cycle took 0.019s
RTI cycle took 0.028s
RTI cycle took 0.031s
RTI cycle took 0.030s
[32mloggerd[0m [32mencoderd[0m [32mlogmessaged[0m [32mcamerad[0m [32mlogcatd[0m [32mproclogd[0m [32mmicd[0m [32mtimed[0m [32mdmonitoringmodeld[0m [32msensord[0m [32mui[0m [32msoundd[0m [32mlocationd[0m [32mcalibrationd[0m [32mtorqued[0m [32mcontrolsd[0m [32mselfdrived[0m [32mcard[0m [32mdeleter[0m [32mdmonitoringd[0m [32mqcomgpsd[0m [32mpandad[0m [32mparamsd[0m [32mlagd[0m [32mplannerd[0m [32mradard[0m [32mhardwared[0m [32mtombstoned[0m [32muploader[0m [32mstatsd[0m [32mfeedbackd[0m [32mmodeld_tinygrad[0m [32mmapd[0m [32mmapd_manager[0m [32mrtid[0m
[32mloggerd[0m [32mencoderd[0m [32mlogmessaged[0m [32mcamerad[0m [32mlogcatd[0m [32mproclogd[0m [32mmicd[0m [32mtimed[0m [32mdmonitoringmodeld[0m [32msensord[0m [32mui[0m [32msoundd[0m [32mlocationd[0m [32mcalibrationd[0m [32mtorqued[0m [32mcontrolsd[0m [32mselfdrived[0m [32mcard[0m [32mdeleter[0m [32mdmonitoringd[0m [32mqcomgpsd[0m [32mpandad[0m [32mparamsd[0m [32mlagd[0m [32mplannerd[0m [32mradard[0m [32mhardwared[0m [32mtombstoned[0m [32muploader[0m [32mstatsd[0m [32mfeedbackd[0m [32mmodeld_tinygrad[0m [32mmapd[0m [32mmapd_manager[0m [32mrtid[0m
[32mloggerd[0m [32mencoderd[0m [32mlogmessaged[0m [32mcamerad[0m [32mlogcatd[0m [32mproclogd[0m [32mmicd[0m [32mtimed[0m [32mdmonitoringmodeld[0m [32msensord[0m [32mui[0m [32msoundd[0m [32mlocationd[0m [32mcalibrationd[0m [32mtorqued[0m [32mcontrolsd[0m [32mselfdrived[0m [32mcard[0m [32mdeleter[0m [32mdmonitoringd[0m [32mqcomgpsd[0m [32mpandad[0m [32mparamsd[0m [32mlagd[0m [32mplannerd[0m [32mradard[0m [32mhardwared[0m [32mtombstoned[0m [32muploader[0m [32mstatsd[0m [32mfeedbackd[0m [32mmodeld_tinygrad[0m [32mmapd[0m [32mmapd_manager[0m [32mrtid[0m
[32mloggerd[0m [32mencoderd[0m [32mlogmessaged[0m [32mcamerad[0m [32mlogcatd[0m [32mproclogd[0m [32mmicd[0m [32mtimed[0m [32mdmonitoringmodeld[0m [32msensord[0m [32mui[0m [32msoundd[0m [32mlocationd[0m [32mcalibrationd[0m [32mtorqued[0m [32mcontrolsd[0m [32mselfdrived[0m [32mcard[0m [32mdeleter[0m [32mdmonitoringd[0m [32mqcomgpsd[0m [32mpandad[0m [32mparamsd[0m [32mlagd[0m [32mplannerd[0m [32mradard[0m [32mhardwared[0m [32mtombstoned[0m [32muploader[0m [32mstatsd[0m [32mfeedbackd[0m [32mmodeld_tinygrad[0m [32mmapd[0m [32mmapd_manager[0m [32mrtid[0m
[32mloggerd[0m [32mencoderd[0m [32mlogmessaged[0m [32mcamerad[0m [32mlogcatd[0m [32mproclogd[0m [32mmicd[0m [32mtimed[0m [32mdmonitoringmodeld[0m [32msensord[0m [32mui[0m [32msoundd[0m [32mlocationd[0m [32mcalibrationd[0m [32mtorqued[0m [32mcontrolsd[0m [32mselfdrived[0m [32mcard[0m [32mdeleter[0m [32mdmonitoringd[0m [32mqcomgpsd[0m [32mpandad[0m [32mparamsd[0m [32mlagd[0m [32mplannerd[0m [32mradard[0m [32mhardwared[0m [32mtombstoned[0m [32muploader[0m [32mstatsd[0m [32mfeedbackd[0m [32mmodeld_tinygrad[0m [32mmapd[0m [32mmapd_manager[0m [32mrtid[0m
[32mloggerd[0m [32mencoderd[0m [32mlogmessaged[0m [32mcamerad[0m [32mlogcatd[0m [32mproclogd[0m [32mmicd[0m [32mtimed[0m [32mdmonitoringmodeld[0m [32msensord[0m [32mui[0m [32msoundd[0m [32mlocationd[0m [32mcalibrationd[0m [32mtorqued[0m [32mcontrolsd[0m [32mselfdrived[0m [32mcard[0m [32mdeleter[0m [32mdmonitoringd[0m [32mqcomgpsd[0m [32mpandad[0m [32mparamsd[0m [32mlagd[0m [32mplannerd[0m [32mradard[0m [32mhardwared[0m [32mtombstoned[0m [32muploader[0m [32mstatsd[0m [32mfeedbackd[0m [32mmodeld_tinygrad[0m [32mmapd[0m [32mmapd_manager[0m [32mrtid[0m
[32mloggerd[0m [32mencoderd[0m [32mlogmessaged[0m [32mcamerad[0m [32mlogcatd[0m [32mproclogd[0m [32mmicd[0m [32mtimed[0m [32mdmonitoringmodeld[0m [32msensord[0m [32mui[0m [32msoundd[0m [32mlocationd[0m [32mcalibrationd[0m [32mtorqued[0m [32mcontrolsd[0m [32mselfdrived[0m [32mcard[0m [32mdeleter[0m [32mdmonitoringd[0m [32mqcomgpsd[0m [32mpandad[0m [32mparamsd[0m [32mlagd[0m [32mplannerd[0m [32mradard[0m [32mhardwared[0m [32mtombstoned[0m [32muploader[0m [32mstatsd[0m [32mfeedbackd[0m [32mmodeld_tinygrad[0m [32mmapd[0m [32mmapd_manager[0m [32mrtid[0m
[32mloggerd[0m [32mencoderd[0m [32mlogmessaged[0m [32mcamerad[0m [32mlogcatd[0m [32mproclogd[0m [32mmicd[0m [32mtimed[0m [32mdmonitoringmodeld[0m [32msensord[0m [32mui[0m [32msoundd[0m [32mlocationd[0m [32mcalibrationd[0m [32mtorqued[0m [32mcontrolsd[0m [32mselfdrived[0m [32mcard[0m [32mdeleter[0m [32mdmonitoringd[0m [32mqcomgpsd[0m [32mpandad[0m [32mparamsd[0m [32mlagd[0m [32mplannerd[0m [32mradard[0m [32mhardwared[0m [32mtombstoned[0m [32muploader[0m [32mstatsd[0m [32mfeedbackd[0m [32mmodeld_tinygrad[0m [32mmapd[0m [32mmapd_manager[0m [32mrtid[0m
[32mloggerd[0m [32mencoderd[0m [32mlogmessaged[0m [32mcamerad[0m [32mlogcatd[0m [32mproclogd[0m [32mmicd[0m [32mtimed[0m [32mdmonitoringmodeld[0m [32msensord[0m [32mui[0m [32msoundd[0m [32mlocationd[0m [32mcalibrationd[0m [32mtorqued[0m [32mcontrolsd[0m [32mselfdrived[0m [32mcard[0m [32mdeleter[0m [32mdmonitoringd[0m [32mqcomgpsd[0m [32mpandad[0m [32mparamsd[0m [32mlagd[0m [32mplannerd[0m [32mradard[0m [32mhardwared[0m [32mtombstoned[0m [32muploader[0m [32mstatsd[0m [32mfeedbackd[0m [32mmodeld_tinygrad[0m [32mmapd[0m [32mmapd_manager[0m [32mrtid[0m
[32mloggerd[0m [32mencoderd[0m [32mlogmessaged[0m [32mcamerad[0m [32mlogcatd[0m [32mproclogd[0m [32mmicd[0m [32mtimed[0m [32mdmonitoringmodeld[0m [32msensord[0m [32mui[0m [32msoundd[0m [32mlocationd[0m [32mcalibrationd[0m [32mtorqued[0m [32mcontrolsd[0m [32mselfdrived[0m [32mcard[0m [32mdeleter[0m [32mdmonitoringd[0m [32mqcomgpsd[0m [32mpandad[0m [32mparamsd[0m [32mlagd[0m [32mplannerd[0m [32mradard[0m [32mhardwared[0m [32mtombstoned[0m [32muploader[0m [32mstatsd[0m [32mfeedbackd[0m [32mmodeld_tinygrad[0m [32mmapd[0m [32mmapd_manager[0m [32mrtid[0m
[32mloggerd[0m [32mencoderd[0m [32mlogmessaged[0m [32mcamerad[0m [32mlogcatd[0m [32mproclogd[0m [32mmicd[0m [32mtimed[0m [32mdmonitoringmodeld[0m [32msensord[0m [32mui[0m [32msoundd[0m [32mlocationd[0m [32mcalibrationd[0m [32mtorqued[0m [32mcontrolsd[0m [32mselfdrived[0m [32mcard[0m [32mdeleter[0m [32mdmonitoringd[0m [32mqcomgpsd[0m [32mpandad[0m [32mparamsd[0m [32mlagd[0m [32mplannerd[0m [32mradard[0m [32mhardwared[0m [32mtombstoned[0m [32muploader[0m [32mstatsd[0m [32mfeedbackd[0m [32mmodeld_tinygrad[0m [32mmapd[0m [32mmapd_manager[0m [32mrtid[0m
[32mloggerd[0m [32mencoderd[0m [32mlogmessaged[0m [32mcamerad[0m [32mlogcatd[0m [32mproclogd[0m [32mmicd[0m [32mtimed[0m [32mdmonitoringmodeld[0m [32msensord[0m [32mui[0m [32msoundd[0m [32mlocationd[0m [32mcalibrationd[0m [32mtorqued[0m [32mcontrolsd[0m [32mselfdrived[0m [32mcard[0m [32mdeleter[0m [32mdmonitoringd[0m [32mqcomgpsd[0m [32mpandad[0m [32mparamsd[0m [32mlagd[0m [32mplannerd[0m [32mradard[0m [32mhardwared[0m [32mtombstoned[0m [32muploader[0m [32mstatsd[0m [32mfeedbackd[0m [32mmodeld_tinygrad[0m [32mmapd[0m [32mmapd_manager[0m [32mrtid[0m
[32mloggerd[0m [32mencoderd[0m [32mlogmessaged[0m [32mcamerad[0m [32mlogcatd[0m [32mproclogd[0m [32mmicd[0m [32mtimed[0m [32mdmonitoringmodeld[0m [32msensord[0m [32mui[0m [32msoundd[0m [32mlocationd[0m [32mcalibrationd[0m [32mtorqued[0m [32mcontrolsd[0m [32mselfdrived[0m [32mcard[0m [32mdeleter[0m [32mdmonitoringd[0m [32mqcomgpsd[0m [32mpandad[0m [32mparamsd[0m [32mlagd[0m [32mplannerd[0m [32mradard[0m [32mhardwared[0m [32mtombstoned[0m [32muploader[0m [32mstatsd[0m [32mfeedbackd[0m [32mmodeld_tinygrad[0m [32mmapd[0m [32mmapd_manager[0m [32mrtid[0m
RTI cycle took 0.037s
RTI cycle took 0.021s
RTI cycle took 0.029s
RTI cycle took 0.030s
RTI cycle took 0.026s
RTI cycle took 0.021s
RTI cycle took 0.030s
RTI cycle took 0.027s
RTI cycle took 0.028s
RTI cycle took 0.029s
RTI cycle took 0.021s
RTI cycle took 0.030s
RTI cycle took 0.037s
RTI cycle took 0.021s
RTI cycle took 0.028s
RTI cycle took 0.039s
RTI cycle took 0.039s
RTI cycle took 0.029s
RTI cycle took 0.018s
RTI cycle took 0.027s
RTI cycle took 0.018s
RTI cycle took 0.027s
RTI cycle took 0.030s
RTI cycle took 0.030s
RTI cycle took 0.025s
RTI cycle took 0.027s
RTI cycle took 0.031s
RTI cycle took 0.019s
RTI cycle took 0.012s
RTI cycle took 0.018s
RTI cycle took 0.023s
RTI cycle took 0.021s
RTI cycle took 0.030s
RTI cycle took 0.018s
RTI cycle took 0.036s
RTI cycle took 0.028s
RTI cycle took 0.029s
RTI cycle took 0.030s
RTI cycle took 0.038s
RTI cycle took 0.019s
RTI cycle took 0.051s
RTI cycle took 0.046s
RTI cycle took 0.037s
RTI cycle took 0.020s
RTI cycle took 0.017s
RTI cycle took 0.025s
RTI cycle took 0.032s
RTI cycle took 0.038s
RTI cycle took 0.027s
RTI cycle took 0.030s
RTI cycle took 0.028s
RTI cycle took 0.019s
RTI cycle took 0.016s
RTI cycle took 0.023s
RTI cycle took 0.019s
RTI cycle took 0.028s
RTI cycle took 0.029s
RTI cycle took 0.032s
RTI cycle took 0.026s
RTI cycle took 0.029s
RTI cycle took 0.042s
RTI cycle took 0.027s
RTI cycle took 0.042s
RTI cycle took 0.027s
RTI cycle took 0.039s
RTI cycle took 0.037s
RTI cycle took 0.027s
RTI cycle took 0.033s
RTI cycle took 0.027s
RTI cycle took 0.030s
RTI cycle took 0.022s
RTI cycle took 0.025s
RTI cycle took 0.039s
RTI cycle took 0.019s
RTI cycle took 0.028s
RTI cycle took 0.038s
RTI cycle took 0.039s
RTI cycle took 0.030s
RTI cycle took 0.037s
RTI cycle took 0.020s
RTI cycle took 0.018s
RTI cycle took 0.040s
RTI cycle took 0.037s
RTI cycle took 0.026s
RTI cycle took 0.031s
RTI cycle took 0.030s
RTI cycle took 0.036s
RTI cycle took 0.030s
RTI cycle took 0.032s
RTI cycle took 0.025s
RTI cycle took 0.021s
RTI cycle took 0.041s
RTI cycle took 0.015s
RTI cycle took 0.036s
RTI cycle took 0.039s
RTI cycle took 0.031s
RTI cycle took 0.028s
RTI cycle took 0.029s
RTI cycle took 0.018s
RTI cycle took 0.036s
RTI cycle took 0.039s
RTI cycle took 0.028s
RTI cycle took 0.029s
RTI cycle took 0.030s
RTI cycle took 0.033s
RTI cycle took 0.036s
RTI cycle took 0.019s
RTI cycle took 0.028s
RTI cycle took 0.031s
RTI cycle took 0.029s
RTI cycle took 0.027s
RTI cycle took 0.029s
RTI cycle took 0.030s
RTI cycle took 0.028s
RTI cycle took 0.038s
RTI cycle took 0.030s
RTI cycle took 0.051s
RTI cycle took 0.045s
RTI cycle took 0.028s
RTI cycle took 0.018s
RTI cycle took 0.035s
RTI cycle took 0.028s
RTI cycle took 0.031s
RTI cycle took 0.038s
RTI cycle took 0.021s
RTI cycle took 0.028s
RTI cycle took 0.039s
RTI cycle took 0.031s
RTI cycle took 0.021s
RTI cycle took 0.032s
RTI cycle took 0.029s
RTI cycle took 0.020s
RTI cycle took 0.039s
RTI cycle took 0.027s
RTI cycle took 0.027s
RTI cycle took 0.031s
RTI cycle took 0.029s
RTI cycle took 0.031s
RTI cycle took 0.019s
RTI cycle took 0.029s
RTI cycle took 0.017s
RTI cycle took 0.032s
RTI cycle took 0.024s
RTI cycle took 0.030s
RTI cycle took 0.016s
RTI cycle took 0.024s
RTI cycle took 0.018s
RTI cycle took 0.037s
RTI cycle took 0.028s
RTI cycle took 0.041s
RTI cycle took 0.018s
RTI cycle took 0.028s
RTI cycle took 0.017s
RTI cycle took 0.026s
RTI cycle took 0.025s
RTI cycle took 0.040s
RTI cycle took 0.031s
RTI cycle took 0.027s
RTI cycle took 0.021s
RTI cycle took 0.017s
RTI cycle took 0.029s
RTI cycle took 0.024s
RTI cycle took 0.042s
RTI cycle took 0.036s
RTI cycle took 0.017s
RTI cycle took 0.036s
RTI cycle took 0.026s
RTI cycle took 0.031s
RTI cycle took 0.030s
RTI cycle took 0.033s
RTI cycle took 0.036s
RTI cycle took 0.018s
RTI cycle took 0.027s
RTI cycle took 0.035s
RTI cycle took 0.029s
RTI cycle took 0.032s
RTI cycle took 0.030s
RTI cycle took 0.017s
RTI cycle took 0.026s
RTI cycle took 0.031s
RTI cycle took 0.035s
RTI cycle took 0.037s
RTI cycle took 0.028s
RTI cycle took 0.039s
RTI cycle took 0.030s
RTI cycle took 0.038s
RTI cycle took 0.030s
RTI cycle took 0.019s
RTI cycle took 0.031s
RTI cycle took 0.031s
stats dir full
RTI cycle took 0.029s
RTI cycle took 0.029s
RTI cycle took 0.027s
RTI cycle took 0.034s
RTI cycle took 0.028s
RTI cycle took 0.027s
RTI cycle took 0.055s
RTI cycle took 0.031s
RTI cycle took 0.024s
RTI cycle took 0.042s
RTI cycle took 0.035s
RTI cycle took 0.030s
RTI cycle took 0.017s
RTI cycle took 0.026s
RTI cycle took 0.027s
RTI cycle took 0.028s
RTI cycle took 0.040s
RTI cycle took 0.036s
RTI cycle took 0.034s
RTI cycle took 0.032s
RTI cycle took 0.026s
[32mloggerd[0m [32mencoderd[0m [32mlogmessaged[0m [32mcamerad[0m [32mlogcatd[0m [32mproclogd[0m [32mmicd[0m [32mtimed[0m [32mdmonitoringmodeld[0m [32msensord[0m [32mui[0m [32msoundd[0m [32mlocationd[0m [32mcalibrationd[0m [32mtorqued[0m [32mcontrolsd[0m [32mselfdrived[0m [32mcard[0m [32mdeleter[0m [32mdmonitoringd[0m [32mqcomgpsd[0m [32mpandad[0m [32mparamsd[0m [32mlagd[0m [32mplannerd[0m [32mradard[0m [32mhardwared[0m [32mtombstoned[0m [32muploader[0m [32mstatsd[0m [32mfeedbackd[0m [32mmodeld_tinygrad[0m [32mmapd[0m [32mmapd_manager[0m [32mrtid[0m
[32mloggerd[0m [32mencoderd[0m [32mlogmessaged[0m [32mcamerad[0m [32mlogcatd[0m [32mproclogd[0m [32mmicd[0m [32mtimed[0m [32mdmonitoringmodeld[0m [32msensord[0m [32mui[0m [32msoundd[0m [32mlocationd[0m [32mcalibrationd[0m [32mtorqued[0m [32mcontrolsd[0m [32mselfdrived[0m [32mcard[0m [32mdeleter[0m [32mdmonitoringd[0m [32mqcomgpsd[0m [32mpandad[0m [32mparamsd[0m [32mlagd[0m [32mplannerd[0m [32mradard[0m [32mhardwared[0m [32mtombstoned[0m [32muploader[0m [32mstatsd[0m [32mfeedbackd[0m [32mmodeld_tinygrad[0m [32mmapd[0m [32mmapd_manager[0m [32mrtid[0m
[32mloggerd[0m [32mencoderd[0m [32mlogmessaged[0m [32mcamerad[0m [32mlogcatd[0m [32mproclogd[0m [32mmicd[0m [32mtimed[0m [32mdmonitoringmodeld[0m [32msensord[0m [32mui[0m [32msoundd[0m [32mlocationd[0m [32mcalibrationd[0m [32mtorqued[0m [32mcontrolsd[0m [32mselfdrived[0m [32mcard[0m [32mdeleter[0m [32mdmonitoringd[0m [32mqcomgpsd[0m [32mpandad[0m [32mparamsd[0m [32mlagd[0m [32mplannerd[0m [32mradard[0m [32mhardwared[0m [32mtombstoned[0m [32muploader[0m [32mstatsd[0m [32mfeedbackd[0m [32mmodeld_tinygrad[0m [32mmapd[0m [32mmapd_manager[0m [32mrtid[0m
[32mloggerd[0m [32mencoderd[0m [32mlogmessaged[0m [32mcamerad[0m [32mlogcatd[0m [32mproclogd[0m [32mmicd[0m [32mtimed[0m [32mdmonitoringmodeld[0m [32msensord[0m [32mui[0m [32msoundd[0m [32mlocationd[0m [32mcalibrationd[0m [32mtorqued[0m [32mcontrolsd[0m [32mselfdrived[0m [32mcard[0m [32mdeleter[0m [32mdmonitoringd[0m [32mqcomgpsd[0m [32mpandad[0m [32mparamsd[0m [32mlagd[0m [32mplannerd[0m [32mradard[0m [32mhardwared[0m [32mtombstoned[0m [32muploader[0m [32mstatsd[0m [32mfeedbackd[0m [32mmodeld_tinygrad[0m [32mmapd[0m [32mmapd_manager[0m [32mrtid[0m
[32mloggerd[0m [32mencoderd[0m [32mlogmessaged[0m [32mcamerad[0m [32mlogcatd[0m [32mproclogd[0m [32mmicd[0m [32mtimed[0m [32mdmonitoringmodeld[0m [32msensord[0m [32mui[0m [32msoundd[0m [32mlocationd[0m [32mcalibrationd[0m [32mtorqued[0m [32mcontrolsd[0m [32mselfdrived[0m [32mcard[0m [32mdeleter[0m [32mdmonitoringd[0m [32mqcomgpsd[0m [32mpandad[0m [32mparamsd[0m [32mlagd[0m [32mplannerd[0m [32mradard[0m [32mhardwared[0m [32mtombstoned[0m [32muploader[0m [32mstatsd[0m [32mfeedbackd[0m [32mmodeld_tinygrad[0m [32mmapd[0m [32mmapd_manager[0m [32mrtid[0m
[32mloggerd[0m [32mencoderd[0m [32mlogmessaged[0m [32mcamerad[0m [32mlogcatd[0m [32mproclogd[0m [32mmicd[0m [32mtimed[0m [32mdmonitoringmodeld[0m [32msensord[0m [32mui[0m [32msoundd[0m [32mlocationd[0m [32mcalibrationd[0m [32mtorqued[0m [32mcontrolsd[0m [32mselfdrived[0m [32mcard[0m [32mdeleter[0m [32mdmonitoringd[0m [32mqcomgpsd[0m [32mpandad[0m [32mparamsd[0m [32mlagd[0m [32mplannerd[0m [32mradard[0m [32mhardwared[0m [32mtombstoned[0m [32muploader[0m [32mstatsd[0m [32mfeedbackd[0m [32mmodeld_tinygrad[0m [32mmapd[0m [32mmapd_manager[0m [32mrtid[0m
[32mloggerd[0m [32mencoderd[0m [32mlogmessaged[0m [32mcamerad[0m [32mlogcatd[0m [32mproclogd[0m [32mmicd[0m [32mtimed[0m [32mdmonitoringmodeld[0m [32msensord[0m [32mui[0m [32msoundd[0m [32mlocationd[0m [32mcalibrationd[0m [32mtorqued[0m [32mcontrolsd[0m [32mselfdrived[0m [32mcard[0m [32mdeleter[0m [32mdmonitoringd[0m [32mqcomgpsd[0m [32mpandad[0m [32mparamsd[0m [32mlagd[0m [32mplannerd[0m [32mradard[0m [32mhardwared[0m [32mtombstoned[0m [32muploader[0m [32mstatsd[0m [32mfeedbackd[0m [32mmodeld_tinygrad[0m [32mmapd[0m [32mmapd_manager[0m [32mrtid[0m
[32mloggerd[0m [32mencoderd[0m [32mlogmessaged[0m [32mcamerad[0m [32mlogcatd[0m [32mproclogd[0m [32mmicd[0m [32mtimed[0m [32mdmonitoringmodeld[0m [32msensord[0m [32mui[0m [32msoundd[0m [32mlocationd[0m [32mcalibrationd[0m [32mtorqued[0m [32mcontrolsd[0m [32mselfdrived[0m [32mcard[0m [32mdeleter[0m [32mdmonitoringd[0m [32mqcomgpsd[0m [32mpandad[0m [32mparamsd[0m [32mlagd[0m [32mplannerd[0m [32mradard[0m [32mhardwared[0m [32mtombstoned[0m [32muploader[0m [32mstatsd[0m [32mfeedbackd[0m [32mmodeld_tinygrad[0m [32mmapd[0m [32mmapd_manager[0m [32mrtid[0m
[32mloggerd[0m [32mencoderd[0m [32mlogmessaged[0m [32mcamerad[0m [32mlogcatd[0m [32mproclogd[0m [32mmicd[0m [32mtimed[0m [32mdmonitoringmodeld[0m [32msensord[0m [32mui[0m [32msoundd[0m [32mlocationd[0m [32mcalibrationd[0m [32mtorqued[0m [32mcontrolsd[0m [32mselfdrived[0m [32mcard[0m [32mdeleter[0m [32mdmonitoringd[0m [32mqcomgpsd[0m [32mpandad[0m [32mparamsd[0m [32mlagd[0m [32mplannerd[0m [32mradard[0m [32mhardwared[0m [32mtombstoned[0m [32muploader[0m [32mstatsd[0m [32mfeedbackd[0m [32mmodeld_tinygrad[0m [32mmapd[0m [32mmapd_manager[0m [32mrtid[0m
[32mloggerd[0m [32mencoderd[0m [32mlogmessaged[0m [32mcamerad[0m [32mlogcatd[0m [32mproclogd[0m [32mmicd[0m [32mtimed[0m [32mdmonitoringmodeld[0m [32msensord[0m [32mui[0m [32msoundd[0m [32mlocationd[0m [32mcalibrationd[0m [32mtorqued[0m [32mcontrolsd[0m [32mselfdrived[0m [32mcard[0m [32mdeleter[0m [32mdmonitoringd[0m [32mqcomgpsd[0m [32mpandad[0m [32mparamsd[0m [32mlagd[0m [32mplannerd[0m [32mradard[0m [32mhardwared[0m [32mtombstoned[0m [32muploader[0m [32mstatsd[0m [32mfeedbackd[0m [32mmodeld_tinygrad[0m [32mmapd[0m [32mmapd_manager[0m [32mrtid[0m
[32mloggerd[0m [32mencoderd[0m [32mlogmessaged[0m [32mcamerad[0m [32mlogcatd[0m [32mproclogd[0m [32mmicd[0m [32mtimed[0m [32mdmonitoringmodeld[0m [32msensord[0m [32mui[0m [32msoundd[0m [32mlocationd[0m [32mcalibrationd[0m [32mtorqued[0m [32mcontrolsd[0m [32mselfdrived[0m [32mcard[0m [32mdeleter[0m [32mdmonitoringd[0m [32mqcomgpsd[0m [32mpandad[0m [32mparamsd[0m [32mlagd[0m [32mplannerd[0m [32mradard[0m [32mhardwared[0m [32mtombstoned[0m [32muploader[0m [32mstatsd[0m [32mfeedbackd[0m [32mmodeld_tinygrad[0m [32mmapd[0m [32mmapd_manager[0m [32mrtid[0m
[32mloggerd[0m [32mencoderd[0m [32mlogmessaged[0m [32mcamerad[0m [32mlogcatd[0m [32mproclogd[0m [32mmicd[0m [32mtimed[0m [32mdmonitoringmodeld[0m [32msensord[0m [32mui[0m [32msoundd[0m [32mlocationd[0m [32mcalibrationd[0m [32mtorqued[0m [32mcontrolsd[0m [32mselfdrived[0m [32mcard[0m [32mdeleter[0m [32mdmonitoringd[0m [32mqcomgpsd[0m [32mpandad[0m [32mparamsd[0m [32mlagd[0m [32mplannerd[0m [32mradard[0m [32mhardwared[0m [32mtombstoned[0m [32muploader[0m [32mstatsd[0m [32mfeedbackd[0m [32mmodeld_tinygrad[0m [32mmapd[0m [32mmapd_manager[0m [32mrtid[0m
[32mloggerd[0m [32mencoderd[0m [32mlogmessaged[0m [32mcamerad[0m [32mlogcatd[0m [32mproclogd[0m [32mmicd[0m [32mtimed[0m [32mdmonitoringmodeld[0m [32msensord[0m [32mui[0m [32msoundd[0m [32mlocationd[0m [32mcalibrationd[0m [32mtorqued[0m [32mcontrolsd[0m [32mselfdrived[0m [32mcard[0m [32mdeleter[0m [32mdmonitoringd[0m [32mqcomgpsd[0m [32mpandad[0m [32mparamsd[0m [32mlagd[0m [32mplannerd[0m [32mradard[0m [32mhardwared[0m [32mtombstoned[0m [32muploader[0m [32mstatsd[0m [32mfeedbackd[0m [32mmodeld_tinygrad[0m [32mmapd[0m [32mmapd_manager[0m [32mrtid[0m
RTI cycle took 0.032s
RTI cycle took 0.028s
RTI cycle took 0.043s
RTI cycle took 0.023s
RTI cycle took 0.030s
RTI cycle took 0.038s
RTI cycle took 0.013s
RTI cycle took 0.027s
RTI cycle took 0.019s
RTI cycle took 0.030s
RTI cycle took 0.016s
RTI cycle took 0.026s
RTI cycle took 0.028s
RTI cycle took 0.031s
RTI cycle took 0.036s
RTI cycle took 0.039s
RTI cycle took 0.021s
RTI cycle took 0.030s
RTI cycle took 0.038s
RTI cycle took 0.028s
RTI cycle took 0.030s
RTI cycle took 0.017s
RTI cycle took 0.039s
RTI cycle took 0.036s
RTI cycle took 0.034s
RTI cycle took 0.030s
RTI cycle took 0.031s
RTI cycle took 0.017s
RTI cycle took 0.025s
RTI cycle took 0.032s
RTI cycle took 0.029s
RTI cycle took 0.038s
RTI cycle took 0.040s
RTI cycle took 0.039s
RTI cycle took 0.036s
RTI cycle took 0.029s
RTI cycle took 0.018s
RTI cycle took 0.025s
RTI cycle took 0.031s
RTI cycle took 0.041s
RTI cycle took 0.035s
RTI cycle took 0.045s
RTI cycle took 0.028s
RTI cycle took 0.040s
RTI cycle took 0.031s
RTI cycle took 0.041s
RTI cycle took 0.061s
RTI cycle took 0.035s
RTI cycle took 0.027s
RTI cycle took 0.040s
RTI cycle took 0.044s
RTI cycle took 0.023s
RTI cycle took 0.038s
RTI cycle took 0.018s
RTI cycle took 0.028s
RTI cycle took 0.037s
RTI cycle took 0.022s
RTI cycle took 0.040s
RTI cycle took 0.038s
RTI cycle took 0.049s
RTI cycle took 0.030s
RTI cycle took 0.028s
RTI cycle took 0.072s
RTI cycle took 0.037s
RTI cycle took 0.038s
RTI cycle took 0.034s
RTI cycle took 0.039s
RTI cycle took 0.032s
RTI cycle took 0.045s
RTI cycle took 0.025s
RTI cycle took 0.027s
RTI cycle took 0.041s
RTI cycle took 0.022s
RTI cycle took 0.044s
RTI cycle took 0.038s
RTI cycle took 0.059s
RTI cycle took 0.039s
RTI cycle took 0.049s
RTI cycle took 0.020s
RTI cycle took 0.039s
RTI cycle took 0.027s
RTI cycle took 0.220s
RTI cycle took 0.036s
RTI cycle took 0.031s
RTI cycle took 0.026s
RTI cycle took 0.040s
RTI cycle took 0.030s
RTI cycle took 0.038s
RTI cycle took 0.027s
RTI cycle took 0.039s
RTI cycle took 0.035s
RTI cycle took 0.038s
RTI cycle took 0.039s
RTI cycle took 0.069s
RTI cycle took 0.036s
RTI cycle took 0.045s
RTI cycle took 0.043s
RTI cycle took 0.040s
RTI cycle took 0.032s
RTI cycle took 0.042s
RTI cycle took 0.036s
RTI cycle took 0.024s
RTI cycle took 0.016s
RTI cycle took 0.016s
RTI cycle took 0.021s
RTI cycle took 0.052s
RTI cycle took 0.032s
RTI cycle took 0.066s
RTI cycle took 0.031s
RTI cycle took 0.025s
RTI cycle took 0.025s
RTI cycle took 0.025s
RTI cycle took 0.031s
RTI cycle took 0.036s
RTI cycle took 0.027s
RTI cycle took 0.029s
RTI cycle took 0.055s
RTI cycle took 0.059s
RTI cycle took 0.040s
RTI cycle took 0.039s
RTI cycle took 0.030s
RTI cycle took 0.027s
RTI cycle took 0.031s
RTI cycle took 0.037s
RTI cycle took 0.043s
RTI cycle took 0.036s
RTI cycle took 0.018s
RTI cycle took 0.027s
RTI cycle took 0.039s
RTI cycle took 0.027s
RTI cycle took 0.028s
RTI cycle took 0.035s
RTI cycle took 0.038s
RTI cycle took 0.028s
RTI cycle took 0.037s
RTI cycle took 0.019s
RTI cycle took 0.026s
RTI cycle took 0.038s
RTI cycle took 0.021s
RTI cycle took 0.028s
RTI cycle took 0.020s
RTI cycle took 0.036s
RTI cycle took 0.029s
RTI cycle took 0.032s
RTI cycle took 0.025s
RTI cycle took 0.039s
RTI cycle took 0.024s
RTI cycle took 0.018s
RTI cycle took 0.028s
RTI cycle took 0.037s
RTI cycle took 0.041s
RTI cycle took 0.025s
RTI cycle took 0.031s
RTI cycle took 0.016s
RTI cycle took 0.023s
RTI cycle took 0.039s
RTI cycle took 0.026s
RTI cycle took 0.033s
RTI cycle took 0.036s
RTI cycle took 0.030s
RTI cycle took 0.030s
RTI cycle took 0.025s
RTI cycle took 0.050s
RTI cycle took 0.038s
RTI cycle took 0.031s
RTI cycle took 0.037s
RTI cycle took 0.038s
RTI cycle took 0.041s
RTI cycle took 0.056s
system/loggerd/loggerd.cc: rotated to /data/media/0/realdata/00000064--b322bf3d4b--3
RTI cycle took 0.055s
RTI cycle took 0.027s
RTI cycle took 0.038s
RTI cycle took 0.021s
RTI cycle took 0.037s
RTI cycle took 0.018s
RTI cycle took 0.028s
RTI cycle took 0.038s
[32mloggerd[0m [32mencoderd[0m [32mlogmessaged[0m [32mcamerad[0m [32mlogcatd[0m [32mproclogd[0m [32mmicd[0m [32mtimed[0m [32mdmonitoringmodeld[0m [32msensord[0m [32mui[0m [32msoundd[0m [32mlocationd[0m [32mcalibrationd[0m [32mtorqued[0m [32mcontrolsd[0m [32mselfdrived[0m [32mcard[0m [32mdeleter[0m [32mdmonitoringd[0m [32mqcomgpsd[0m [32mpandad[0m [32mparamsd[0m [32mlagd[0m [32mplannerd[0m [32mradard[0m [32mhardwared[0m [32mtombstoned[0m [32muploader[0m [32mstatsd[0m [32mfeedbackd[0m [32mmodeld_tinygrad[0m [32mmapd[0m [32mmapd_manager[0m [32mrtid[0m
[32mloggerd[0m [32mencoderd[0m [32mlogmessaged[0m [32mcamerad[0m [32mlogcatd[0m [32mproclogd[0m [32mmicd[0m [32mtimed[0m [32mdmonitoringmodeld[0m [32msensord[0m [32mui[0m [32msoundd[0m [32mlocationd[0m [32mcalibrationd[0m [32mtorqued[0m [32mcontrolsd[0m [32mselfdrived[0m [32mcard[0m [32mdeleter[0m [32mdmonitoringd[0m [32mqcomgpsd[0m [32mpandad[0m [32mparamsd[0m [32mlagd[0m [32mplannerd[0m [32mradard[0m [32mhardwared[0m [32mtombstoned[0m [32muploader[0m [32mstatsd[0m [32mfeedbackd[0m [32mmodeld_tinygrad[0m [32mmapd[0m [32mmapd_manager[0m [32mrtid[0m
[32mloggerd[0m [32mencoderd[0m [32mlogmessaged[0m [32mcamerad[0m [32mlogcatd[0m [32mproclogd[0m [32mmicd[0m [32mtimed[0m [32mdmonitoringmodeld[0m [32msensord[0m [32mui[0m [32msoundd[0m [32mlocationd[0m [32mcalibrationd[0m [32mtorqued[0m [32mcontrolsd[0m [32mselfdrived[0m [32mcard[0m [32mdeleter[0m [32mdmonitoringd[0m [32mqcomgpsd[0m [32mpandad[0m [32mparamsd[0m [32mlagd[0m [32mplannerd[0m [32mradard[0m [32mhardwared[0m [32mtombstoned[0m [32muploader[0m [32mstatsd[0m [32mfeedbackd[0m [32mmodeld_tinygrad[0m [32mmapd[0m [32mmapd_manager[0m [32mrtid[0m
[32mloggerd[0m [32mencoderd[0m [32mlogmessaged[0m [32mcamerad[0m [32mlogcatd[0m [32mproclogd[0m [32mmicd[0m [32mtimed[0m [32mdmonitoringmodeld[0m [32msensord[0m [32mui[0m [32msoundd[0m [32mlocationd[0m [32mcalibrationd[0m [32mtorqued[0m [32mcontrolsd[0m [32mselfdrived[0m [32mcard[0m [32mdeleter[0m [32mdmonitoringd[0m [32mqcomgpsd[0m [32mpandad[0m [32mparamsd[0m [32mlagd[0m [32mplannerd[0m [32mradard[0m [32mhardwared[0m [32mtombstoned[0m [32muploader[0m [32mstatsd[0m [32mfeedbackd[0m [32mmodeld_tinygrad[0m [32mmapd[0m [32mmapd_manager[0m [32mrtid[0m
[32mloggerd[0m [32mencoderd[0m [32mlogmessaged[0m [32mcamerad[0m [32mlogcatd[0m [32mproclogd[0m [32mmicd[0m [32mtimed[0m [32mdmonitoringmodeld[0m [32msensord[0m [32mui[0m [32msoundd[0m [32mlocationd[0m [32mcalibrationd[0m [32mtorqued[0m [32mcontrolsd[0m [32mselfdrived[0m [32mcard[0m [32mdeleter[0m [32mdmonitoringd[0m [32mqcomgpsd[0m [32mpandad[0m [32mparamsd[0m [32mlagd[0m [32mplannerd[0m [32mradard[0m [32mhardwared[0m [32mtombstoned[0m [32muploader[0m [32mstatsd[0m [32mfeedbackd[0m [32mmodeld_tinygrad[0m [32mmapd[0m [32mmapd_manager[0m [32mrtid[0m
[32mloggerd[0m [32mencoderd[0m [32mlogmessaged[0m [32mcamerad[0m [32mlogcatd[0m [32mproclogd[0m [32mmicd[0m [32mtimed[0m [32mdmonitoringmodeld[0m [32msensord[0m [32mui[0m [32msoundd[0m [32mlocationd[0m [32mcalibrationd[0m [32mtorqued[0m [32mcontrolsd[0m [32mselfdrived[0m [32mcard[0m [32mdeleter[0m [32mdmonitoringd[0m [32mqcomgpsd[0m [32mpandad[0m [32mparamsd[0m [32mlagd[0m [32mplannerd[0m [32mradard[0m [32mhardwared[0m [32mtombstoned[0m [32muploader[0m [32mstatsd[0m [32mfeedbackd[0m [32mmodeld_tinygrad[0m [32mmapd[0m [32mmapd_manager[0m [32mrtid[0m
[32mloggerd[0m [32mencoderd[0m [32mlogmessaged[0m [32mcamerad[0m [32mlogcatd[0m [32mproclogd[0m [32mmicd[0m [32mtimed[0m [32mdmonitoringmodeld[0m [32msensord[0m [32mui[0m [32msoundd[0m [32mlocationd[0m [32mcalibrationd[0m [32mtorqued[0m [32mcontrolsd[0m [32mselfdrived[0m [32mcard[0m [32mdeleter[0m [32mdmonitoringd[0m [32mqcomgpsd[0m [32mpandad[0m [32mparamsd[0m [32mlagd[0m [32mplannerd[0m [32mradard[0m [32mhardwared[0m [32mtombstoned[0m [32muploader[0m [32mstatsd[0m [32mfeedbackd[0m [32mmodeld_tinygrad[0m [32mmapd[0m [32mmapd_manager[0m [32mrtid[0m
[32mloggerd[0m [32mencoderd[0m [32mlogmessaged[0m [32mcamerad[0m [32mlogcatd[0m [32mproclogd[0m [32mmicd[0m [32mtimed[0m [32mdmonitoringmodeld[0m [32msensord[0m [32mui[0m [32msoundd[0m [32mlocationd[0m [32mcalibrationd[0m [32mtorqued[0m [32mcontrolsd[0m [32mselfdrived[0m [32mcard[0m [32mdeleter[0m [32mdmonitoringd[0m [32mqcomgpsd[0m [32mpandad[0m [32mparamsd[0m [32mlagd[0m [32mplannerd[0m [32mradard[0m [32mhardwared[0m [32mtombstoned[0m [32muploader[0m [32mstatsd[0m [32mfeedbackd[0m [32mmodeld_tinygrad[0m [32mmapd[0m [32mmapd_manager[0m [32mrtid[0m
[32mloggerd[0m [32mencoderd[0m [32mlogmessaged[0m [32mcamerad[0m [32mlogcatd[0m [32mproclogd[0m [32mmicd[0m [32mtimed[0m [32mdmonitoringmodeld[0m [32msensord[0m [32mui[0m [32msoundd[0m [32mlocationd[0m [32mcalibrationd[0m [32mtorqued[0m [32mcontrolsd[0m [32mselfdrived[0m [32mcard[0m [32mdeleter[0m [32mdmonitoringd[0m [32mqcomgpsd[0m [32mpandad[0m [32mparamsd[0m [32mlagd[0m [32mplannerd[0m [32mradard[0m [32mhardwared[0m [32mtombstoned[0m [32muploader[0m [32mstatsd[0m [32mfeedbackd[0m [32mmodeld_tinygrad[0m [32mmapd[0m [32mmapd_manager[0m [32mrtid[0m
[32mloggerd[0m [32mencoderd[0m [32mlogmessaged[0m [32mcamerad[0m [32mlogcatd[0m [32mproclogd[0m [32mmicd[0m [32mtimed[0m [32mdmonitoringmodeld[0m [32msensord[0m [32mui[0m [32msoundd[0m [32mlocationd[0m [32mcalibrationd[0m [32mtorqued[0m [32mcontrolsd[0m [32mselfdrived[0m [32mcard[0m [32mdeleter[0m [32mdmonitoringd[0m [32mqcomgpsd[0m [32mpandad[0m [32mparamsd[0m [32mlagd[0m [32mplannerd[0m [32mradard[0m [32mhardwared[0m [32mtombstoned[0m [32muploader[0m [32mstatsd[0m [32mfeedbackd[0m [32mmodeld_tinygrad[0m [32mmapd[0m [32mmapd_manager[0m [32mrtid[0m
[32mloggerd[0m [32mencoderd[0m [32mlogmessaged[0m [32mcamerad[0m [32mlogcatd[0m [32mproclogd[0m [32mmicd[0m [32mtimed[0m [32mdmonitoringmodeld[0m [32msensord[0m [32mui[0m [32msoundd[0m [32mlocationd[0m [32mcalibrationd[0m [32mtorqued[0m [32mcontrolsd[0m [32mselfdrived[0m [32mcard[0m [32mdeleter[0m [32mdmonitoringd[0m [32mqcomgpsd[0m [32mpandad[0m [32mparamsd[0m [32mlagd[0m [32mplannerd[0m [32mradard[0m [32mhardwared[0m [32mtombstoned[0m [32muploader[0m [32mstatsd[0m [32mfeedbackd[0m [32mmodeld_tinygrad[0m [32mmapd[0m [32mmapd_manager[0m [32mrtid[0m
[32mloggerd[0m [32mencoderd[0m [32mlogmessaged[0m [32mcamerad[0m [32mlogcatd[0m [32mproclogd[0m [32mmicd[0m [32mtimed[0m [32mdmonitoringmodeld[0m [32msensord[0m [32mui[0m [32msoundd[0m [32mlocationd[0m [32mcalibrationd[0m [32mtorqued[0m [32mcontrolsd[0m [32mselfdrived[0m [32mcard[0m [32mdeleter[0m [32mdmonitoringd[0m [32mqcomgpsd[0m [32mpandad[0m [32mparamsd[0m [32mlagd[0m [32mplannerd[0m [32mradard[0m [32mhardwared[0m [32mtombstoned[0m [32muploader[0m [32mstatsd[0m [32mfeedbackd[0m [32mmodeld_tinygrad[0m [32mmapd[0m [32mmapd_manager[0m [32mrtid[0m
[32mloggerd[0m [32mencoderd[0m [32mlogmessaged[0m [32mcamerad[0m [32mlogcatd[0m [32mproclogd[0m [32mmicd[0m [32mtimed[0m [32mdmonitoringmodeld[0m [32msensord[0m [32mui[0m [32msoundd[0m [32mlocationd[0m [32mcalibrationd[0m [32mtorqued[0m [32mcontrolsd[0m [32mselfdrived[0m [32mcard[0m [32mdeleter[0m [32mdmonitoringd[0m [32mqcomgpsd[0m [32mpandad[0m [32mparamsd[0m [32mlagd[0m [32mplannerd[0m [32mradard[0m [32mhardwared[0m [32mtombstoned[0m [32muploader[0m [32mstatsd[0m [32mfeedbackd[0m [32mmodeld_tinygrad[0m [32mmapd[0m [32mmapd_manager[0m [32mrtid[0m
RTI cycle took 0.018s
RTI cycle took 0.028s
RTI cycle took 0.027s
RTI cycle took 0.031s
RTI cycle took 0.047s
RTI cycle took 0.024s
RTI cycle took 0.022s
RTI cycle took 0.041s
RTI cycle took 0.026s
RTI cycle took 0.030s
RTI cycle took 0.038s
RTI cycle took 0.027s
RTI cycle took 0.031s
RTI cycle took 0.027s
RTI cycle took 0.023s
RTI cycle took 0.024s
RTI cycle took 0.041s
RTI cycle took 0.019s
RTI cycle took 0.036s
RTI cycle took 0.042s
RTI cycle took 0.018s
RTI cycle took 0.023s
RTI cycle took 0.040s
RTI cycle took 0.044s
RTI cycle took 0.025s
RTI cycle took 0.029s
RTI cycle took 0.030s
RTI cycle took 0.038s
RTI cycle took 0.041s
RTI cycle took 0.041s
RTI cycle took 0.028s
RTI cycle took 0.029s
RTI cycle took 0.038s
RTI cycle took 0.039s
RTI cycle took 0.036s
RTI cycle took 0.026s
RTI cycle took 0.038s
RTI cycle took 0.018s
RTI cycle took 0.029s
RTI cycle took 0.031s
RTI cycle took 0.033s
RTI cycle took 0.031s
RTI cycle took 0.038s
RTI cycle took 0.027s
RTI cycle took 0.042s
RTI cycle took 0.047s
RTI cycle took 0.041s
RTI cycle took 0.016s
RTI cycle took 0.025s
RTI cycle took 0.032s
RTI cycle took 0.037s
RTI cycle took 0.038s
RTI cycle took 0.036s
RTI cycle took 0.016s
RTI cycle took 0.024s
RTI cycle took 0.034s
RTI cycle took 0.035s
RTI cycle took 0.029s
RTI cycle took 0.041s
RTI cycle took 0.028s
RTI cycle took 0.029s
RTI cycle took 0.037s
RTI cycle took 0.029s
RTI cycle took 0.041s
RTI cycle took 0.037s
RTI cycle took 0.022s
RTI cycle took 0.027s
RTI cycle took 0.045s
RTI cycle took 0.035s
RTI cycle took 0.028s
RTI cycle took 0.039s
RTI cycle took 0.053s
RTI cycle took 0.045s
RTI cycle took 0.035s
RTI cycle took 0.029s
RTI cycle took 0.042s
RTI cycle took 0.024s
RTI cycle took 0.023s
RTI cycle took 0.039s
RTI cycle took 0.028s
RTI cycle took 0.030s
RTI cycle took 0.018s
RTI cycle took 0.028s
RTI cycle took 0.025s
RTI cycle took 0.047s
RTI cycle took 0.025s
RTI cycle took 0.038s
RTI cycle took 0.016s
RTI cycle took 0.036s
RTI cycle took 0.032s
RTI cycle took 0.024s
RTI cycle took 0.030s
RTI cycle took 0.036s
RTI cycle took 0.041s
RTI cycle took 0.031s
RTI cycle took 0.037s
RTI cycle took 0.017s
RTI cycle took 0.027s
RTI cycle took 0.020s
RTI cycle took 0.022s
RTI cycle took 0.035s
RTI cycle took 0.032s
RTI cycle took 0.026s
RTI cycle took 0.021s
RTI cycle took 0.040s
RTI cycle took 0.038s
RTI cycle took 0.028s
RTI cycle took 0.031s
RTI cycle took 0.026s
RTI cycle took 0.021s
RTI cycle took 0.029s
RTI cycle took 0.025s
RTI cycle took 0.042s
RTI cycle took 0.037s
RTI cycle took 0.029s
RTI cycle took 0.031s
RTI cycle took 0.030s
RTI cycle took 0.022s
RTI cycle took 0.031s
RTI cycle took 0.038s
RTI cycle took 0.041s
RTI cycle took 0.029s
RTI cycle took 0.019s
RTI cycle took 0.027s
RTI cycle took 0.036s
RTI cycle took 0.035s
RTI cycle took 0.024s
RTI cycle took 0.019s
RTI cycle took 0.030s
RTI cycle took 0.036s
RTI cycle took 0.020s
RTI cycle took 0.031s
RTI cycle took 0.029s
RTI cycle took 0.030s
RTI cycle took 0.029s
RTI cycle took 0.030s
RTI cycle took 0.037s
RTI cycle took 0.029s
RTI cycle took 0.042s
RTI cycle took 0.035s
RTI cycle took 0.028s
RTI cycle took 0.040s
RTI cycle took 0.027s
RTI cycle took 0.048s
RTI cycle took 0.042s
RTI cycle took 0.028s
RTI cycle took 0.029s
RTI cycle took 0.027s
RTI cycle took 0.030s
RTI cycle took 0.034s
RTI cycle took 0.033s
RTI cycle took 0.030s
RTI cycle took 0.028s
RTI cycle took 0.026s
RTI cycle took 0.029s
RTI cycle took 0.031s
RTI cycle took 0.030s
RTI cycle took 0.038s
RTI cycle took 0.018s
RTI cycle took 0.025s
RTI cycle took 0.021s
RTI cycle took 0.041s
RTI cycle took 0.019s
RTI cycle took 0.038s
RTI cycle took 0.033s
RTI cycle took 0.016s
RTI cycle took 0.022s
RTI cycle took 0.029s
RTI cycle took 0.027s
RTI cycle took 0.044s
RTI cycle took 0.033s
RTI cycle took 0.032s
RTI cycle took 0.017s
RTI cycle took 0.026s
RTI cycle took 0.033s
RTI cycle took 0.034s
RTI cycle took 0.032s
RTI cycle took 0.029s
RTI cycle took 0.031s
RTI cycle took 0.026s
RTI cycle took 0.044s
RTI cycle took 0.023s
RTI cycle took 0.027s
RTI cycle took 0.027s
RTI cycle took 0.041s
RTI cycle took 0.025s
RTI cycle took 0.020s
RTI cycle took 0.027s
RTI cycle took 0.030s
RTI cycle took 0.030s
RTI cycle took 0.038s
RTI cycle took 0.021s
RTI cycle took 0.028s
RTI cycle took 0.029s
RTI cycle took 0.031s
RTI cycle took 0.043s
[32mloggerd[0m [32mencoderd[0m [32mlogmessaged[0m [32mcamerad[0m [32mlogcatd[0m [32mproclogd[0m [32mmicd[0m [32mtimed[0m [32mdmonitoringmodeld[0m [32msensord[0m [32mui[0m [32msoundd[0m [32mlocationd[0m [32mcalibrationd[0m [32mtorqued[0m [32mcontrolsd[0m [32mselfdrived[0m [32mcard[0m [32mdeleter[0m [32mdmonitoringd[0m [32mqcomgpsd[0m [32mpandad[0m [32mparamsd[0m [32mlagd[0m [32mplannerd[0m [32mradard[0m [32mhardwared[0m [32mtombstoned[0m [32muploader[0m [32mstatsd[0m [32mfeedbackd[0m [32mmodeld_tinygrad[0m [32mmapd[0m [32mmapd_manager[0m [32mrtid[0m
[32mloggerd[0m [32mencoderd[0m [32mlogmessaged[0m [32mcamerad[0m [32mlogcatd[0m [32mproclogd[0m [32mmicd[0m [32mtimed[0m [32mdmonitoringmodeld[0m [32msensord[0m [32mui[0m [32msoundd[0m [32mlocationd[0m [32mcalibrationd[0m [32mtorqued[0m [32mcontrolsd[0m [32mselfdrived[0m [32mcard[0m [32mdeleter[0m [32mdmonitoringd[0m [32mqcomgpsd[0m [32mpandad[0m [32mparamsd[0m [32mlagd[0m [32mplannerd[0m [32mradard[0m [32mhardwared[0m [32mtombstoned[0m [32muploader[0m [32mstatsd[0m [32mfeedbackd[0m [32mmodeld_tinygrad[0m [32mmapd[0m [32mmapd_manager[0m [32mrtid[0m
[32mloggerd[0m [32mencoderd[0m [32mlogmessaged[0m [32mcamerad[0m [32mlogcatd[0m [32mproclogd[0m [32mmicd[0m [32mtimed[0m [32mdmonitoringmodeld[0m [32msensord[0m [32mui[0m [32msoundd[0m [32mlocationd[0m [32mcalibrationd[0m [32mtorqued[0m [32mcontrolsd[0m [32mselfdrived[0m [32mcard[0m [32mdeleter[0m [32mdmonitoringd[0m [32mqcomgpsd[0m [32mpandad[0m [32mparamsd[0m [32mlagd[0m [32mplannerd[0m [32mradard[0m [32mhardwared[0m [32mtombstoned[0m [32muploader[0m [32mstatsd[0m [32mfeedbackd[0m [32mmodeld_tinygrad[0m [32mmapd[0m [32mmapd_manager[0m [32mrtid[0m
[32mloggerd[0m [32mencoderd[0m [32mlogmessaged[0m [32mcamerad[0m [32mlogcatd[0m [32mproclogd[0m [32mmicd[0m [32mtimed[0m [32mdmonitoringmodeld[0m [32msensord[0m [32mui[0m [32msoundd[0m [32mlocationd[0m [32mcalibrationd[0m [32mtorqued[0m [32mcontrolsd[0m [32mselfdrived[0m [32mcard[0m [32mdeleter[0m [32mdmonitoringd[0m [32mqcomgpsd[0m [32mpandad[0m [32mparamsd[0m [32mlagd[0m [32mplannerd[0m [32mradard[0m [32mhardwared[0m [32mtombstoned[0m [32muploader[0m [32mstatsd[0m [32mfeedbackd[0m [32mmodeld_tinygrad[0m [32mmapd[0m [32mmapd_manager[0m [32mrtid[0m
[32mloggerd[0m [32mencoderd[0m [32mlogmessaged[0m [32mcamerad[0m [32mlogcatd[0m [32mproclogd[0m [32mmicd[0m [32mtimed[0m [32mdmonitoringmodeld[0m [32msensord[0m [32mui[0m [32msoundd[0m [32mlocationd[0m [32mcalibrationd[0m [32mtorqued[0m [32mcontrolsd[0m [32mselfdrived[0m [32mcard[0m [32mdeleter[0m [32mdmonitoringd[0m [32mqcomgpsd[0m [32mpandad[0m [32mparamsd[0m [32mlagd[0m [32mplannerd[0m [32mradard[0m [32mhardwared[0m [32mtombstoned[0m [32muploader[0m [32mstatsd[0m [32mfeedbackd[0m [32mmodeld_tinygrad[0m [32mmapd[0m [32mmapd_manager[0m [32mrtid[0m
[32mloggerd[0m [32mencoderd[0m [32mlogmessaged[0m [32mcamerad[0m [32mlogcatd[0m [32mproclogd[0m [32mmicd[0m [32mtimed[0m [32mdmonitoringmodeld[0m [32msensord[0m [32mui[0m [32msoundd[0m [32mlocationd[0m [32mcalibrationd[0m [32mtorqued[0m [32mcontrolsd[0m [32mselfdrived[0m [32mcard[0m [32mdeleter[0m [32mdmonitoringd[0m [32mqcomgpsd[0m [32mpandad[0m [32mparamsd[0m [32mlagd[0m [32mplannerd[0m [32mradard[0m [32mhardwared[0m [32mtombstoned[0m [32muploader[0m [32mstatsd[0m [32mfeedbackd[0m [32mmodeld_tinygrad[0m [32mmapd[0m [32mmapd_manager[0m [32mrtid[0m
[32mloggerd[0m [32mencoderd[0m [32mlogmessaged[0m [32mcamerad[0m [32mlogcatd[0m [32mproclogd[0m [32mmicd[0m [32mtimed[0m [32mdmonitoringmodeld[0m [32msensord[0m [32mui[0m [32msoundd[0m [32mlocationd[0m [32mcalibrationd[0m [32mtorqued[0m [32mcontrolsd[0m [32mselfdrived[0m [32mcard[0m [32mdeleter[0m [32mdmonitoringd[0m [32mqcomgpsd[0m [32mpandad[0m [32mparamsd[0m [32mlagd[0m [32mplannerd[0m [32mradard[0m [32mhardwared[0m [32mtombstoned[0m [32muploader[0m [32mstatsd[0m [32mfeedbackd[0m [32mmodeld_tinygrad[0m [32mmapd[0m [32mmapd_manager[0m [32mrtid[0m
[32mloggerd[0m [32mencoderd[0m [32mlogmessaged[0m [32mcamerad[0m [32mlogcatd[0m [32mproclogd[0m [32mmicd[0m [32mtimed[0m [32mdmonitoringmodeld[0m [32msensord[0m [32mui[0m [32msoundd[0m [32mlocationd[0m [32mcalibrationd[0m [32mtorqued[0m [32mcontrolsd[0m [32mselfdrived[0m [32mcard[0m [32mdeleter[0m [32mdmonitoringd[0m [32mqcomgpsd[0m [32mpandad[0m [32mparamsd[0m [32mlagd[0m [32mplannerd[0m [32mradard[0m [32mhardwared[0m [32mtombstoned[0m [32muploader[0m [32mstatsd[0m [32mfeedbackd[0m [32mmodeld_tinygrad[0m [32mmapd[0m [32mmapd_manager[0m [32mrtid[0m
[32mloggerd[0m [32mencoderd[0m [32mlogmessaged[0m [32mcamerad[0m [32mlogcatd[0m [32mproclogd[0m [32mmicd[0m [32mtimed[0m [32mdmonitoringmodeld[0m [32msensord[0m [32mui[0m [32msoundd[0m [32mlocationd[0m [32mcalibrationd[0m [32mtorqued[0m [32mcontrolsd[0m [32mselfdrived[0m [32mcard[0m [32mdeleter[0m [32mdmonitoringd[0m [32mqcomgpsd[0m [32mpandad[0m [32mparamsd[0m [32mlagd[0m [32mplannerd[0m [32mradard[0m [32mhardwared[0m [32mtombstoned[0m [32muploader[0m [32mstatsd[0m [32mfeedbackd[0m [32mmodeld_tinygrad[0m [32mmapd[0m [32mmapd_manager[0m [32mrtid[0m
[32mloggerd[0m [32mencoderd[0m [32mlogmessaged[0m [32mcamerad[0m [32mlogcatd[0m [32mproclogd[0m [32mmicd[0m [32mtimed[0m [32mdmonitoringmodeld[0m [32msensord[0m [32mui[0m [32msoundd[0m [32mlocationd[0m [32mcalibrationd[0m [32mtorqued[0m [32mcontrolsd[0m [32mselfdrived[0m [32mcard[0m [32mdeleter[0m [32mdmonitoringd[0m [32mqcomgpsd[0m [32mpandad[0m [32mparamsd[0m [32mlagd[0m [32mplannerd[0m [32mradard[0m [32mhardwared[0m [32mtombstoned[0m [32muploader[0m [32mstatsd[0m [32mfeedbackd[0m [32mmodeld_tinygrad[0m [32mmapd[0m [32mmapd_manager[0m [32mrtid[0m
[32mloggerd[0m [32mencoderd[0m [32mlogmessaged[0m [32mcamerad[0m [32mlogcatd[0m [32mproclogd[0m [32mmicd[0m [32mtimed[0m [32mdmonitoringmodeld[0m [32msensord[0m [32mui[0m [32msoundd[0m [32mlocationd[0m [32mcalibrationd[0m [32mtorqued[0m [32mcontrolsd[0m [32mselfdrived[0m [32mcard[0m [32mdeleter[0m [32mdmonitoringd[0m [32mqcomgpsd[0m [32mpandad[0m [32mparamsd[0m [32mlagd[0m [32mplannerd[0m [32mradard[0m [32mhardwared[0m [32mtombstoned[0m [32muploader[0m [32mstatsd[0m [32mfeedbackd[0m [32mmodeld_tinygrad[0m [32mmapd[0m [32mmapd_manager[0m [32mrtid[0m
[32mloggerd[0m [32mencoderd[0m [32mlogmessaged[0m [32mcamerad[0m [32mlogcatd[0m [32mproclogd[0m [32mmicd[0m [32mtimed[0m [32mdmonitoringmodeld[0m [32msensord[0m [32mui[0m [32msoundd[0m [32mlocationd[0m [32mcalibrationd[0m [32mtorqued[0m [32mcontrolsd[0m [32mselfdrived[0m [32mcard[0m [32mdeleter[0m [32mdmonitoringd[0m [32mqcomgpsd[0m [32mpandad[0m [32mparamsd[0m [32mlagd[0m [32mplannerd[0m [32mradard[0m [32mhardwared[0m [32mtombstoned[0m [32muploader[0m [32mstatsd[0m [32mfeedbackd[0m [32mmodeld_tinygrad[0m [32mmapd[0m [32mmapd_manager[0m [32mrtid[0m
[32mloggerd[0m [32mencoderd[0m [32mlogmessaged[0m [32mcamerad[0m [32mlogcatd[0m [32mproclogd[0m [32mmicd[0m [32mtimed[0m [32mdmonitoringmodeld[0m [32msensord[0m [32mui[0m [32msoundd[0m [32mlocationd[0m [32mcalibrationd[0m [32mtorqued[0m [32mcontrolsd[0m [32mselfdrived[0m [32mcard[0m [32mdeleter[0m [32mdmonitoringd[0m [32mqcomgpsd[0m [32mpandad[0m [32mparamsd[0m [32mlagd[0m [32mplannerd[0m [32mradard[0m [32mhardwared[0m [32mtombstoned[0m [32muploader[0m [32mstatsd[0m [32mfeedbackd[0m [32mmodeld_tinygrad[0m [32mmapd[0m [32mmapd_manager[0m [32mrtid[0m
RTI cycle took 0.023s
RTI cycle took 0.035s
RTI cycle took 0.036s
RTI cycle took 0.045s
RTI cycle took 0.027s
RTI cycle took 0.033s
RTI cycle took 0.037s
RTI cycle took 0.032s
RTI cycle took 0.027s
RTI cycle took 0.038s
RTI cycle took 0.044s
RTI cycle took 0.037s
RTI cycle took 0.038s
RTI cycle took 0.034s
RTI cycle took 0.026s
RTI cycle took 0.024s
RTI cycle took 0.018s
RTI cycle took 0.019s
RTI cycle took 0.023s
RTI cycle took 0.031s
RTI cycle took 0.030s
RTI cycle took 0.038s
RTI cycle took 0.029s
RTI cycle took 0.041s
RTI cycle took 0.021s
RTI cycle took 0.022s
RTI cycle took 0.038s
RTI cycle took 0.019s
RTI cycle took 0.028s
RTI cycle took 0.016s
RTI cycle took 0.026s
RTI cycle took 0.034s
RTI cycle took 0.030s
RTI cycle took 0.042s
RTI cycle took 0.038s
RTI cycle took 0.037s
RTI cycle took 0.039s
RTI cycle took 0.019s
RTI cycle took 0.018s
RTI cycle took 0.029s
RTI cycle took 0.027s
RTI cycle took 0.040s
RTI cycle took 0.028s
RTI cycle took 0.029s
RTI cycle took 0.022s
RTI cycle took 0.039s
RTI cycle took 0.036s
RTI cycle took 0.041s
RTI cycle took 0.030s
RTI cycle took 0.028s
RTI cycle took 0.038s
RTI cycle took 0.030s
RTI cycle took 0.039s
RTI cycle took 0.029s
RTI cycle took 0.034s
RTI cycle took 0.034s
RTI cycle took 0.036s
RTI cycle took 0.023s
RTI cycle took 0.026s
RTI cycle took 0.040s
RTI cycle took 0.031s
RTI cycle took 0.040s
RTI cycle took 0.030s
RTI cycle took 0.017s
RTI cycle took 0.034s
RTI cycle took 0.017s
RTI cycle took 0.025s
RTI cycle took 0.023s
RTI cycle took 0.031s
RTI cycle took 0.017s
RTI cycle took 0.027s
RTI cycle took 0.018s
RTI cycle took 0.027s
RTI cycle took 0.030s
RTI cycle took 0.027s
RTI cycle took 0.030s
RTI cycle took 0.039s
RTI cycle took 0.030s
RTI cycle took 0.038s
RTI cycle took 0.015s
RTI cycle took 0.022s
RTI cycle took 0.027s
RTI cycle took 0.030s
RTI cycle took 0.032s
RTI cycle took 0.023s
RTI cycle took 0.031s
RTI cycle took 0.018s
RTI cycle took 0.028s
RTI cycle took 0.038s
RTI cycle took 0.033s
RTI cycle took 0.025s
RTI cycle took 0.041s
RTI cycle took 0.025s
RTI cycle took 0.029s
RTI cycle took 0.039s
RTI cycle took 0.018s
RTI cycle took 0.037s
RTI cycle took 0.029s
RTI cycle took 0.028s
RTI cycle took 0.029s
RTI cycle took 0.028s
RTI cycle took 0.031s
RTI cycle took 0.026s
RTI cycle took 0.041s
RTI cycle took 0.026s
RTI cycle took 0.032s
RTI cycle took 0.029s
RTI cycle took 0.030s
RTI cycle took 0.029s
RTI cycle took 0.047s
RTI cycle took 0.057s
RTI cycle took 0.026s
RTI cycle took 0.030s
RTI cycle took 0.037s
RTI cycle took 0.038s
RTI cycle took 0.027s
RTI cycle took 0.029s
RTI cycle took 0.027s
RTI cycle took 0.030s
RTI cycle took 0.030s
RTI cycle took 0.019s
RTI cycle took 0.037s
RTI cycle took 0.041s
RTI cycle took 0.037s
RTI cycle took 0.027s
RTI cycle took 0.028s
RTI cycle took 0.030s
RTI cycle took 0.029s
RTI cycle took 0.018s
RTI cycle took 0.027s
RTI cycle took 0.030s
RTI cycle took 0.025s
RTI cycle took 0.022s
RTI cycle took 0.029s
RTI cycle took 0.029s
RTI cycle took 0.030s
RTI cycle took 0.038s
RTI cycle took 0.040s
RTI cycle took 0.038s
RTI cycle took 0.032s
RTI cycle took 0.026s
RTI cycle took 0.031s
RTI cycle took 0.026s
RTI cycle took 0.038s
RTI cycle took 0.029s
RTI cycle took 0.035s
RTI cycle took 0.031s
RTI cycle took 0.032s
RTI cycle took 0.026s
RTI cycle took 0.039s
RTI cycle took 0.018s
RTI cycle took 0.039s
RTI cycle took 0.025s
RTI cycle took 0.039s
RTI cycle took 0.029s
RTI cycle took 0.041s
RTI cycle took 0.039s
RTI cycle took 0.026s
RTI cycle took 0.022s
RTI cycle took 0.026s
RTI cycle took 0.032s
RTI cycle took 0.017s
RTI cycle took 0.033s
RTI cycle took 0.035s
RTI cycle took 0.041s
RTI cycle took 0.025s
RTI cycle took 0.033s
RTI cycle took 0.014s
RTI cycle took 0.030s
RTI cycle took 0.030s
RTI cycle took 0.030s
RTI cycle took 0.038s
RTI cycle took 0.014s
RTI cycle took 0.036s
RTI cycle took 0.028s
RTI cycle took 0.039s
RTI cycle took 0.048s
RTI cycle took 0.017s
RTI cycle took 0.014s
RTI cycle took 0.023s
RTI cycle took 0.031s
RTI cycle took 0.028s
RTI cycle took 0.046s
RTI cycle took 0.030s
RTI cycle took 0.041s
RTI cycle took 0.027s
RTI cycle took 0.034s
RTI cycle took 0.021s
RTI cycle took 0.017s
RTI cycle took 0.038s
RTI cycle took 0.028s
RTI cycle took 0.030s
RTI cycle took 0.020s
RTI cycle took 0.031s
RTI cycle took 0.011s
RTI cycle took 0.021s
RTI cycle took 0.022s
RTI cycle took 0.033s
RTI cycle took 0.037s
RTI cycle took 0.019s
RTI cycle took 0.028s
RTI cycle took 0.027s
RTI cycle took 0.033s
[32mloggerd[0m [32mencoderd[0m [32mlogmessaged[0m [32mcamerad[0m [32mlogcatd[0m [32mproclogd[0m [32mmicd[0m [32mtimed[0m [32mdmonitoringmodeld[0m [32msensord[0m [32mui[0m [32msoundd[0m [32mlocationd[0m [32mcalibrationd[0m [32mtorqued[0m [32mcontrolsd[0m [32mselfdrived[0m [32mcard[0m [32mdeleter[0m [32mdmonitoringd[0m [32mqcomgpsd[0m [32mpandad[0m [32mparamsd[0m [32mlagd[0m [32mplannerd[0m [32mradard[0m [32mhardwared[0m [32mtombstoned[0m [32muploader[0m [32mstatsd[0m [32mfeedbackd[0m [32mmodeld_tinygrad[0m [32mmapd[0m [32mmapd_manager[0m [32mrtid[0m
[32mloggerd[0m [32mencoderd[0m [32mlogmessaged[0m [32mcamerad[0m [32mlogcatd[0m [32mproclogd[0m [32mmicd[0m [32mtimed[0m [32mdmonitoringmodeld[0m [32msensord[0m [32mui[0m [32msoundd[0m [32mlocationd[0m [32mcalibrationd[0m [32mtorqued[0m [32mcontrolsd[0m [32mselfdrived[0m [32mcard[0m [32mdeleter[0m [32mdmonitoringd[0m [32mqcomgpsd[0m [32mpandad[0m [32mparamsd[0m [32mlagd[0m [32mplannerd[0m [32mradard[0m [32mhardwared[0m [32mtombstoned[0m [32muploader[0m [32mstatsd[0m [32mfeedbackd[0m [32mmodeld_tinygrad[0m [32mmapd[0m [32mmapd_manager[0m [32mrtid[0m
[32mloggerd[0m [32mencoderd[0m [32mlogmessaged[0m [32mcamerad[0m [32mlogcatd[0m [32mproclogd[0m [32mmicd[0m [32mtimed[0m [32mdmonitoringmodeld[0m [32msensord[0m [32mui[0m [32msoundd[0m [32mlocationd[0m [32mcalibrationd[0m [32mtorqued[0m [32mcontrolsd[0m [32mselfdrived[0m [32mcard[0m [32mdeleter[0m [32mdmonitoringd[0m [32mqcomgpsd[0m [32mpandad[0m [32mparamsd[0m [32mlagd[0m [32mplannerd[0m [32mradard[0m [32mhardwared[0m [32mtombstoned[0m [32muploader[0m [32mstatsd[0m [32mfeedbackd[0m [32mmodeld_tinygrad[0m [32mmapd[0m [32mmapd_manager[0m [32mrtid[0m
[32mloggerd[0m [32mencoderd[0m [32mlogmessaged[0m [32mcamerad[0m [32mlogcatd[0m [32mproclogd[0m [32mmicd[0m [32mtimed[0m [32mdmonitoringmodeld[0m [32msensord[0m [32mui[0m [32msoundd[0m [32mlocationd[0m [32mcalibrationd[0m [32mtorqued[0m [32mcontrolsd[0m [32mselfdrived[0m [32mcard[0m [32mdeleter[0m [32mdmonitoringd[0m [32mqcomgpsd[0m [32mpandad[0m [32mparamsd[0m [32mlagd[0m [32mplannerd[0m [32mradard[0m [32mhardwared[0m [32mtombstoned[0m [32muploader[0m [32mstatsd[0m [32mfeedbackd[0m [32mmodeld_tinygrad[0m [32mmapd[0m [32mmapd_manager[0m [32mrtid[0m
[32mloggerd[0m [32mencoderd[0m [32mlogmessaged[0m [32mcamerad[0m [32mlogcatd[0m [32mproclogd[0m [32mmicd[0m [32mtimed[0m [32mdmonitoringmodeld[0m [32msensord[0m [32mui[0m [32msoundd[0m [32mlocationd[0m [32mcalibrationd[0m [32mtorqued[0m [32mcontrolsd[0m [32mselfdrived[0m [32mcard[0m [32mdeleter[0m [32mdmonitoringd[0m [32mqcomgpsd[0m [32mpandad[0m [32mparamsd[0m [32mlagd[0m [32mplannerd[0m [32mradard[0m [32mhardwared[0m [32mtombstoned[0m [32muploader[0m [32mstatsd[0m [32mfeedbackd[0m [32mmodeld_tinygrad[0m [32mmapd[0m [32mmapd_manager[0m [32mrtid[0m
[32mloggerd[0m [32mencoderd[0m [32mlogmessaged[0m [32mcamerad[0m [32mlogcatd[0m [32mproclogd[0m [32mmicd[0m [32mtimed[0m [32mdmonitoringmodeld[0m [32msensord[0m [32mui[0m [32msoundd[0m [32mlocationd[0m [32mcalibrationd[0m [32mtorqued[0m [32mcontrolsd[0m [32mselfdrived[0m [32mcard[0m [32mdeleter[0m [32mdmonitoringd[0m [32mqcomgpsd[0m [32mpandad[0m [32mparamsd[0m [32mlagd[0m [32mplannerd[0m [32mradard[0m [32mhardwared[0m [32mtombstoned[0m [32muploader[0m [32mstatsd[0m [32mfeedbackd[0m [32mmodeld_tinygrad[0m [32mmapd[0m [32mmapd_manager[0m [32mrtid[0m
[32mloggerd[0m [32mencoderd[0m [32mlogmessaged[0m [32mcamerad[0m [32mlogcatd[0m [32mproclogd[0m [32mmicd[0m [32mtimed[0m [32mdmonitoringmodeld[0m [32msensord[0m [32mui[0m [32msoundd[0m [32mlocationd[0m [32mcalibrationd[0m [32mtorqued[0m [32mcontrolsd[0m [32mselfdrived[0m [32mcard[0m [32mdeleter[0m [32mdmonitoringd[0m [32mqcomgpsd[0m [32mpandad[0m [32mparamsd[0m [32mlagd[0m [32mplannerd[0m [32mradard[0m [32mhardwared[0m [32mtombstoned[0m [32muploader[0m [32mstatsd[0m [32mfeedbackd[0m [32mmodeld_tinygrad[0m [32mmapd[0m [32mmapd_manager[0m [32mrtid[0m
[32mloggerd[0m [32mencoderd[0m [32mlogmessaged[0m [32mcamerad[0m [32mlogcatd[0m [32mproclogd[0m [32mmicd[0m [32mtimed[0m [32mdmonitoringmodeld[0m [32msensord[0m [32mui[0m [32msoundd[0m [32mlocationd[0m [32mcalibrationd[0m [32mtorqued[0m [32mcontrolsd[0m [32mselfdrived[0m [32mcard[0m [32mdeleter[0m [32mdmonitoringd[0m [32mqcomgpsd[0m [32mpandad[0m [32mparamsd[0m [32mlagd[0m [32mplannerd[0m [32mradard[0m [32mhardwared[0m [32mtombstoned[0m [32muploader[0m [32mstatsd[0m [32mfeedbackd[0m [32mmodeld_tinygrad[0m [32mmapd[0m [32mmapd_manager[0m [32mrtid[0m
[32mloggerd[0m [32mencoderd[0m [32mlogmessaged[0m [32mcamerad[0m [32mlogcatd[0m [32mproclogd[0m [32mmicd[0m [32mtimed[0m [32mdmonitoringmodeld[0m [32msensord[0m [32mui[0m [32msoundd[0m [32mlocationd[0m [32mcalibrationd[0m [32mtorqued[0m [32mcontrolsd[0m [32mselfdrived[0m [32mcard[0m [32mdeleter[0m [32mdmonitoringd[0m [32mqcomgpsd[0m [32mpandad[0m [32mparamsd[0m [32mlagd[0m [32mplannerd[0m [32mradard[0m [32mhardwared[0m [32mtombstoned[0m [32muploader[0m [32mstatsd[0m [32mfeedbackd[0m [32mmodeld_tinygrad[0m [32mmapd[0m [32mmapd_manager[0m [32mrtid[0m
[32mloggerd[0m [32mencoderd[0m [32mlogmessaged[0m [32mcamerad[0m [32mlogcatd[0m [32mproclogd[0m [32mmicd[0m [32mtimed[0m [32mdmonitoringmodeld[0m [32msensord[0m [32mui[0m [32msoundd[0m [32mlocationd[0m [32mcalibrationd[0m [32mtorqued[0m [32mcontrolsd[0m [32mselfdrived[0m [32mcard[0m [32mdeleter[0m [32mdmonitoringd[0m [32mqcomgpsd[0m [32mpandad[0m [32mparamsd[0m [32mlagd[0m [32mplannerd[0m [32mradard[0m [32mhardwared[0m [32mtombstoned[0m [32muploader[0m [32mstatsd[0m [32mfeedbackd[0m [32mmodeld_tinygrad[0m [32mmapd[0m [32mmapd_manager[0m [32mrtid[0m
[32mloggerd[0m [32mencoderd[0m [32mlogmessaged[0m [32mcamerad[0m [32mlogcatd[0m [32mproclogd[0m [32mmicd[0m [32mtimed[0m [32mdmonitoringmodeld[0m [32msensord[0m [32mui[0m [32msoundd[0m [32mlocationd[0m [32mcalibrationd[0m [32mtorqued[0m [32mcontrolsd[0m [32mselfdrived[0m [32mcard[0m [32mdeleter[0m [32mdmonitoringd[0m [32mqcomgpsd[0m [32mpandad[0m [32mparamsd[0m [32mlagd[0m [32mplannerd[0m [32mradard[0m [32mhardwared[0m [32mtombstoned[0m [32muploader[0m [32mstatsd[0m [32mfeedbackd[0m [32mmodeld_tinygrad[0m [32mmapd[0m [32mmapd_manager[0m [32mrtid[0m
[32mloggerd[0m [32mencoderd[0m [32mlogmessaged[0m [32mcamerad[0m [32mlogcatd[0m [32mproclogd[0m [32mmicd[0m [32mtimed[0m [32mdmonitoringmodeld[0m [32msensord[0m [32mui[0m [32msoundd[0m [32mlocationd[0m [32mcalibrationd[0m [32mtorqued[0m [32mcontrolsd[0m [32mselfdrived[0m [32mcard[0m [32mdeleter[0m [32mdmonitoringd[0m [32mqcomgpsd[0m [32mpandad[0m [32mparamsd[0m [32mlagd[0m [32mplannerd[0m [32mradard[0m [32mhardwared[0m [32mtombstoned[0m [32muploader[0m [32mstatsd[0m [32mfeedbackd[0m [32mmodeld_tinygrad[0m [32mmapd[0m [32mmapd_manager[0m [32mrtid[0m
[32mloggerd[0m [32mencoderd[0m [32mlogmessaged[0m [32mcamerad[0m [32mlogcatd[0m [32mproclogd[0m [32mmicd[0m [32mtimed[0m [32mdmonitoringmodeld[0m [32msensord[0m [32mui[0m [32msoundd[0m [32mlocationd[0m [32mcalibrationd[0m [32mtorqued[0m [32mcontrolsd[0m [32mselfdrived[0m [32mcard[0m [32mdeleter[0m [32mdmonitoringd[0m [32mqcomgpsd[0m [32mpandad[0m [32mparamsd[0m [32mlagd[0m [32mplannerd[0m [32mradard[0m [32mhardwared[0m [32mtombstoned[0m [32muploader[0m [32mstatsd[0m [32mfeedbackd[0m [32mmodeld_tinygrad[0m [32mmapd[0m [32mmapd_manager[0m [32mrtid[0m
RTI cycle took 0.027s
RTI cycle took 0.028s
RTI cycle took 0.021s
RTI cycle took 0.029s
RTI cycle took 0.046s
RTI cycle took 0.039s
RTI cycle took 0.018s
RTI cycle took 0.036s
RTI cycle took 0.042s
RTI cycle took 0.024s
RTI cycle took 0.030s
RTI cycle took 0.038s
RTI cycle took 0.052s
RTI cycle took 0.046s
RTI cycle took 0.033s
RTI cycle took 0.035s
RTI cycle took 0.028s
RTI cycle took 0.059s
RTI cycle took 0.031s
RTI cycle took 0.030s
RTI cycle took 0.022s
RTI cycle took 0.030s
RTI cycle took 0.019s
RTI cycle took 0.037s
RTI cycle took 0.028s
RTI cycle took 0.037s
RTI cycle took 0.032s
RTI cycle took 0.021s
RTI cycle took 0.035s
RTI cycle took 0.033s
RTI cycle took 0.033s
RTI cycle took 0.029s
RTI cycle took 0.039s
RTI cycle took 0.031s
RTI cycle took 0.019s
RTI cycle took 0.025s
RTI cycle took 0.027s
RTI cycle took 0.030s
RTI cycle took 0.038s
RTI cycle took 0.041s
RTI cycle took 0.029s
RTI cycle took 0.027s
RTI cycle took 0.042s
RTI cycle took 0.068s
RTI cycle took 0.041s
RTI cycle took 0.031s
RTI cycle took 0.028s
RTI cycle took 0.039s
RTI cycle took 0.030s
RTI cycle took 0.028s
RTI cycle took 0.027s
RTI cycle took 0.030s
RTI cycle took 0.038s
RTI cycle took 0.039s
RTI cycle took 0.036s
RTI cycle took 0.030s
RTI cycle took 0.030s
RTI cycle took 0.036s
RTI cycle took 0.043s
RTI cycle took 0.016s
RTI cycle took 0.032s
RTI cycle took 0.029s
RTI cycle took 0.029s
RTI cycle took 0.037s
RTI cycle took 0.047s
RTI cycle took 0.018s
RTI cycle took 0.028s
RTI cycle took 0.031s
RTI cycle took 0.027s
RTI cycle took 0.036s
RTI cycle took 0.038s
RTI cycle took 0.040s
RTI cycle took 0.015s
RTI cycle took 0.054s
RTI cycle took 0.038s
RTI cycle took 0.032s
RTI cycle took 0.023s
RTI cycle took 0.037s
RTI cycle took 0.021s
RTI cycle took 0.028s
RTI cycle took 0.036s
RTI cycle took 0.020s
RTI cycle took 0.033s
RTI cycle took 0.018s
RTI cycle took 0.029s
RTI cycle took 0.015s
RTI cycle took 0.025s
RTI cycle took 0.033s
RTI cycle took 0.034s
RTI cycle took 0.030s
RTI cycle took 0.040s
RTI cycle took 0.026s
RTI cycle took 0.029s
RTI cycle took 0.039s
RTI cycle took 0.039s
RTI cycle took 0.029s
RTI cycle took 0.038s
RTI cycle took 0.029s
RTI cycle took 0.029s
RTI cycle took 0.028s
RTI cycle took 0.028s
RTI cycle took 0.032s
RTI cycle took 0.030s
RTI cycle took 0.039s
RTI cycle took 0.030s
RTI cycle took 0.017s
RTI cycle took 0.016s
RTI cycle took 0.033s
RTI cycle took 0.035s
RTI cycle took 0.025s
RTI cycle took 0.016s
RTI cycle took 0.029s
RTI cycle took 0.055s
RTI cycle took 0.024s
RTI cycle took 0.037s
RTI cycle took 0.026s
RTI cycle took 0.036s
RTI cycle took 0.029s
RTI cycle took 0.026s
RTI cycle took 0.040s
RTI cycle took 0.029s
RTI cycle took 0.029s
RTI cycle took 0.048s
RTI cycle took 0.039s
RTI cycle took 0.027s
RTI cycle took 0.031s
RTI cycle took 0.042s
RTI cycle took 0.022s
RTI cycle took 0.029s
RTI cycle took 0.042s
RTI cycle took 0.015s
RTI cycle took 0.034s
RTI cycle took 0.047s
RTI cycle took 0.049s
RTI cycle took 0.014s
RTI cycle took 0.025s
RTI cycle took 0.022s
RTI cycle took 0.042s
RTI cycle took 0.025s
RTI cycle took 0.030s
RTI cycle took 0.026s
RTI cycle took 0.031s
RTI cycle took 0.018s
RTI cycle took 0.036s
RTI cycle took 0.038s
RTI cycle took 0.040s
RTI cycle took 0.027s
RTI cycle took 0.030s
RTI cycle took 0.031s
RTI cycle took 0.056s
RTI cycle took 0.030s
RTI cycle took 0.039s
RTI cycle took 0.019s
RTI cycle took 0.028s
RTI cycle took 0.026s
RTI cycle took 0.029s
RTI cycle took 0.041s
RTI cycle took 0.035s
RTI cycle took 0.054s
RTI cycle took 0.016s
RTI cycle took 0.037s
RTI cycle took 0.036s
RTI cycle took 0.036s
RTI cycle took 0.020s
RTI cycle took 0.026s
RTI cycle took 0.018s
RTI cycle took 0.041s
RTI cycle took 0.010s
RTI cycle took 0.016s
RTI cycle took 0.039s
RTI cycle took 0.034s
RTI cycle took 0.043s
RTI cycle took 0.037s
RTI cycle took 0.030s
RTI cycle took 0.054s
RTI cycle took 0.036s
RTI cycle took 0.032s
RTI cycle took 0.028s
RTI cycle took 0.039s
RTI cycle took 0.023s
RTI cycle took 0.040s
RTI cycle took 0.037s
RTI cycle took 0.027s
RTI cycle took 0.041s
RTI cycle took 0.029s
RTI cycle took 0.025s
RTI cycle took 0.031s
RTI cycle took 0.016s
RTI cycle took 0.026s
RTI cycle took 0.039s
[32mloggerd[0m [32mencoderd[0m [32mlogmessaged[0m [32mcamerad[0m [32mlogcatd[0m [32mproclogd[0m [32mmicd[0m [32mtimed[0m [32mdmonitoringmodeld[0m [32msensord[0m [32mui[0m [32msoundd[0m [32mlocationd[0m [32mcalibrationd[0m [32mtorqued[0m [32mcontrolsd[0m [32mselfdrived[0m [32mcard[0m [32mdeleter[0m [32mdmonitoringd[0m [32mqcomgpsd[0m [32mpandad[0m [32mparamsd[0m [32mlagd[0m [32mplannerd[0m [32mradard[0m [32mhardwared[0m [32mtombstoned[0m [32muploader[0m [32mstatsd[0m [32mfeedbackd[0m [32mmodeld_tinygrad[0m [32mmapd[0m [32mmapd_manager[0m [32mrtid[0m
[32mloggerd[0m [32mencoderd[0m [32mlogmessaged[0m [32mcamerad[0m [32mlogcatd[0m [32mproclogd[0m [32mmicd[0m [32mtimed[0m [32mdmonitoringmodeld[0m [32msensord[0m [32mui[0m [32msoundd[0m [32mlocationd[0m [32mcalibrationd[0m [32mtorqued[0m [32mcontrolsd[0m [32mselfdrived[0m [32mcard[0m [32mdeleter[0m [32mdmonitoringd[0m [32mqcomgpsd[0m [32mpandad[0m [32mparamsd[0m [32mlagd[0m [32mplannerd[0m [32mradard[0m [32mhardwared[0m [32mtombstoned[0m [32muploader[0m [32mstatsd[0m [32mfeedbackd[0m [32mmodeld_tinygrad[0m [32mmapd[0m [32mmapd_manager[0m [32mrtid[0m
[32mloggerd[0m [32mencoderd[0m [32mlogmessaged[0m [32mcamerad[0m [32mlogcatd[0m [32mproclogd[0m [32mmicd[0m [32mtimed[0m [32mdmonitoringmodeld[0m [32msensord[0m [32mui[0m [32msoundd[0m [32mlocationd[0m [32mcalibrationd[0m [32mtorqued[0m [32mcontrolsd[0m [32mselfdrived[0m [32mcard[0m [32mdeleter[0m [32mdmonitoringd[0m [32mqcomgpsd[0m [32mpandad[0m [32mparamsd[0m [32mlagd[0m [32mplannerd[0m [32mradard[0m [32mhardwared[0m [32mtombstoned[0m [32muploader[0m [32mstatsd[0m [32mfeedbackd[0m [32mmodeld_tinygrad[0m [32mmapd[0m [32mmapd_manager[0m [32mrtid[0m
[32mloggerd[0m [32mencoderd[0m [32mlogmessaged[0m [32mcamerad[0m [32mlogcatd[0m [32mproclogd[0m [32mmicd[0m [32mtimed[0m [32mdmonitoringmodeld[0m [32msensord[0m [32mui[0m [32msoundd[0m [32mlocationd[0m [32mcalibrationd[0m [32mtorqued[0m [32mcontrolsd[0m [32mselfdrived[0m [32mcard[0m [32mdeleter[0m [32mdmonitoringd[0m [32mqcomgpsd[0m [32mpandad[0m [32mparamsd[0m [32mlagd[0m [32mplannerd[0m [32mradard[0m [32mhardwared[0m [32mtombstoned[0m [32muploader[0m [32mstatsd[0m [32mfeedbackd[0m [32mmodeld_tinygrad[0m [32mmapd[0m [32mmapd_manager[0m [32mrtid[0m
[32mloggerd[0m [32mencoderd[0m [32mlogmessaged[0m [32mcamerad[0m [32mlogcatd[0m [32mproclogd[0m [32mmicd[0m [32mtimed[0m [32mdmonitoringmodeld[0m [32msensord[0m [32mui[0m [32msoundd[0m [32mlocationd[0m [32mcalibrationd[0m [32mtorqued[0m [32mcontrolsd[0m [32mselfdrived[0m [32mcard[0m [32mdeleter[0m [32mdmonitoringd[0m [32mqcomgpsd[0m [32mpandad[0m [32mparamsd[0m [32mlagd[0m [32mplannerd[0m [32mradard[0m [32mhardwared[0m [32mtombstoned[0m [32muploader[0m [32mstatsd[0m [32mfeedbackd[0m [32mmodeld_tinygrad[0m [32mmapd[0m [32mmapd_manager[0m [32mrtid[0m
[32mloggerd[0m [32mencoderd[0m [32mlogmessaged[0m [32mcamerad[0m [32mlogcatd[0m [32mproclogd[0m [32mmicd[0m [32mtimed[0m [32mdmonitoringmodeld[0m [32msensord[0m [32mui[0m [32msoundd[0m [32mlocationd[0m [32mcalibrationd[0m [32mtorqued[0m [32mcontrolsd[0m [32mselfdrived[0m [32mcard[0m [32mdeleter[0m [32mdmonitoringd[0m [32mqcomgpsd[0m [32mpandad[0m [32mparamsd[0m [32mlagd[0m [32mplannerd[0m [32mradard[0m [32mhardwared[0m [32mtombstoned[0m [32muploader[0m [32mstatsd[0m [32mfeedbackd[0m [32mmodeld_tinygrad[0m [32mmapd[0m [32mmapd_manager[0m [32mrtid[0m
[32mloggerd[0m [32mencoderd[0m [32mlogmessaged[0m [32mcamerad[0m [32mlogcatd[0m [32mproclogd[0m [32mmicd[0m [32mtimed[0m [32mdmonitoringmodeld[0m [32msensord[0m [32mui[0m [32msoundd[0m [32mlocationd[0m [32mcalibrationd[0m [32mtorqued[0m [32mcontrolsd[0m [32mselfdrived[0m [32mcard[0m [32mdeleter[0m [32mdmonitoringd[0m [32mqcomgpsd[0m [32mpandad[0m [32mparamsd[0m [32mlagd[0m [32mplannerd[0m [32mradard[0m [32mhardwared[0m [32mtombstoned[0m [32muploader[0m [32mstatsd[0m [32mfeedbackd[0m [32mmodeld_tinygrad[0m [32mmapd[0m [32mmapd_manager[0m [32mrtid[0m
[32mloggerd[0m [32mencoderd[0m [32mlogmessaged[0m [32mcamerad[0m [32mlogcatd[0m [32mproclogd[0m [32mmicd[0m [32mtimed[0m [32mdmonitoringmodeld[0m [32msensord[0m [32mui[0m [32msoundd[0m [32mlocationd[0m [32mcalibrationd[0m [32mtorqued[0m [32mcontrolsd[0m [32mselfdrived[0m [32mcard[0m [32mdeleter[0m [32mdmonitoringd[0m [32mqcomgpsd[0m [32mpandad[0m [32mparamsd[0m [32mlagd[0m [32mplannerd[0m [32mradard[0m [32mhardwared[0m [32mtombstoned[0m [32muploader[0m [32mstatsd[0m [32mfeedbackd[0m [32mmodeld_tinygrad[0m [32mmapd[0m [32mmapd_manager[0m [32mrtid[0m
[32mloggerd[0m [32mencoderd[0m [32mlogmessaged[0m [32mcamerad[0m [32mlogcatd[0m [32mproclogd[0m [32mmicd[0m [32mtimed[0m [32mdmonitoringmodeld[0m [32msensord[0m [32mui[0m [32msoundd[0m [32mlocationd[0m [32mcalibrationd[0m [32mtorqued[0m [32mcontrolsd[0m [32mselfdrived[0m [32mcard[0m [32mdeleter[0m [32mdmonitoringd[0m [32mqcomgpsd[0m [32mpandad[0m [32mparamsd[0m [32mlagd[0m [32mplannerd[0m [32mradard[0m [32mhardwared[0m [32mtombstoned[0m [32muploader[0m [32mstatsd[0m [32mfeedbackd[0m [32mmodeld_tinygrad[0m [32mmapd[0m [32mmapd_manager[0m [32mrtid[0m
[32mloggerd[0m [32mencoderd[0m [32mlogmessaged[0m [32mcamerad[0m [32mlogcatd[0m [32mproclogd[0m [32mmicd[0m [32mtimed[0m [32mdmonitoringmodeld[0m [32msensord[0m [32mui[0m [32msoundd[0m [32mlocationd[0m [32mcalibrationd[0m [32mtorqued[0m [32mcontrolsd[0m [32mselfdrived[0m [32mcard[0m [32mdeleter[0m [32mdmonitoringd[0m [32mqcomgpsd[0m [32mpandad[0m [32mparamsd[0m [32mlagd[0m [32mplannerd[0m [32mradard[0m [32mhardwared[0m [32mtombstoned[0m [32muploader[0m [32mstatsd[0m [32mfeedbackd[0m [32mmodeld_tinygrad[0m [32mmapd[0m [32mmapd_manager[0m [32mrtid[0m
[32mloggerd[0m [32mencoderd[0m [32mlogmessaged[0m [32mcamerad[0m [32mlogcatd[0m [32mproclogd[0m [32mmicd[0m [32mtimed[0m [32mdmonitoringmodeld[0m [32msensord[0m [32mui[0m [32msoundd[0m [32mlocationd[0m [32mcalibrationd[0m [32mtorqued[0m [32mcontrolsd[0m [32mselfdrived[0m [32mcard[0m [32mdeleter[0m [32mdmonitoringd[0m [32mqcomgpsd[0m [32mpandad[0m [32mparamsd[0m [32mlagd[0m [32mplannerd[0m [32mradard[0m [32mhardwared[0m [32mtombstoned[0m [32muploader[0m [32mstatsd[0m [32mfeedbackd[0m [32mmodeld_tinygrad[0m [32mmapd[0m [32mmapd_manager[0m [32mrtid[0m
[32mloggerd[0m [32mencoderd[0m [32mlogmessaged[0m [32mcamerad[0m [32mlogcatd[0m [32mproclogd[0m [32mmicd[0m [32mtimed[0m [32mdmonitoringmodeld[0m [32msensord[0m [32mui[0m [32msoundd[0m [32mlocationd[0m [32mcalibrationd[0m [32mtorqued[0m [32mcontrolsd[0m [32mselfdrived[0m [32mcard[0m [32mdeleter[0m [32mdmonitoringd[0m [32mqcomgpsd[0m [32mpandad[0m [32mparamsd[0m [32mlagd[0m [32mplannerd[0m [32mradard[0m [32mhardwared[0m [32mtombstoned[0m [32muploader[0m [32mstatsd[0m [32mfeedbackd[0m [32mmodeld_tinygrad[0m [32mmapd[0m [32mmapd_manager[0m [32mrtid[0m
[32mloggerd[0m [32mencoderd[0m [32mlogmessaged[0m [32mcamerad[0m [32mlogcatd[0m [32mproclogd[0m [32mmicd[0m [32mtimed[0m [32mdmonitoringmodeld[0m [32msensord[0m [32mui[0m [32msoundd[0m [32mlocationd[0m [32mcalibrationd[0m [32mtorqued[0m [32mcontrolsd[0m [32mselfdrived[0m [32mcard[0m [32mdeleter[0m [32mdmonitoringd[0m [32mqcomgpsd[0m [32mpandad[0m [32mparamsd[0m [32mlagd[0m [32mplannerd[0m [32mradard[0m [32mhardwared[0m [32mtombstoned[0m [32muploader[0m [32mstatsd[0m [32mfeedbackd[0m [32mmodeld_tinygrad[0m [32mmapd[0m [32mmapd_manager[0m [32mrtid[0m
RTI cycle took 0.028s
RTI cycle took 0.027s
RTI cycle took 0.037s
RTI cycle took 0.038s
RTI cycle took 0.030s
RTI cycle took 0.019s
RTI cycle took 0.028s
RTI cycle took 0.031s
RTI cycle took 0.017s
RTI cycle took 0.036s
RTI cycle took 0.021s
RTI cycle took 0.024s
RTI cycle took 0.029s
RTI cycle took 0.025s
RTI cycle took 0.041s
RTI cycle took 0.028s
RTI cycle took 0.042s
RTI cycle took 0.028s
RTI cycle took 0.037s
RTI cycle took 0.018s
RTI cycle took 0.038s
RTI cycle took 0.028s
RTI cycle took 0.030s
RTI cycle took 0.039s
RTI cycle took 0.038s
RTI cycle took 0.031s
RTI cycle took 0.036s
RTI cycle took 0.040s
RTI cycle took 0.026s
RTI cycle took 0.040s
RTI cycle took 0.030s
RTI cycle took 0.040s
RTI cycle took 0.038s
RTI cycle took 0.017s
RTI cycle took 0.046s
RTI cycle took 0.034s
RTI cycle took 0.029s
RTI cycle took 0.025s
RTI cycle took 0.035s
RTI cycle took 0.027s
RTI cycle took 0.046s
RTI cycle took 0.023s
RTI cycle took 0.037s
RTI cycle took 0.040s
RTI cycle took 0.026s
RTI cycle took 0.032s
RTI cycle took 0.042s
RTI cycle took 0.025s
RTI cycle took 0.031s
RTI cycle took 0.017s
RTI cycle took 0.028s
RTI cycle took 0.039s
RTI cycle took 0.027s
RTI cycle took 0.020s
RTI cycle took 0.021s
RTI cycle took 0.032s
RTI cycle took 0.038s
RTI cycle took 0.026s
RTI cycle took 0.031s
RTI cycle took 0.038s
RTI cycle took 0.030s
RTI cycle took 0.039s
RTI cycle took 0.020s
RTI cycle took 0.028s
RTI cycle took 0.021s
RTI cycle took 0.027s
RTI cycle took 0.039s
RTI cycle took 0.011s
RTI cycle took 0.026s
RTI cycle took 0.042s
RTI cycle took 0.034s
RTI cycle took 0.024s
RTI cycle took 0.029s
RTI cycle took 0.029s
RTI cycle took 0.029s
RTI cycle took 0.049s
RTI cycle took 0.020s
RTI cycle took 0.030s
RTI cycle took 0.038s
RTI cycle took 0.020s
RTI cycle took 0.026s
RTI cycle took 0.029s
RTI cycle took 0.029s
RTI cycle took 0.047s
RTI cycle took 0.030s
RTI cycle took 0.031s
RTI cycle took 0.016s
RTI cycle took 0.023s
RTI cycle took 0.030s
RTI cycle took 0.027s
RTI cycle took 0.042s
RTI cycle took 0.025s
RTI cycle took 0.028s
RTI cycle took 0.031s
RTI cycle took 0.021s
RTI cycle took 0.028s
RTI cycle took 0.029s
RTI cycle took 0.035s
RTI cycle took 0.021s
RTI cycle took 0.021s
RTI cycle took 0.027s
RTI cycle took 0.040s
RTI cycle took 0.028s
RTI cycle took 0.027s
RTI cycle took 0.030s
RTI cycle took 0.041s
RTI cycle took 0.028s
RTI cycle took 0.020s
RTI cycle took 0.030s
RTI cycle took 0.034s
RTI cycle took 0.029s
RTI cycle took 0.040s
RTI cycle took 0.017s
RTI cycle took 0.036s
RTI cycle took 0.012s
RTI cycle took 0.029s
RTI cycle took 0.035s
RTI cycle took 0.039s
RTI cycle took 0.029s
RTI cycle took 0.034s
RTI cycle took 0.035s
RTI cycle took 0.025s
RTI cycle took 0.033s
RTI cycle took 0.027s
RTI cycle took 0.027s
RTI cycle took 0.030s
RTI cycle took 0.030s
RTI cycle took 0.019s
RTI cycle took 0.024s
RTI cycle took 0.027s
RTI cycle took 0.030s
RTI cycle took 0.017s
RTI cycle took 0.036s
RTI cycle took 0.019s
RTI cycle took 0.028s
RTI cycle took 0.031s
RTI cycle took 0.026s
RTI cycle took 0.030s
RTI cycle took 0.018s
RTI cycle took 0.041s
RTI cycle took 0.020s
RTI cycle took 0.048s
RTI cycle took 0.026s
RTI cycle took 0.032s
RTI cycle took 0.016s
RTI cycle took 0.020s
RTI cycle took 0.030s
RTI cycle took 0.020s
RTI cycle took 0.025s
RTI cycle took 0.034s
RTI cycle took 0.031s
RTI cycle took 0.027s
RTI cycle took 0.040s
RTI cycle took 0.030s
RTI cycle took 0.026s
RTI cycle took 0.031s
RTI cycle took 0.018s
RTI cycle took 0.025s
RTI cycle took 0.018s
RTI cycle took 0.029s
RTI cycle took 0.029s
RTI cycle took 0.019s
RTI cycle took 0.021s
RTI cycle took 0.032s
RTI cycle took 0.020s
RTI cycle took 0.023s
RTI cycle took 0.024s
RTI cycle took 0.037s
RTI cycle took 0.021s
RTI cycle took 0.027s
RTI cycle took 0.031s
RTI cycle took 0.029s
RTI cycle took 0.025s
RTI cycle took 0.032s
RTI cycle took 0.036s
RTI cycle took 0.027s
RTI cycle took 0.039s
RTI cycle took 0.029s
RTI cycle took 0.030s
RTI cycle took 0.038s
RTI cycle took 0.019s
RTI cycle took 0.026s
RTI cycle took 0.042s
RTI cycle took 0.025s
RTI cycle took 0.023s
RTI cycle took 0.026s
RTI cycle took 0.041s
RTI cycle took 0.030s
RTI cycle took 0.017s
RTI cycle took 0.018s
RTI cycle took 0.026s
RTI cycle took 0.038s
RTI cycle took 0.017s
RTI cycle took 0.026s
RTI cycle took 0.018s
RTI cycle took 0.019s
RTI cycle took 0.013s
RTI cycle took 0.026s
RTI cycle took 0.021s
RTI cycle took 0.031s
RTI cycle took 0.017s
RTI cycle took 0.018s
RTI cycle took 0.024s
RTI cycle took 0.041s
RTI cycle took 0.030s
RTI cycle took 0.027s
RTI cycle took 0.041s
RTI cycle took 0.020s
RTI cycle took 0.028s
[32mloggerd[0m [32mencoderd[0m [32mlogmessaged[0m [32mcamerad[0m [32mlogcatd[0m [32mproclogd[0m [32mmicd[0m [32mtimed[0m [32mdmonitoringmodeld[0m [32msensord[0m [32mui[0m [32msoundd[0m [32mlocationd[0m [32mcalibrationd[0m [32mtorqued[0m [32mcontrolsd[0m [32mselfdrived[0m [32mcard[0m [32mdeleter[0m [32mdmonitoringd[0m [32mqcomgpsd[0m [32mpandad[0m [32mparamsd[0m [32mlagd[0m [32mplannerd[0m [32mradard[0m [32mhardwared[0m [32mtombstoned[0m [32muploader[0m [32mstatsd[0m [32mfeedbackd[0m [32mmodeld_tinygrad[0m [32mmapd[0m [32mmapd_manager[0m [32mrtid[0m
[32mloggerd[0m [32mencoderd[0m [32mlogmessaged[0m [32mcamerad[0m [32mlogcatd[0m [32mproclogd[0m [32mmicd[0m [32mtimed[0m [32mdmonitoringmodeld[0m [32msensord[0m [32mui[0m [32msoundd[0m [32mlocationd[0m [32mcalibrationd[0m [32mtorqued[0m [32mcontrolsd[0m [32mselfdrived[0m [32mcard[0m [32mdeleter[0m [32mdmonitoringd[0m [32mqcomgpsd[0m [32mpandad[0m [32mparamsd[0m [32mlagd[0m [32mplannerd[0m [32mradard[0m [32mhardwared[0m [32mtombstoned[0m [32muploader[0m [32mstatsd[0m [32mfeedbackd[0m [32mmodeld_tinygrad[0m [32mmapd[0m [32mmapd_manager[0m [32mrtid[0m
[32mloggerd[0m [32mencoderd[0m [32mlogmessaged[0m [32mcamerad[0m [32mlogcatd[0m [32mproclogd[0m [32mmicd[0m [32mtimed[0m [32mdmonitoringmodeld[0m [32msensord[0m [32mui[0m [32msoundd[0m [32mlocationd[0m [32mcalibrationd[0m [32mtorqued[0m [32mcontrolsd[0m [32mselfdrived[0m [32mcard[0m [32mdeleter[0m [32mdmonitoringd[0m [32mqcomgpsd[0m [32mpandad[0m [32mparamsd[0m [32mlagd[0m [32mplannerd[0m [32mradard[0m [32mhardwared[0m [32mtombstoned[0m [32muploader[0m [32mstatsd[0m [32mfeedbackd[0m [32mmodeld_tinygrad[0m [32mmapd[0m [32mmapd_manager[0m [32mrtid[0m
[32mloggerd[0m [32mencoderd[0m [32mlogmessaged[0m [32mcamerad[0m [32mlogcatd[0m [32mproclogd[0m [32mmicd[0m [32mtimed[0m [32mdmonitoringmodeld[0m [32msensord[0m [32mui[0m [32msoundd[0m [32mlocationd[0m [32mcalibrationd[0m [32mtorqued[0m [32mcontrolsd[0m [32mselfdrived[0m [32mcard[0m [32mdeleter[0m [32mdmonitoringd[0m [32mqcomgpsd[0m [32mpandad[0m [32mparamsd[0m [32mlagd[0m [32mplannerd[0m [32mradard[0m [32mhardwared[0m [32mtombstoned[0m [32muploader[0m [32mstatsd[0m [32mfeedbackd[0m [32mmodeld_tinygrad[0m [32mmapd[0m [32mmapd_manager[0m [32mrtid[0m
[32mloggerd[0m [32mencoderd[0m [32mlogmessaged[0m [32mcamerad[0m [32mlogcatd[0m [32mproclogd[0m [32mmicd[0m [32mtimed[0m [32mdmonitoringmodeld[0m [32msensord[0m [32mui[0m [32msoundd[0m [32mlocationd[0m [32mcalibrationd[0m [32mtorqued[0m [32mcontrolsd[0m [32mselfdrived[0m [32mcard[0m [32mdeleter[0m [32mdmonitoringd[0m [32mqcomgpsd[0m [32mpandad[0m [32mparamsd[0m [32mlagd[0m [32mplannerd[0m [32mradard[0m [32mhardwared[0m [32mtombstoned[0m [32muploader[0m [32mstatsd[0m [32mfeedbackd[0m [32mmodeld_tinygrad[0m [32mmapd[0m [32mmapd_manager[0m [32mrtid[0m
[32mloggerd[0m [32mencoderd[0m [32mlogmessaged[0m [32mcamerad[0m [32mlogcatd[0m [32mproclogd[0m [32mmicd[0m [32mtimed[0m [32mdmonitoringmodeld[0m [32msensord[0m [32mui[0m [32msoundd[0m [32mlocationd[0m [32mcalibrationd[0m [32mtorqued[0m [32mcontrolsd[0m [32mselfdrived[0m [32mcard[0m [32mdeleter[0m [32mdmonitoringd[0m [32mqcomgpsd[0m [32mpandad[0m [32mparamsd[0m [32mlagd[0m [32mplannerd[0m [32mradard[0m [32mhardwared[0m [32mtombstoned[0m [32muploader[0m [32mstatsd[0m [32mfeedbackd[0m [32mmodeld_tinygrad[0m [32mmapd[0m [32mmapd_manager[0m [32mrtid[0m
[32mloggerd[0m [32mencoderd[0m [32mlogmessaged[0m [32mcamerad[0m [32mlogcatd[0m [32mproclogd[0m [32mmicd[0m [32mtimed[0m [32mdmonitoringmodeld[0m [32msensord[0m [32mui[0m [32msoundd[0m [32mlocationd[0m [32mcalibrationd[0m [32mtorqued[0m [32mcontrolsd[0m [32mselfdrived[0m [32mcard[0m [32mdeleter[0m [32mdmonitoringd[0m [32mqcomgpsd[0m [32mpandad[0m [32mparamsd[0m [32mlagd[0m [32mplannerd[0m [32mradard[0m [32mhardwared[0m [32mtombstoned[0m [32muploader[0m [32mstatsd[0m [32mfeedbackd[0m [32mmodeld_tinygrad[0m [32mmapd[0m [32mmapd_manager[0m [32mrtid[0m
[32mloggerd[0m [32mencoderd[0m [32mlogmessaged[0m [32mcamerad[0m [32mlogcatd[0m [32mproclogd[0m [32mmicd[0m [32mtimed[0m [32mdmonitoringmodeld[0m [32msensord[0m [32mui[0m [32msoundd[0m [32mlocationd[0m [32mcalibrationd[0m [32mtorqued[0m [32mcontrolsd[0m [32mselfdrived[0m [32mcard[0m [32mdeleter[0m [32mdmonitoringd[0m [32mqcomgpsd[0m [32mpandad[0m [32mparamsd[0m [32mlagd[0m [32mplannerd[0m [32mradard[0m [32mhardwared[0m [32mtombstoned[0m [32muploader[0m [32mstatsd[0m [32mfeedbackd[0m [32mmodeld_tinygrad[0m [32mmapd[0m [32mmapd_manager[0m [32mrtid[0m
[32mloggerd[0m [32mencoderd[0m [32mlogmessaged[0m [32mcamerad[0m [32mlogcatd[0m [32mproclogd[0m [32mmicd[0m [32mtimed[0m [32mdmonitoringmodeld[0m [32msensord[0m [32mui[0m [32msoundd[0m [32mlocationd[0m [32mcalibrationd[0m [32mtorqued[0m [32mcontrolsd[0m [32mselfdrived[0m [32mcard[0m [32mdeleter[0m [32mdmonitoringd[0m [32mqcomgpsd[0m [32mpandad[0m [32mparamsd[0m [32mlagd[0m [32mplannerd[0m [32mradard[0m [32mhardwared[0m [32mtombstoned[0m [32muploader[0m [32mstatsd[0m [32mfeedbackd[0m [32mmodeld_tinygrad[0m [32mmapd[0m [32mmapd_manager[0m [32mrtid[0m
[32mloggerd[0m [32mencoderd[0m [32mlogmessaged[0m [32mcamerad[0m [32mlogcatd[0m [32mproclogd[0m [32mmicd[0m [32mtimed[0m [32mdmonitoringmodeld[0m [32msensord[0m [32mui[0m [32msoundd[0m [32mlocationd[0m [32mcalibrationd[0m [32mtorqued[0m [32mcontrolsd[0m [32mselfdrived[0m [32mcard[0m [32mdeleter[0m [32mdmonitoringd[0m [32mqcomgpsd[0m [32mpandad[0m [32mparamsd[0m [32mlagd[0m [32mplannerd[0m [32mradard[0m [32mhardwared[0m [32mtombstoned[0m [32muploader[0m [32mstatsd[0m [32mfeedbackd[0m [32mmodeld_tinygrad[0m [32mmapd[0m [32mmapd_manager[0m [32mrtid[0m
[32mloggerd[0m [32mencoderd[0m [32mlogmessaged[0m [32mcamerad[0m [32mlogcatd[0m [32mproclogd[0m [32mmicd[0m [32mtimed[0m [32mdmonitoringmodeld[0m [32msensord[0m [32mui[0m [32msoundd[0m [32mlocationd[0m [32mcalibrationd[0m [32mtorqued[0m [32mcontrolsd[0m [32mselfdrived[0m [32mcard[0m [32mdeleter[0m [32mdmonitoringd[0m [32mqcomgpsd[0m [32mpandad[0m [32mparamsd[0m [32mlagd[0m [32mplannerd[0m [32mradard[0m [32mhardwared[0m [32mtombstoned[0m [32muploader[0m [32mstatsd[0m [32mfeedbackd[0m [32mmodeld_tinygrad[0m [32mmapd[0m [32mmapd_manager[0m [32mrtid[0m
[32mloggerd[0m [32mencoderd[0m [32mlogmessaged[0m [32mcamerad[0m [32mlogcatd[0m [32mproclogd[0m [32mmicd[0m [32mtimed[0m [32mdmonitoringmodeld[0m [32msensord[0m [32mui[0m [32msoundd[0m [32mlocationd[0m [32mcalibrationd[0m [32mtorqued[0m [32mcontrolsd[0m [32mselfdrived[0m [32mcard[0m [32mdeleter[0m [32mdmonitoringd[0m [32mqcomgpsd[0m [32mpandad[0m [32mparamsd[0m [32mlagd[0m [32mplannerd[0m [32mradard[0m [32mhardwared[0m [32mtombstoned[0m [32muploader[0m [32mstatsd[0m [32mfeedbackd[0m [32mmodeld_tinygrad[0m [32mmapd[0m [32mmapd_manager[0m [32mrtid[0m
[32mloggerd[0m [32mencoderd[0m [32mlogmessaged[0m [32mcamerad[0m [32mlogcatd[0m [32mproclogd[0m [32mmicd[0m [32mtimed[0m [32mdmonitoringmodeld[0m [32msensord[0m [32mui[0m [32msoundd[0m [32mlocationd[0m [32mcalibrationd[0m [32mtorqued[0m [32mcontrolsd[0m [32mselfdrived[0m [32mcard[0m [32mdeleter[0m [32mdmonitoringd[0m [32mqcomgpsd[0m [32mpandad[0m [32mparamsd[0m [32mlagd[0m [32mplannerd[0m [32mradard[0m [32mhardwared[0m [32mtombstoned[0m [32muploader[0m [32mstatsd[0m [32mfeedbackd[0m [32mmodeld_tinygrad[0m [32mmapd[0m [32mmapd_manager[0m [32mrtid[0m
RTI cycle took 0.036s
RTI cycle took 0.020s
RTI cycle took 0.042s
RTI cycle took 0.040s
RTI cycle took 0.041s
RTI cycle took 0.015s
RTI cycle took 0.032s
RTI cycle took 0.019s
RTI cycle took 0.030s
RTI cycle took 0.031s
RTI cycle took 0.037s
RTI cycle took 0.030s
RTI cycle took 0.027s
RTI cycle took 0.027s
RTI cycle took 0.041s
RTI cycle took 0.040s
RTI cycle took 0.033s
RTI cycle took 0.021s
RTI cycle took 0.033s
RTI cycle took 0.038s
RTI cycle took 0.035s
RTI cycle took 0.039s
RTI cycle took 0.030s
RTI cycle took 0.028s
RTI cycle took 0.029s
RTI cycle took 0.020s
RTI cycle took 0.056s
RTI cycle took 0.027s
RTI cycle took 0.040s
RTI cycle took 0.048s
RTI cycle took 0.038s
RTI cycle took 0.029s
RTI cycle took 0.038s
RTI cycle took 0.031s
RTI cycle took 0.024s
RTI cycle took 0.018s
RTI cycle took 0.037s
RTI cycle took 0.037s
RTI cycle took 0.032s
RTI cycle took 0.047s
RTI cycle took 0.040s
RTI cycle took 0.018s
RTI cycle took 0.035s
RTI cycle took 0.048s
RTI cycle took 0.020s
RTI cycle took 0.036s
RTI cycle took 0.042s
RTI cycle took 0.029s
RTI cycle took 0.026s
RTI cycle took 0.044s
RTI cycle took 0.045s
RTI cycle took 0.034s
RTI cycle took 0.019s
RTI cycle took 0.045s
RTI cycle took 0.032s
RTI cycle took 0.017s
RTI cycle took 0.035s
RTI cycle took 0.037s
RTI cycle took 0.058s
RTI cycle took 0.041s
RTI cycle took 0.047s
RTI cycle took 0.034s
RTI cycle took 0.049s
RTI cycle took 0.044s
RTI cycle took 0.039s
RTI cycle took 0.028s
RTI cycle took 0.031s
RTI cycle took 0.025s
RTI cycle took 0.033s
RTI cycle took 0.067s
RTI cycle took 0.068s
RTI cycle took 0.036s
RTI cycle took 0.035s
RTI cycle took 0.025s
RTI cycle took 0.024s
RTI cycle took 0.040s
RTI cycle took 0.039s
RTI cycle took 0.041s
RTI cycle took 0.045s
RTI cycle took 0.042s
RTI cycle took 0.024s
RTI cycle took 0.039s
RTI cycle took 0.039s
RTI cycle took 0.039s
RTI cycle took 0.029s
RTI cycle took 0.022s
RTI cycle took 0.042s
RTI cycle took 0.036s
RTI cycle took 0.040s
RTI cycle took 0.038s
RTI cycle took 0.030s
RTI cycle took 0.046s
RTI cycle took 0.035s
RTI cycle took 0.032s
RTI cycle took 0.053s
RTI cycle took 0.025s
RTI cycle took 0.040s
RTI cycle took 0.029s
RTI cycle took 0.017s
RTI cycle took 0.028s
RTI cycle took 0.032s
RTI cycle took 0.022s
RTI cycle took 0.021s
RTI cycle took 0.031s
RTI cycle took 0.026s
RTI cycle took 0.031s
RTI cycle took 0.020s
RTI cycle took 0.026s
RTI cycle took 0.022s
RTI cycle took 0.039s
RTI cycle took 0.031s
RTI cycle took 0.028s
RTI cycle took 0.018s
RTI cycle took 0.034s
RTI cycle took 0.017s
RTI cycle took 0.035s
RTI cycle took 0.039s
RTI cycle took 0.018s
RTI cycle took 0.037s
RTI cycle took 0.020s
RTI cycle took 0.016s
RTI cycle took 0.035s
RTI cycle took 0.018s
RTI cycle took 0.028s
RTI cycle took 0.028s
RTI cycle took 0.030s
RTI cycle took 0.018s
RTI cycle took 0.018s
RTI cycle took 0.014s
RTI cycle took 0.023s
RTI cycle took 0.030s
RTI cycle took 0.029s
RTI cycle took 0.018s
RTI cycle took 0.015s
RTI cycle took 0.023s
RTI cycle took 0.029s
RTI cycle took 0.019s
RTI cycle took 0.019s
RTI cycle took 0.016s
RTI cycle took 0.025s
RTI cycle took 0.030s
RTI cycle took 0.028s
RTI cycle took 0.040s
RTI cycle took 0.018s
RTI cycle took 0.027s
RTI cycle took 0.019s
RTI cycle took 0.027s
RTI cycle took 0.031s
RTI cycle took 0.028s
RTI cycle took 0.019s
RTI cycle took 0.028s
RTI cycle took 0.038s
RTI cycle took 0.018s
RTI cycle took 0.025s
RTI cycle took 0.017s
RTI cycle took 0.017s
RTI cycle took 0.025s
RTI cycle took 0.019s
RTI cycle took 0.024s
RTI cycle took 0.031s
RTI cycle took 0.039s
RTI cycle took 0.040s
RTI cycle took 0.036s
RTI cycle took 0.022s
RTI cycle took 0.039s
RTI cycle took 0.032s
RTI cycle took 0.022s
RTI cycle took 0.028s
RTI cycle took 0.031s
RTI cycle took 0.039s
RTI cycle took 0.019s
RTI cycle took 0.027s
RTI cycle took 0.019s
RTI cycle took 0.027s
RTI cycle took 0.027s
RTI cycle took 0.042s
RTI cycle took 0.019s
RTI cycle took 0.027s
RTI cycle took 0.039s
RTI cycle took 0.018s
RTI cycle took 0.037s
RTI cycle took 0.039s
RTI cycle took 0.018s
RTI cycle took 0.027s
RTI cycle took 0.030s
RTI cycle took 0.019s
RTI cycle took 0.016s
RTI cycle took 0.025s
RTI cycle took 0.018s
RTI cycle took 0.028s
RTI cycle took 0.028s
RTI cycle took 0.038s
RTI cycle took 0.031s
RTI cycle took 0.029s
RTI cycle took 0.036s
RTI cycle took 0.032s
RTI cycle took 0.028s
RTI cycle took 0.030s
[32mloggerd[0m [32mencoderd[0m [32mlogmessaged[0m [32mcamerad[0m [32mlogcatd[0m [32mproclogd[0m [32mmicd[0m [32mtimed[0m [32mdmonitoringmodeld[0m [32msensord[0m [32mui[0m [32msoundd[0m [32mlocationd[0m [32mcalibrationd[0m [32mtorqued[0m [32mcontrolsd[0m [32mselfdrived[0m [32mcard[0m [32mdeleter[0m [32mdmonitoringd[0m [32mqcomgpsd[0m [32mpandad[0m [32mparamsd[0m [32mlagd[0m [32mplannerd[0m [32mradard[0m [32mhardwared[0m [32mtombstoned[0m [32muploader[0m [32mstatsd[0m [32mfeedbackd[0m [32mmodeld_tinygrad[0m [32mmapd[0m [32mmapd_manager[0m [32mrtid[0m
[32mloggerd[0m [32mencoderd[0m [32mlogmessaged[0m [32mcamerad[0m [32mlogcatd[0m [32mproclogd[0m [32mmicd[0m [32mtimed[0m [32mdmonitoringmodeld[0m [32msensord[0m [32mui[0m [32msoundd[0m [32mlocationd[0m [32mcalibrationd[0m [32mtorqued[0m [32mcontrolsd[0m [32mselfdrived[0m [32mcard[0m [32mdeleter[0m [32mdmonitoringd[0m [32mqcomgpsd[0m [32mpandad[0m [32mparamsd[0m [32mlagd[0m [32mplannerd[0m [32mradard[0m [32mhardwared[0m [32mtombstoned[0m [32muploader[0m [32mstatsd[0m [32mfeedbackd[0m [32mmodeld_tinygrad[0m [32mmapd[0m [32mmapd_manager[0m [32mrtid[0m
[32mloggerd[0m [32mencoderd[0m [32mlogmessaged[0m [32mcamerad[0m [32mlogcatd[0m [32mproclogd[0m [32mmicd[0m [32mtimed[0m [32mdmonitoringmodeld[0m [32msensord[0m [32mui[0m [32msoundd[0m [32mlocationd[0m [32mcalibrationd[0m [32mtorqued[0m [32mcontrolsd[0m [32mselfdrived[0m [32mcard[0m [32mdeleter[0m [32mdmonitoringd[0m [32mqcomgpsd[0m [32mpandad[0m [32mparamsd[0m [32mlagd[0m [32mplannerd[0m [32mradard[0m [32mhardwared[0m [32mtombstoned[0m [32muploader[0m [32mstatsd[0m [32mfeedbackd[0m [32mmodeld_tinygrad[0m [32mmapd[0m [32mmapd_manager[0m [32mrtid[0m
[32mloggerd[0m [32mencoderd[0m [32mlogmessaged[0m [32mcamerad[0m [32mlogcatd[0m [32mproclogd[0m [32mmicd[0m [32mtimed[0m [32mdmonitoringmodeld[0m [32msensord[0m [32mui[0m [32msoundd[0m [32mlocationd[0m [32mcalibrationd[0m [32mtorqued[0m [32mcontrolsd[0m [32mselfdrived[0m [32mcard[0m [32mdeleter[0m [32mdmonitoringd[0m [32mqcomgpsd[0m [32mpandad[0m [32mparamsd[0m [32mlagd[0m [32mplannerd[0m [32mradard[0m [32mhardwared[0m [32mtombstoned[0m [32muploader[0m [32mstatsd[0m [32mfeedbackd[0m [32mmodeld_tinygrad[0m [32mmapd[0m [32mmapd_manager[0m [32mrtid[0m
[32mloggerd[0m [32mencoderd[0m [32mlogmessaged[0m [32mcamerad[0m [32mlogcatd[0m [32mproclogd[0m [32mmicd[0m [32mtimed[0m [32mdmonitoringmodeld[0m [32msensord[0m [32mui[0m [32msoundd[0m [32mlocationd[0m [32mcalibrationd[0m [32mtorqued[0m [32mcontrolsd[0m [32mselfdrived[0m [32mcard[0m [32mdeleter[0m [32mdmonitoringd[0m [32mqcomgpsd[0m [32mpandad[0m [32mparamsd[0m [32mlagd[0m [32mplannerd[0m [32mradard[0m [32mhardwared[0m [32mtombstoned[0m [32muploader[0m [32mstatsd[0m [32mfeedbackd[0m [32mmodeld_tinygrad[0m [32mmapd[0m [32mmapd_manager[0m [32mrtid[0m
[32mloggerd[0m [32mencoderd[0m [32mlogmessaged[0m [32mcamerad[0m [32mlogcatd[0m [32mproclogd[0m [32mmicd[0m [32mtimed[0m [32mdmonitoringmodeld[0m [32msensord[0m [32mui[0m [32msoundd[0m [32mlocationd[0m [32mcalibrationd[0m [32mtorqued[0m [32mcontrolsd[0m [32mselfdrived[0m [32mcard[0m [32mdeleter[0m [32mdmonitoringd[0m [32mqcomgpsd[0m [32mpandad[0m [32mparamsd[0m [32mlagd[0m [32mplannerd[0m [32mradard[0m [32mhardwared[0m [32mtombstoned[0m [32muploader[0m [32mstatsd[0m [32mfeedbackd[0m [32mmodeld_tinygrad[0m [32mmapd[0m [32mmapd_manager[0m [32mrtid[0m
[32mloggerd[0m [32mencoderd[0m [32mlogmessaged[0m [32mcamerad[0m [32mlogcatd[0m [32mproclogd[0m [32mmicd[0m [32mtimed[0m [32mdmonitoringmodeld[0m [32msensord[0m [32mui[0m [32msoundd[0m [32mlocationd[0m [32mcalibrationd[0m [32mtorqued[0m [32mcontrolsd[0m [32mselfdrived[0m [32mcard[0m [32mdeleter[0m [32mdmonitoringd[0m [32mqcomgpsd[0m [32mpandad[0m [32mparamsd[0m [32mlagd[0m [32mplannerd[0m [32mradard[0m [32mhardwared[0m [32mtombstoned[0m [32muploader[0m [32mstatsd[0m [32mfeedbackd[0m [32mmodeld_tinygrad[0m [32mmapd[0m [32mmapd_manager[0m [32mrtid[0m
[32mloggerd[0m [32mencoderd[0m [32mlogmessaged[0m [32mcamerad[0m [32mlogcatd[0m [32mproclogd[0m [32mmicd[0m [32mtimed[0m [32mdmonitoringmodeld[0m [32msensord[0m [32mui[0m [32msoundd[0m [32mlocationd[0m [32mcalibrationd[0m [32mtorqued[0m [32mcontrolsd[0m [32mselfdrived[0m [32mcard[0m [32mdeleter[0m [32mdmonitoringd[0m [32mqcomgpsd[0m [32mpandad[0m [32mparamsd[0m [32mlagd[0m [32mplannerd[0m [32mradard[0m [32mhardwared[0m [32mtombstoned[0m [32muploader[0m [32mstatsd[0m [32mfeedbackd[0m [32mmodeld_tinygrad[0m [32mmapd[0m [32mmapd_manager[0m [32mrtid[0m
[32mloggerd[0m [32mencoderd[0m [32mlogmessaged[0m [32mcamerad[0m [32mlogcatd[0m [32mproclogd[0m [32mmicd[0m [32mtimed[0m [32mdmonitoringmodeld[0m [32msensord[0m [32mui[0m [32msoundd[0m [32mlocationd[0m [32mcalibrationd[0m [32mtorqued[0m [32mcontrolsd[0m [32mselfdrived[0m [32mcard[0m [32mdeleter[0m [32mdmonitoringd[0m [32mqcomgpsd[0m [32mpandad[0m [32mparamsd[0m [32mlagd[0m [32mplannerd[0m [32mradard[0m [32mhardwared[0m [32mtombstoned[0m [32muploader[0m [32mstatsd[0m [32mfeedbackd[0m [32mmodeld_tinygrad[0m [32mmapd[0m [32mmapd_manager[0m [32mrtid[0m
[32mloggerd[0m [32mencoderd[0m [32mlogmessaged[0m [32mcamerad[0m [32mlogcatd[0m [32mproclogd[0m [32mmicd[0m [32mtimed[0m [32mdmonitoringmodeld[0m [32msensord[0m [32mui[0m [32msoundd[0m [32mlocationd[0m [32mcalibrationd[0m [32mtorqued[0m [32mcontrolsd[0m [32mselfdrived[0m [32mcard[0m [32mdeleter[0m [32mdmonitoringd[0m [32mqcomgpsd[0m [32mpandad[0m [32mparamsd[0m [32mlagd[0m [32mplannerd[0m [32mradard[0m [32mhardwared[0m [32mtombstoned[0m [32muploader[0m [32mstatsd[0m [32mfeedbackd[0m [32mmodeld_tinygrad[0m [32mmapd[0m [32mmapd_manager[0m [32mrtid[0m
[32mloggerd[0m [32mencoderd[0m [32mlogmessaged[0m [32mcamerad[0m [32mlogcatd[0m [32mproclogd[0m [32mmicd[0m [32mtimed[0m [32mdmonitoringmodeld[0m [32msensord[0m [32mui[0m [32msoundd[0m [32mlocationd[0m [32mcalibrationd[0m [32mtorqued[0m [32mcontrolsd[0m [32mselfdrived[0m [32mcard[0m [32mdeleter[0m [32mdmonitoringd[0m [32mqcomgpsd[0m [32mpandad[0m [32mparamsd[0m [32mlagd[0m [32mplannerd[0m [32mradard[0m [32mhardwared[0m [32mtombstoned[0m [32muploader[0m [32mstatsd[0m [32mfeedbackd[0m [32mmodeld_tinygrad[0m [32mmapd[0m [32mmapd_manager[0m [32mrtid[0m
[32mloggerd[0m [32mencoderd[0m [32mlogmessaged[0m [32mcamerad[0m [32mlogcatd[0m [32mproclogd[0m [32mmicd[0m [32mtimed[0m [32mdmonitoringmodeld[0m [32msensord[0m [32mui[0m [32msoundd[0m [32mlocationd[0m [32mcalibrationd[0m [32mtorqued[0m [32mcontrolsd[0m [32mselfdrived[0m [32mcard[0m [32mdeleter[0m [32mdmonitoringd[0m [32mqcomgpsd[0m [32mpandad[0m [32mparamsd[0m [32mlagd[0m [32mplannerd[0m [32mradard[0m [32mhardwared[0m [32mtombstoned[0m [32muploader[0m [32mstatsd[0m [32mfeedbackd[0m [32mmodeld_tinygrad[0m [32mmapd[0m [32mmapd_manager[0m [32mrtid[0m
[32mloggerd[0m [32mencoderd[0m [32mlogmessaged[0m [32mcamerad[0m [32mlogcatd[0m [32mproclogd[0m [32mmicd[0m [32mtimed[0m [32mdmonitoringmodeld[0m [32msensord[0m [32mui[0m [32msoundd[0m [32mlocationd[0m [32mcalibrationd[0m [32mtorqued[0m [32mcontrolsd[0m [32mselfdrived[0m [32mcard[0m [32mdeleter[0m [32mdmonitoringd[0m [32mqcomgpsd[0m [32mpandad[0m [32mparamsd[0m [32mlagd[0m [32mplannerd[0m [32mradard[0m [32mhardwared[0m [32mtombstoned[0m [32muploader[0m [32mstatsd[0m [32mfeedbackd[0m [32mmodeld_tinygrad[0m [32mmapd[0m [32mmapd_manager[0m [32mrtid[0m
RTI cycle took 0.039s
RTI cycle took 0.017s
RTI cycle took 0.032s
RTI cycle took 0.020s
RTI cycle took 0.038s
RTI cycle took 0.028s
RTI cycle took 0.030s
RTI cycle took 0.029s
RTI cycle took 0.031s
RTI cycle took 0.020s
RTI cycle took 0.038s
RTI cycle took 0.015s
RTI cycle took 0.026s
RTI cycle took 0.027s
RTI cycle took 0.032s
RTI cycle took 0.030s
RTI cycle took 0.039s
RTI cycle took 0.028s
RTI cycle took 0.020s
RTI cycle took 0.025s
RTI cycle took 0.030s
RTI cycle took 0.018s
RTI cycle took 0.028s
RTI cycle took 0.024s
RTI cycle took 0.026s
RTI cycle took 0.029s
RTI cycle took 0.030s
RTI cycle took 0.029s
RTI cycle took 0.018s
RTI cycle took 0.036s
RTI cycle took 0.018s
RTI cycle took 0.027s
RTI cycle took 0.029s
RTI cycle took 0.033s
RTI cycle took 0.026s
RTI cycle took 0.017s
RTI cycle took 0.017s
RTI cycle took 0.024s
RTI cycle took 0.030s
RTI cycle took 0.018s
RTI cycle took 0.027s
RTI cycle took 0.030s
RTI cycle took 0.031s
RTI cycle took 0.037s
RTI cycle took 0.018s
RTI cycle took 0.038s
RTI cycle took 0.018s
RTI cycle took 0.033s
RTI cycle took 0.030s
RTI cycle took 0.018s
RTI cycle took 0.027s
RTI cycle took 0.040s
RTI cycle took 0.027s
RTI cycle took 0.030s
RTI cycle took 0.018s
RTI cycle took 0.019s
RTI cycle took 0.016s
RTI cycle took 0.026s
RTI cycle took 0.031s
RTI cycle took 0.026s
RTI cycle took 0.049s
RTI cycle took 0.018s
RTI cycle took 0.039s
RTI cycle took 0.039s
RTI cycle took 0.029s
RTI cycle took 0.030s
RTI cycle took 0.031s
RTI cycle took 0.019s
RTI cycle took 0.036s
RTI cycle took 0.019s
RTI cycle took 0.028s
RTI cycle took 0.028s
RTI cycle took 0.019s
RTI cycle took 0.016s
RTI cycle took 0.023s
RTI cycle took 0.041s
RTI cycle took 0.018s
RTI cycle took 0.037s
RTI cycle took 0.017s
RTI cycle took 0.027s
RTI cycle took 0.040s
RTI cycle took 0.018s
RTI cycle took 0.037s
RTI cycle took 0.030s
RTI cycle took 0.028s
RTI cycle took 0.021s
RTI cycle took 0.027s
RTI cycle took 0.039s
RTI cycle took 0.028s
RTI cycle took 0.029s
RTI cycle took 0.039s
RTI cycle took 0.019s
RTI cycle took 0.038s
RTI cycle took 0.023s
RTI cycle took 0.025s
RTI cycle took 0.038s
RTI cycle took 0.018s
RTI cycle took 0.029s
RTI cycle took 0.040s
RTI cycle took 0.027s
RTI cycle took 0.041s
RTI cycle took 0.039s
RTI cycle took 0.040s
RTI cycle took 0.027s
RTI cycle took 0.022s
RTI cycle took 0.018s
RTI cycle took 0.029s
RTI cycle took 0.027s
RTI cycle took 0.030s
RTI cycle took 0.013s
RTI cycle took 0.029s
RTI cycle took 0.041s
RTI cycle took 0.017s
RTI cycle took 0.016s
RTI cycle took 0.025s
RTI cycle took 0.028s
RTI cycle took 0.028s
RTI cycle took 0.030s
RTI cycle took 0.030s
RTI cycle took 0.038s
RTI cycle took 0.022s
RTI cycle took 0.025s
RTI cycle took 0.030s
RTI cycle took 0.030s
RTI cycle took 0.037s
RTI cycle took 0.023s
RTI cycle took 0.020s
RTI cycle took 0.041s
RTI cycle took 0.026s
RTI cycle took 0.022s
RTI cycle took 0.040s
RTI cycle took 0.028s
RTI cycle took 0.030s
RTI cycle took 0.019s
RTI cycle took 0.026s
RTI cycle took 0.030s
RTI cycle took 0.022s
RTI cycle took 0.030s
RTI cycle took 0.030s
RTI cycle took 0.028s
RTI cycle took 0.019s
RTI cycle took 0.028s
RTI cycle took 0.026s
RTI cycle took 0.020s
RTI cycle took 0.038s
RTI cycle took 0.031s
RTI cycle took 0.027s
RTI cycle took 0.019s
RTI cycle took 0.027s
RTI cycle took 0.030s
RTI cycle took 0.028s
RTI cycle took 0.030s
RTI cycle took 0.040s
RTI cycle took 0.019s
RTI cycle took 0.026s
RTI cycle took 0.021s
RTI cycle took 0.017s
RTI cycle took 0.025s
RTI cycle took 0.019s
RTI cycle took 0.028s
RTI cycle took 0.029s
RTI cycle took 0.028s
RTI cycle took 0.031s
RTI cycle took 0.029s
RTI cycle took 0.028s
RTI cycle took 0.039s
RTI cycle took 0.041s
RTI cycle took 0.037s
RTI cycle took 0.029s
RTI cycle took 0.033s
RTI cycle took 0.025s
RTI cycle took 0.030s
RTI cycle took 0.031s
RTI cycle took 0.027s
RTI cycle took 0.018s
RTI cycle took 0.026s
RTI cycle took 0.039s
RTI cycle took 0.011s
RTI cycle took 0.037s
RTI cycle took 0.029s
RTI cycle took 0.027s
RTI cycle took 0.023s
RTI cycle took 0.026s
RTI cycle took 0.015s
RTI cycle took 0.022s
RTI cycle took 0.029s
RTI cycle took 0.028s
RTI cycle took 0.040s
RTI cycle took 0.038s
RTI cycle took 0.030s
RTI cycle took 0.027s
RTI cycle took 0.031s
RTI cycle took 0.022s
RTI cycle took 0.026s
RTI cycle took 0.040s
RTI cycle took 0.019s
RTI cycle took 0.015s
RTI cycle took 0.020s
RTI cycle took 0.030s
RTI cycle took 0.026s
RTI cycle took 0.031s
RTI cycle took 0.029s
RTI cycle took 0.031s
RTI cycle took 0.027s
RTI cycle took 0.020s
RTI cycle took 0.038s
RTI cycle took 0.016s
RTI cycle took 0.025s
RTI cycle took 0.018s
RTI cycle took 0.026s
RTI cycle took 0.030s
RTI cycle took 0.026s
RTI cycle took 0.023s
RTI cycle took 0.037s
RTI cycle took 0.030s
RTI cycle took 0.020s
RTI cycle took 0.020s
RTI cycle took 0.039s
RTI cycle took 0.027s
RTI cycle took 0.021s
RTI cycle took 0.018s
[32mloggerd[0m [32mencoderd[0m [32mlogmessaged[0m [32mcamerad[0m [32mlogcatd[0m [32mproclogd[0m [32mmicd[0m [32mtimed[0m [32mdmonitoringmodeld[0m [32msensord[0m [32mui[0m [32msoundd[0m [32mlocationd[0m [32mcalibrationd[0m [32mtorqued[0m [32mcontrolsd[0m [32mselfdrived[0m [32mcard[0m [32mdeleter[0m [32mdmonitoringd[0m [32mqcomgpsd[0m [32mpandad[0m [32mparamsd[0m [32mlagd[0m [32mplannerd[0m [32mradard[0m [32mhardwared[0m [32mtombstoned[0m [32muploader[0m [32mstatsd[0m [32mfeedbackd[0m [32mmodeld_tinygrad[0m [32mmapd[0m [32mmapd_manager[0m [32mrtid[0m
[32mloggerd[0m [32mencoderd[0m [32mlogmessaged[0m [32mcamerad[0m [32mlogcatd[0m [32mproclogd[0m [32mmicd[0m [32mtimed[0m [32mdmonitoringmodeld[0m [32msensord[0m [32mui[0m [32msoundd[0m [32mlocationd[0m [32mcalibrationd[0m [32mtorqued[0m [32mcontrolsd[0m [32mselfdrived[0m [32mcard[0m [32mdeleter[0m [32mdmonitoringd[0m [32mqcomgpsd[0m [32mpandad[0m [32mparamsd[0m [32mlagd[0m [32mplannerd[0m [32mradard[0m [32mhardwared[0m [32mtombstoned[0m [32muploader[0m [32mstatsd[0m [32mfeedbackd[0m [32mmodeld_tinygrad[0m [32mmapd[0m [32mmapd_manager[0m [32mrtid[0m
[32mloggerd[0m [32mencoderd[0m [32mlogmessaged[0m [32mcamerad[0m [32mlogcatd[0m [32mproclogd[0m [32mmicd[0m [32mtimed[0m [32mdmonitoringmodeld[0m [32msensord[0m [32mui[0m [32msoundd[0m [32mlocationd[0m [32mcalibrationd[0m [32mtorqued[0m [32mcontrolsd[0m [32mselfdrived[0m [32mcard[0m [32mdeleter[0m [32mdmonitoringd[0m [32mqcomgpsd[0m [32mpandad[0m [32mparamsd[0m [32mlagd[0m [32mplannerd[0m [32mradard[0m [32mhardwared[0m [32mtombstoned[0m [32muploader[0m [32mstatsd[0m [32mfeedbackd[0m [32mmodeld_tinygrad[0m [32mmapd[0m [32mmapd_manager[0m [32mrtid[0m
[32mloggerd[0m [32mencoderd[0m [32mlogmessaged[0m [32mcamerad[0m [32mlogcatd[0m [32mproclogd[0m [32mmicd[0m [32mtimed[0m [32mdmonitoringmodeld[0m [32msensord[0m [32mui[0m [32msoundd[0m [32mlocationd[0m [32mcalibrationd[0m [32mtorqued[0m [32mcontrolsd[0m [32mselfdrived[0m [32mcard[0m [32mdeleter[0m [32mdmonitoringd[0m [32mqcomgpsd[0m [32mpandad[0m [32mparamsd[0m [32mlagd[0m [32mplannerd[0m [32mradard[0m [32mhardwared[0m [32mtombstoned[0m [32muploader[0m [32mstatsd[0m [32mfeedbackd[0m [32mmodeld_tinygrad[0m [32mmapd[0m [32mmapd_manager[0m [32mrtid[0m
[32mloggerd[0m [32mencoderd[0m [32mlogmessaged[0m [32mcamerad[0m [32mlogcatd[0m [32mproclogd[0m [32mmicd[0m [32mtimed[0m [32mdmonitoringmodeld[0m [32msensord[0m [32mui[0m [32msoundd[0m [32mlocationd[0m [32mcalibrationd[0m [32mtorqued[0m [32mcontrolsd[0m [32mselfdrived[0m [32mcard[0m [32mdeleter[0m [32mdmonitoringd[0m [32mqcomgpsd[0m [32mpandad[0m [32mparamsd[0m [32mlagd[0m [32mplannerd[0m [32mradard[0m [32mhardwared[0m [32mtombstoned[0m [32muploader[0m [32mstatsd[0m [32mfeedbackd[0m [32mmodeld_tinygrad[0m [32mmapd[0m [32mmapd_manager[0m [32mrtid[0m
[32mloggerd[0m [32mencoderd[0m [32mlogmessaged[0m [32mcamerad[0m [32mlogcatd[0m [32mproclogd[0m [32mmicd[0m [32mtimed[0m [32mdmonitoringmodeld[0m [32msensord[0m [32mui[0m [32msoundd[0m [32mlocationd[0m [32mcalibrationd[0m [32mtorqued[0m [32mcontrolsd[0m [32mselfdrived[0m [32mcard[0m [32mdeleter[0m [32mdmonitoringd[0m [32mqcomgpsd[0m [32mpandad[0m [32mparamsd[0m [32mlagd[0m [32mplannerd[0m [32mradard[0m [32mhardwared[0m [32mtombstoned[0m [32muploader[0m [32mstatsd[0m [32mfeedbackd[0m [32mmodeld_tinygrad[0m [32mmapd[0m [32mmapd_manager[0m [32mrtid[0m
[32mloggerd[0m [32mencoderd[0m [32mlogmessaged[0m [32mcamerad[0m [32mlogcatd[0m [32mproclogd[0m [32mmicd[0m [32mtimed[0m [32mdmonitoringmodeld[0m [32msensord[0m [32mui[0m [32msoundd[0m [32mlocationd[0m [32mcalibrationd[0m [32mtorqued[0m [32mcontrolsd[0m [32mselfdrived[0m [32mcard[0m [32mdeleter[0m [32mdmonitoringd[0m [32mqcomgpsd[0m [32mpandad[0m [32mparamsd[0m [32mlagd[0m [32mplannerd[0m [32mradard[0m [32mhardwared[0m [32mtombstoned[0m [32muploader[0m [32mstatsd[0m [32mfeedbackd[0m [32mmodeld_tinygrad[0m [32mmapd[0m [32mmapd_manager[0m [32mrtid[0m
[32mloggerd[0m [32mencoderd[0m [32mlogmessaged[0m [32mcamerad[0m [32mlogcatd[0m [32mproclogd[0m [32mmicd[0m [32mtimed[0m [32mdmonitoringmodeld[0m [32msensord[0m [32mui[0m [32msoundd[0m [32mlocationd[0m [32mcalibrationd[0m [32mtorqued[0m [32mcontrolsd[0m [32mselfdrived[0m [32mcard[0m [32mdeleter[0m [32mdmonitoringd[0m [32mqcomgpsd[0m [32mpandad[0m [32mparamsd[0m [32mlagd[0m [32mplannerd[0m [32mradard[0m [32mhardwared[0m [32mtombstoned[0m [32muploader[0m [32mstatsd[0m [32mfeedbackd[0m [32mmodeld_tinygrad[0m [32mmapd[0m [32mmapd_manager[0m [32mrtid[0m
[32mloggerd[0m [32mencoderd[0m [32mlogmessaged[0m [32mcamerad[0m [32mlogcatd[0m [32mproclogd[0m [32mmicd[0m [32mtimed[0m [32mdmonitoringmodeld[0m [32msensord[0m [32mui[0m [32msoundd[0m [32mlocationd[0m [32mcalibrationd[0m [32mtorqued[0m [32mcontrolsd[0m [32mselfdrived[0m [32mcard[0m [32mdeleter[0m [32mdmonitoringd[0m [32mqcomgpsd[0m [32mpandad[0m [32mparamsd[0m [32mlagd[0m [32mplannerd[0m [32mradard[0m [32mhardwared[0m [32mtombstoned[0m [32muploader[0m [32mstatsd[0m [32mfeedbackd[0m [32mmodeld_tinygrad[0m [32mmapd[0m [32mmapd_manager[0m [32mrtid[0m
[32mloggerd[0m [32mencoderd[0m [32mlogmessaged[0m [32mcamerad[0m [32mlogcatd[0m [32mproclogd[0m [32mmicd[0m [32mtimed[0m [32mdmonitoringmodeld[0m [32msensord[0m [32mui[0m [32msoundd[0m [32mlocationd[0m [32mcalibrationd[0m [32mtorqued[0m [32mcontrolsd[0m [32mselfdrived[0m [32mcard[0m [32mdeleter[0m [32mdmonitoringd[0m [32mqcomgpsd[0m [32mpandad[0m [32mparamsd[0m [32mlagd[0m [32mplannerd[0m [32mradard[0m [32mhardwared[0m [32mtombstoned[0m [32muploader[0m [32mstatsd[0m [32mfeedbackd[0m [32mmodeld_tinygrad[0m [32mmapd[0m [32mmapd_manager[0m [32mrtid[0m
[32mloggerd[0m [32mencoderd[0m [32mlogmessaged[0m [32mcamerad[0m [32mlogcatd[0m [32mproclogd[0m [32mmicd[0m [32mtimed[0m [32mdmonitoringmodeld[0m [32msensord[0m [32mui[0m [32msoundd[0m [32mlocationd[0m [32mcalibrationd[0m [32mtorqued[0m [32mcontrolsd[0m [32mselfdrived[0m [32mcard[0m [32mdeleter[0m [32mdmonitoringd[0m [32mqcomgpsd[0m [32mpandad[0m [32mparamsd[0m [32mlagd[0m [32mplannerd[0m [32mradard[0m [32mhardwared[0m [32mtombstoned[0m [32muploader[0m [32mstatsd[0m [32mfeedbackd[0m [32mmodeld_tinygrad[0m [32mmapd[0m [32mmapd_manager[0m [32mrtid[0m
[32mloggerd[0m [32mencoderd[0m [32mlogmessaged[0m [32mcamerad[0m [32mlogcatd[0m [32mproclogd[0m [32mmicd[0m [32mtimed[0m [32mdmonitoringmodeld[0m [32msensord[0m [32mui[0m [32msoundd[0m [32mlocationd[0m [32mcalibrationd[0m [32mtorqued[0m [32mcontrolsd[0m [32mselfdrived[0m [32mcard[0m [32mdeleter[0m [32mdmonitoringd[0m [32mqcomgpsd[0m [32mpandad[0m [32mparamsd[0m [32mlagd[0m [32mplannerd[0m [32mradard[0m [32mhardwared[0m [32mtombstoned[0m [32muploader[0m [32mstatsd[0m [32mfeedbackd[0m [32mmodeld_tinygrad[0m [32mmapd[0m [32mmapd_manager[0m [32mrtid[0m
[32mloggerd[0m [32mencoderd[0m [32mlogmessaged[0m [32mcamerad[0m [32mlogcatd[0m [32mproclogd[0m [32mmicd[0m [32mtimed[0m [32mdmonitoringmodeld[0m [32msensord[0m [32mui[0m [32msoundd[0m [32mlocationd[0m [32mcalibrationd[0m [32mtorqued[0m [32mcontrolsd[0m [32mselfdrived[0m [32mcard[0m [32mdeleter[0m [32mdmonitoringd[0m [32mqcomgpsd[0m [32mpandad[0m [32mparamsd[0m [32mlagd[0m [32mplannerd[0m [32mradard[0m [32mhardwared[0m [32mtombstoned[0m [32muploader[0m [32mstatsd[0m [32mfeedbackd[0m [32mmodeld_tinygrad[0m [32mmapd[0m [32mmapd_manager[0m [32mrtid[0m
RTI cycle took 0.036s
RTI cycle took 0.029s
RTI cycle took 0.029s
RTI cycle took 0.039s
RTI cycle took 0.034s
RTI cycle took 0.021s
RTI cycle took 0.030s
RTI cycle took 0.017s
RTI cycle took 0.036s
RTI cycle took 0.032s
RTI cycle took 0.028s
RTI cycle took 0.039s
RTI cycle took 0.038s
RTI cycle took 0.028s
RTI cycle took 0.031s
RTI cycle took 0.030s
RTI cycle took 0.027s
RTI cycle took 0.039s
RTI cycle took 0.030s
RTI cycle took 0.029s
RTI cycle took 0.018s
RTI cycle took 0.016s
RTI cycle took 0.014s
RTI cycle took 0.023s
RTI cycle took 0.029s
RTI cycle took 0.029s
RTI cycle took 0.030s
RTI cycle took 0.026s
RTI cycle took 0.023s
RTI cycle took 0.018s
RTI cycle took 0.027s
RTI cycle took 0.029s
RTI cycle took 0.042s
RTI cycle took 0.035s
RTI cycle took 0.026s
RTI cycle took 0.019s
RTI cycle took 0.029s
RTI cycle took 0.029s
RTI cycle took 0.030s
RTI cycle took 0.038s
RTI cycle took 0.028s
RTI cycle took 0.019s
RTI cycle took 0.028s
RTI cycle took 0.038s
RTI cycle took 0.019s
RTI cycle took 0.028s
RTI cycle took 0.017s
RTI cycle took 0.027s
RTI cycle took 0.040s
RTI cycle took 0.027s
RTI cycle took 0.020s
RTI cycle took 0.030s
RTI cycle took 0.028s
RTI cycle took 0.030s
RTI cycle took 0.027s
RTI cycle took 0.030s
RTI cycle took 0.030s
RTI cycle took 0.025s
RTI cycle took 0.022s
RTI cycle took 0.036s
RTI cycle took 0.030s
RTI cycle took 0.029s
RTI cycle took 0.031s
RTI cycle took 0.019s
RTI cycle took 0.026s
RTI cycle took 0.019s
RTI cycle took 0.035s
RTI cycle took 0.031s
RTI cycle took 0.017s
RTI cycle took 0.026s
RTI cycle took 0.018s
RTI cycle took 0.028s
RTI cycle took 0.029s
RTI cycle took 0.032s
RTI cycle took 0.027s
RTI cycle took 0.026s
RTI cycle took 0.023s
RTI cycle took 0.026s
RTI cycle took 0.040s
RTI cycle took 0.032s
RTI cycle took 0.038s
RTI cycle took 0.017s
RTI cycle took 0.016s
RTI cycle took 0.024s
RTI cycle took 0.042s
RTI cycle took 0.025s
RTI cycle took 0.022s
RTI cycle took 0.027s
RTI cycle took 0.031s
RTI cycle took 0.029s
RTI cycle took 0.027s
RTI cycle took 0.039s
RTI cycle took 0.010s
RTI cycle took 0.018s
RTI cycle took 0.034s
RTI cycle took 0.037s
RTI cycle took 0.031s
RTI cycle took 0.040s
RTI cycle took 0.018s
RTI cycle took 0.017s
RTI cycle took 0.024s
RTI cycle took 0.039s
RTI cycle took 0.016s
RTI cycle took 0.014s
RTI cycle took 0.021s
RTI cycle took 0.029s
RTI cycle took 0.020s
RTI cycle took 0.031s
RTI cycle took 0.023s
RTI cycle took 0.042s
RTI cycle took 0.029s
RTI cycle took 0.031s
RTI cycle took 0.018s
RTI cycle took 0.038s
RTI cycle took 0.039s
RTI cycle took 0.017s
RTI cycle took 0.020s
RTI cycle took 0.025s
RTI cycle took 0.021s
RTI cycle took 0.036s
RTI cycle took 0.024s
RTI cycle took 0.040s
RTI cycle took 0.024s
RTI cycle took 0.039s
RTI cycle took 0.039s
RTI cycle took 0.033s
RTI cycle took 0.026s
RTI cycle took 0.032s
RTI cycle took 0.032s
RTI cycle took 0.027s
RTI cycle took 0.017s
RTI cycle took 0.027s
RTI cycle took 0.040s
RTI cycle took 0.021s
RTI cycle took 0.026s
RTI cycle took 0.030s
RTI cycle took 0.028s
RTI cycle took 0.028s
RTI cycle took 0.028s
RTI cycle took 0.022s
RTI cycle took 0.025s
RTI cycle took 0.031s
RTI cycle took 0.032s
RTI cycle took 0.027s
RTI cycle took 0.020s
RTI cycle took 0.035s
RTI cycle took 0.041s
RTI cycle took 0.039s
RTI cycle took 0.030s
RTI cycle took 0.027s
RTI cycle took 0.033s
RTI cycle took 0.015s
RTI cycle took 0.024s
RTI cycle took 0.027s
RTI cycle took 0.031s
RTI cycle took 0.018s
RTI cycle took 0.027s
RTI cycle took 0.030s
RTI cycle took 0.026s
RTI cycle took 0.021s
RTI cycle took 0.030s
RTI cycle took 0.039s
RTI cycle took 0.039s
RTI cycle took 0.019s
RTI cycle took 0.031s
RTI cycle took 0.023s
RTI cycle took 0.031s
RTI cycle took 0.042s
RTI cycle took 0.024s
RTI cycle took 0.023s
RTI cycle took 0.037s
RTI cycle took 0.029s
RTI cycle took 0.033s
RTI cycle took 0.023s
RTI cycle took 0.041s
RTI cycle took 0.021s
RTI cycle took 0.028s
RTI cycle took 0.018s
RTI cycle took 0.034s
RTI cycle took 0.030s
RTI cycle took 0.031s
RTI cycle took 0.017s
RTI cycle took 0.025s
RTI cycle took 0.044s
RTI cycle took 0.036s
RTI cycle took 0.019s
RTI cycle took 0.036s
RTI cycle took 0.032s
RTI cycle took 0.026s
RTI cycle took 0.032s
RTI cycle took 0.030s
RTI cycle took 0.026s
RTI cycle took 0.030s
RTI cycle took 0.041s
RTI cycle took 0.027s
RTI cycle took 0.030s
RTI cycle took 0.049s
RTI cycle took 0.018s
RTI cycle took 0.020s
RTI cycle took 0.031s
RTI cycle took 0.028s
RTI cycle took 0.031s
RTI cycle took 0.032s
RTI cycle took 0.025s
RTI cycle took 0.017s
RTI cycle took 0.037s
RTI cycle took 0.032s
RTI cycle took 0.017s
RTI cycle took 0.020s
RTI cycle took 0.023s
RTI cycle took 0.028s
RTI cycle took 0.040s
RTI cycle took 0.029s
RTI cycle took 0.031s
RTI cycle took 0.026s
RTI cycle took 0.030s
[32mloggerd[0m [32mencoderd[0m [32mlogmessaged[0m [32mcamerad[0m [32mlogcatd[0m [32mproclogd[0m [32mmicd[0m [32mtimed[0m [32mdmonitoringmodeld[0m [32msensord[0m [32mui[0m [32msoundd[0m [32mlocationd[0m [32mcalibrationd[0m [32mtorqued[0m [32mcontrolsd[0m [32mselfdrived[0m [32mcard[0m [32mdeleter[0m [32mdmonitoringd[0m [32mqcomgpsd[0m [32mpandad[0m [32mparamsd[0m [32mlagd[0m [32mplannerd[0m [32mradard[0m [32mhardwared[0m [32mtombstoned[0m [32muploader[0m [32mstatsd[0m [32mfeedbackd[0m [32mmodeld_tinygrad[0m [32mmapd[0m [32mmapd_manager[0m [32mrtid[0m
[32mloggerd[0m [32mencoderd[0m [32mlogmessaged[0m [32mcamerad[0m [32mlogcatd[0m [32mproclogd[0m [32mmicd[0m [32mtimed[0m [32mdmonitoringmodeld[0m [32msensord[0m [32mui[0m [32msoundd[0m [32mlocationd[0m [32mcalibrationd[0m [32mtorqued[0m [32mcontrolsd[0m [32mselfdrived[0m [32mcard[0m [32mdeleter[0m [32mdmonitoringd[0m [32mqcomgpsd[0m [32mpandad[0m [32mparamsd[0m [32mlagd[0m [32mplannerd[0m [32mradard[0m [32mhardwared[0m [32mtombstoned[0m [32muploader[0m [32mstatsd[0m [32mfeedbackd[0m [32mmodeld_tinygrad[0m [32mmapd[0m [32mmapd_manager[0m [32mrtid[0m
[32mloggerd[0m [32mencoderd[0m [32mlogmessaged[0m [32mcamerad[0m [32mlogcatd[0m [32mproclogd[0m [32mmicd[0m [32mtimed[0m [32mdmonitoringmodeld[0m [32msensord[0m [32mui[0m [32msoundd[0m [32mlocationd[0m [32mcalibrationd[0m [32mtorqued[0m [32mcontrolsd[0m [32mselfdrived[0m [32mcard[0m [32mdeleter[0m [32mdmonitoringd[0m [32mqcomgpsd[0m [32mpandad[0m [32mparamsd[0m [32mlagd[0m [32mplannerd[0m [32mradard[0m [32mhardwared[0m [32mtombstoned[0m [32muploader[0m [32mstatsd[0m [32mfeedbackd[0m [32mmodeld_tinygrad[0m [32mmapd[0m [32mmapd_manager[0m [32mrtid[0m
[32mloggerd[0m [32mencoderd[0m [32mlogmessaged[0m [32mcamerad[0m [32mlogcatd[0m [32mproclogd[0m [32mmicd[0m [32mtimed[0m [32mdmonitoringmodeld[0m [32msensord[0m [32mui[0m [32msoundd[0m [32mlocationd[0m [32mcalibrationd[0m [32mtorqued[0m [32mcontrolsd[0m [32mselfdrived[0m [32mcard[0m [32mdeleter[0m [32mdmonitoringd[0m [32mqcomgpsd[0m [32mpandad[0m [32mparamsd[0m [32mlagd[0m [32mplannerd[0m [32mradard[0m [32mhardwared[0m [32mtombstoned[0m [32muploader[0m [32mstatsd[0m [32mfeedbackd[0m [32mmodeld_tinygrad[0m [32mmapd[0m [32mmapd_manager[0m [32mrtid[0m
[32mloggerd[0m [32mencoderd[0m [32mlogmessaged[0m [32mcamerad[0m [32mlogcatd[0m [32mproclogd[0m [32mmicd[0m [32mtimed[0m [32mdmonitoringmodeld[0m [32msensord[0m [32mui[0m [32msoundd[0m [32mlocationd[0m [32mcalibrationd[0m [32mtorqued[0m [32mcontrolsd[0m [32mselfdrived[0m [32mcard[0m [32mdeleter[0m [32mdmonitoringd[0m [32mqcomgpsd[0m [32mpandad[0m [32mparamsd[0m [32mlagd[0m [32mplannerd[0m [32mradard[0m [32mhardwared[0m [32mtombstoned[0m [32muploader[0m [32mstatsd[0m [32mfeedbackd[0m [32mmodeld_tinygrad[0m [32mmapd[0m [32mmapd_manager[0m [32mrtid[0m
[32mloggerd[0m [32mencoderd[0m [32mlogmessaged[0m [32mcamerad[0m [32mlogcatd[0m [32mproclogd[0m [32mmicd[0m [32mtimed[0m [32mdmonitoringmodeld[0m [32msensord[0m [32mui[0m [32msoundd[0m [32mlocationd[0m [32mcalibrationd[0m [32mtorqued[0m [32mcontrolsd[0m [32mselfdrived[0m [32mcard[0m [32mdeleter[0m [32mdmonitoringd[0m [32mqcomgpsd[0m [32mpandad[0m [32mparamsd[0m [32mlagd[0m [32mplannerd[0m [32mradard[0m [32mhardwared[0m [32mtombstoned[0m [32muploader[0m [32mstatsd[0m [32mfeedbackd[0m [32mmodeld_tinygrad[0m [32mmapd[0m [32mmapd_manager[0m [32mrtid[0m
[32mloggerd[0m [32mencoderd[0m [32mlogmessaged[0m [32mcamerad[0m [32mlogcatd[0m [32mproclogd[0m [32mmicd[0m [32mtimed[0m [32mdmonitoringmodeld[0m [32msensord[0m [32mui[0m [32msoundd[0m [32mlocationd[0m [32mcalibrationd[0m [32mtorqued[0m [32mcontrolsd[0m [32mselfdrived[0m [32mcard[0m [32mdeleter[0m [32mdmonitoringd[0m [32mqcomgpsd[0m [32mpandad[0m [32mparamsd[0m [32mlagd[0m [32mplannerd[0m [32mradard[0m [32mhardwared[0m [32mtombstoned[0m [32muploader[0m [32mstatsd[0m [32mfeedbackd[0m [32mmodeld_tinygrad[0m [32mmapd[0m [32mmapd_manager[0m [32mrtid[0m
[32mloggerd[0m [32mencoderd[0m [32mlogmessaged[0m [32mcamerad[0m [32mlogcatd[0m [32mproclogd[0m [32mmicd[0m [32mtimed[0m [32mdmonitoringmodeld[0m [32msensord[0m [32mui[0m [32msoundd[0m [32mlocationd[0m [32mcalibrationd[0m [32mtorqued[0m [32mcontrolsd[0m [32mselfdrived[0m [32mcard[0m [32mdeleter[0m [32mdmonitoringd[0m [32mqcomgpsd[0m [32mpandad[0m [32mparamsd[0m [32mlagd[0m [32mplannerd[0m [32mradard[0m [32mhardwared[0m [32mtombstoned[0m [32muploader[0m [32mstatsd[0m [32mfeedbackd[0m [32mmodeld_tinygrad[0m [32mmapd[0m [32mmapd_manager[0m [32mrtid[0m
[32mloggerd[0m [32mencoderd[0m [32mlogmessaged[0m [32mcamerad[0m [32mlogcatd[0m [32mproclogd[0m [32mmicd[0m [32mtimed[0m [32mdmonitoringmodeld[0m [32msensord[0m [32mui[0m [32msoundd[0m [32mlocationd[0m [32mcalibrationd[0m [32mtorqued[0m [32mcontrolsd[0m [32mselfdrived[0m [32mcard[0m [32mdeleter[0m [32mdmonitoringd[0m [32mqcomgpsd[0m [32mpandad[0m [32mparamsd[0m [32mlagd[0m [32mplannerd[0m [32mradard[0m [32mhardwared[0m [32mtombstoned[0m [32muploader[0m [32mstatsd[0m [32mfeedbackd[0m [32mmodeld_tinygrad[0m [32mmapd[0m [32mmapd_manager[0m [32mrtid[0m
[32mloggerd[0m [32mencoderd[0m [32mlogmessaged[0m [32mcamerad[0m [32mlogcatd[0m [32mproclogd[0m [32mmicd[0m [32mtimed[0m [32mdmonitoringmodeld[0m [32msensord[0m [32mui[0m [32msoundd[0m [32mlocationd[0m [32mcalibrationd[0m [32mtorqued[0m [32mcontrolsd[0m [32mselfdrived[0m [32mcard[0m [32mdeleter[0m [32mdmonitoringd[0m [32mqcomgpsd[0m [32mpandad[0m [32mparamsd[0m [32mlagd[0m [32mplannerd[0m [32mradard[0m [32mhardwared[0m [32mtombstoned[0m [32muploader[0m [32mstatsd[0m [32mfeedbackd[0m [32mmodeld_tinygrad[0m [32mmapd[0m [32mmapd_manager[0m [32mrtid[0m
[32mloggerd[0m [32mencoderd[0m [32mlogmessaged[0m [32mcamerad[0m [32mlogcatd[0m [32mproclogd[0m [32mmicd[0m [32mtimed[0m [32mdmonitoringmodeld[0m [32msensord[0m [32mui[0m [32msoundd[0m [32mlocationd[0m [32mcalibrationd[0m [32mtorqued[0m [32mcontrolsd[0m [32mselfdrived[0m [32mcard[0m [32mdeleter[0m [32mdmonitoringd[0m [32mqcomgpsd[0m [32mpandad[0m [32mparamsd[0m [32mlagd[0m [32mplannerd[0m [32mradard[0m [32mhardwared[0m [32mtombstoned[0m [32muploader[0m [32mstatsd[0m [32mfeedbackd[0m [32mmodeld_tinygrad[0m [32mmapd[0m [32mmapd_manager[0m [32mrtid[0m
[32mloggerd[0m [32mencoderd[0m [32mlogmessaged[0m [32mcamerad[0m [32mlogcatd[0m [32mproclogd[0m [32mmicd[0m [32mtimed[0m [32mdmonitoringmodeld[0m [32msensord[0m [32mui[0m [32msoundd[0m [32mlocationd[0m [32mcalibrationd[0m [32mtorqued[0m [32mcontrolsd[0m [32mselfdrived[0m [32mcard[0m [32mdeleter[0m [32mdmonitoringd[0m [32mqcomgpsd[0m [32mpandad[0m [32mparamsd[0m [32mlagd[0m [32mplannerd[0m [32mradard[0m [32mhardwared[0m [32mtombstoned[0m [32muploader[0m [32mstatsd[0m [32mfeedbackd[0m [32mmodeld_tinygrad[0m [32mmapd[0m [32mmapd_manager[0m [32mrtid[0m
[32mloggerd[0m [32mencoderd[0m [32mlogmessaged[0m [32mcamerad[0m [32mlogcatd[0m [32mproclogd[0m [32mmicd[0m [32mtimed[0m [32mdmonitoringmodeld[0m [32msensord[0m [32mui[0m [32msoundd[0m [32mlocationd[0m [32mcalibrationd[0m [32mtorqued[0m [32mcontrolsd[0m [32mselfdrived[0m [32mcard[0m [32mdeleter[0m [32mdmonitoringd[0m [32mqcomgpsd[0m [32mpandad[0m [32mparamsd[0m [32mlagd[0m [32mplannerd[0m [32mradard[0m [32mhardwared[0m [32mtombstoned[0m [32muploader[0m [32mstatsd[0m [32mfeedbackd[0m [32mmodeld_tinygrad[0m [32mmapd[0m [32mmapd_manager[0m [32mrtid[0m
RTI cycle took 0.040s
RTI cycle took 0.024s
RTI cycle took 0.031s
RTI cycle took 0.029s
RTI cycle took 0.029s
RTI cycle took 0.019s
RTI cycle took 0.028s
RTI cycle took 0.029s
RTI cycle took 0.039s
RTI cycle took 0.029s
RTI cycle took 0.038s
RTI cycle took 0.028s
RTI cycle took 0.020s
RTI cycle took 0.040s
RTI cycle took 0.027s
RTI cycle took 0.041s
RTI cycle took 0.040s
RTI cycle took 0.041s
RTI cycle took 0.026s
RTI cycle took 0.020s
RTI cycle took 0.028s
RTI cycle took 0.021s
RTI cycle took 0.024s
RTI cycle took 0.023s
RTI cycle took 0.038s
RTI cycle took 0.030s
RTI cycle took 0.039s
RTI cycle took 0.017s
RTI cycle took 0.026s
RTI cycle took 0.041s
RTI cycle took 0.027s
RTI cycle took 0.031s
RTI cycle took 0.029s
RTI cycle took 0.011s
RTI cycle took 0.022s
RTI cycle took 0.027s
RTI cycle took 0.027s
RTI cycle took 0.033s
RTI cycle took 0.035s
RTI cycle took 0.030s
RTI cycle took 0.028s
RTI cycle took 0.020s
RTI cycle took 0.037s
RTI cycle took 0.030s
RTI cycle took 0.029s
RTI cycle took 0.031s
RTI cycle took 0.028s
RTI cycle took 0.017s
RTI cycle took 0.026s
RTI cycle took 0.039s
RTI cycle took 0.041s
RTI cycle took 0.026s
RTI cycle took 0.031s
RTI cycle took 0.018s
RTI cycle took 0.029s
RTI cycle took 0.030s
RTI cycle took 0.034s
RTI cycle took 0.031s
RTI cycle took 0.018s
RTI cycle took 0.035s
RTI cycle took 0.023s
RTI cycle took 0.037s
RTI cycle took 0.019s
RTI cycle took 0.042s
RTI cycle took 0.034s
RTI cycle took 0.046s
RTI cycle took 0.034s
RTI cycle took 0.044s
RTI cycle took 0.024s
RTI cycle took 0.030s
RTI cycle took 0.039s
RTI cycle took 0.017s
RTI cycle took 0.020s
RTI cycle took 0.036s
RTI cycle took 0.027s
RTI cycle took 0.033s
RTI cycle took 0.038s
RTI cycle took 0.028s
RTI cycle took 0.032s
RTI cycle took 0.023s
RTI cycle took 0.017s
RTI cycle took 0.028s
RTI cycle took 0.037s
RTI cycle took 0.039s
RTI cycle took 0.038s
RTI cycle took 0.033s
RTI cycle took 0.050s
RTI cycle took 0.028s
RTI cycle took 0.028s
RTI cycle took 0.038s
RTI cycle took 0.030s
RTI cycle took 0.031s
RTI cycle took 0.021s
RTI cycle took 0.034s
RTI cycle took 0.021s
RTI cycle took 0.091s
RTI cycle took 0.039s
RTI cycle took 0.024s
RTI cycle took 0.031s
RTI cycle took 0.028s
RTI cycle took 0.039s
RTI cycle took 0.038s
RTI cycle took 0.018s
RTI cycle took 0.027s
RTI cycle took 0.037s
RTI cycle took 0.039s
RTI cycle took 0.059s
RTI cycle took 0.033s
RTI cycle took 0.049s
RTI cycle took 0.033s
RTI cycle took 0.056s
RTI cycle took 0.065s
RTI cycle took 0.017s
RTI cycle took 0.027s
RTI cycle took 0.020s
RTI cycle took 0.027s
RTI cycle took 0.029s
RTI cycle took 0.019s
RTI cycle took 0.016s
RTI cycle took 0.035s
RTI cycle took 0.031s
RTI cycle took 0.028s
RTI cycle took 0.037s
RTI cycle took 0.020s
RTI cycle took 0.029s
RTI cycle took 0.032s
RTI cycle took 0.025s
RTI cycle took 0.030s
RTI cycle took 0.039s
RTI cycle took 0.039s
RTI cycle took 0.039s
RTI cycle took 0.020s
RTI cycle took 0.040s
RTI cycle took 0.027s
RTI cycle took 0.016s
RTI cycle took 0.036s
RTI cycle took 0.042s
RTI cycle took 0.048s
RTI cycle took 0.046s
RTI cycle took 0.029s
RTI cycle took 0.050s
RTI cycle took 0.030s
RTI cycle took 0.030s
RTI cycle took 0.029s
RTI cycle took 0.028s
RTI cycle took 0.020s
RTI cycle took 0.037s
RTI cycle took 0.038s
RTI cycle took 0.030s
RTI cycle took 0.030s
RTI cycle took 0.030s
RTI cycle took 0.033s
RTI cycle took 0.022s
RTI cycle took 0.024s
RTI cycle took 0.057s
RTI cycle took 0.028s
RTI cycle took 0.027s
RTI cycle took 0.053s
RTI cycle took 0.124s
RTI cycle took 0.056s
RTI cycle took 0.043s
RTI cycle took 0.045s
RTI cycle took 0.034s
RTI cycle took 0.048s
RTI cycle took 0.029s
RTI cycle took 0.029s
RTI cycle took 0.044s
RTI cycle took 0.034s
RTI cycle took 0.028s
RTI cycle took 0.039s
RTI cycle took 0.049s
RTI cycle took 0.058s
RTI cycle took 0.030s
RTI cycle took 0.039s
RTI cycle took 0.061s
RTI cycle took 0.076s
RTI cycle took 0.043s
RTI cycle took 0.066s
RTI cycle took 0.037s
RTI cycle took 0.027s
RTI cycle took 0.036s
RTI cycle took 0.020s
RTI cycle took 0.034s
[32mloggerd[0m [32mencoderd[0m [32mlogmessaged[0m [32mcamerad[0m [32mlogcatd[0m [32mproclogd[0m [32mmicd[0m [32mtimed[0m [32mdmonitoringmodeld[0m [32msensord[0m [32mui[0m [32msoundd[0m [32mlocationd[0m [32mcalibrationd[0m [32mtorqued[0m [32mcontrolsd[0m [32mselfdrived[0m [32mcard[0m [32mdeleter[0m [32mdmonitoringd[0m [32mqcomgpsd[0m [32mpandad[0m [32mparamsd[0m [32mlagd[0m [32mplannerd[0m [32mradard[0m [32mhardwared[0m [32mtombstoned[0m [32muploader[0m [32mstatsd[0m [32mfeedbackd[0m [32mmodeld_tinygrad[0m [32mmapd[0m [32mmapd_manager[0m [32mrtid[0m
[32mloggerd[0m [32mencoderd[0m [32mlogmessaged[0m [32mcamerad[0m [32mlogcatd[0m [32mproclogd[0m [32mmicd[0m [32mtimed[0m [32mdmonitoringmodeld[0m [32msensord[0m [32mui[0m [32msoundd[0m [32mlocationd[0m [32mcalibrationd[0m [32mtorqued[0m [32mcontrolsd[0m [32mselfdrived[0m [32mcard[0m [32mdeleter[0m [32mdmonitoringd[0m [32mqcomgpsd[0m [32mpandad[0m [32mparamsd[0m [32mlagd[0m [32mplannerd[0m [32mradard[0m [32mhardwared[0m [32mtombstoned[0m [32muploader[0m [32mstatsd[0m [32mfeedbackd[0m [32mmodeld_tinygrad[0m [32mmapd[0m [32mmapd_manager[0m [32mrtid[0m
[32mloggerd[0m [32mencoderd[0m [32mlogmessaged[0m [32mcamerad[0m [32mlogcatd[0m [32mproclogd[0m [32mmicd[0m [32mtimed[0m [32mdmonitoringmodeld[0m [32msensord[0m [32mui[0m [32msoundd[0m [32mlocationd[0m [32mcalibrationd[0m [32mtorqued[0m [32mcontrolsd[0m [32mselfdrived[0m [32mcard[0m [32mdeleter[0m [32mdmonitoringd[0m [32mqcomgpsd[0m [32mpandad[0m [32mparamsd[0m [32mlagd[0m [32mplannerd[0m [32mradard[0m [32mhardwared[0m [32mtombstoned[0m [32muploader[0m [32mstatsd[0m [32mfeedbackd[0m [32mmodeld_tinygrad[0m [32mmapd[0m [32mmapd_manager[0m [32mrtid[0m
[32mloggerd[0m [32mencoderd[0m [32mlogmessaged[0m [32mcamerad[0m [32mlogcatd[0m [32mproclogd[0m [32mmicd[0m [32mtimed[0m [32mdmonitoringmodeld[0m [32msensord[0m [32mui[0m [32msoundd[0m [32mlocationd[0m [32mcalibrationd[0m [32mtorqued[0m [32mcontrolsd[0m [32mselfdrived[0m [32mcard[0m [32mdeleter[0m [32mdmonitoringd[0m [32mqcomgpsd[0m [32mpandad[0m [32mparamsd[0m [32mlagd[0m [32mplannerd[0m [32mradard[0m [32mhardwared[0m [32mtombstoned[0m [32muploader[0m [32mstatsd[0m [32mfeedbackd[0m [32mmodeld_tinygrad[0m [32mmapd[0m [32mmapd_manager[0m [32mrtid[0m
[32mloggerd[0m [32mencoderd[0m [32mlogmessaged[0m [32mcamerad[0m [32mlogcatd[0m [32mproclogd[0m [32mmicd[0m [32mtimed[0m [32mdmonitoringmodeld[0m [32msensord[0m [32mui[0m [32msoundd[0m [32mlocationd[0m [32mcalibrationd[0m [32mtorqued[0m [32mcontrolsd[0m [32mselfdrived[0m [32mcard[0m [32mdeleter[0m [32mdmonitoringd[0m [32mqcomgpsd[0m [32mpandad[0m [32mparamsd[0m [32mlagd[0m [32mplannerd[0m [32mradard[0m [32mhardwared[0m [32mtombstoned[0m [32muploader[0m [32mstatsd[0m [32mfeedbackd[0m [32mmodeld_tinygrad[0m [32mmapd[0m [32mmapd_manager[0m [32mrtid[0m
[32mloggerd[0m [32mencoderd[0m [32mlogmessaged[0m [32mcamerad[0m [32mlogcatd[0m [32mproclogd[0m [32mmicd[0m [32mtimed[0m [32mdmonitoringmodeld[0m [32msensord[0m [32mui[0m [32msoundd[0m [32mlocationd[0m [32mcalibrationd[0m [32mtorqued[0m [32mcontrolsd[0m [32mselfdrived[0m [32mcard[0m [32mdeleter[0m [32mdmonitoringd[0m [32mqcomgpsd[0m [32mpandad[0m [32mparamsd[0m [32mlagd[0m [32mplannerd[0m [32mradard[0m [32mhardwared[0m [32mtombstoned[0m [32muploader[0m [32mstatsd[0m [32mfeedbackd[0m [32mmodeld_tinygrad[0m [32mmapd[0m [32mmapd_manager[0m [32mrtid[0m
