RAYLIB STATIC 5.5.0.2 LOADED
common/params_keys.h: needs update
kj/filesystem-disk-unix.c++:1734: warning: PWD environment variable doesn't match current directory; pwd = /data/openpilot/system/manager
scons: Reading SConscript files ...
gbm_create_device(156): Info: backend name is: msm_drm
scons: done reading SConscript files.
scons: Building targets ...
clang++ -o cereal/messaging/bridge -Wl,--as-needed -Wl,--no-undefined -Wl,-rpath=/usr/local/lib cereal/messaging/bridge.o cereal/messaging/msgq_to_zmq.o -L/usr/local/lib -L/system/vendor/lib64 -Lthird_party/acados/larch64/lib -Lthird_party/snpe/larch64 -Lthird_party/libyuv/larch64/lib -L/usr/lib/aarch64-linux-gnu -Lmsgq_repo -Lthird_party -Lselfdrive/pandad -Lcommon -Lrednose/helpers msgq_repo/libmsgq.a common/libcommon.a -ljson11 -lzmq -lpthread
clang++ -o msgq_repo/msgq/ipc_pyx.so -pthread -shared -Wl,-rpath=/usr/local/lib msgq_repo/msgq/ipc_pyx.o -L/usr/local/lib -L/system/vendor/lib64 -Lthird_party/acados/larch64/lib -Lthird_party/snpe/larch64 -Lthird_party/libyuv/larch64/lib -L/usr/lib/aarch64-linux-gnu -Lmsgq_repo -Lthird_party -Lselfdrive/pandad -Lcommon -Lrednose/helpers msgq_repo/libmsgq.a -lzmq common/libcommon.a -ljson11 -lzmq
Building compilation database compile_commands.json
clang++ -o msgq_repo/msgq/visionipc/visionipc_pyx.so -pthread -shared -Wl,-rpath=/usr/local/lib msgq_repo/msgq/visionipc/visionipc_pyx.o -L/usr/local/lib -L/system/vendor/lib64 -Lthird_party/acados/larch64/lib -Lthird_party/snpe/larch64 -Lthird_party/libyuv/larch64/lib -L/usr/lib/aarch64-linux-gnu -Lmsgq_repo -Lthird_party -Lselfdrive/pandad -Lcommon -Lrednose/helpers msgq_repo/libvisionipc.a msgq_repo/libmsgq.a common/libcommon.a -ljson11 -lzmq -lzmq -lOpenCL
clang++ -o rednose/helpers/ekf_sym_pyx.so -pthread -shared -Wl,-rpath=/usr/local/lib rednose/helpers/ekf_sym_pyx.o rednose/helpers/ekf_load.os rednose/helpers/ekf_sym.os -L/usr/local/lib -L/system/vendor/lib64 -Lthird_party/acados/larch64/lib -Lthird_party/snpe/larch64 -Lthird_party/libyuv/larch64/lib -L/usr/lib/aarch64-linux-gnu -Lmsgq_repo -Lthird_party -Lselfdrive/pandad -Lcommon -Lrednose/helpers -ldl common/libcommon.a -ljson11 -lzmq -lzmq
cd /data/openpilot/selfdrive/controls/lib/lateral_mpc_lib && python3 lat_mpc.py
cd /data/openpilot/selfdrive/controls/lib/longitudinal_mpc_lib && python3 long_mpc.py
clang++ -o selfdrive/modeld/models/commonmodel_pyx.so -pthread -shared -Wl,-rpath=/usr/local/lib selfdrive/modeld/models/commonmodel_pyx.o -L/usr/local/lib -L/system/vendor/lib64 -Lthird_party/acados/larch64/lib -Lthird_party/snpe/larch64 -Lthird_party/libyuv/larch64/lib -L/usr/lib/aarch64-linux-gnu -Lmsgq_repo -Lthird_party -Lselfdrive/pandad -Lcommon -Lrednose/helpers selfdrive/modeld/libcommonmodel.a cereal/libcereal.a cereal/libsocketmaster.a msgq_repo/libmsgq.a -lcapnp -lkj msgq_repo/libvisionipc.a common/libgpucommon.a common/libcommon.a -ljson11 -lzmq -lcapnp -lkj -lpthread -lOpenCL
clang++ -o selfdrive/pandad/pandad -Wl,--as-needed -Wl,--no-undefined -Wl,-rpath=/usr/local/lib selfdrive/pandad/main.o selfdrive/pandad/pandad.o selfdrive/pandad/panda_safety.o -L/usr/local/lib -L/system/vendor/lib64 -Lthird_party/acados/larch64/lib -Lthird_party/snpe/larch64 -Lthird_party/libyuv/larch64/lib -L/usr/lib/aarch64-linux-gnu -Lmsgq_repo -Lthird_party -Lselfdrive/pandad -Lcommon -Lrednose/helpers selfdrive/pandad/libpanda.a -lusb-1.0 common/libcommon.a -ljson11 -lzmq cereal/libsocketmaster.a msgq_repo/libmsgq.a -lcapnp -lkj -lpthread
FPS dropped below 60: 52
Warning: Please note that the following versions of CasADi  are officially supported: 3.5.6 or 3.5.5 or 3.5.4 or 3.5.3 or 3.5.2 or 3.5.1 or 3.4.5 or 3.4.0.
 If there is an incompatibility with the CasADi generated code, please consider changing your CasADi version.
Version 3.7.1 currently in use.
Warning: Please note that the following versions of CasADi  are officially supported: 3.5.6 or 3.5.5 or 3.5.4 or 3.5.3 or 3.5.2 or 3.5.1 or 3.4.5 or 3.4.0.
 If there is an incompatibility with the CasADi generated code, please consider changing your CasADi version.
Version 3.7.1 currently in use.
clang++ -o selfdrive/ui/ui -Wl,--as-needed -Wl,--no-undefined -Wl,-rpath=/usr/local/lib selfdrive/ui/main.o selfdrive/ui/ui.o selfdrive/ui/qt/sidebar.o selfdrive/ui/qt/body.o selfdrive/ui/qt/window.o selfdrive/ui/qt/home.o selfdrive/ui/qt/offroad/settings.o selfdrive/ui/qt/offroad/offroad_home.o selfdrive/ui/qt/offroad/software_settings.o selfdrive/ui/qt/offroad/developer_panel.o selfdrive/ui/qt/offroad/onboarding.o selfdrive/ui/qt/offroad/driverview.o selfdrive/ui/qt/offroad/experimental_mode.o selfdrive/ui/qt/offroad/firehose.o selfdrive/ui/qt/onroad/onroad_home.o selfdrive/ui/qt/onroad/annotated_camera.o selfdrive/ui/qt/onroad/model.o selfdrive/ui/qt/onroad/buttons.o selfdrive/ui/qt/onroad/alerts.o selfdrive/ui/qt/onroad/driver_monitoring.o selfdrive/ui/qt/onroad/hud.o selfdrive/ui/sunnypilot/ui.o selfdrive/ui/sunnypilot/qt/api.o selfdrive/ui/sunnypilot/qt/sidebar.o selfdrive/ui/sunnypilot/qt/window.o selfdrive/ui/sunnypilot/qt/home.o selfdrive/ui/sunnypilot/qt/offroad/exit_offroad_button.o selfdrive/ui/sunnypilot/qt/offroad/offroad_home.o selfdrive/ui/sunnypilot/qt/offroad/settings/developer_panel.o selfdrive/ui/sunnypilot/qt/offroad/settings/device_panel.o selfdrive/ui/sunnypilot/qt/offroad/settings/lateral_panel.o selfdrive/ui/sunnypilot/qt/offroad/settings/longitudinal_panel.o selfdrive/ui/sunnypilot/qt/offroad/settings/max_time_offroad.o selfdrive/ui/sunnypilot/qt/offroad/settings/brightness.o selfdrive/ui/sunnypilot/qt/offroad/settings/models_panel.o selfdrive/ui/sunnypilot/qt/offroad/settings/osm_panel.o selfdrive/ui/sunnypilot/qt/offroad/settings/settings.o selfdrive/ui/sunnypilot/qt/offroad/settings/software_panel.o selfdrive/ui/sunnypilot/qt/offroad/settings/sunnylink_panel.o selfdrive/ui/sunnypilot/qt/offroad/settings/sunnylink/sponsor_widget.o selfdrive/ui/sunnypilot/qt/offroad/settings/trips_panel.o selfdrive/ui/sunnypilot/qt/offroad/settings/vehicle_panel.o selfdrive/ui/sunnypilot/qt/offroad/settings/visuals_panel.o selfdrive/ui/sunnypilot/qt/onroad/annotated_camera.o selfdrive/ui/sunnypilot/qt/onroad/buttons.o selfdrive/ui/sunnypilot/qt/onroad/hud.o selfdrive/ui/sunnypilot/qt/onroad/model.o selfdrive/ui/sunnypilot/qt/onroad/onroad_home.o selfdrive/ui/sunnypilot/qt/offroad/settings/lateral/blinker_pause_lateral_settings.o selfdrive/ui/sunnypilot/qt/offroad/settings/lateral/lane_change_settings.o selfdrive/ui/sunnypilot/qt/offroad/settings/lateral/live_steer_ratio.o selfdrive/ui/sunnypilot/qt/offroad/settings/lateral/mads_settings.o selfdrive/ui/sunnypilot/qt/offroad/settings/lateral/neural_network_lateral_control.o selfdrive/ui/sunnypilot/qt/offroad/settings/vehicle/brand_settings_factory.o selfdrive/ui/sunnypilot/qt/offroad/settings/vehicle/brand_settings_interface.o selfdrive/ui/sunnypilot/qt/offroad/settings/vehicle/platform_selector.o selfdrive/ui/sunnypilot/qt/offroad/settings/vehicle/chrysler_settings.o selfdrive/ui/sunnypilot/qt/offroad/settings/vehicle/ford_settings.o selfdrive/ui/sunnypilot/qt/offroad/settings/vehicle/gm_settings.o selfdrive/ui/sunnypilot/qt/offroad/settings/vehicle/honda_settings.o selfdrive/ui/sunnypilot/qt/offroad/settings/vehicle/hyundai_settings.o selfdrive/ui/sunnypilot/qt/offroad/settings/vehicle/hyundai_live_tuning.o selfdrive/ui/sunnypilot/qt/offroad/settings/vehicle/mazda_settings.o selfdrive/ui/sunnypilot/qt/offroad/settings/vehicle/nissan_settings.o selfdrive/ui/sunnypilot/qt/offroad/settings/vehicle/rivian_settings.o selfdrive/ui/sunnypilot/qt/offroad/settings/vehicle/subaru_settings.o selfdrive/ui/sunnypilot/qt/offroad/settings/vehicle/tesla_settings.o selfdrive/ui/sunnypilot/qt/offroad/settings/vehicle/toyota_settings.o selfdrive/ui/sunnypilot/qt/offroad/settings/vehicle/volkswagen_settings.o selfdrive/ui/sunnypilot/qt/offroad/settings/osm/models_fetcher.o selfdrive/ui/sunnypilot/qt/offroad/settings/longitudinal/custom_acc_increment.o selfdrive/ui/sunnypilot/qt/offroad/settings/longitudinal/dec_controller.o selfdrive/ui/sunnypilot/qt/offroad/settings/longitudinal/dec_control.o selfdrive/ui/sunnypilot/qt/offroad/settings/longitudinal/rti_control.o selfdrive/ui/sunnypilot/qt/offroad/settings/longitudinal/rti_settings_panel.o selfdrive/ui/sunnypilot/qt/offroad/settings/longitudinal/horizontal_carousel.o selfdrive/ui/sunnypilot/qt/offroad/settings/longitudinal/slc/speed_limit_control.o selfdrive/ui/sunnypilot/qt/offroad/settings/longitudinal/slc/speed_limit_control_policy.o selfdrive/ui/sunnypilot/qt/offroad/settings/longitudinal/slc/speed_limit_control_subpanel.o selfdrive/ui/sunnypilot/qt/offroad/settings/longitudinal/slc/speed_limit_control_warning.o selfdrive/ui/sunnypilot/qt/offroad/settings/longitudinal/vision_turn_control_with_settings.o selfdrive/ui/sunnypilot/qt/offroad/settings/longitudinal/vtsc_settings_panel.o selfdrive/ui/sunnypilot/qt/offroad/settings/longitudinal/vtsc_anticipation_panel.o selfdrive/ui/sunnypilot/qt/offroad/settings/longitudinal/vtsc_driving_style_panel.o selfdrive/ui/sunnypilot/qt/offroad/settings/longitudinal/vtsc_adaptive_filtering_panel.o selfdrive/ui/sunnypilot/qt/offroad/settings/longitudinal/vtsc_smoothing_limits_panel.o selfdrive/ui/sunnypilot/qt/offroad/settings/longitudinal/vtsc_apex_boost_panel.o selfdrive/ui/sunnypilot/qt/offroad/settings/longitudinal/vtsc_vision_occlusion_panel.o selfdrive/ui/sunnypilot/qt/offroad/settings/longitudinal/vtsc_limits_panel.o selfdrive/ui/sunnypilot/qt/offroad/settings/longitudinal/vtsc_physics_panel.o selfdrive/ui/sunnypilot/qt/offroad/settings/longitudinal/vtsc_curve_detection_panel.o selfdrive/ui/sunnypilot/qt/offroad/settings/longitudinal/vtsc_physics_internals_panel.o selfdrive/ui/assets.o selfdrive/ui/moc_ui.o selfdrive/ui/qt/moc_sidebar.o selfdrive/ui/qt/moc_body.o selfdrive/ui/qt/moc_window.o selfdrive/ui/qt/moc_home.o selfdrive/ui/qt/offroad/moc_settings.o selfdrive/ui/qt/offroad/moc_offroad_home.o selfdrive/ui/qt/offroad/moc_developer_panel.o selfdrive/ui/qt/offroad/moc_onboarding.o selfdrive/ui/qt/offroad/moc_driverview.o selfdrive/ui/qt/offroad/moc_experimental_mode.o selfdrive/ui/qt/offroad/moc_firehose.o selfdrive/ui/qt/onroad/moc_onroad_home.o selfdrive/ui/qt/onroad/moc_annotated_camera.o selfdrive/ui/qt/onroad/moc_buttons.o selfdrive/ui/qt/onroad/moc_alerts.o selfdrive/ui/qt/onroad/moc_hud.o selfdrive/ui/sunnypilot/moc_ui.o selfdrive/ui/sunnypilot/qt/moc_api.o selfdrive/ui/sunnypilot/qt/moc_sidebar.o selfdrive/ui/sunnypilot/qt/moc_window.o selfdrive/ui/sunnypilot/qt/moc_home.o selfdrive/ui/sunnypilot/qt/offroad/moc_exit_offroad_button.o selfdrive/ui/sunnypilot/qt/offroad/moc_offroad_home.o selfdrive/ui/sunnypilot/qt/offroad/settings/moc_developer_panel.o selfdrive/ui/sunnypilot/qt/offroad/settings/moc_device_panel.o selfdrive/ui/sunnypilot/qt/offroad/settings/moc_lateral_panel.o selfdrive/ui/sunnypilot/qt/offroad/settings/moc_longitudinal_panel.o selfdrive/ui/sunnypilot/qt/offroad/settings/moc_max_time_offroad.o selfdrive/ui/sunnypilot/qt/offroad/settings/moc_brightness.o selfdrive/ui/sunnypilot/qt/offroad/settings/moc_models_panel.o selfdrive/ui/sunnypilot/qt/offroad/settings/moc_osm_panel.o selfdrive/ui/sunnypilot/qt/offroad/settings/moc_settings.o selfdrive/ui/sunnypilot/qt/offroad/settings/moc_software_panel.o selfdrive/ui/sunnypilot/qt/offroad/settings/moc_sunnylink_panel.o selfdrive/ui/sunnypilot/qt/offroad/settings/sunnylink/moc_sponsor_widget.o selfdrive/ui/sunnypilot/qt/offroad/settings/moc_trips_panel.o selfdrive/ui/sunnypilot/qt/offroad/settings/moc_vehicle_panel.o selfdrive/ui/sunnypilot/qt/offroad/settings/moc_visuals_panel.o selfdrive/ui/sunnypilot/qt/onroad/moc_annotated_camera.o selfdrive/ui/sunnypilot/qt/onroad/moc_buttons.o selfdrive/ui/sunnypilot/qt/onroad/moc_hud.o selfdrive/ui/sunnypilot/qt/onroad/moc_onroad_home.o selfdrive/ui/sunnypilot/qt/offroad/settings/lateral/moc_blinker_pause_lateral_settings.o selfdrive/ui/sunnypilot/qt/offroad/settings/lateral/moc_lane_change_settings.o selfdrive/ui/sunnypilot/qt/offroad/settings/lateral/moc_live_steer_ratio.o selfdrive/ui/sunnypilot/qt/offroad/settings/lateral/moc_mads_settings.o selfdrive/ui/sunnypilot/qt/offroad/settings/lateral/moc_neural_network_lateral_control.o selfdrive/ui/sunnypilot/qt/offroad/settings/vehicle/moc_brand_settings_interface.o selfdrive/ui/sunnypilot/qt/offroad/settings/vehicle/moc_platform_selector.o selfdrive/ui/sunnypilot/qt/offroad/settings/vehicle/moc_chrysler_settings.o selfdrive/ui/sunnypilot/qt/offroad/settings/vehicle/moc_ford_settings.o selfdrive/ui/sunnypilot/qt/offroad/settings/vehicle/moc_gm_settings.o selfdrive/ui/sunnypilot/qt/offroad/settings/vehicle/moc_honda_settings.o selfdrive/ui/sunnypilot/qt/offroad/settings/vehicle/moc_hyundai_settings.o selfdrive/ui/sunnypilot/qt/offroad/settings/vehicle/moc_hyundai_live_tuning.o selfdrive/ui/sunnypilot/qt/offroad/settings/vehicle/moc_mazda_settings.o selfdrive/ui/sunnypilot/qt/offroad/settings/vehicle/moc_nissan_settings.o selfdrive/ui/sunnypilot/qt/offroad/settings/vehicle/moc_rivian_settings.o selfdrive/ui/sunnypilot/qt/offroad/settings/vehicle/moc_subaru_settings.o selfdrive/ui/sunnypilot/qt/offroad/settings/vehicle/moc_tesla_settings.o selfdrive/ui/sunnypilot/qt/offroad/settings/vehicle/moc_toyota_settings.o selfdrive/ui/sunnypilot/qt/offroad/settings/vehicle/moc_volkswagen_settings.o selfdrive/ui/sunnypilot/qt/offroad/settings/osm/moc_models_fetcher.o selfdrive/ui/sunnypilot/qt/offroad/settings/longitudinal/moc_custom_acc_increment.o selfdrive/ui/sunnypilot/qt/offroad/settings/longitudinal/moc_dec_controller.o selfdrive/ui/sunnypilot/qt/offroad/settings/longitudinal/moc_dec_control.o selfdrive/ui/sunnypilot/qt/offroad/settings/longitudinal/moc_rti_control.o selfdrive/ui/sunnypilot/qt/offroad/settings/longitudinal/moc_rti_settings_panel.o selfdrive/ui/sunnypilot/qt/offroad/settings/longitudinal/moc_horizontal_carousel.o selfdrive/ui/sunnypilot/qt/offroad/settings/longitudinal/slc/moc_speed_limit_control.o selfdrive/ui/sunnypilot/qt/offroad/settings/longitudinal/slc/moc_speed_limit_control_policy.o selfdrive/ui/sunnypilot/qt/offroad/settings/longitudinal/slc/moc_speed_limit_control_subpanel.o selfdrive/ui/sunnypilot/qt/offroad/settings/longitudinal/slc/moc_speed_limit_control_warning.o selfdrive/ui/sunnypilot/qt/offroad/settings/longitudinal/moc_vision_turn_control_with_settings.o selfdrive/ui/sunnypilot/qt/offroad/settings/longitudinal/moc_vtsc_settings_panel.o selfdrive/ui/sunnypilot/qt/offroad/settings/longitudinal/moc_vtsc_anticipation_panel.o selfdrive/ui/sunnypilot/qt/offroad/settings/longitudinal/moc_vtsc_driving_style_panel.o selfdrive/ui/sunnypilot/qt/offroad/settings/longitudinal/moc_vtsc_adaptive_filtering_panel.o selfdrive/ui/sunnypilot/qt/offroad/settings/longitudinal/moc_vtsc_smoothing_limits_panel.o selfdrive/ui/sunnypilot/qt/offroad/settings/longitudinal/moc_vtsc_apex_boost_panel.o selfdrive/ui/sunnypilot/qt/offroad/settings/longitudinal/moc_vtsc_vision_occlusion_panel.o selfdrive/ui/sunnypilot/qt/offroad/settings/longitudinal/moc_vtsc_limits_panel.o selfdrive/ui/sunnypilot/qt/offroad/settings/longitudinal/moc_vtsc_physics_panel.o selfdrive/ui/sunnypilot/qt/offroad/settings/longitudinal/moc_vtsc_curve_detection_panel.o selfdrive/ui/sunnypilot/qt/offroad/settings/longitudinal/moc_vtsc_physics_internals_panel.o -L/usr/local/lib -L/system/vendor/lib64 -Lthird_party/acados/larch64/lib -Lthird_party/snpe/larch64 -Lthird_party/libyuv/larch64/lib -L/usr/lib/aarch64-linux-gnu -Lmsgq_repo -Lthird_party -Lselfdrive/pandad -Lcommon -Lrednose/helpers -L/usr/lib -Lselfdrive/ui selfdrive/ui/libqt_widgets.a selfdrive/ui/libqt_util.a common/libcommon.a -ljson11 -lzmq cereal/libsocketmaster.a msgq_repo/libmsgq.a -lcapnp -lkj msgq_repo/libvisionipc.a common/transformations/libtransformations.a -lm -lOpenCL -lssl -lcrypto -lpthread -lQt5Widgets -lQt5Gui -lQt5Core -lQt5Network -lQt5Concurrent -lQt5DBus -lQt5Xml -lGLESv2 -lwayland-client -lEGL
Retrieved `selfdrive/controls/lib/longitudinal_mpc_lib/c_generated_code/acados_ocp_solver_pyx.o' from cache
Retrieved `selfdrive/controls/lib/lateral_mpc_lib/c_generated_code/acados_ocp_solver_pyx.o' from cache
clang++ -o sunnypilot/modeld/libthneed.so -Wl,--as-needed -Wl,--no-undefined -shared -Wl,-rpath=/usr/local/lib sunnypilot/modeld/thneed/clutil_legacy.os sunnypilot/modeld/thneed/thneed_common.os sunnypilot/modeld/thneed/serialize.os sunnypilot/modeld/thneed/thneed_qcom2.os -L/usr/local/lib -L/system/vendor/lib64 -Lthird_party/acados/larch64/lib -Lthird_party/snpe/larch64 -Lthird_party/libyuv/larch64/lib -L/usr/lib/aarch64-linux-gnu -Lmsgq_repo -Lthird_party -Lselfdrive/pandad -Lcommon -Lrednose/helpers common/libgpucommon.a common/libcommon.a -ljson11 -lzmq -lOpenCL -ldl
clang++ -o sunnypilot/modeld/models/commonmodel_pyx.so -pthread -shared -Wl,-rpath=/usr/local/lib sunnypilot/modeld/models/commonmodel_pyx.o -L/usr/local/lib -L/system/vendor/lib64 -Lthird_party/acados/larch64/lib -Lthird_party/snpe/larch64 -Lthird_party/libyuv/larch64/lib -L/usr/lib/aarch64-linux-gnu -Lmsgq_repo -Lthird_party -Lselfdrive/pandad -Lcommon -Lrednose/helpers sunnypilot/modeld/libcommonmodel.a cereal/libcereal.a cereal/libsocketmaster.a msgq_repo/libmsgq.a -lcapnp -lkj msgq_repo/libvisionipc.a common/libgpucommon.a common/libcommon.a -ljson11 -lzmq -lcapnp -lkj -lpthread -lOpenCL
clang++ -o sunnypilot/modeld/runners/runmodel_pyx.so -pthread -shared -Wl,-rpath=/usr/local/lib sunnypilot/modeld/runners/runmodel_pyx.o -L/usr/local/lib -L/system/vendor/lib64 -Lthird_party/acados/larch64/lib -Lthird_party/snpe/larch64 -Lthird_party/libyuv/larch64/lib -L/usr/lib/aarch64-linux-gnu -Lmsgq_repo -Lthird_party -Lselfdrive/pandad -Lcommon -Lrednose/helpers cereal/libcereal.a cereal/libsocketmaster.a msgq_repo/libmsgq.a -lcapnp -lkj msgq_repo/libvisionipc.a common/libgpucommon.a common/libcommon.a -ljson11 -lzmq -lcapnp -lkj -lpthread -lOpenCL
clang++ -o sunnypilot/modeld/runners/snpemodel_pyx.so -pthread -shared -Wl,-rpath=/usr/local/lib -Wl,-rpath=/data/pythonpath/third_party/snpe/larch64 sunnypilot/modeld/runners/snpemodel_pyx.o -L/usr/local/lib -L/system/vendor/lib64 -Lthird_party/acados/larch64/lib -Lthird_party/snpe/larch64 -Lthird_party/libyuv/larch64/lib -L/usr/lib/aarch64-linux-gnu -Lmsgq_repo -Lthird_party -Lselfdrive/pandad -Lcommon -Lrednose/helpers sunnypilot/modeld/libsnpemodel.a -lSNPE cereal/libcereal.a cereal/libsocketmaster.a msgq_repo/libmsgq.a -lcapnp -lkj msgq_repo/libvisionipc.a common/libgpucommon.a common/libcommon.a -ljson11 -lzmq -lcapnp -lkj -lpthread -lOpenCL
clang++ -o sunnypilot/modeld_v2/models/commonmodel_pyx.so -pthread -shared -Wl,-rpath=/usr/local/lib sunnypilot/modeld_v2/models/commonmodel_pyx.o -L/usr/local/lib -L/system/vendor/lib64 -Lthird_party/acados/larch64/lib -Lthird_party/snpe/larch64 -Lthird_party/libyuv/larch64/lib -L/usr/lib/aarch64-linux-gnu -Lmsgq_repo -Lthird_party -Lselfdrive/pandad -Lcommon -Lrednose/helpers sunnypilot/modeld_v2/libcommonmodel.a cereal/libcereal.a cereal/libsocketmaster.a msgq_repo/libmsgq.a -lcapnp -lkj msgq_repo/libvisionipc.a common/libgpucommon.a common/libcommon.a -ljson11 -lzmq -lcapnp -lkj -lpthread -lOpenCL
clang++ -o sunnypilot/modeld/runners/thneedmodel_pyx.so -pthread -shared -Wl,-rpath=/usr/local/lib sunnypilot/modeld/runners/thneedmodel_pyx.o -L/usr/local/lib -L/system/vendor/lib64 -Lthird_party/acados/larch64/lib -Lthird_party/snpe/larch64 -Lthird_party/libyuv/larch64/lib -L/usr/lib/aarch64-linux-gnu -Lmsgq_repo -Lthird_party -Lselfdrive/pandad -Lcommon -Lrednose/helpers sunnypilot/modeld/libthneedmodel.a sunnypilot/modeld/libthneed.so common/libgpucommon.a common/libcommon.a -ljson11 -lzmq -ldl -lOpenCL
clang++ -o system/camerad/camerad -Wl,--as-needed -Wl,--no-undefined -Wl,-rpath=/usr/local/lib system/camerad/main.o system/camerad/cameras/camera_qcom2.o system/camerad/cameras/camera_common.o system/camerad/cameras/spectra.o system/camerad/cameras/cdm.o system/camerad/sensors/ar0231.o system/camerad/sensors/ox03c10.o system/camerad/sensors/os04c10.o -L/usr/local/lib -L/system/vendor/lib64 -Lthird_party/acados/larch64/lib -Lthird_party/snpe/larch64 -Lthird_party/libyuv/larch64/lib -L/usr/lib/aarch64-linux-gnu -Lmsgq_repo -Lthird_party -Lselfdrive/pandad -Lcommon -Lrednose/helpers common/libcommon.a -ljson11 -lzmq -lOpenCL cereal/libsocketmaster.a msgq_repo/libmsgq.a -lcapnp -lkj msgq_repo/libvisionipc.a common/libgpucommon.a
clang++ -o system/logcatd/logcatd -Wl,--as-needed -Wl,--no-undefined -Wl,-rpath=/usr/local/lib system/logcatd/logcatd_systemd.o -L/usr/local/lib -L/system/vendor/lib64 -Lthird_party/acados/larch64/lib -Lthird_party/snpe/larch64 -Lthird_party/libyuv/larch64/lib -L/usr/lib/aarch64-linux-gnu -Lmsgq_repo -Lthird_party -Lselfdrive/pandad -Lcommon -Lrednose/helpers cereal/libsocketmaster.a msgq_repo/libmsgq.a -lcapnp -lkj common/libcommon.a -ljson11 -lzmq -lsystemd
clang++ -o system/loggerd/bootlog -Wl,--as-needed -Wl,--no-undefined -Wl,-rpath=/usr/local/lib system/loggerd/bootlog.o -L/usr/local/lib -L/system/vendor/lib64 -Lthird_party/acados/larch64/lib -Lthird_party/snpe/larch64 -Lthird_party/libyuv/larch64/lib -L/usr/lib/aarch64-linux-gnu -Lmsgq_repo -Lthird_party -Lselfdrive/pandad -Lcommon -Lrednose/helpers system/loggerd/liblogger.a common/libcommon.a -ljson11 -lzmq cereal/libsocketmaster.a msgq_repo/libmsgq.a -lcapnp -lkj msgq_repo/libvisionipc.a -lavformat -lavcodec -lavutil -lyuv -lOpenCL -lpthread -lzstd
clang++ -o system/loggerd/encoderd -Wl,--as-needed -Wl,--no-undefined -Wl,-rpath=/usr/local/lib system/loggerd/encoderd.o -L/usr/local/lib -L/system/vendor/lib64 -Lthird_party/acados/larch64/lib -Lthird_party/snpe/larch64 -Lthird_party/libyuv/larch64/lib -L/usr/lib/aarch64-linux-gnu -Lmsgq_repo -Lthird_party -Lselfdrive/pandad -Lcommon -Lrednose/helpers system/loggerd/liblogger.a common/libcommon.a -ljson11 -lzmq cereal/libsocketmaster.a msgq_repo/libmsgq.a -lcapnp -lkj msgq_repo/libvisionipc.a -lavformat -lavcodec -lavutil -lyuv -lOpenCL -lpthread -lzstd -ljpeg
clang++ -o system/loggerd/loggerd -Wl,--as-needed -Wl,--no-undefined -Wl,-rpath=/usr/local/lib system/loggerd/loggerd.o -L/usr/local/lib -L/system/vendor/lib64 -Lthird_party/acados/larch64/lib -Lthird_party/snpe/larch64 -Lthird_party/libyuv/larch64/lib -L/usr/lib/aarch64-linux-gnu -Lmsgq_repo -Lthird_party -Lselfdrive/pandad -Lcommon -Lrednose/helpers system/loggerd/liblogger.a common/libcommon.a -ljson11 -lzmq cereal/libsocketmaster.a msgq_repo/libmsgq.a -lcapnp -lkj msgq_repo/libvisionipc.a -lavformat -lavcodec -lavutil -lyuv -lOpenCL -lpthread -lzstd
clang++ -o system/proclogd/proclogd -Wl,--as-needed -Wl,--no-undefined -Wl,-rpath=/usr/local/lib system/proclogd/main.o system/proclogd/proclog.o -L/usr/local/lib -L/system/vendor/lib64 -Lthird_party/acados/larch64/lib -Lthird_party/snpe/larch64 -Lthird_party/libyuv/larch64/lib -L/usr/lib/aarch64-linux-gnu -Lmsgq_repo -Lthird_party -Lselfdrive/pandad -Lcommon -Lrednose/helpers cereal/libsocketmaster.a msgq_repo/libmsgq.a -lcapnp -lkj -lpthread common/libcommon.a -ljson11 -lzmq
clang++ -o system/ubloxd/ubloxd -Wl,--as-needed -Wl,--no-undefined -Wl,-rpath=/usr/local/lib system/ubloxd/ubloxd.o system/ubloxd/ublox_msg.o system/ubloxd/generated/ubx.o system/ubloxd/generated/gps.o system/ubloxd/generated/glonass.o -L/usr/local/lib -L/system/vendor/lib64 -Lthird_party/acados/larch64/lib -Lthird_party/snpe/larch64 -Lthird_party/libyuv/larch64/lib -L/usr/lib/aarch64-linux-gnu -Lmsgq_repo -Lthird_party -Lselfdrive/pandad -Lcommon -Lrednose/helpers cereal/libsocketmaster.a msgq_repo/libmsgq.a -lcapnp -lkj common/libcommon.a -ljson11 -lzmq -lkaitai -lpthread
scons: done building targets.
system/loggerd/bootlog.cc: bootlog to /data/media/0/realdata/boot/00000039--bc43c6a72b.zst
common/params_keys.h: needs update
updates are disabled by the DisableUpdates param
No OSM database found for road geometry extraction
gbm_create_device(156): Info: backend name is: msm_drm
Panda 40001a000251333038363231 connected, version: DEV-c6ef5a79-DEBU, signature 2e306e388fc919d7, expected 2e306e388fc919d7
: QPixmap::scaled: Pixmap is a null pixmap
configuring modem
selfdrive/pandad/main.cc: starting pandad
selfdrive/pandad/pandad.cc: connecting to pandas: 40001a000251333038363231
selfdrive/pandad/panda.cc: connected to 40001a000251333038363231 over SPI
selfdrive/pandad/pandad.cc: connected to all pandas
Successfully set initial EPS bearer properties
selfdrive/ui/qt/network/wifi_manager.cc: Changing gsm.auto-config to true
pid 321's current affinity list: 3
pid 321's new affinity list: 3
: "wl-shell" is a deprecated shell extension, prefer using "xdg-shell-v6" or "xdg-shell" if supported by the compositor by setting the environment variable QT_WAYLAND_SHELL_INTEGRATION
{"event": "Startup blocked", "startup_conditions": {"up_to_date": true, "no_excessive_actuation": true, "not_uninstalling": true, "accepted_terms": true, "free_space": true, "completed_training": true, "not_driver_view": true, "not_taking_snapshot": true, "device_temp_engageable": true, "device_booted": true, "not_always_offroad": true}, "onroad_conditions": {"ignition": true, "not_onroad_cycle": false, "device_temp_good": true, "not_always_offroad": true}, "error": true}
{"event": "Startup after block", "block_duration": 1.0180793480000148, "startup_conditions": {"up_to_date": true, "no_excessive_actuation": true, "not_uninstalling": true, "accepted_terms": true, "free_space": true, "completed_training": true, "not_driver_view": true, "not_taking_snapshot": true, "device_temp_engageable": true, "device_booted": true, "not_always_offroad": true}, "onroad_conditions": {"ignition": true, "not_onroad_cycle": true, "device_temp_good": true, "not_always_offroad": true}, "startup_conditions_prev": {"up_to_date": true, "no_excessive_actuation": true, "not_uninstalling": true, "accepted_terms": true, "free_space": true, "completed_training": true, "not_driver_view": true, "not_taking_snapshot": true, "device_temp_engageable": true, "device_booted": true, "not_always_offroad": true}, "error": true}
child sunnypilot.models.manager got SIGINT
[32mlogmessaged[0m [32mtimed[0m [32mui[0m [32mdeleter[0m [32mpandad[0m [32mhardwared[0m [32mtombstoned[0m [31mupdated[0m [32muploader[0m [32mstatsd[0m [32mmodels_manager[0m [32mmapd[0m [32mmapd_manager[0m
[32mlogmessaged[0m [32mtimed[0m [32mui[0m [32mdeleter[0m [32mpandad[0m [32mhardwared[0m [32mtombstoned[0m [31mupdated[0m [32muploader[0m [32mstatsd[0m [32mmodels_manager[0m [32mmapd[0m [32mmapd_manager[0m
[32mlogmessaged[0m [32mtimed[0m [32mui[0m [32mdeleter[0m [32mpandad[0m [32mhardwared[0m [32mtombstoned[0m [31mupdated[0m [32muploader[0m [32mstatsd[0m [32mmodels_manager[0m [32mmapd[0m [32mmapd_manager[0m
stats dir full
Getting VIN & FW versions
Getting VIN & FW versions
waiting for modem to come up
Setting OBD multiplexing to True
system/camerad/cameras/spectra.cc: VIDIOC_CAM_CONTROL error: op_code 266 - errno 19
system/camerad/cameras/spectra.cc: clearing and requeuing camera 0 from 1
OBD multiplexing set successfully
RTI cycle took 0.101s
system/camerad/cameras/spectra.cc: VIDIOC_CAM_CONTROL error: op_code 266 - errno 19
RTI cycle took 0.102s
RTI cycle took 0.101s
system/camerad/cameras/spectra.cc: clearing and requeuing camera 1 from 1
system/camerad/cameras/spectra.cc: VIDIOC_CAM_CONTROL error: op_code 266 - errno 19
RTI cycle took 0.102s
system/loggerd/loggerd.cc: logging to /data/media/0/realdata/00000048--1b9c49d6e5--0
models loaded, dmonitoringmodeld starting
connecting to driver stream
RTI cycle took 0.103s
RTI cycle took 0.101s
system/camerad/cameras/spectra.cc: clearing and requeuing camera 2 from 1
Starting listener for: camerad
connected with buffer size: 4804608
system/loggerd/encoderd.cc: encoder road_cam_encoder init 1928x1208
RTI cycle took 0.101s
system/loggerd/encoderd.cc: encoder driver_cam_encoder init 1928x1208
system/loggerd/encoderd.cc: encoder wide_road_cam_encoder init 1928x1208
RTI cycle took 0.101s
system/camerad/cameras/spectra.cc: camera 0 synced on frame_id_offset 6 timestamp 1023020173783
system/camerad/cameras/spectra.cc: camera 1 synced on frame_id_offset 6 timestamp 1023020183785
system/camerad/cameras/spectra.cc: camera 2 synced on frame_id_offset 5 timestamp 1023020192900
RTI cycle took 0.102s
vin query retry (1) ...
vin query retry (1) ...
RTI cycle took 0.102s
RTI cycle took 0.103s
RTI cycle took 0.102s
RTI cycle took 0.102s
RTI cycle took 0.046s
RTI cycle took 0.101s
RTI cycle took 0.103s
RTI cycle took 0.102s
RTI cycle took 0.101s
vin query retry (2) ...
vin query retry (2) ...
RTI cycle took 0.116s
RTI cycle took 0.104s
RTI cycle took 0.101s
Setting OBD multiplexing to False
RTI cycle took 0.101s
OBD multiplexing set successfully
RTI cycle took 0.102s
modeld init
setting up CL context
CL context ready; loading model
RTI cycle took 0.061s
Setting OBD multiplexing to True
RTI cycle took 0.106s
OBD multiplexing set successfully
RTI cycle took 0.101s
RTI cycle took 0.102s
Setting OBD multiplexing to False
RTI cycle took 0.104s
OBD multiplexing set successfully
iso-tp query bad response: (1969, None) - 0x7f2231
iso-tp query bad response: (1969, None) - 0x7f2231
RTI cycle took 0.104s
Error processing UDS response: (2000, None)
Traceback (most recent call last):
  File "/data/openpilot/opendbc/car/isotp_parallel_query.py", line 107, in get_data
    dat, rx_in_progress = msg.recv()
                          ^^^^^^^^^^
  File "/data/openpilot/opendbc/car/uds.py", line 483, in recv
    frame_type = self._isotp_rx_next(msg)
                 ^^^^^^^^^^^^^^^^^^^^^^^^
  File "/data/openpilot/opendbc/car/uds.py", line 544, in _isotp_rx_next
    assert self.rx_idx & 0xF == rx_data[0] & 0xF, "isotp - rx: invalid consecutive frame index"
           ^^^^^^^^^^^^^^^^^^^^^^^^^^^^^^^^^^^^^
AssertionError: isotp - rx: invalid consecutive frame index
Error processing UDS response: (2000, None)
Traceback (most recent call last):
  File "/data/openpilot/opendbc/car/isotp_parallel_query.py", line 107, in get_data
    dat, rx_in_progress = msg.recv()
                          ^^^^^^^^^^
  File "/data/openpilot/opendbc/car/uds.py", line 483, in recv
    frame_type = self._isotp_rx_next(msg)
                 ^^^^^^^^^^^^^^^^^^^^^^^^
  File "/data/openpilot/opendbc/car/uds.py", line 544, in _isotp_rx_next
    assert self.rx_idx & 0xF == rx_data[0] & 0xF, "isotp - rx: invalid consecutive frame index"
           ^^^^^^^^^^^^^^^^^^^^^^^^^^^^^^^^^^^^^
AssertionError: isotp - rx: invalid consecutive frame index
Error processing UDS response: (2000, None)
Traceback (most recent call last):
  File "/data/openpilot/opendbc/car/isotp_parallel_query.py", line 107, in get_data
    dat, rx_in_progress = msg.recv()
                          ^^^^^^^^^^
  File "/data/openpilot/opendbc/car/uds.py", line 483, in recv
    frame_type = self._isotp_rx_next(msg)
                 ^^^^^^^^^^^^^^^^^^^^^^^^
  File "/data/openpilot/opendbc/car/uds.py", line 544, in _isotp_rx_next
    assert self.rx_idx & 0xF == rx_data[0] & 0xF, "isotp - rx: invalid consecutive frame index"
           ^^^^^^^^^^^^^^^^^^^^^^^^^^^^^^^^^^^^^
AssertionError: isotp - rx: invalid consecutive frame index
Error processing UDS response: (2000, None)
Traceback (most recent call last):
  File "/data/openpilot/opendbc/car/isotp_parallel_query.py", line 107, in get_data
    dat, rx_in_progress = msg.recv()
                          ^^^^^^^^^^
  File "/data/openpilot/opendbc/car/uds.py", line 483, in recv
    frame_type = self._isotp_rx_next(msg)
                 ^^^^^^^^^^^^^^^^^^^^^^^^
  File "/data/openpilot/opendbc/car/uds.py", line 544, in _isotp_rx_next
    assert self.rx_idx & 0xF == rx_data[0] & 0xF, "isotp - rx: invalid consecutive frame index"
           ^^^^^^^^^^^^^^^^^^^^^^^^^^^^^^^^^^^^^
AssertionError: isotp - rx: invalid consecutive frame index
Error processing UDS response: (2000, None)
Traceback (most recent call last):
  File "/data/openpilot/opendbc/car/isotp_parallel_query.py", line 107, in get_data
    dat, rx_in_progress = msg.recv()
                          ^^^^^^^^^^
  File "/data/openpilot/opendbc/car/uds.py", line 483, in recv
    frame_type = self._isotp_rx_next(msg)
                 ^^^^^^^^^^^^^^^^^^^^^^^^
  File "/data/openpilot/opendbc/car/uds.py", line 544, in _isotp_rx_next
    assert self.rx_idx & 0xF == rx_data[0] & 0xF, "isotp - rx: invalid consecutive frame index"
           ^^^^^^^^^^^^^^^^^^^^^^^^^^^^^^^^^^^^^
AssertionError: isotp - rx: invalid consecutive frame index
Error processing UDS response: (2000, None)
Traceback (most recent call last):
  File "/data/openpilot/opendbc/car/isotp_parallel_query.py", line 107, in get_data
    dat, rx_in_progress = msg.recv()
                          ^^^^^^^^^^
  File "/data/openpilot/opendbc/car/uds.py", line 483, in recv
    frame_type = self._isotp_rx_next(msg)
                 ^^^^^^^^^^^^^^^^^^^^^^^^
  File "/data/openpilot/opendbc/car/uds.py", line 544, in _isotp_rx_next
    assert self.rx_idx & 0xF == rx_data[0] & 0xF, "isotp - rx: invalid consecutive frame index"
           ^^^^^^^^^^^^^^^^^^^^^^^^^^^^^^^^^^^^^
AssertionError: isotp - rx: invalid consecutive frame index
RTI cycle took 0.101s
iso-tp query bad response: (2000, None) - 0x7f2231
iso-tp query bad response: (2000, None) - 0x7f2231
iso-tp query bad response: (1971, None) - 0x7f2212
iso-tp query bad response: (1971, None) - 0x7f2212
iso-tp query bad response: (1975, None) - 0x7f2231
iso-tp query bad response: (1975, None) - 0x7f2231
iso-tp query bad response: (1990, None) - 0x7f2222
iso-tp query bad response: (1990, None) - 0x7f2222
iso-tp query bad response: (1988, None) - 0x7f2231
iso-tp query bad response: (1988, None) - 0x7f2231
iso-tp query bad response: (1840, None) - 0x7f2231
iso-tp query bad response: (1840, None) - 0x7f2231
iso-tp query bad response: (2000, None) - 0x7f2231
iso-tp query bad response: (2000, None) - 0x7f2231
RTI cycle took 0.264s
VIN 00000000000000000
VIN 00000000000000000
RTI cycle took 0.098s
soundd stream over/underflow: output underflow
RTI cycle took 0.108s
RTI cycle took 0.102s
RTI cycle took 0.102s
RTI cycle took 0.101s
RTI cycle took 0.102s
models loaded, modeld starting
vision stream set up, main_wide_camera: False, use_extra_client: True
connected main cam with buffer size: 4804608 (1928 x 1208)
connected extra cam with buffer size: 4804608 (1928 x 1208)
RTI cycle took 0.102s
RTI cycle took 0.101s
RTI cycle took 0.101s
RTI cycle took 0.101s
quectel setup done
RTI cycle took 0.067s
{'event': 'fingerprinted', 'car_fingerprint': 'KIA_EV6', 'source': 1, 'fuzzy': False, 'cached': False, 'fw_count': 8, 'ecu_responses': [(1983, None, 1), (1977, None, 1), (1996, None, 1), (2008, None, 1), (2008, None, 0), (1979, None, 1), (1848, None, 1), (1998, None, 1)], 'vin_rx_addr': -1, 'vin_rx_bus': -1, 'fingerprints': '{0: {81: 32, 389: 8, 80: 16, 352: 16, 384: 32, 385: 32, 386: 32, 387: 32, 388: 32, 438: 32, 439: 32, 440: 32, 441: 32, 507: 32, 576: 16, 593: 16, 528: 32, 529: 32, 530: 32, 531: 32, 532: 32, 533: 32, 534: 32, 535: 32, 536: 32, 537: 32, 538: 32, 539: 32, 540: 32, 541: 32, 542: 32, 543: 32, 513: 32, 624: 32, 648: 32, 514: 32, 515: 32, 577: 24, 633: 24, 578: 24, 634: 24, 579: 24, 635: 24, 580: 24, 636: 24, 581: 24, 582: 24, 637: 24, 583: 24, 638: 24, 584: 24, 639: 24, 585: 24, 640: 24, 586: 24, 641: 24, 587: 24, 642: 24, 588: 24, 643: 24, 589: 24, 644: 24, 590: 24, 645: 24, 591: 24, 646: 24, 625: 32, 647: 24, 626: 32, 649: 32, 627: 32, 650: 32, 628: 32, 651: 32, 629: 32, 652: 32, 630: 32, 653: 32, 631: 32, 654: 32, 632: 8, 655: 32, 699: 32, 672: 8, 700: 32, 701: 32, 702: 32, 674: 32, 675: 32, 676: 24}, 1: {293: 16, 304: 16, 544: 16, 288: 32, 463: 8, 266: 32, 298: 16, 352: 16, 416: 32, 96: 32, 101: 32, 111: 8, 74: 32, 160: 24, 346: 8, 410: 32, 938: 8, 53: 32, 245: 32, 464: 16, 282: 16, 698: 32, 325: 32, 432: 32, 703: 8, 1151: 8, 778: 32, 234: 24, 357: 24, 362: 32, 368: 16, 682: 32, 693: 32, 736: 32, 437: 32, 879: 8, 373: 24, 384: 8, 389: 8, 426: 16, 895: 8, 1029: 8, 1041: 8, 1040: 8, 1042: 8, 1043: 8, 1044: 8, 1046: 8, 1047: 8, 1049: 8, 517: 24, 901: 8, 592: 24, 725: 32, 506: 32, 496: 16, 1048: 8, 480: 16, 490: 32, 512: 8, 1099: 8, 442: 24, 485: 16, 874: 16, 565: 32, 762: 32, 501: 32, 602: 32, 805: 32, 816: 32, 933: 8, 864: 32, 1013: 32, 144: 32, 1204: 8, 826: 32, 549: 16, 934: 8, 1240: 8, 1245: 8, 1247: 8, 1259: 8, 139: 8, 1096: 8, 666: 8, 597: 32, 741: 32, 961: 8, 962: 8, 949: 32, 522: 16, 928: 16, 704: 32, 992: 8, 993: 8, 994: 8, 997: 8, 998: 8, 1050: 8, 1051: 8, 1052: 8, 1058: 8, 1061: 8, 1074: 8, 1077: 8, 1090: 8, 1092: 8, 1093: 8, 1108: 8, 936: 8, 937: 8, 940: 8, 941: 8, 1024: 8, 1033: 8, 1142: 8, 1143: 8, 1025: 8, 688: 32, 794: 32, 842: 32, 896: 8, 898: 8, 899: 8, 900: 8, 944: 8, 945: 8, 946: 8, 1008: 32, 1063: 8, 1065: 8, 1066: 8, 767: 8, 789: 16, 906: 16, 1138: 8, 1139: 8, 1140: 8, 948: 8, 1187: 8, 923: 8, 837: 8, 474: 32, 1055: 8, 1264: 8, 1266: 8, 1267: 8, 1167: 8, 970: 16}, 2: {81: 32, 389: 8, 80: 16, 352: 16, 384: 32, 385: 32, 386: 32, 387: 32, 388: 32, 438: 32, 439: 32, 440: 32, 441: 32, 507: 32, 576: 16, 593: 16, 528: 32, 529: 32, 530: 32, 531: 32, 532: 32, 533: 32, 534: 32, 535: 32, 536: 32, 537: 32, 538: 32, 539: 32, 540: 32, 541: 32, 542: 32, 543: 32, 513: 32, 624: 32, 648: 32, 514: 32, 515: 32, 577: 24, 633: 24, 578: 24, 634: 24, 579: 24, 635: 24, 580: 24, 636: 24, 581: 24, 582: 24, 637: 24, 583: 24, 638: 24, 584: 24, 639: 24, 585: 24, 640: 24, 586: 24, 641: 24, 587: 24, 642: 24, 588: 24, 643: 24, 589: 24, 644: 24, 590: 24, 645: 24, 591: 24, 646: 24, 625: 32, 647: 24, 626: 32, 649: 32, 627: 32, 650: 32, 628: 32, 651: 32, 629: 32, 652: 32, 630: 32, 653: 32, 631: 32, 654: 32, 632: 8, 655: 32, 699: 32, 672: 8, 700: 32, 701: 32, 702: 32, 674: 32, 675: 32, 676: 24}, 3: {}, 4: {}, 5: {}, 6: {}, 7: {}}', 'fw_query_time': 3.515775574000031}
{'event': 'fingerprinted', 'car_fingerprint': 'KIA_EV6', 'source': 1, 'fuzzy': False, 'cached': False, 'fw_count': 8, 'ecu_responses': [(1983, None, 1), (1977, None, 1), (1996, None, 1), (2008, None, 1), (2008, None, 0), (1979, None, 1), (1848, None, 1), (1998, None, 1)], 'vin_rx_addr': -1, 'vin_rx_bus': -1, 'fingerprints': '{0: {81: 32, 389: 8, 80: 16, 352: 16, 384: 32, 385: 32, 386: 32, 387: 32, 388: 32, 438: 32, 439: 32, 440: 32, 441: 32, 507: 32, 576: 16, 593: 16, 528: 32, 529: 32, 530: 32, 531: 32, 532: 32, 533: 32, 534: 32, 535: 32, 536: 32, 537: 32, 538: 32, 539: 32, 540: 32, 541: 32, 542: 32, 543: 32, 513: 32, 624: 32, 648: 32, 514: 32, 515: 32, 577: 24, 633: 24, 578: 24, 634: 24, 579: 24, 635: 24, 580: 24, 636: 24, 581: 24, 582: 24, 637: 24, 583: 24, 638: 24, 584: 24, 639: 24, 585: 24, 640: 24, 586: 24, 641: 24, 587: 24, 642: 24, 588: 24, 643: 24, 589: 24, 644: 24, 590: 24, 645: 24, 591: 24, 646: 24, 625: 32, 647: 24, 626: 32, 649: 32, 627: 32, 650: 32, 628: 32, 651: 32, 629: 32, 652: 32, 630: 32, 653: 32, 631: 32, 654: 32, 632: 8, 655: 32, 699: 32, 672: 8, 700: 32, 701: 32, 702: 32, 674: 32, 675: 32, 676: 24}, 1: {293: 16, 304: 16, 544: 16, 288: 32, 463: 8, 266: 32, 298: 16, 352: 16, 416: 32, 96: 32, 101: 32, 111: 8, 74: 32, 160: 24, 346: 8, 410: 32, 938: 8, 53: 32, 245: 32, 464: 16, 282: 16, 698: 32, 325: 32, 432: 32, 703: 8, 1151: 8, 778: 32, 234: 24, 357: 24, 362: 32, 368: 16, 682: 32, 693: 32, 736: 32, 437: 32, 879: 8, 373: 24, 384: 8, 389: 8, 426: 16, 895: 8, 1029: 8, 1041: 8, 1040: 8, 1042: 8, 1043: 8, 1044: 8, 1046: 8, 1047: 8, 1049: 8, 517: 24, 901: 8, 592: 24, 725: 32, 506: 32, 496: 16, 1048: 8, 480: 16, 490: 32, 512: 8, 1099: 8, 442: 24, 485: 16, 874: 16, 565: 32, 762: 32, 501: 32, 602: 32, 805: 32, 816: 32, 933: 8, 864: 32, 1013: 32, 144: 32, 1204: 8, 826: 32, 549: 16, 934: 8, 1240: 8, 1245: 8, 1247: 8, 1259: 8, 139: 8, 1096: 8, 666: 8, 597: 32, 741: 32, 961: 8, 962: 8, 949: 32, 522: 16, 928: 16, 704: 32, 992: 8, 993: 8, 994: 8, 997: 8, 998: 8, 1050: 8, 1051: 8, 1052: 8, 1058: 8, 1061: 8, 1074: 8, 1077: 8, 1090: 8, 1092: 8, 1093: 8, 1108: 8, 936: 8, 937: 8, 940: 8, 941: 8, 1024: 8, 1033: 8, 1142: 8, 1143: 8, 1025: 8, 688: 32, 794: 32, 842: 32, 896: 8, 898: 8, 899: 8, 900: 8, 944: 8, 945: 8, 946: 8, 1008: 32, 1063: 8, 1065: 8, 1066: 8, 767: 8, 789: 16, 906: 16, 1138: 8, 1139: 8, 1140: 8, 948: 8, 1187: 8, 923: 8, 837: 8, 474: 32, 1055: 8, 1264: 8, 1266: 8, 1267: 8, 1167: 8, 970: 16}, 2: {81: 32, 389: 8, 80: 16, 352: 16, 384: 32, 385: 32, 386: 32, 387: 32, 388: 32, 438: 32, 439: 32, 440: 32, 441: 32, 507: 32, 576: 16, 593: 16, 528: 32, 529: 32, 530: 32, 531: 32, 532: 32, 533: 32, 534: 32, 535: 32, 536: 32, 537: 32, 538: 32, 539: 32, 540: 32, 541: 32, 542: 32, 543: 32, 513: 32, 624: 32, 648: 32, 514: 32, 515: 32, 577: 24, 633: 24, 578: 24, 634: 24, 579: 24, 635: 24, 580: 24, 636: 24, 581: 24, 582: 24, 637: 24, 583: 24, 638: 24, 584: 24, 639: 24, 585: 24, 640: 24, 586: 24, 641: 24, 587: 24, 642: 24, 588: 24, 643: 24, 589: 24, 644: 24, 590: 24, 645: 24, 591: 24, 646: 24, 625: 32, 647: 24, 626: 32, 649: 32, 627: 32, 650: 32, 628: 32, 651: 32, 629: 32, 652: 32, 630: 32, 653: 32, 631: 32, 654: 32, 632: 8, 655: 32, 699: 32, 672: 8, 700: 32, 701: 32, 702: 32, 674: 32, 675: 32, 676: 24}, 3: {}, 4: {}, 5: {}, 6: {}, 7: {}}', 'fw_query_time': 3.515775574000031}
RTI cycle took 0.102s
skipping model eval. Dropped 70 frames
selfdrive/pandad/panda_safety.cc: Finished FW query, Waiting for params to set safety model
RTI cycle took 0.102s
RTI cycle took 0.104s
skipping model eval. Dropped 3 frames
crash
Traceback (most recent call last):
  File "/data/openpilot/openpilot/system/manager/process.py", line 40, in launcher
    mod.main()
  File "/data/openpilot/selfdrive/controls/plannerd.py", line 32, in main
    longitudinal_planner.update(sm)
  File "/data/openpilot/openpilot/selfdrive/controls/lib/longitudinal_planner.py", line 180, in update
    v_cruise = LongitudinalPlannerSP.update_v_cruise(self, sm, self.v_desired_filter.x, self.a_desired, v_cruise)
               ^^^^^^^^^^^^^^^^^^^^^^^^^^^^^^^^^^^^^^^^^^^^^^^^^^^^^^^^^^^^^^^^^^^^^^^^^^^^^^^^^^^^^^^^^^^^^^^^^^
  File "/data/openpilot/openpilot/sunnypilot/selfdrive/controls/lib/longitudinal_planner.py", line 54, in update_v_cruise
    self.v_tsc.update(sm, sm['carControl'].longActive, v_ego, a_ego, v_cruise)
  File "/data/openpilot/openpilot/sunnypilot/selfdrive/controls/lib/vision_turn_controller.py", line 1656, in update
    self._update_params()
  File "/data/openpilot/openpilot/sunnypilot/selfdrive/controls/lib/vision_turn_controller.py", line 1063, in _update_params
    gamma_b = self._params.get("VisionTurnSpeedControlCurvatureGrowthPerMeter")
              ^^^^^^^^^^^^^^^^^^^^^^^^^^^^^^^^^^^^^^^^^^^^^^^^^^^^^^^^^^^^^^^^^
  File "common/params_pyx.pyx", line 116, in common.params_pyx.Params.get
  File "common/params_pyx.pyx", line 97, in common.params_pyx.Params.check_key
common.params_pyx.UnknownKeyName: b'VisionTurnSpeedControlCurvatureGrowthPerMeter'
logged crash to ['/data/community/crashes/2025-08-29--15-26-19.log', '/data/community/crashes/error.log']
RTI cycle took 0.105s
RTI cycle took 0.104s
RTI cycle took 0.093s
Process plannerd:
Traceback (most recent call last):
  File "/usr/lib/python3.12/multiprocessing/process.py", line 314, in _bootstrap
    self.run()
  File "/usr/lib/python3.12/multiprocessing/process.py", line 108, in run
    self._target(*self._args, **self._kwargs)
  File "/data/openpilot/openpilot/system/manager/process.py", line 40, in launcher
    mod.main()
  File "/data/openpilot/selfdrive/controls/plannerd.py", line 32, in main
    longitudinal_planner.update(sm)
  File "/data/openpilot/openpilot/selfdrive/controls/lib/longitudinal_planner.py", line 180, in update
    v_cruise = LongitudinalPlannerSP.update_v_cruise(self, sm, self.v_desired_filter.x, self.a_desired, v_cruise)
               ^^^^^^^^^^^^^^^^^^^^^^^^^^^^^^^^^^^^^^^^^^^^^^^^^^^^^^^^^^^^^^^^^^^^^^^^^^^^^^^^^^^^^^^^^^^^^^^^^^
  File "/data/openpilot/openpilot/sunnypilot/selfdrive/controls/lib/longitudinal_planner.py", line 54, in update_v_cruise
    self.v_tsc.update(sm, sm['carControl'].longActive, v_ego, a_ego, v_cruise)
  File "/data/openpilot/openpilot/sunnypilot/selfdrive/controls/lib/vision_turn_controller.py", line 1656, in update
    self._update_params()
  File "/data/openpilot/openpilot/sunnypilot/selfdrive/controls/lib/vision_turn_controller.py", line 1063, in _update_params
    gamma_b = self._params.get("VisionTurnSpeedControlCurvatureGrowthPerMeter")
              ^^^^^^^^^^^^^^^^^^^^^^^^^^^^^^^^^^^^^^^^^^^^^^^^^^^^^^^^^^^^^^^^^
  File "common/params_pyx.pyx", line 116, in common.params_pyx.Params.get
  File "common/params_pyx.pyx", line 97, in common.params_pyx.Params.check_key
common.params_pyx.UnknownKeyName: b'VisionTurnSpeedControlCurvatureGrowthPerMeter'
[32mloggerd[0m [32mencoderd[0m [32mlogmessaged[0m [32mcamerad[0m [32mlogcatd[0m [32mproclogd[0m [32mmicd[0m [32mtimed[0m [32mdmonitoringmodeld[0m [32msensord[0m [32mui[0m [32msoundd[0m [32mlocationd[0m [32mcalibrationd[0m [32mtorqued[0m [32mcontrolsd[0m [32mselfdrived[0m [32mcard[0m [32mdeleter[0m [32mdmonitoringd[0m [32mqcomgpsd[0m [32mpandad[0m [32mparamsd[0m [32mlagd[0m [32mplannerd[0m [32mradard[0m [32mhardwared[0m [32mtombstoned[0m [32muploader[0m [32mstatsd[0m [32mfeedbackd[0m [31mmodels_manager[0m [32mmodeld_tinygrad[0m [32mmapd[0m [32mmapd_manager[0m [32mrtid[0m
[32mloggerd[0m [32mencoderd[0m [32mlogmessaged[0m [32mcamerad[0m [32mlogcatd[0m [32mproclogd[0m [32mmicd[0m [32mtimed[0m [32mdmonitoringmodeld[0m [32msensord[0m [32mui[0m [32msoundd[0m [32mlocationd[0m [32mcalibrationd[0m [32mtorqued[0m [32mcontrolsd[0m [32mselfdrived[0m [32mcard[0m [32mdeleter[0m [32mdmonitoringd[0m [32mqcomgpsd[0m [32mpandad[0m [32mparamsd[0m [32mlagd[0m [32mplannerd[0m [32mradard[0m [32mhardwared[0m [32mtombstoned[0m [32muploader[0m [32mstatsd[0m [32mfeedbackd[0m [32mmodeld_tinygrad[0m [32mmapd[0m [32mmapd_manager[0m [32mrtid[0m
[32mloggerd[0m [32mencoderd[0m [32mlogmessaged[0m [32mcamerad[0m [32mlogcatd[0m [32mproclogd[0m [32mmicd[0m [32mtimed[0m [32mdmonitoringmodeld[0m [32msensord[0m [32mui[0m [32msoundd[0m [32mlocationd[0m [32mcalibrationd[0m [32mtorqued[0m [32mcontrolsd[0m [32mselfdrived[0m [32mcard[0m [32mdeleter[0m [32mdmonitoringd[0m [32mqcomgpsd[0m [32mpandad[0m [32mparamsd[0m [32mlagd[0m [32mplannerd[0m [32mradard[0m [32mhardwared[0m [32mtombstoned[0m [32muploader[0m [32mstatsd[0m [32mfeedbackd[0m [32mmodeld_tinygrad[0m [32mmapd[0m [32mmapd_manager[0m [32mrtid[0m
[32mloggerd[0m [32mencoderd[0m [32mlogmessaged[0m [32mcamerad[0m [32mlogcatd[0m [32mproclogd[0m [32mmicd[0m [32mtimed[0m [32mdmonitoringmodeld[0m [32msensord[0m [32mui[0m [32msoundd[0m [32mlocationd[0m [32mcalibrationd[0m [32mtorqued[0m [32mcontrolsd[0m [32mselfdrived[0m [32mcard[0m [32mdeleter[0m [32mdmonitoringd[0m [32mqcomgpsd[0m [32mpandad[0m [32mparamsd[0m [32mlagd[0m [32mplannerd[0m [32mradard[0m [32mhardwared[0m [32mtombstoned[0m [32muploader[0m [32mstatsd[0m [32mfeedbackd[0m [32mmodeld_tinygrad[0m [32mmapd[0m [32mmapd_manager[0m [32mrtid[0m
[32mloggerd[0m [32mencoderd[0m [32mlogmessaged[0m [32mcamerad[0m [32mlogcatd[0m [32mproclogd[0m [32mmicd[0m [32mtimed[0m [32mdmonitoringmodeld[0m [32msensord[0m [32mui[0m [32msoundd[0m [32mlocationd[0m [32mcalibrationd[0m [32mtorqued[0m [32mcontrolsd[0m [32mselfdrived[0m [32mcard[0m [32mdeleter[0m [32mdmonitoringd[0m [32mqcomgpsd[0m [32mpandad[0m [32mparamsd[0m [32mlagd[0m [32mplannerd[0m [32mradard[0m [32mhardwared[0m [32mtombstoned[0m [32muploader[0m [32mstatsd[0m [32mfeedbackd[0m [32mmodeld_tinygrad[0m [32mmapd[0m [32mmapd_manager[0m [32mrtid[0m
[32mloggerd[0m [32mencoderd[0m [32mlogmessaged[0m [32mcamerad[0m [32mlogcatd[0m [32mproclogd[0m [32mmicd[0m [32mtimed[0m [32mdmonitoringmodeld[0m [32msensord[0m [32mui[0m [32msoundd[0m [32mlocationd[0m [32mcalibrationd[0m [32mtorqued[0m [32mcontrolsd[0m [32mselfdrived[0m [32mcard[0m [32mdeleter[0m [32mdmonitoringd[0m [32mqcomgpsd[0m [32mpandad[0m [32mparamsd[0m [32mlagd[0m [32mplannerd[0m [32mradard[0m [32mhardwared[0m [32mtombstoned[0m [32muploader[0m [32mstatsd[0m [32mfeedbackd[0m [32mmodeld_tinygrad[0m [32mmapd[0m [32mmapd_manager[0m [32mrtid[0m
[32mloggerd[0m [32mencoderd[0m [32mlogmessaged[0m [32mcamerad[0m [32mlogcatd[0m [32mproclogd[0m [32mmicd[0m [32mtimed[0m [32mdmonitoringmodeld[0m [32msensord[0m [32mui[0m [32msoundd[0m [32mlocationd[0m [32mcalibrationd[0m [32mtorqued[0m [32mcontrolsd[0m [32mselfdrived[0m [32mcard[0m [32mdeleter[0m [32mdmonitoringd[0m [32mqcomgpsd[0m [32mpandad[0m [32mparamsd[0m [32mlagd[0m [32mplannerd[0m [32mradard[0m [32mhardwared[0m [32mtombstoned[0m [32muploader[0m [32mstatsd[0m [32mfeedbackd[0m [32mmodeld_tinygrad[0m [32mmapd[0m [32mmapd_manager[0m [32mrtid[0m
[32mloggerd[0m [32mencoderd[0m [32mlogmessaged[0m [32mcamerad[0m [32mlogcatd[0m [32mproclogd[0m [32mmicd[0m [32mtimed[0m [32mdmonitoringmodeld[0m [32msensord[0m [32mui[0m [32msoundd[0m [32mlocationd[0m [32mcalibrationd[0m [32mtorqued[0m [32mcontrolsd[0m [32mselfdrived[0m [32mcard[0m [32mdeleter[0m [32mdmonitoringd[0m [32mqcomgpsd[0m [32mpandad[0m [32mparamsd[0m [32mlagd[0m [32mplannerd[0m [32mradard[0m [32mhardwared[0m [32mtombstoned[0m [32muploader[0m [32mstatsd[0m [32mfeedbackd[0m [32mmodeld_tinygrad[0m [32mmapd[0m [32mmapd_manager[0m [32mrtid[0m
[32mloggerd[0m [32mencoderd[0m [32mlogmessaged[0m [32mcamerad[0m [32mlogcatd[0m [32mproclogd[0m [32mmicd[0m [32mtimed[0m [32mdmonitoringmodeld[0m [32msensord[0m [32mui[0m [32msoundd[0m [32mlocationd[0m [32mcalibrationd[0m [32mtorqued[0m [32mcontrolsd[0m [32mselfdrived[0m [32mcard[0m [32mdeleter[0m [32mdmonitoringd[0m [32mqcomgpsd[0m [32mpandad[0m [32mparamsd[0m [32mlagd[0m [32mplannerd[0m [32mradard[0m [32mhardwared[0m [32mtombstoned[0m [32muploader[0m [32mstatsd[0m [32mfeedbackd[0m [32mmodeld_tinygrad[0m [32mmapd[0m [32mmapd_manager[0m [32mrtid[0m
[32mloggerd[0m [32mencoderd[0m [32mlogmessaged[0m [32mcamerad[0m [32mlogcatd[0m [32mproclogd[0m [32mmicd[0m [32mtimed[0m [32mdmonitoringmodeld[0m [32msensord[0m [32mui[0m [32msoundd[0m [32mlocationd[0m [32mcalibrationd[0m [32mtorqued[0m [32mcontrolsd[0m [32mselfdrived[0m [32mcard[0m [32mdeleter[0m [32mdmonitoringd[0m [32mqcomgpsd[0m [32mpandad[0m [32mparamsd[0m [32mlagd[0m [32mplannerd[0m [32mradard[0m [32mhardwared[0m [32mtombstoned[0m [32muploader[0m [32mstatsd[0m [32mfeedbackd[0m [32mmodeld_tinygrad[0m [32mmapd[0m [32mmapd_manager[0m [32mrtid[0m
[32mloggerd[0m [32mencoderd[0m [32mlogmessaged[0m [32mcamerad[0m [32mlogcatd[0m [32mproclogd[0m [32mmicd[0m [32mtimed[0m [32mdmonitoringmodeld[0m [32msensord[0m [32mui[0m [32msoundd[0m [32mlocationd[0m [32mcalibrationd[0m [32mtorqued[0m [32mcontrolsd[0m [32mselfdrived[0m [32mcard[0m [32mdeleter[0m [32mdmonitoringd[0m [32mqcomgpsd[0m [32mpandad[0m [32mparamsd[0m [32mlagd[0m [32mplannerd[0m [32mradard[0m [32mhardwared[0m [32mtombstoned[0m [32muploader[0m [32mstatsd[0m [32mfeedbackd[0m [32mmodeld_tinygrad[0m [32mmapd[0m [32mmapd_manager[0m [32mrtid[0m
[32mloggerd[0m [32mencoderd[0m [32mlogmessaged[0m [32mcamerad[0m [32mlogcatd[0m [32mproclogd[0m [32mmicd[0m [32mtimed[0m [32mdmonitoringmodeld[0m [32msensord[0m [32mui[0m [32msoundd[0m [32mlocationd[0m [32mcalibrationd[0m [32mtorqued[0m [32mcontrolsd[0m [32mselfdrived[0m [32mcard[0m [32mdeleter[0m [32mdmonitoringd[0m [32mqcomgpsd[0m [32mpandad[0m [32mparamsd[0m [32mlagd[0m [32mplannerd[0m [32mradard[0m [32mhardwared[0m [32mtombstoned[0m [32muploader[0m [32mstatsd[0m [32mfeedbackd[0m [32mmodeld_tinygrad[0m [32mmapd[0m [32mmapd_manager[0m [32mrtid[0m
[32mloggerd[0m [32mencoderd[0m [32mlogmessaged[0m [32mcamerad[0m [32mlogcatd[0m [32mproclogd[0m [32mmicd[0m [32mtimed[0m [32mdmonitoringmodeld[0m [32msensord[0m [32mui[0m [32msoundd[0m [32mlocationd[0m [32mcalibrationd[0m [32mtorqued[0m [32mcontrolsd[0m [32mselfdrived[0m [32mcard[0m [32mdeleter[0m [32mdmonitoringd[0m [32mqcomgpsd[0m [32mpandad[0m [32mparamsd[0m [32mlagd[0m [31mplannerd[0m [32mradard[0m [32mhardwared[0m [32mtombstoned[0m [32muploader[0m [32mstatsd[0m [32mfeedbackd[0m [32mmodeld_tinygrad[0m [32mmapd[0m [32mmapd_manager[0m [32mrtid[0m
RTI cycle took 2.601s
RTI cycle took 0.020s
RTI cycle took 0.024s
RTI cycle took 0.028s
RTI cycle took 0.027s
RTI cycle took 0.042s
RTI cycle took 0.026s
RTI cycle took 0.036s
RTI cycle took 0.025s
RTI cycle took 0.035s
RTI cycle took 0.021s
RTI cycle took 0.028s
RTI cycle took 0.028s
RTI cycle took 0.033s
RTI cycle took 0.026s
RTI cycle took 0.029s
RTI cycle took 0.028s
RTI cycle took 0.019s
RTI cycle took 0.027s
RTI cycle took 0.027s
RTI cycle took 0.020s
RTI cycle took 0.028s
RTI cycle took 0.034s
RTI cycle took 0.024s
RTI cycle took 0.038s
RTI cycle took 0.017s
RTI cycle took 0.026s
RTI cycle took 0.034s
RTI cycle took 0.024s
RTI cycle took 0.022s
RTI cycle took 0.015s
RTI cycle took 0.027s
RTI cycle took 0.025s
RTI cycle took 0.032s
RTI cycle took 0.026s
RTI cycle took 0.030s
RTI cycle took 0.041s
RTI cycle took 0.027s
RTI cycle took 0.028s
RTI cycle took 0.033s
RTI cycle took 0.024s
RTI cycle took 0.032s
RTI cycle took 0.042s
RTI cycle took 0.026s
RTI cycle took 0.030s
RTI cycle took 0.027s
RTI cycle took 0.027s
RTI cycle took 0.032s
RTI cycle took 0.024s
RTI cycle took 0.031s
RTI cycle took 0.015s
RTI cycle took 0.024s
RTI cycle took 0.019s
RTI cycle took 0.026s
RTI cycle took 0.043s
RTI cycle took 0.015s
RTI cycle took 0.026s
RTI cycle took 0.026s
RTI cycle took 0.030s
RTI cycle took 0.027s
RTI cycle took 0.028s
RTI cycle took 0.019s
RTI cycle took 0.020s
RTI cycle took 0.037s
RTI cycle took 0.025s
RTI cycle took 0.023s
RTI cycle took 0.035s
RTI cycle took 0.026s
RTI cycle took 0.021s
RTI cycle took 0.027s
RTI cycle took 0.033s
RTI cycle took 0.015s
RTI cycle took 0.027s
RTI cycle took 0.018s
RTI cycle took 0.027s
RTI cycle took 0.017s
RTI cycle took 0.027s
RTI cycle took 0.018s
RTI cycle took 0.027s
RTI cycle took 0.021s
RTI cycle took 0.019s
RTI cycle took 0.023s
RTI cycle took 0.031s
RTI cycle took 0.017s
RTI cycle took 0.027s
RTI cycle took 0.027s
RTI cycle took 0.028s
RTI cycle took 0.033s
RTI cycle took 0.025s
RTI cycle took 0.031s
RTI cycle took 0.016s
RTI cycle took 0.017s
RTI cycle took 0.020s
RTI cycle took 0.033s
RTI cycle took 0.016s
RTI cycle took 0.025s
RTI cycle took 0.028s
RTI cycle took 0.020s
RTI cycle took 0.024s
RTI cycle took 0.028s
RTI cycle took 0.033s
RTI cycle took 0.017s
{"event": "selfdrived.initialized", "dt": 6.01, "timeout": true, "canValid": true, "invalid": ["longitudinalPlan", "driverAssistance", "alertDebug"], "not_alive": ["longitudinalPlan", "driverAssistance", "alertDebug"], "not_freq_ok": ["longitudinalPlan", "driverAssistance", "alertDebug"], "error": true}
{"event": "process_not_running", "not_running": "{'plannerd'}", "error": true}
ecu disable ('0x730', None) ...
ecu disable ('0x730', None) ...
RTI cycle took 0.031s
communication control disable tx/rx ...
communication control disable tx/rx ...
ecu disabled
ecu disabled
RTI cycle took 0.062s
RTI cycle took 0.019s
RTI cycle took 0.025s
selfdrive/pandad/panda_safety.cc: got 1320 bytes CarParams
selfdrive/pandad/panda_safety.cc: got 168 bytes CarParamsSP
selfdrive/pandad/panda_safety.cc: Panda 0: setting safety model: 28, param: 21, alternative experience: 1024, param_sp: 2
RTI cycle took 0.044s
RTI cycle took 0.014s
RTI cycle took 0.025s
RTI cycle took 0.016s
RTI cycle took 0.023s
RTI cycle took 0.028s
RTI cycle took 0.027s
RTI cycle took 0.043s
RTI cycle took 0.017s
RTI cycle took 0.027s
RTI cycle took 0.017s
RTI cycle took 0.036s
RTI cycle took 0.031s
RTI cycle took 0.016s
RTI cycle took 0.025s
RTI cycle took 0.018s
RTI cycle took 0.026s
RTI cycle took 0.016s
RTI cycle took 0.026s
RTI cycle took 0.028s
RTI cycle took 0.026s
RTI cycle took 0.024s
RTI cycle took 0.030s
RTI cycle took 0.032s
RTI cycle took 0.027s
RTI cycle took 0.032s
RTI cycle took 0.027s
RTI cycle took 0.020s
RTI cycle took 0.016s
RTI cycle took 0.025s
RTI cycle took 0.016s
RTI cycle took 0.027s
RTI cycle took 0.018s
RTI cycle took 0.022s
RTI cycle took 0.041s
RTI cycle took 0.016s
RTI cycle took 0.015s
RTI cycle took 0.013s
RTI cycle took 0.020s
RTI cycle took 0.030s
RTI cycle took 0.018s
RTI cycle took 0.018s
RTI cycle took 0.013s
RTI cycle took 0.032s
RTI cycle took 0.019s
RTI cycle took 0.020s
RTI cycle took 0.025s
RTI cycle took 0.022s
RTI cycle took 0.027s
RTI cycle took 0.030s
RTI cycle took 0.040s
RTI cycle took 0.017s
RTI cycle took 0.028s
[32mloggerd[0m [32mencoderd[0m [32mlogmessaged[0m [32mcamerad[0m [32mlogcatd[0m [32mproclogd[0m [32mmicd[0m [32mtimed[0m [32mdmonitoringmodeld[0m [32msensord[0m [32mui[0m [32msoundd[0m [32mlocationd[0m [32mcalibrationd[0m [32mtorqued[0m [32mcontrolsd[0m [32mselfdrived[0m [32mcard[0m [32mdeleter[0m [32mdmonitoringd[0m [32mqcomgpsd[0m [32mpandad[0m [32mparamsd[0m [32mlagd[0m [31mplannerd[0m [32mradard[0m [32mhardwared[0m [32mtombstoned[0m [32muploader[0m [32mstatsd[0m [32mfeedbackd[0m [32mmodeld_tinygrad[0m [32mmapd[0m [32mmapd_manager[0m [32mrtid[0m
[32mloggerd[0m [32mencoderd[0m [32mlogmessaged[0m [32mcamerad[0m [32mlogcatd[0m [32mproclogd[0m [32mmicd[0m [32mtimed[0m [32mdmonitoringmodeld[0m [32msensord[0m [32mui[0m [32msoundd[0m [32mlocationd[0m [32mcalibrationd[0m [32mtorqued[0m [32mcontrolsd[0m [32mselfdrived[0m [32mcard[0m [32mdeleter[0m [32mdmonitoringd[0m [32mqcomgpsd[0m [32mpandad[0m [32mparamsd[0m [32mlagd[0m [31mplannerd[0m [32mradard[0m [32mhardwared[0m [32mtombstoned[0m [32muploader[0m [32mstatsd[0m [32mfeedbackd[0m [32mmodeld_tinygrad[0m [32mmapd[0m [32mmapd_manager[0m [32mrtid[0m
[32mloggerd[0m [32mencoderd[0m [32mlogmessaged[0m [32mcamerad[0m [32mlogcatd[0m [32mproclogd[0m [32mmicd[0m [32mtimed[0m [32mdmonitoringmodeld[0m [32msensord[0m [32mui[0m [32msoundd[0m [32mlocationd[0m [32mcalibrationd[0m [32mtorqued[0m [32mcontrolsd[0m [32mselfdrived[0m [32mcard[0m [32mdeleter[0m [32mdmonitoringd[0m [32mqcomgpsd[0m [32mpandad[0m [32mparamsd[0m [32mlagd[0m [31mplannerd[0m [32mradard[0m [32mhardwared[0m [32mtombstoned[0m [32muploader[0m [32mstatsd[0m [32mfeedbackd[0m [32mmodeld_tinygrad[0m [32mmapd[0m [32mmapd_manager[0m [32mrtid[0m
[32mloggerd[0m [32mencoderd[0m [32mlogmessaged[0m [32mcamerad[0m [32mlogcatd[0m [32mproclogd[0m [32mmicd[0m [32mtimed[0m [32mdmonitoringmodeld[0m [32msensord[0m [32mui[0m [32msoundd[0m [32mlocationd[0m [32mcalibrationd[0m [32mtorqued[0m [32mcontrolsd[0m [32mselfdrived[0m [32mcard[0m [32mdeleter[0m [32mdmonitoringd[0m [32mqcomgpsd[0m [32mpandad[0m [32mparamsd[0m [32mlagd[0m [31mplannerd[0m [32mradard[0m [32mhardwared[0m [32mtombstoned[0m [32muploader[0m [32mstatsd[0m [32mfeedbackd[0m [32mmodeld_tinygrad[0m [32mmapd[0m [32mmapd_manager[0m [32mrtid[0m
[32mloggerd[0m [32mencoderd[0m [32mlogmessaged[0m [32mcamerad[0m [32mlogcatd[0m [32mproclogd[0m [32mmicd[0m [32mtimed[0m [32mdmonitoringmodeld[0m [32msensord[0m [32mui[0m [32msoundd[0m [32mlocationd[0m [32mcalibrationd[0m [32mtorqued[0m [32mcontrolsd[0m [32mselfdrived[0m [32mcard[0m [32mdeleter[0m [32mdmonitoringd[0m [32mqcomgpsd[0m [32mpandad[0m [32mparamsd[0m [32mlagd[0m [31mplannerd[0m [32mradard[0m [32mhardwared[0m [32mtombstoned[0m [32muploader[0m [32mstatsd[0m [32mfeedbackd[0m [32mmodeld_tinygrad[0m [32mmapd[0m [32mmapd_manager[0m [32mrtid[0m
[32mloggerd[0m [32mencoderd[0m [32mlogmessaged[0m [32mcamerad[0m [32mlogcatd[0m [32mproclogd[0m [32mmicd[0m [32mtimed[0m [32mdmonitoringmodeld[0m [32msensord[0m [32mui[0m [32msoundd[0m [32mlocationd[0m [32mcalibrationd[0m [32mtorqued[0m [32mcontrolsd[0m [32mselfdrived[0m [32mcard[0m [32mdeleter[0m [32mdmonitoringd[0m [32mqcomgpsd[0m [32mpandad[0m [32mparamsd[0m [32mlagd[0m [31mplannerd[0m [32mradard[0m [32mhardwared[0m [32mtombstoned[0m [32muploader[0m [32mstatsd[0m [32mfeedbackd[0m [32mmodeld_tinygrad[0m [32mmapd[0m [32mmapd_manager[0m [32mrtid[0m
[32mloggerd[0m [32mencoderd[0m [32mlogmessaged[0m [32mcamerad[0m [32mlogcatd[0m [32mproclogd[0m [32mmicd[0m [32mtimed[0m [32mdmonitoringmodeld[0m [32msensord[0m [32mui[0m [32msoundd[0m [32mlocationd[0m [32mcalibrationd[0m [32mtorqued[0m [32mcontrolsd[0m [32mselfdrived[0m [32mcard[0m [32mdeleter[0m [32mdmonitoringd[0m [32mqcomgpsd[0m [32mpandad[0m [32mparamsd[0m [32mlagd[0m [31mplannerd[0m [32mradard[0m [32mhardwared[0m [32mtombstoned[0m [32muploader[0m [32mstatsd[0m [32mfeedbackd[0m [32mmodeld_tinygrad[0m [32mmapd[0m [32mmapd_manager[0m [32mrtid[0m
[32mloggerd[0m [32mencoderd[0m [32mlogmessaged[0m [32mcamerad[0m [32mlogcatd[0m [32mproclogd[0m [32mmicd[0m [32mtimed[0m [32mdmonitoringmodeld[0m [32msensord[0m [32mui[0m [32msoundd[0m [32mlocationd[0m [32mcalibrationd[0m [32mtorqued[0m [32mcontrolsd[0m [32mselfdrived[0m [32mcard[0m [32mdeleter[0m [32mdmonitoringd[0m [32mqcomgpsd[0m [32mpandad[0m [32mparamsd[0m [32mlagd[0m [31mplannerd[0m [32mradard[0m [32mhardwared[0m [32mtombstoned[0m [32muploader[0m [32mstatsd[0m [32mfeedbackd[0m [32mmodeld_tinygrad[0m [32mmapd[0m [32mmapd_manager[0m [32mrtid[0m
[32mloggerd[0m [32mencoderd[0m [32mlogmessaged[0m [32mcamerad[0m [32mlogcatd[0m [32mproclogd[0m [32mmicd[0m [32mtimed[0m [32mdmonitoringmodeld[0m [32msensord[0m [32mui[0m [32msoundd[0m [32mlocationd[0m [32mcalibrationd[0m [32mtorqued[0m [32mcontrolsd[0m [32mselfdrived[0m [32mcard[0m [32mdeleter[0m [32mdmonitoringd[0m [32mqcomgpsd[0m [32mpandad[0m [32mparamsd[0m [32mlagd[0m [31mplannerd[0m [32mradard[0m [32mhardwared[0m [32mtombstoned[0m [32muploader[0m [32mstatsd[0m [32mfeedbackd[0m [32mmodeld_tinygrad[0m [32mmapd[0m [32mmapd_manager[0m [32mrtid[0m
[32mloggerd[0m [32mencoderd[0m [32mlogmessaged[0m [32mcamerad[0m [32mlogcatd[0m [32mproclogd[0m [32mmicd[0m [32mtimed[0m [32mdmonitoringmodeld[0m [32msensord[0m [32mui[0m [32msoundd[0m [32mlocationd[0m [32mcalibrationd[0m [32mtorqued[0m [32mcontrolsd[0m [32mselfdrived[0m [32mcard[0m [32mdeleter[0m [32mdmonitoringd[0m [32mqcomgpsd[0m [32mpandad[0m [32mparamsd[0m [32mlagd[0m [31mplannerd[0m [32mradard[0m [32mhardwared[0m [32mtombstoned[0m [32muploader[0m [32mstatsd[0m [32mfeedbackd[0m [32mmodeld_tinygrad[0m [32mmapd[0m [32mmapd_manager[0m [32mrtid[0m
[32mloggerd[0m [32mencoderd[0m [32mlogmessaged[0m [32mcamerad[0m [32mlogcatd[0m [32mproclogd[0m [32mmicd[0m [32mtimed[0m [32mdmonitoringmodeld[0m [32msensord[0m [32mui[0m [32msoundd[0m [32mlocationd[0m [32mcalibrationd[0m [32mtorqued[0m [32mcontrolsd[0m [32mselfdrived[0m [32mcard[0m [32mdeleter[0m [32mdmonitoringd[0m [32mqcomgpsd[0m [32mpandad[0m [32mparamsd[0m [32mlagd[0m [31mplannerd[0m [32mradard[0m [32mhardwared[0m [32mtombstoned[0m [32muploader[0m [32mstatsd[0m [32mfeedbackd[0m [32mmodeld_tinygrad[0m [32mmapd[0m [32mmapd_manager[0m [32mrtid[0m
[32mloggerd[0m [32mencoderd[0m [32mlogmessaged[0m [32mcamerad[0m [32mlogcatd[0m [32mproclogd[0m [32mmicd[0m [32mtimed[0m [32mdmonitoringmodeld[0m [32msensord[0m [32mui[0m [32msoundd[0m [32mlocationd[0m [32mcalibrationd[0m [32mtorqued[0m [32mcontrolsd[0m [32mselfdrived[0m [32mcard[0m [32mdeleter[0m [32mdmonitoringd[0m [32mqcomgpsd[0m [32mpandad[0m [32mparamsd[0m [32mlagd[0m [31mplannerd[0m [32mradard[0m [32mhardwared[0m [32mtombstoned[0m [32muploader[0m [32mstatsd[0m [32mfeedbackd[0m [32mmodeld_tinygrad[0m [32mmapd[0m [32mmapd_manager[0m [32mrtid[0m
[32mloggerd[0m [32mencoderd[0m [32mlogmessaged[0m [32mcamerad[0m [32mlogcatd[0m [32mproclogd[0m [32mmicd[0m [32mtimed[0m [32mdmonitoringmodeld[0m [32msensord[0m [32mui[0m [32msoundd[0m [32mlocationd[0m [32mcalibrationd[0m [32mtorqued[0m [32mcontrolsd[0m [32mselfdrived[0m [32mcard[0m [32mdeleter[0m [32mdmonitoringd[0m [32mqcomgpsd[0m [32mpandad[0m [32mparamsd[0m [32mlagd[0m [31mplannerd[0m [32mradard[0m [32mhardwared[0m [32mtombstoned[0m [32muploader[0m [32mstatsd[0m [32mfeedbackd[0m [32mmodeld_tinygrad[0m [32mmapd[0m [32mmapd_manager[0m [32mrtid[0m
RTI cycle took 0.027s
RTI cycle took 0.029s
RTI cycle took 0.041s
RTI cycle took 0.028s
RTI cycle took 0.029s
RTI cycle took 0.018s
RTI cycle took 0.027s
RTI cycle took 0.019s
RTI cycle took 0.019s
RTI cycle took 0.015s
RTI cycle took 0.023s
RTI cycle took 0.029s
RTI cycle took 0.021s
RTI cycle took 0.025s
RTI cycle took 0.039s
RTI cycle took 0.022s
RTI cycle took 0.028s
RTI cycle took 0.039s
RTI cycle took 0.039s
RTI cycle took 0.018s
RTI cycle took 0.028s
RTI cycle took 0.028s
RTI cycle took 0.028s
RTI cycle took 0.031s
RTI cycle took 0.025s
RTI cycle took 0.034s
RTI cycle took 0.016s
RTI cycle took 0.034s
RTI cycle took 0.018s
RTI cycle took 0.020s
RTI cycle took 0.025s
RTI cycle took 0.021s
RTI cycle took 0.017s
RTI cycle took 0.024s
RTI cycle took 0.017s
RTI cycle took 0.018s
RTI cycle took 0.014s
RTI cycle took 0.014s
RTI cycle took 0.021s
RTI cycle took 0.020s
RTI cycle took 0.038s
RTI cycle took 0.022s
RTI cycle took 0.017s
RTI cycle took 0.035s
RTI cycle took 0.018s
RTI cycle took 0.018s
RTI cycle took 0.015s
RTI cycle took 0.024s
RTI cycle took 0.028s
RTI cycle took 0.029s
RTI cycle took 0.019s
RTI cycle took 0.025s
RTI cycle took 0.021s
RTI cycle took 0.031s
RTI cycle took 0.027s
RTI cycle took 0.028s
RTI cycle took 0.020s
RTI cycle took 0.029s
RTI cycle took 0.040s
RTI cycle took 0.017s
RTI cycle took 0.036s
RTI cycle took 0.018s
RTI cycle took 0.018s
RTI cycle took 0.025s
RTI cycle took 0.028s
RTI cycle took 0.020s
RTI cycle took 0.024s
RTI cycle took 0.015s
RTI cycle took 0.023s
RTI cycle took 0.012s
RTI cycle took 0.031s
RTI cycle took 0.018s
RTI cycle took 0.026s
RTI cycle took 0.014s
RTI cycle took 0.032s
RTI cycle took 0.027s
RTI cycle took 0.029s
RTI cycle took 0.033s
RTI cycle took 0.019s
RTI cycle took 0.028s
RTI cycle took 0.024s
RTI cycle took 0.020s
RTI cycle took 0.015s
RTI cycle took 0.018s
RTI cycle took 0.022s
RTI cycle took 0.031s
RTI cycle took 0.029s
RTI cycle took 0.020s
RTI cycle took 0.017s
RTI cycle took 0.026s
RTI cycle took 0.030s
RTI cycle took 0.029s
RTI cycle took 0.045s
RTI cycle took 0.023s
RTI cycle took 0.030s
RTI cycle took 0.037s
RTI cycle took 0.020s
RTI cycle took 0.026s
RTI cycle took 0.040s
RTI cycle took 0.027s
RTI cycle took 0.028s
RTI cycle took 0.015s
RTI cycle took 0.028s
RTI cycle took 0.022s
RTI cycle took 0.027s
RTI cycle took 0.021s
RTI cycle took 0.029s
RTI cycle took 0.043s
RTI cycle took 0.015s
RTI cycle took 0.036s
RTI cycle took 0.028s
RTI cycle took 0.022s
RTI cycle took 0.026s
RTI cycle took 0.030s
RTI cycle took 0.032s
RTI cycle took 0.015s
RTI cycle took 0.028s
RTI cycle took 0.025s
RTI cycle took 0.036s
RTI cycle took 0.014s
RTI cycle took 0.020s
RTI cycle took 0.020s
RTI cycle took 0.032s
RTI cycle took 0.026s
RTI cycle took 0.029s
RTI cycle took 0.037s
RTI cycle took 0.022s
RTI cycle took 0.030s
RTI cycle took 0.029s
RTI cycle took 0.037s
RTI cycle took 0.038s
RTI cycle took 0.034s
RTI cycle took 0.014s
RTI cycle took 0.021s
RTI cycle took 0.016s
RTI cycle took 0.034s
RTI cycle took 0.023s
RTI cycle took 0.031s
RTI cycle took 0.021s
RTI cycle took 0.027s
RTI cycle took 0.030s
RTI cycle took 0.028s
RTI cycle took 0.033s
RTI cycle took 0.027s
RTI cycle took 0.028s
RTI cycle took 0.030s
RTI cycle took 0.037s
RTI cycle took 0.029s
RTI cycle took 0.030s
RTI cycle took 0.018s
RTI cycle took 0.037s
RTI cycle took 0.026s
RTI cycle took 0.030s
RTI cycle took 0.019s
RTI cycle took 0.017s
RTI cycle took 0.034s
RTI cycle took 0.018s
RTI cycle took 0.027s
RTI cycle took 0.037s
RTI cycle took 0.029s
RTI cycle took 0.020s
RTI cycle took 0.018s
RTI cycle took 0.034s
RTI cycle took 0.029s
RTI cycle took 0.030s
RTI cycle took 0.027s
RTI cycle took 0.035s
RTI cycle took 0.033s
RTI cycle took 0.017s
RTI cycle took 0.017s
RTI cycle took 0.035s
RTI cycle took 0.028s
RTI cycle took 0.018s
RTI cycle took 0.017s
RTI cycle took 0.024s
RTI cycle took 0.031s
RTI cycle took 0.029s
RTI cycle took 0.036s
RTI cycle took 0.029s
RTI cycle took 0.017s
RTI cycle took 0.025s
RTI cycle took 0.041s
RTI cycle took 0.025s
RTI cycle took 0.028s
RTI cycle took 0.030s
RTI cycle took 0.020s
RTI cycle took 0.033s
RTI cycle took 0.026s
RTI cycle took 0.041s
RTI cycle took 0.032s
RTI cycle took 0.025s
RTI cycle took 0.036s
RTI cycle took 0.030s
RTI cycle took 0.041s
RTI cycle took 0.059s
RTI cycle took 0.032s
RTI cycle took 0.032s
RTI cycle took 0.042s
RTI cycle took 0.041s
RTI cycle took 0.025s
RTI cycle took 0.021s
RTI cycle took 0.017s
RTI cycle took 0.019s
RTI cycle took 0.024s
RTI cycle took 0.010s
RTI cycle took 0.018s
RTI cycle took 0.026s
RTI cycle took 0.038s
RTI cycle took 0.030s
RTI cycle took 0.039s
RTI cycle took 0.028s
RTI cycle took 0.030s
RTI cycle took 0.017s
RTI cycle took 0.029s
RTI cycle took 0.030s
RTI cycle took 0.024s
RTI cycle took 0.031s
RTI cycle took 0.028s
RTI cycle took 0.023s
RTI cycle took 0.026s
RTI cycle took 0.031s
RTI cycle took 0.042s
RTI cycle took 0.025s
RTI cycle took 0.018s
RTI cycle took 0.025s
RTI cycle took 0.029s
RTI cycle took 0.017s
RTI cycle took 0.016s
[32mloggerd[0m [32mencoderd[0m [32mlogmessaged[0m [32mcamerad[0m [32mlogcatd[0m [32mproclogd[0m [32mmicd[0m [32mtimed[0m [32mdmonitoringmodeld[0m [32msensord[0m [32mui[0m [32msoundd[0m [32mlocationd[0m [32mcalibrationd[0m [32mtorqued[0m [32mcontrolsd[0m [32mselfdrived[0m [32mcard[0m [32mdeleter[0m [32mdmonitoringd[0m [32mqcomgpsd[0m [32mpandad[0m [32mparamsd[0m [32mlagd[0m [31mplannerd[0m [32mradard[0m [32mhardwared[0m [32mtombstoned[0m [32muploader[0m [32mstatsd[0m [32mfeedbackd[0m [32mmodeld_tinygrad[0m [32mmapd[0m [32mmapd_manager[0m [32mrtid[0m
[32mloggerd[0m [32mencoderd[0m [32mlogmessaged[0m [32mcamerad[0m [32mlogcatd[0m [32mproclogd[0m [32mmicd[0m [32mtimed[0m [32mdmonitoringmodeld[0m [32msensord[0m [32mui[0m [32msoundd[0m [32mlocationd[0m [32mcalibrationd[0m [32mtorqued[0m [32mcontrolsd[0m [32mselfdrived[0m [32mcard[0m [32mdeleter[0m [32mdmonitoringd[0m [32mqcomgpsd[0m [32mpandad[0m [32mparamsd[0m [32mlagd[0m [31mplannerd[0m [32mradard[0m [32mhardwared[0m [32mtombstoned[0m [32muploader[0m [32mstatsd[0m [32mfeedbackd[0m [32mmodeld_tinygrad[0m [32mmapd[0m [32mmapd_manager[0m [32mrtid[0m
[32mloggerd[0m [32mencoderd[0m [32mlogmessaged[0m [32mcamerad[0m [32mlogcatd[0m [32mproclogd[0m [32mmicd[0m [32mtimed[0m [32mdmonitoringmodeld[0m [32msensord[0m [32mui[0m [32msoundd[0m [32mlocationd[0m [32mcalibrationd[0m [32mtorqued[0m [32mcontrolsd[0m [32mselfdrived[0m [32mcard[0m [32mdeleter[0m [32mdmonitoringd[0m [32mqcomgpsd[0m [32mpandad[0m [32mparamsd[0m [32mlagd[0m [31mplannerd[0m [32mradard[0m [32mhardwared[0m [32mtombstoned[0m [32muploader[0m [32mstatsd[0m [32mfeedbackd[0m [32mmodeld_tinygrad[0m [32mmapd[0m [32mmapd_manager[0m [32mrtid[0m
[32mloggerd[0m [32mencoderd[0m [32mlogmessaged[0m [32mcamerad[0m [32mlogcatd[0m [32mproclogd[0m [32mmicd[0m [32mtimed[0m [32mdmonitoringmodeld[0m [32msensord[0m [32mui[0m [32msoundd[0m [32mlocationd[0m [32mcalibrationd[0m [32mtorqued[0m [32mcontrolsd[0m [32mselfdrived[0m [32mcard[0m [32mdeleter[0m [32mdmonitoringd[0m [32mqcomgpsd[0m [32mpandad[0m [32mparamsd[0m [32mlagd[0m [31mplannerd[0m [32mradard[0m [32mhardwared[0m [32mtombstoned[0m [32muploader[0m [32mstatsd[0m [32mfeedbackd[0m [32mmodeld_tinygrad[0m [32mmapd[0m [32mmapd_manager[0m [32mrtid[0m
[32mloggerd[0m [32mencoderd[0m [32mlogmessaged[0m [32mcamerad[0m [32mlogcatd[0m [32mproclogd[0m [32mmicd[0m [32mtimed[0m [32mdmonitoringmodeld[0m [32msensord[0m [32mui[0m [32msoundd[0m [32mlocationd[0m [32mcalibrationd[0m [32mtorqued[0m [32mcontrolsd[0m [32mselfdrived[0m [32mcard[0m [32mdeleter[0m [32mdmonitoringd[0m [32mqcomgpsd[0m [32mpandad[0m [32mparamsd[0m [32mlagd[0m [31mplannerd[0m [32mradard[0m [32mhardwared[0m [32mtombstoned[0m [32muploader[0m [32mstatsd[0m [32mfeedbackd[0m [32mmodeld_tinygrad[0m [32mmapd[0m [32mmapd_manager[0m [32mrtid[0m
[32mloggerd[0m [32mencoderd[0m [32mlogmessaged[0m [32mcamerad[0m [32mlogcatd[0m [32mproclogd[0m [32mmicd[0m [32mtimed[0m [32mdmonitoringmodeld[0m [32msensord[0m [32mui[0m [32msoundd[0m [32mlocationd[0m [32mcalibrationd[0m [32mtorqued[0m [32mcontrolsd[0m [32mselfdrived[0m [32mcard[0m [32mdeleter[0m [32mdmonitoringd[0m [32mqcomgpsd[0m [32mpandad[0m [32mparamsd[0m [32mlagd[0m [31mplannerd[0m [32mradard[0m [32mhardwared[0m [32mtombstoned[0m [32muploader[0m [32mstatsd[0m [32mfeedbackd[0m [32mmodeld_tinygrad[0m [32mmapd[0m [32mmapd_manager[0m [32mrtid[0m
[32mloggerd[0m [32mencoderd[0m [32mlogmessaged[0m [32mcamerad[0m [32mlogcatd[0m [32mproclogd[0m [32mmicd[0m [32mtimed[0m [32mdmonitoringmodeld[0m [32msensord[0m [32mui[0m [32msoundd[0m [32mlocationd[0m [32mcalibrationd[0m [32mtorqued[0m [32mcontrolsd[0m [32mselfdrived[0m [32mcard[0m [32mdeleter[0m [32mdmonitoringd[0m [32mqcomgpsd[0m [32mpandad[0m [32mparamsd[0m [32mlagd[0m [31mplannerd[0m [32mradard[0m [32mhardwared[0m [32mtombstoned[0m [32muploader[0m [32mstatsd[0m [32mfeedbackd[0m [32mmodeld_tinygrad[0m [32mmapd[0m [32mmapd_manager[0m [32mrtid[0m
[32mloggerd[0m [32mencoderd[0m [32mlogmessaged[0m [32mcamerad[0m [32mlogcatd[0m [32mproclogd[0m [32mmicd[0m [32mtimed[0m [32mdmonitoringmodeld[0m [32msensord[0m [32mui[0m [32msoundd[0m [32mlocationd[0m [32mcalibrationd[0m [32mtorqued[0m [32mcontrolsd[0m [32mselfdrived[0m [32mcard[0m [32mdeleter[0m [32mdmonitoringd[0m [32mqcomgpsd[0m [32mpandad[0m [32mparamsd[0m [32mlagd[0m [31mplannerd[0m [32mradard[0m [32mhardwared[0m [32mtombstoned[0m [32muploader[0m [32mstatsd[0m [32mfeedbackd[0m [32mmodeld_tinygrad[0m [32mmapd[0m [32mmapd_manager[0m [32mrtid[0m
[32mloggerd[0m [32mencoderd[0m [32mlogmessaged[0m [32mcamerad[0m [32mlogcatd[0m [32mproclogd[0m [32mmicd[0m [32mtimed[0m [32mdmonitoringmodeld[0m [32msensord[0m [32mui[0m [32msoundd[0m [32mlocationd[0m [32mcalibrationd[0m [32mtorqued[0m [32mcontrolsd[0m [32mselfdrived[0m [32mcard[0m [32mdeleter[0m [32mdmonitoringd[0m [32mqcomgpsd[0m [32mpandad[0m [32mparamsd[0m [32mlagd[0m [31mplannerd[0m [32mradard[0m [32mhardwared[0m [32mtombstoned[0m [32muploader[0m [32mstatsd[0m [32mfeedbackd[0m [32mmodeld_tinygrad[0m [32mmapd[0m [32mmapd_manager[0m [32mrtid[0m
[32mloggerd[0m [32mencoderd[0m [32mlogmessaged[0m [32mcamerad[0m [32mlogcatd[0m [32mproclogd[0m [32mmicd[0m [32mtimed[0m [32mdmonitoringmodeld[0m [32msensord[0m [32mui[0m [32msoundd[0m [32mlocationd[0m [32mcalibrationd[0m [32mtorqued[0m [32mcontrolsd[0m [32mselfdrived[0m [32mcard[0m [32mdeleter[0m [32mdmonitoringd[0m [32mqcomgpsd[0m [32mpandad[0m [32mparamsd[0m [32mlagd[0m [31mplannerd[0m [32mradard[0m [32mhardwared[0m [32mtombstoned[0m [32muploader[0m [32mstatsd[0m [32mfeedbackd[0m [32mmodeld_tinygrad[0m [32mmapd[0m [32mmapd_manager[0m [32mrtid[0m
[32mloggerd[0m [32mencoderd[0m [32mlogmessaged[0m [32mcamerad[0m [32mlogcatd[0m [32mproclogd[0m [32mmicd[0m [32mtimed[0m [32mdmonitoringmodeld[0m [32msensord[0m [32mui[0m [32msoundd[0m [32mlocationd[0m [32mcalibrationd[0m [32mtorqued[0m [32mcontrolsd[0m [32mselfdrived[0m [32mcard[0m [32mdeleter[0m [32mdmonitoringd[0m [32mqcomgpsd[0m [32mpandad[0m [32mparamsd[0m [32mlagd[0m [31mplannerd[0m [32mradard[0m [32mhardwared[0m [32mtombstoned[0m [32muploader[0m [32mstatsd[0m [32mfeedbackd[0m [32mmodeld_tinygrad[0m [32mmapd[0m [32mmapd_manager[0m [32mrtid[0m
[32mloggerd[0m [32mencoderd[0m [32mlogmessaged[0m [32mcamerad[0m [32mlogcatd[0m [32mproclogd[0m [32mmicd[0m [32mtimed[0m [32mdmonitoringmodeld[0m [32msensord[0m [32mui[0m [32msoundd[0m [32mlocationd[0m [32mcalibrationd[0m [32mtorqued[0m [32mcontrolsd[0m [32mselfdrived[0m [32mcard[0m [32mdeleter[0m [32mdmonitoringd[0m [32mqcomgpsd[0m [32mpandad[0m [32mparamsd[0m [32mlagd[0m [31mplannerd[0m [32mradard[0m [32mhardwared[0m [32mtombstoned[0m [32muploader[0m [32mstatsd[0m [32mfeedbackd[0m [32mmodeld_tinygrad[0m [32mmapd[0m [32mmapd_manager[0m [32mrtid[0m
[32mloggerd[0m [32mencoderd[0m [32mlogmessaged[0m [32mcamerad[0m [32mlogcatd[0m [32mproclogd[0m [32mmicd[0m [32mtimed[0m [32mdmonitoringmodeld[0m [32msensord[0m [32mui[0m [32msoundd[0m [32mlocationd[0m [32mcalibrationd[0m [32mtorqued[0m [32mcontrolsd[0m [32mselfdrived[0m [32mcard[0m [32mdeleter[0m [32mdmonitoringd[0m [32mqcomgpsd[0m [32mpandad[0m [32mparamsd[0m [32mlagd[0m [31mplannerd[0m [32mradard[0m [32mhardwared[0m [32mtombstoned[0m [32muploader[0m [32mstatsd[0m [32mfeedbackd[0m [32mmodeld_tinygrad[0m [32mmapd[0m [32mmapd_manager[0m [32mrtid[0m
RTI cycle took 0.034s
RTI cycle took 0.023s
RTI cycle took 0.031s
RTI cycle took 0.019s
RTI cycle took 0.027s
RTI cycle took 0.035s
RTI cycle took 0.040s
RTI cycle took 0.023s
RTI cycle took 0.047s
RTI cycle took 0.029s
RTI cycle took 0.036s
RTI cycle took 0.033s
RTI cycle took 0.025s
RTI cycle took 0.030s
RTI cycle took 0.040s
RTI cycle took 0.047s
RTI cycle took 0.031s
RTI cycle took 0.028s
RTI cycle took 0.052s
RTI cycle took 0.033s
RTI cycle took 0.034s
RTI cycle took 0.047s
RTI cycle took 0.021s
RTI cycle took 0.031s
RTI cycle took 0.026s
RTI cycle took 0.034s
RTI cycle took 0.025s
RTI cycle took 0.045s
RTI cycle took 0.037s
RTI cycle took 0.040s
RTI cycle took 0.052s
RTI cycle took 0.039s
RTI cycle took 0.028s
RTI cycle took 0.026s
RTI cycle took 0.023s
RTI cycle took 0.038s
RTI cycle took 0.017s
RTI cycle took 0.036s
RTI cycle took 0.028s
RTI cycle took 0.036s
RTI cycle took 0.031s
RTI cycle took 0.017s
RTI cycle took 0.014s
RTI cycle took 0.020s
RTI cycle took 0.031s
RTI cycle took 0.015s
RTI cycle took 0.028s
RTI cycle took 0.026s
RTI cycle took 0.025s
RTI cycle took 0.029s
RTI cycle took 0.027s
RTI cycle took 0.034s
RTI cycle took 0.016s
RTI cycle took 0.025s
RTI cycle took 0.038s
RTI cycle took 0.016s
RTI cycle took 0.016s
RTI cycle took 0.024s
RTI cycle took 0.030s
RTI cycle took 0.028s
RTI cycle took 0.031s
RTI cycle took 0.017s
RTI cycle took 0.017s
RTI cycle took 0.031s
RTI cycle took 0.020s
RTI cycle took 0.017s
RTI cycle took 0.026s
RTI cycle took 0.029s
RTI cycle took 0.019s
RTI cycle took 0.029s
RTI cycle took 0.025s
RTI cycle took 0.033s
RTI cycle took 0.027s
RTI cycle took 0.022s
RTI cycle took 0.015s
RTI cycle took 0.025s
RTI cycle took 0.021s
RTI cycle took 0.030s
RTI cycle took 0.036s
RTI cycle took 0.054s
RTI cycle took 0.020s
RTI cycle took 0.037s
RTI cycle took 0.019s
RTI cycle took 0.024s
RTI cycle took 0.033s
RTI cycle took 0.015s
RTI cycle took 0.025s
RTI cycle took 0.018s
RTI cycle took 0.028s
RTI cycle took 0.029s
RTI cycle took 0.023s
RTI cycle took 0.034s
RTI cycle took 0.018s
RTI cycle took 0.027s
RTI cycle took 0.019s
RTI cycle took 0.028s
RTI cycle took 0.027s
RTI cycle took 0.032s
RTI cycle took 0.016s
RTI cycle took 0.023s
RTI cycle took 0.039s
RTI cycle took 0.016s
RTI cycle took 0.013s
RTI cycle took 0.024s
RTI cycle took 0.042s
RTI cycle took 0.015s
RTI cycle took 0.028s
RTI cycle took 0.015s
RTI cycle took 0.034s
RTI cycle took 0.029s
RTI cycle took 0.027s
RTI cycle took 0.033s
RTI cycle took 0.037s
RTI cycle took 0.027s
RTI cycle took 0.032s
RTI cycle took 0.015s
RTI cycle took 0.026s
RTI cycle took 0.026s
RTI cycle took 0.030s
RTI cycle took 0.029s
RTI cycle took 0.027s
RTI cycle took 0.033s
RTI cycle took 0.036s
RTI cycle took 0.018s
RTI cycle took 0.028s
RTI cycle took 0.012s
RTI cycle took 0.016s
RTI cycle took 0.021s
RTI cycle took 0.041s
RTI cycle took 0.016s
RTI cycle took 0.027s
RTI cycle took 0.016s
RTI cycle took 0.028s
RTI cycle took 0.016s
RTI cycle took 0.029s
RTI cycle took 0.016s
RTI cycle took 0.032s
RTI cycle took 0.029s
RTI cycle took 0.029s
RTI cycle took 0.021s
RTI cycle took 0.026s
RTI cycle took 0.032s
RTI cycle took 0.016s
RTI cycle took 0.027s
RTI cycle took 0.028s
RTI cycle took 0.029s
RTI cycle took 0.042s
RTI cycle took 0.015s
RTI cycle took 0.016s
RTI cycle took 0.022s
RTI cycle took 0.040s
RTI cycle took 0.028s
RTI cycle took 0.029s
RTI cycle took 0.020s
RTI cycle took 0.037s
RTI cycle took 0.022s
RTI cycle took 0.015s
RTI cycle took 0.028s
RTI cycle took 0.016s
RTI cycle took 0.029s
RTI cycle took 0.027s
RTI cycle took 0.021s
RTI cycle took 0.027s
RTI cycle took 0.019s
RTI cycle took 0.016s
RTI cycle took 0.015s
RTI cycle took 0.021s
RTI cycle took 0.033s
RTI cycle took 0.038s
RTI cycle took 0.026s
RTI cycle took 0.015s
RTI cycle took 0.023s
RTI cycle took 0.032s
RTI cycle took 0.028s
RTI cycle took 0.029s
RTI cycle took 0.042s
RTI cycle took 0.016s
RTI cycle took 0.028s
RTI cycle took 0.016s
RTI cycle took 0.016s
RTI cycle took 0.014s
RTI cycle took 0.023s
RTI cycle took 0.028s
RTI cycle took 0.032s
RTI cycle took 0.015s
RTI cycle took 0.029s
RTI cycle took 0.035s
RTI cycle took 0.027s
RTI cycle took 0.032s
RTI cycle took 0.016s
RTI cycle took 0.028s
RTI cycle took 0.026s
RTI cycle took 0.022s
RTI cycle took 0.015s
RTI cycle took 0.028s
RTI cycle took 0.029s
RTI cycle took 0.021s
RTI cycle took 0.028s
RTI cycle took 0.041s
RTI cycle took 0.026s
RTI cycle took 0.031s
RTI cycle took 0.027s
RTI cycle took 0.030s
RTI cycle took 0.033s
RTI cycle took 0.016s
RTI cycle took 0.016s
RTI cycle took 0.022s
RTI cycle took 0.022s
RTI cycle took 0.026s
RTI cycle took 0.021s
RTI cycle took 0.027s
RTI cycle took 0.033s
RTI cycle took 0.016s
RTI cycle took 0.028s
RTI cycle took 0.036s
RTI cycle took 0.027s
RTI cycle took 0.032s
RTI cycle took 0.016s
RTI cycle took 0.028s
RTI cycle took 0.027s
RTI cycle took 0.030s
[32mloggerd[0m [32mencoderd[0m [32mlogmessaged[0m [32mcamerad[0m [32mlogcatd[0m [32mproclogd[0m [32mmicd[0m [32mtimed[0m [32mdmonitoringmodeld[0m [32msensord[0m [32mui[0m [32msoundd[0m [32mlocationd[0m [32mcalibrationd[0m [32mtorqued[0m [32mcontrolsd[0m [32mselfdrived[0m [32mcard[0m [32mdeleter[0m [32mdmonitoringd[0m [32mqcomgpsd[0m [32mpandad[0m [32mparamsd[0m [32mlagd[0m [31mplannerd[0m [32mradard[0m [32mhardwared[0m [32mtombstoned[0m [32muploader[0m [32mstatsd[0m [32mfeedbackd[0m [32mmodeld_tinygrad[0m [32mmapd[0m [32mmapd_manager[0m [32mrtid[0m
[32mloggerd[0m [32mencoderd[0m [32mlogmessaged[0m [32mcamerad[0m [32mlogcatd[0m [32mproclogd[0m [32mmicd[0m [32mtimed[0m [32mdmonitoringmodeld[0m [32msensord[0m [32mui[0m [32msoundd[0m [32mlocationd[0m [32mcalibrationd[0m [32mtorqued[0m [32mcontrolsd[0m [32mselfdrived[0m [32mcard[0m [32mdeleter[0m [32mdmonitoringd[0m [32mqcomgpsd[0m [32mpandad[0m [32mparamsd[0m [32mlagd[0m [31mplannerd[0m [32mradard[0m [32mhardwared[0m [32mtombstoned[0m [32muploader[0m [32mstatsd[0m [32mfeedbackd[0m [32mmodeld_tinygrad[0m [32mmapd[0m [32mmapd_manager[0m [32mrtid[0m
[32mloggerd[0m [32mencoderd[0m [32mlogmessaged[0m [32mcamerad[0m [32mlogcatd[0m [32mproclogd[0m [32mmicd[0m [32mtimed[0m [32mdmonitoringmodeld[0m [32msensord[0m [32mui[0m [32msoundd[0m [32mlocationd[0m [32mcalibrationd[0m [32mtorqued[0m [32mcontrolsd[0m [32mselfdrived[0m [32mcard[0m [32mdeleter[0m [32mdmonitoringd[0m [32mqcomgpsd[0m [32mpandad[0m [32mparamsd[0m [32mlagd[0m [31mplannerd[0m [32mradard[0m [32mhardwared[0m [32mtombstoned[0m [32muploader[0m [32mstatsd[0m [32mfeedbackd[0m [32mmodeld_tinygrad[0m [32mmapd[0m [32mmapd_manager[0m [32mrtid[0m
[32mloggerd[0m [32mencoderd[0m [32mlogmessaged[0m [32mcamerad[0m [32mlogcatd[0m [32mproclogd[0m [32mmicd[0m [32mtimed[0m [32mdmonitoringmodeld[0m [32msensord[0m [32mui[0m [32msoundd[0m [32mlocationd[0m [32mcalibrationd[0m [32mtorqued[0m [32mcontrolsd[0m [32mselfdrived[0m [32mcard[0m [32mdeleter[0m [32mdmonitoringd[0m [32mqcomgpsd[0m [32mpandad[0m [32mparamsd[0m [32mlagd[0m [31mplannerd[0m [32mradard[0m [32mhardwared[0m [32mtombstoned[0m [32muploader[0m [32mstatsd[0m [32mfeedbackd[0m [32mmodeld_tinygrad[0m [32mmapd[0m [32mmapd_manager[0m [32mrtid[0m
[32mloggerd[0m [32mencoderd[0m [32mlogmessaged[0m [32mcamerad[0m [32mlogcatd[0m [32mproclogd[0m [32mmicd[0m [32mtimed[0m [32mdmonitoringmodeld[0m [32msensord[0m [32mui[0m [32msoundd[0m [32mlocationd[0m [32mcalibrationd[0m [32mtorqued[0m [32mcontrolsd[0m [32mselfdrived[0m [32mcard[0m [32mdeleter[0m [32mdmonitoringd[0m [32mqcomgpsd[0m [32mpandad[0m [32mparamsd[0m [32mlagd[0m [31mplannerd[0m [32mradard[0m [32mhardwared[0m [32mtombstoned[0m [32muploader[0m [32mstatsd[0m [32mfeedbackd[0m [32mmodeld_tinygrad[0m [32mmapd[0m [32mmapd_manager[0m [32mrtid[0m
[32mloggerd[0m [32mencoderd[0m [32mlogmessaged[0m [32mcamerad[0m [32mlogcatd[0m [32mproclogd[0m [32mmicd[0m [32mtimed[0m [32mdmonitoringmodeld[0m [32msensord[0m [32mui[0m [32msoundd[0m [32mlocationd[0m [32mcalibrationd[0m [32mtorqued[0m [32mcontrolsd[0m [32mselfdrived[0m [32mcard[0m [32mdeleter[0m [32mdmonitoringd[0m [32mqcomgpsd[0m [32mpandad[0m [32mparamsd[0m [32mlagd[0m [31mplannerd[0m [32mradard[0m [32mhardwared[0m [32mtombstoned[0m [32muploader[0m [32mstatsd[0m [32mfeedbackd[0m [32mmodeld_tinygrad[0m [32mmapd[0m [32mmapd_manager[0m [32mrtid[0m
[32mloggerd[0m [32mencoderd[0m [32mlogmessaged[0m [32mcamerad[0m [32mlogcatd[0m [32mproclogd[0m [32mmicd[0m [32mtimed[0m [32mdmonitoringmodeld[0m [32msensord[0m [32mui[0m [32msoundd[0m [32mlocationd[0m [32mcalibrationd[0m [32mtorqued[0m [32mcontrolsd[0m [32mselfdrived[0m [32mcard[0m [32mdeleter[0m [32mdmonitoringd[0m [32mqcomgpsd[0m [32mpandad[0m [32mparamsd[0m [32mlagd[0m [31mplannerd[0m [32mradard[0m [32mhardwared[0m [32mtombstoned[0m [32muploader[0m [32mstatsd[0m [32mfeedbackd[0m [32mmodeld_tinygrad[0m [32mmapd[0m [32mmapd_manager[0m [32mrtid[0m
[32mloggerd[0m [32mencoderd[0m [32mlogmessaged[0m [32mcamerad[0m [32mlogcatd[0m [32mproclogd[0m [32mmicd[0m [32mtimed[0m [32mdmonitoringmodeld[0m [32msensord[0m [32mui[0m [32msoundd[0m [32mlocationd[0m [32mcalibrationd[0m [32mtorqued[0m [32mcontrolsd[0m [32mselfdrived[0m [32mcard[0m [32mdeleter[0m [32mdmonitoringd[0m [32mqcomgpsd[0m [32mpandad[0m [32mparamsd[0m [32mlagd[0m [31mplannerd[0m [32mradard[0m [32mhardwared[0m [32mtombstoned[0m [32muploader[0m [32mstatsd[0m [32mfeedbackd[0m [32mmodeld_tinygrad[0m [32mmapd[0m [32mmapd_manager[0m [32mrtid[0m
[32mloggerd[0m [32mencoderd[0m [32mlogmessaged[0m [32mcamerad[0m [32mlogcatd[0m [32mproclogd[0m [32mmicd[0m [32mtimed[0m [32mdmonitoringmodeld[0m [32msensord[0m [32mui[0m [32msoundd[0m [32mlocationd[0m [32mcalibrationd[0m [32mtorqued[0m [32mcontrolsd[0m [32mselfdrived[0m [32mcard[0m [32mdeleter[0m [32mdmonitoringd[0m [32mqcomgpsd[0m [32mpandad[0m [32mparamsd[0m [32mlagd[0m [31mplannerd[0m [32mradard[0m [32mhardwared[0m [32mtombstoned[0m [32muploader[0m [32mstatsd[0m [32mfeedbackd[0m [32mmodeld_tinygrad[0m [32mmapd[0m [32mmapd_manager[0m [32mrtid[0m
[32mloggerd[0m [32mencoderd[0m [32mlogmessaged[0m [32mcamerad[0m [32mlogcatd[0m [32mproclogd[0m [32mmicd[0m [32mtimed[0m [32mdmonitoringmodeld[0m [32msensord[0m [32mui[0m [32msoundd[0m [32mlocationd[0m [32mcalibrationd[0m [32mtorqued[0m [32mcontrolsd[0m [32mselfdrived[0m [32mcard[0m [32mdeleter[0m [32mdmonitoringd[0m [32mqcomgpsd[0m [32mpandad[0m [32mparamsd[0m [32mlagd[0m [31mplannerd[0m [32mradard[0m [32mhardwared[0m [32mtombstoned[0m [32muploader[0m [32mstatsd[0m [32mfeedbackd[0m [32mmodeld_tinygrad[0m [32mmapd[0m [32mmapd_manager[0m [32mrtid[0m
[32mloggerd[0m [32mencoderd[0m [32mlogmessaged[0m [32mcamerad[0m [32mlogcatd[0m [32mproclogd[0m [32mmicd[0m [32mtimed[0m [32mdmonitoringmodeld[0m [32msensord[0m [32mui[0m [32msoundd[0m [32mlocationd[0m [32mcalibrationd[0m [32mtorqued[0m [32mcontrolsd[0m [32mselfdrived[0m [32mcard[0m [32mdeleter[0m [32mdmonitoringd[0m [32mqcomgpsd[0m [32mpandad[0m [32mparamsd[0m [32mlagd[0m [31mplannerd[0m [32mradard[0m [32mhardwared[0m [32mtombstoned[0m [32muploader[0m [32mstatsd[0m [32mfeedbackd[0m [32mmodeld_tinygrad[0m [32mmapd[0m [32mmapd_manager[0m [32mrtid[0m
[32mloggerd[0m [32mencoderd[0m [32mlogmessaged[0m [32mcamerad[0m [32mlogcatd[0m [32mproclogd[0m [32mmicd[0m [32mtimed[0m [32mdmonitoringmodeld[0m [32msensord[0m [32mui[0m [32msoundd[0m [32mlocationd[0m [32mcalibrationd[0m [32mtorqued[0m [32mcontrolsd[0m [32mselfdrived[0m [32mcard[0m [32mdeleter[0m [32mdmonitoringd[0m [32mqcomgpsd[0m [32mpandad[0m [32mparamsd[0m [32mlagd[0m [31mplannerd[0m [32mradard[0m [32mhardwared[0m [32mtombstoned[0m [32muploader[0m [32mstatsd[0m [32mfeedbackd[0m [32mmodeld_tinygrad[0m [32mmapd[0m [32mmapd_manager[0m [32mrtid[0m
[32mloggerd[0m [32mencoderd[0m [32mlogmessaged[0m [32mcamerad[0m [32mlogcatd[0m [32mproclogd[0m [32mmicd[0m [32mtimed[0m [32mdmonitoringmodeld[0m [32msensord[0m [32mui[0m [32msoundd[0m [32mlocationd[0m [32mcalibrationd[0m [32mtorqued[0m [32mcontrolsd[0m [32mselfdrived[0m [32mcard[0m [32mdeleter[0m [32mdmonitoringd[0m [32mqcomgpsd[0m [32mpandad[0m [32mparamsd[0m [32mlagd[0m [31mplannerd[0m [32mradard[0m [32mhardwared[0m [32mtombstoned[0m [32muploader[0m [32mstatsd[0m [32mfeedbackd[0m [32mmodeld_tinygrad[0m [32mmapd[0m [32mmapd_manager[0m [32mrtid[0m
RTI cycle took 0.028s
RTI cycle took 0.020s
RTI cycle took 0.018s
RTI cycle took 0.019s
RTI cycle took 0.036s
RTI cycle took 0.019s
RTI cycle took 0.017s
RTI cycle took 0.019s
RTI cycle took 0.025s
RTI cycle took 0.030s
RTI cycle took 0.030s
RTI cycle took 0.026s
RTI cycle took 0.035s
RTI cycle took 0.023s
RTI cycle took 0.029s
RTI cycle took 0.030s
RTI cycle took 0.026s
RTI cycle took 0.033s
RTI cycle took 0.037s
RTI cycle took 0.019s
RTI cycle took 0.028s
RTI cycle took 0.027s
RTI cycle took 0.033s
RTI cycle took 0.028s
RTI cycle took 0.028s
RTI cycle took 0.030s
RTI cycle took 0.028s
RTI cycle took 0.033s
RTI cycle took 0.017s
RTI cycle took 0.022s
RTI cycle took 0.015s
RTI cycle took 0.015s
RTI cycle took 0.014s
RTI cycle took 0.020s
RTI cycle took 0.030s
RTI cycle took 0.032s
RTI cycle took 0.027s
RTI cycle took 0.025s
RTI cycle took 0.029s
RTI cycle took 0.039s
RTI cycle took 0.029s
RTI cycle took 0.019s
RTI cycle took 0.020s
RTI cycle took 0.037s
RTI cycle took 0.016s
RTI cycle took 0.015s
RTI cycle took 0.023s
RTI cycle took 0.030s
RTI cycle took 0.020s
RTI cycle took 0.017s
RTI cycle took 0.027s
RTI cycle took 0.019s
RTI cycle took 0.028s
RTI cycle took 0.019s
RTI cycle took 0.036s
RTI cycle took 0.032s
RTI cycle took 0.027s
RTI cycle took 0.030s
RTI cycle took 0.029s
RTI cycle took 0.027s
RTI cycle took 0.018s
RTI cycle took 0.018s
RTI cycle took 0.016s
RTI cycle took 0.017s
RTI cycle took 0.034s
RTI cycle took 0.027s
RTI cycle took 0.019s
RTI cycle took 0.017s
RTI cycle took 0.025s
RTI cycle took 0.026s
RTI cycle took 0.020s
RTI cycle took 0.018s
RTI cycle took 0.017s
RTI cycle took 0.024s
RTI cycle took 0.029s
RTI cycle took 0.020s
RTI cycle took 0.027s
RTI cycle took 0.028s
RTI cycle took 0.032s
RTI cycle took 0.026s
RTI cycle took 0.021s
RTI cycle took 0.015s
RTI cycle took 0.026s
RTI cycle took 0.015s
RTI cycle took 0.027s
RTI cycle took 0.027s
RTI cycle took 0.030s
RTI cycle took 0.019s
RTI cycle took 0.023s
RTI cycle took 0.031s
RTI cycle took 0.017s
RTI cycle took 0.026s
RTI cycle took 0.040s
RTI cycle took 0.026s
RTI cycle took 0.019s
RTI cycle took 0.027s
RTI cycle took 0.022s
RTI cycle took 0.027s
RTI cycle took 0.029s
RTI cycle took 0.028s
RTI cycle took 0.033s
RTI cycle took 0.015s
RTI cycle took 0.023s
RTI cycle took 0.037s
RTI cycle took 0.028s
RTI cycle took 0.033s
RTI cycle took 0.015s
RTI cycle took 0.016s
RTI cycle took 0.031s
RTI cycle took 0.020s
RTI cycle took 0.040s
RTI cycle took 0.016s
RTI cycle took 0.028s
RTI cycle took 0.037s
RTI cycle took 0.019s
RTI cycle took 0.040s
RTI cycle took 0.029s
RTI cycle took 0.027s
RTI cycle took 0.018s
RTI cycle took 0.027s
RTI cycle took 0.030s
RTI cycle took 0.017s
RTI cycle took 0.026s
RTI cycle took 0.040s
RTI cycle took 0.033s
RTI cycle took 0.036s
RTI cycle took 0.027s
RTI cycle took 0.026s
RTI cycle took 0.029s
RTI cycle took 0.017s
RTI cycle took 0.040s
RTI cycle took 0.026s
RTI cycle took 0.030s
RTI cycle took 0.019s
RTI cycle took 0.029s
RTI cycle took 0.016s
RTI cycle took 0.025s
RTI cycle took 0.028s
RTI cycle took 0.029s
RTI cycle took 0.020s
RTI cycle took 0.027s
RTI cycle took 0.021s
RTI cycle took 0.026s
RTI cycle took 0.032s
RTI cycle took 0.016s
RTI cycle took 0.027s
RTI cycle took 0.028s
RTI cycle took 0.028s
RTI cycle took 0.029s
RTI cycle took 0.018s
RTI cycle took 0.017s
RTI cycle took 0.022s
RTI cycle took 0.031s
RTI cycle took 0.027s
RTI cycle took 0.019s
RTI cycle took 0.028s
RTI cycle took 0.032s
RTI cycle took 0.027s
RTI cycle took 0.029s
RTI cycle took 0.029s
RTI cycle took 0.019s
RTI cycle took 0.029s
RTI cycle took 0.037s
RTI cycle took 0.028s
RTI cycle took 0.019s
RTI cycle took 0.027s
RTI cycle took 0.047s
RTI cycle took 0.022s
RTI cycle took 0.028s
RTI cycle took 0.030s
RTI cycle took 0.018s
RTI cycle took 0.028s
RTI cycle took 0.047s
RTI cycle took 0.020s
RTI cycle took 0.029s
RTI cycle took 0.019s
RTI cycle took 0.019s
RTI cycle took 0.025s
RTI cycle took 0.021s
RTI cycle took 0.027s
RTI cycle took 0.032s
RTI cycle took 0.026s
RTI cycle took 0.032s
RTI cycle took 0.026s
RTI cycle took 0.023s
RTI cycle took 0.015s
RTI cycle took 0.023s
RTI cycle took 0.017s
RTI cycle took 0.038s
RTI cycle took 0.017s
RTI cycle took 0.024s
RTI cycle took 0.020s
RTI cycle took 0.023s
RTI cycle took 0.036s
RTI cycle took 0.040s
RTI cycle took 0.026s
RTI cycle took 0.041s
RTI cycle took 0.016s
RTI cycle took 0.027s
RTI cycle took 0.019s
RTI cycle took 0.027s
RTI cycle took 0.047s
RTI cycle took 0.012s
RTI cycle took 0.020s
RTI cycle took 0.015s
RTI cycle took 0.028s
RTI cycle took 0.015s
RTI cycle took 0.025s
RTI cycle took 0.032s
RTI cycle took 0.038s
RTI cycle took 0.018s
RTI cycle took 0.045s
RTI cycle took 0.038s
RTI cycle took 0.021s
RTI cycle took 0.035s
RTI cycle took 0.024s
RTI cycle took 0.026s
RTI cycle took 0.028s
RTI cycle took 0.024s
RTI cycle took 0.025s
RTI cycle took 0.031s
RTI cycle took 0.016s
RTI cycle took 0.024s
RTI cycle took 0.035s
RTI cycle took 0.030s
RTI cycle took 0.027s
RTI cycle took 0.020s
RTI cycle took 0.021s
RTI cycle took 0.038s
RTI cycle took 0.028s
RTI cycle took 0.033s
[32mloggerd[0m [32mencoderd[0m [32mlogmessaged[0m [32mcamerad[0m [32mlogcatd[0m [32mproclogd[0m [32mmicd[0m [32mtimed[0m [32mdmonitoringmodeld[0m [32msensord[0m [32mui[0m [32msoundd[0m [32mlocationd[0m [32mcalibrationd[0m [32mtorqued[0m [32mcontrolsd[0m [32mselfdrived[0m [32mcard[0m [32mdeleter[0m [32mdmonitoringd[0m [32mqcomgpsd[0m [32mpandad[0m [32mparamsd[0m [32mlagd[0m [31mplannerd[0m [32mradard[0m [32mhardwared[0m [32mtombstoned[0m [32muploader[0m [32mstatsd[0m [32mfeedbackd[0m [32mmodeld_tinygrad[0m [32mmapd[0m [32mmapd_manager[0m [32mrtid[0m
[32mloggerd[0m [32mencoderd[0m [32mlogmessaged[0m [32mcamerad[0m [32mlogcatd[0m [32mproclogd[0m [32mmicd[0m [32mtimed[0m [32mdmonitoringmodeld[0m [32msensord[0m [32mui[0m [32msoundd[0m [32mlocationd[0m [32mcalibrationd[0m [32mtorqued[0m [32mcontrolsd[0m [32mselfdrived[0m [32mcard[0m [32mdeleter[0m [32mdmonitoringd[0m [32mqcomgpsd[0m [32mpandad[0m [32mparamsd[0m [32mlagd[0m [31mplannerd[0m [32mradard[0m [32mhardwared[0m [32mtombstoned[0m [32muploader[0m [32mstatsd[0m [32mfeedbackd[0m [32mmodeld_tinygrad[0m [32mmapd[0m [32mmapd_manager[0m [32mrtid[0m
[32mloggerd[0m [32mencoderd[0m [32mlogmessaged[0m [32mcamerad[0m [32mlogcatd[0m [32mproclogd[0m [32mmicd[0m [32mtimed[0m [32mdmonitoringmodeld[0m [32msensord[0m [32mui[0m [32msoundd[0m [32mlocationd[0m [32mcalibrationd[0m [32mtorqued[0m [32mcontrolsd[0m [32mselfdrived[0m [32mcard[0m [32mdeleter[0m [32mdmonitoringd[0m [32mqcomgpsd[0m [32mpandad[0m [32mparamsd[0m [32mlagd[0m [31mplannerd[0m [32mradard[0m [32mhardwared[0m [32mtombstoned[0m [32muploader[0m [32mstatsd[0m [32mfeedbackd[0m [32mmodeld_tinygrad[0m [32mmapd[0m [32mmapd_manager[0m [32mrtid[0m
[32mloggerd[0m [32mencoderd[0m [32mlogmessaged[0m [32mcamerad[0m [32mlogcatd[0m [32mproclogd[0m [32mmicd[0m [32mtimed[0m [32mdmonitoringmodeld[0m [32msensord[0m [32mui[0m [32msoundd[0m [32mlocationd[0m [32mcalibrationd[0m [32mtorqued[0m [32mcontrolsd[0m [32mselfdrived[0m [32mcard[0m [32mdeleter[0m [32mdmonitoringd[0m [32mqcomgpsd[0m [32mpandad[0m [32mparamsd[0m [32mlagd[0m [31mplannerd[0m [32mradard[0m [32mhardwared[0m [32mtombstoned[0m [32muploader[0m [32mstatsd[0m [32mfeedbackd[0m [32mmodeld_tinygrad[0m [32mmapd[0m [32mmapd_manager[0m [32mrtid[0m
[32mloggerd[0m [32mencoderd[0m [32mlogmessaged[0m [32mcamerad[0m [32mlogcatd[0m [32mproclogd[0m [32mmicd[0m [32mtimed[0m [32mdmonitoringmodeld[0m [32msensord[0m [32mui[0m [32msoundd[0m [32mlocationd[0m [32mcalibrationd[0m [32mtorqued[0m [32mcontrolsd[0m [32mselfdrived[0m [32mcard[0m [32mdeleter[0m [32mdmonitoringd[0m [32mqcomgpsd[0m [32mpandad[0m [32mparamsd[0m [32mlagd[0m [31mplannerd[0m [32mradard[0m [32mhardwared[0m [32mtombstoned[0m [32muploader[0m [32mstatsd[0m [32mfeedbackd[0m [32mmodeld_tinygrad[0m [32mmapd[0m [32mmapd_manager[0m [32mrtid[0m
[32mloggerd[0m [32mencoderd[0m [32mlogmessaged[0m [32mcamerad[0m [32mlogcatd[0m [32mproclogd[0m [32mmicd[0m [32mtimed[0m [32mdmonitoringmodeld[0m [32msensord[0m [32mui[0m [32msoundd[0m [32mlocationd[0m [32mcalibrationd[0m [32mtorqued[0m [32mcontrolsd[0m [32mselfdrived[0m [32mcard[0m [32mdeleter[0m [32mdmonitoringd[0m [32mqcomgpsd[0m [32mpandad[0m [32mparamsd[0m [32mlagd[0m [31mplannerd[0m [32mradard[0m [32mhardwared[0m [32mtombstoned[0m [32muploader[0m [32mstatsd[0m [32mfeedbackd[0m [32mmodeld_tinygrad[0m [32mmapd[0m [32mmapd_manager[0m [32mrtid[0m
[32mloggerd[0m [32mencoderd[0m [32mlogmessaged[0m [32mcamerad[0m [32mlogcatd[0m [32mproclogd[0m [32mmicd[0m [32mtimed[0m [32mdmonitoringmodeld[0m [32msensord[0m [32mui[0m [32msoundd[0m [32mlocationd[0m [32mcalibrationd[0m [32mtorqued[0m [32mcontrolsd[0m [32mselfdrived[0m [32mcard[0m [32mdeleter[0m [32mdmonitoringd[0m [32mqcomgpsd[0m [32mpandad[0m [32mparamsd[0m [32mlagd[0m [31mplannerd[0m [32mradard[0m [32mhardwared[0m [32mtombstoned[0m [32muploader[0m [32mstatsd[0m [32mfeedbackd[0m [32mmodeld_tinygrad[0m [32mmapd[0m [32mmapd_manager[0m [32mrtid[0m
[32mloggerd[0m [32mencoderd[0m [32mlogmessaged[0m [32mcamerad[0m [32mlogcatd[0m [32mproclogd[0m [32mmicd[0m [32mtimed[0m [32mdmonitoringmodeld[0m [32msensord[0m [32mui[0m [32msoundd[0m [32mlocationd[0m [32mcalibrationd[0m [32mtorqued[0m [32mcontrolsd[0m [32mselfdrived[0m [32mcard[0m [32mdeleter[0m [32mdmonitoringd[0m [32mqcomgpsd[0m [32mpandad[0m [32mparamsd[0m [32mlagd[0m [31mplannerd[0m [32mradard[0m [32mhardwared[0m [32mtombstoned[0m [32muploader[0m [32mstatsd[0m [32mfeedbackd[0m [32mmodeld_tinygrad[0m [32mmapd[0m [32mmapd_manager[0m [32mrtid[0m
[32mloggerd[0m [32mencoderd[0m [32mlogmessaged[0m [32mcamerad[0m [32mlogcatd[0m [32mproclogd[0m [32mmicd[0m [32mtimed[0m [32mdmonitoringmodeld[0m [32msensord[0m [32mui[0m [32msoundd[0m [32mlocationd[0m [32mcalibrationd[0m [32mtorqued[0m [32mcontrolsd[0m [32mselfdrived[0m [32mcard[0m [32mdeleter[0m [32mdmonitoringd[0m [32mqcomgpsd[0m [32mpandad[0m [32mparamsd[0m [32mlagd[0m [31mplannerd[0m [32mradard[0m [32mhardwared[0m [32mtombstoned[0m [32muploader[0m [32mstatsd[0m [32mfeedbackd[0m [32mmodeld_tinygrad[0m [32mmapd[0m [32mmapd_manager[0m [32mrtid[0m
[32mloggerd[0m [32mencoderd[0m [32mlogmessaged[0m [32mcamerad[0m [32mlogcatd[0m [32mproclogd[0m [32mmicd[0m [32mtimed[0m [32mdmonitoringmodeld[0m [32msensord[0m [32mui[0m [32msoundd[0m [32mlocationd[0m [32mcalibrationd[0m [32mtorqued[0m [32mcontrolsd[0m [32mselfdrived[0m [32mcard[0m [32mdeleter[0m [32mdmonitoringd[0m [32mqcomgpsd[0m [32mpandad[0m [32mparamsd[0m [32mlagd[0m [31mplannerd[0m [32mradard[0m [32mhardwared[0m [32mtombstoned[0m [32muploader[0m [32mstatsd[0m [32mfeedbackd[0m [32mmodeld_tinygrad[0m [32mmapd[0m [32mmapd_manager[0m [32mrtid[0m
[32mloggerd[0m [32mencoderd[0m [32mlogmessaged[0m [32mcamerad[0m [32mlogcatd[0m [32mproclogd[0m [32mmicd[0m [32mtimed[0m [32mdmonitoringmodeld[0m [32msensord[0m [32mui[0m [32msoundd[0m [32mlocationd[0m [32mcalibrationd[0m [32mtorqued[0m [32mcontrolsd[0m [32mselfdrived[0m [32mcard[0m [32mdeleter[0m [32mdmonitoringd[0m [32mqcomgpsd[0m [32mpandad[0m [32mparamsd[0m [32mlagd[0m [31mplannerd[0m [32mradard[0m [32mhardwared[0m [32mtombstoned[0m [32muploader[0m [32mstatsd[0m [32mfeedbackd[0m [32mmodeld_tinygrad[0m [32mmapd[0m [32mmapd_manager[0m [32mrtid[0m
[32mloggerd[0m [32mencoderd[0m [32mlogmessaged[0m [32mcamerad[0m [32mlogcatd[0m [32mproclogd[0m [32mmicd[0m [32mtimed[0m [32mdmonitoringmodeld[0m [32msensord[0m [32mui[0m [32msoundd[0m [32mlocationd[0m [32mcalibrationd[0m [32mtorqued[0m [32mcontrolsd[0m [32mselfdrived[0m [32mcard[0m [32mdeleter[0m [32mdmonitoringd[0m [32mqcomgpsd[0m [32mpandad[0m [32mparamsd[0m [32mlagd[0m [31mplannerd[0m [32mradard[0m [32mhardwared[0m [32mtombstoned[0m [32muploader[0m [32mstatsd[0m [32mfeedbackd[0m [32mmodeld_tinygrad[0m [32mmapd[0m [32mmapd_manager[0m [32mrtid[0m
[32mloggerd[0m [32mencoderd[0m [32mlogmessaged[0m [32mcamerad[0m [32mlogcatd[0m [32mproclogd[0m [32mmicd[0m [32mtimed[0m [32mdmonitoringmodeld[0m [32msensord[0m [32mui[0m [32msoundd[0m [32mlocationd[0m [32mcalibrationd[0m [32mtorqued[0m [32mcontrolsd[0m [32mselfdrived[0m [32mcard[0m [32mdeleter[0m [32mdmonitoringd[0m [32mqcomgpsd[0m [32mpandad[0m [32mparamsd[0m [32mlagd[0m [31mplannerd[0m [32mradard[0m [32mhardwared[0m [32mtombstoned[0m [32muploader[0m [32mstatsd[0m [32mfeedbackd[0m [32mmodeld_tinygrad[0m [32mmapd[0m [32mmapd_manager[0m [32mrtid[0m
RTI cycle took 0.034s
RTI cycle took 0.019s
RTI cycle took 0.025s
RTI cycle took 0.036s
RTI cycle took 0.022s
RTI cycle took 0.027s
RTI cycle took 0.029s
RTI cycle took 0.031s
RTI cycle took 0.025s
RTI cycle took 0.032s
RTI cycle took 0.038s
RTI cycle took 0.026s
RTI cycle took 0.028s
RTI cycle took 0.017s
RTI cycle took 0.024s
RTI cycle took 0.016s
RTI cycle took 0.028s
RTI cycle took 0.026s
RTI cycle took 0.030s
RTI cycle took 0.030s
RTI cycle took 0.027s
RTI cycle took 0.034s
RTI cycle took 0.016s
RTI cycle took 0.027s
RTI cycle took 0.016s
RTI cycle took 0.028s
RTI cycle took 0.025s
RTI cycle took 0.023s
RTI cycle took 0.016s
RTI cycle took 0.028s
RTI cycle took 0.016s
RTI cycle took 0.024s
RTI cycle took 0.017s
RTI cycle took 0.035s
RTI cycle took 0.013s
RTI cycle took 0.021s
RTI cycle took 0.028s
RTI cycle took 0.028s
RTI cycle took 0.042s
RTI cycle took 0.015s
RTI cycle took 0.027s
RTI cycle took 0.036s
RTI cycle took 0.030s
RTI cycle took 0.021s
RTI cycle took 0.018s
RTI cycle took 0.019s
RTI cycle took 0.023s
RTI cycle took 0.046s
RTI cycle took 0.033s
RTI cycle took 0.037s
RTI cycle took 0.029s
RTI cycle took 0.021s
RTI cycle took 0.026s
RTI cycle took 0.023s
RTI cycle took 0.039s
RTI cycle took 0.026s
RTI cycle took 0.028s
RTI cycle took 0.026s
RTI cycle took 0.020s
RTI cycle took 0.026s
RTI cycle took 0.029s
RTI cycle took 0.020s
RTI cycle took 0.028s
RTI cycle took 0.026s
RTI cycle took 0.021s
RTI cycle took 0.013s
RTI cycle took 0.015s
RTI cycle took 0.022s
RTI cycle took 0.019s
RTI cycle took 0.031s
RTI cycle took 0.016s
RTI cycle took 0.019s
RTI cycle took 0.027s
RTI cycle took 0.018s
RTI cycle took 0.015s
RTI cycle took 0.018s
RTI cycle took 0.022s
RTI cycle took 0.032s
RTI cycle took 0.017s
RTI cycle took 0.019s
RTI cycle took 0.023s
RTI cycle took 0.028s
RTI cycle took 0.012s
RTI cycle took 0.024s
RTI cycle took 0.026s
RTI cycle took 0.034s
RTI cycle took 0.024s
RTI cycle took 0.029s
RTI cycle took 0.033s
RTI cycle took 0.039s
RTI cycle took 0.025s
RTI cycle took 0.034s
RTI cycle took 0.024s
RTI cycle took 0.021s
RTI cycle took 0.017s
RTI cycle took 0.018s
RTI cycle took 0.023s
RTI cycle took 0.033s
RTI cycle took 0.016s
RTI cycle took 0.031s
RTI cycle took 0.034s
RTI cycle took 0.017s
RTI cycle took 0.038s
RTI cycle took 0.016s
RTI cycle took 0.025s
RTI cycle took 0.027s
RTI cycle took 0.029s
RTI cycle took 0.028s
RTI cycle took 0.019s
RTI cycle took 0.032s
RTI cycle took 0.021s
RTI cycle took 0.031s
RTI cycle took 0.027s
RTI cycle took 0.024s
RTI cycle took 0.026s
RTI cycle took 0.039s
RTI cycle took 0.031s
RTI cycle took 0.037s
RTI cycle took 0.021s
RTI cycle took 0.019s
RTI cycle took 0.028s
RTI cycle took 0.018s
RTI cycle took 0.017s
RTI cycle took 0.024s
RTI cycle took 0.033s
RTI cycle took 0.017s
RTI cycle took 0.024s
RTI cycle took 0.041s
RTI cycle took 0.016s
RTI cycle took 0.027s
RTI cycle took 0.024s
RTI cycle took 0.031s
RTI cycle took 0.020s
RTI cycle took 0.026s
RTI cycle took 0.020s
RTI cycle took 0.030s
RTI cycle took 0.017s
RTI cycle took 0.018s
RTI cycle took 0.013s
RTI cycle took 0.021s
RTI cycle took 0.017s
RTI cycle took 0.032s
RTI cycle took 0.038s
RTI cycle took 0.020s
RTI cycle took 0.031s
RTI cycle took 0.029s
RTI cycle took 0.029s
RTI cycle took 0.017s
RTI cycle took 0.025s
RTI cycle took 0.031s
RTI cycle took 0.027s
RTI cycle took 0.030s
RTI cycle took 0.027s
RTI cycle took 0.034s
RTI cycle took 0.033s
RTI cycle took 0.022s
RTI cycle took 0.038s
RTI cycle took 0.014s
RTI cycle took 0.020s
RTI cycle took 0.039s
RTI cycle took 0.028s
RTI cycle took 0.020s
RTI cycle took 0.017s
RTI cycle took 0.039s
RTI cycle took 0.036s
RTI cycle took 0.018s
RTI cycle took 0.028s
RTI cycle took 0.020s
RTI cycle took 0.016s
RTI cycle took 0.023s
RTI cycle took 0.031s
RTI cycle took 0.028s
RTI cycle took 0.019s
RTI cycle took 0.027s
RTI cycle took 0.020s
RTI cycle took 0.019s
RTI cycle took 0.025s
RTI cycle took 0.041s
RTI cycle took 0.029s
RTI cycle took 0.026s
RTI cycle took 0.019s
RTI cycle took 0.041s
RTI cycle took 0.016s
RTI cycle took 0.027s
RTI cycle took 0.025s
RTI cycle took 0.041s
RTI cycle took 0.037s
RTI cycle took 0.023s
RTI cycle took 0.027s
RTI cycle took 0.018s
RTI cycle took 0.027s
RTI cycle took 0.043s
RTI cycle took 0.015s
RTI cycle took 0.035s
RTI cycle took 0.018s
RTI cycle took 0.020s
RTI cycle took 0.024s
RTI cycle took 0.030s
RTI cycle took 0.053s
RTI cycle took 0.032s
RTI cycle took 0.024s
RTI cycle took 0.016s
RTI cycle took 0.016s
RTI cycle took 0.034s
RTI cycle took 0.027s
RTI cycle took 0.027s
RTI cycle took 0.012s
RTI cycle took 0.022s
RTI cycle took 0.028s
RTI cycle took 0.022s
RTI cycle took 0.021s
RTI cycle took 0.022s
RTI cycle took 0.028s
RTI cycle took 0.033s
RTI cycle took 0.031s
RTI cycle took 0.022s
RTI cycle took 0.038s
RTI cycle took 0.021s
RTI cycle took 0.023s
RTI cycle took 0.025s
RTI cycle took 0.022s
RTI cycle took 0.027s
RTI cycle took 0.020s
RTI cycle took 0.018s
RTI cycle took 0.028s
RTI cycle took 0.028s
RTI cycle took 0.030s
RTI cycle took 0.019s
RTI cycle took 0.033s
RTI cycle took 0.011s
RTI cycle took 0.028s
RTI cycle took 0.038s
RTI cycle took 0.021s
RTI cycle took 0.020s
RTI cycle took 0.027s
[32mloggerd[0m [32mencoderd[0m [32mlogmessaged[0m [32mcamerad[0m [32mlogcatd[0m [32mproclogd[0m [32mmicd[0m [32mtimed[0m [32mdmonitoringmodeld[0m [32msensord[0m [32mui[0m [32msoundd[0m [32mlocationd[0m [32mcalibrationd[0m [32mtorqued[0m [32mcontrolsd[0m [32mselfdrived[0m [32mcard[0m [32mdeleter[0m [32mdmonitoringd[0m [32mqcomgpsd[0m [32mpandad[0m [32mparamsd[0m [32mlagd[0m [31mplannerd[0m [32mradard[0m [32mhardwared[0m [32mtombstoned[0m [32muploader[0m [32mstatsd[0m [32mfeedbackd[0m [32mmodeld_tinygrad[0m [32mmapd[0m [32mmapd_manager[0m [32mrtid[0m
[32mloggerd[0m [32mencoderd[0m [32mlogmessaged[0m [32mcamerad[0m [32mlogcatd[0m [32mproclogd[0m [32mmicd[0m [32mtimed[0m [32mdmonitoringmodeld[0m [32msensord[0m [32mui[0m [32msoundd[0m [32mlocationd[0m [32mcalibrationd[0m [32mtorqued[0m [32mcontrolsd[0m [32mselfdrived[0m [32mcard[0m [32mdeleter[0m [32mdmonitoringd[0m [32mqcomgpsd[0m [32mpandad[0m [32mparamsd[0m [32mlagd[0m [31mplannerd[0m [32mradard[0m [32mhardwared[0m [32mtombstoned[0m [32muploader[0m [32mstatsd[0m [32mfeedbackd[0m [32mmodeld_tinygrad[0m [32mmapd[0m [32mmapd_manager[0m [32mrtid[0m
[32mloggerd[0m [32mencoderd[0m [32mlogmessaged[0m [32mcamerad[0m [32mlogcatd[0m [32mproclogd[0m [32mmicd[0m [32mtimed[0m [32mdmonitoringmodeld[0m [32msensord[0m [32mui[0m [32msoundd[0m [32mlocationd[0m [32mcalibrationd[0m [32mtorqued[0m [32mcontrolsd[0m [32mselfdrived[0m [32mcard[0m [32mdeleter[0m [32mdmonitoringd[0m [32mqcomgpsd[0m [32mpandad[0m [32mparamsd[0m [32mlagd[0m [31mplannerd[0m [32mradard[0m [32mhardwared[0m [32mtombstoned[0m [32muploader[0m [32mstatsd[0m [32mfeedbackd[0m [32mmodeld_tinygrad[0m [32mmapd[0m [32mmapd_manager[0m [32mrtid[0m
[32mloggerd[0m [32mencoderd[0m [32mlogmessaged[0m [32mcamerad[0m [32mlogcatd[0m [32mproclogd[0m [32mmicd[0m [32mtimed[0m [32mdmonitoringmodeld[0m [32msensord[0m [32mui[0m [32msoundd[0m [32mlocationd[0m [32mcalibrationd[0m [32mtorqued[0m [32mcontrolsd[0m [32mselfdrived[0m [32mcard[0m [32mdeleter[0m [32mdmonitoringd[0m [32mqcomgpsd[0m [32mpandad[0m [32mparamsd[0m [32mlagd[0m [31mplannerd[0m [32mradard[0m [32mhardwared[0m [32mtombstoned[0m [32muploader[0m [32mstatsd[0m [32mfeedbackd[0m [32mmodeld_tinygrad[0m [32mmapd[0m [32mmapd_manager[0m [32mrtid[0m
[32mloggerd[0m [32mencoderd[0m [32mlogmessaged[0m [32mcamerad[0m [32mlogcatd[0m [32mproclogd[0m [32mmicd[0m [32mtimed[0m [32mdmonitoringmodeld[0m [32msensord[0m [32mui[0m [32msoundd[0m [32mlocationd[0m [32mcalibrationd[0m [32mtorqued[0m [32mcontrolsd[0m [32mselfdrived[0m [32mcard[0m [32mdeleter[0m [32mdmonitoringd[0m [32mqcomgpsd[0m [32mpandad[0m [32mparamsd[0m [32mlagd[0m [31mplannerd[0m [32mradard[0m [32mhardwared[0m [32mtombstoned[0m [32muploader[0m [32mstatsd[0m [32mfeedbackd[0m [32mmodeld_tinygrad[0m [32mmapd[0m [32mmapd_manager[0m [32mrtid[0m
[32mloggerd[0m [32mencoderd[0m [32mlogmessaged[0m [32mcamerad[0m [32mlogcatd[0m [32mproclogd[0m [32mmicd[0m [32mtimed[0m [32mdmonitoringmodeld[0m [32msensord[0m [32mui[0m [32msoundd[0m [32mlocationd[0m [32mcalibrationd[0m [32mtorqued[0m [32mcontrolsd[0m [32mselfdrived[0m [32mcard[0m [32mdeleter[0m [32mdmonitoringd[0m [32mqcomgpsd[0m [32mpandad[0m [32mparamsd[0m [32mlagd[0m [31mplannerd[0m [32mradard[0m [32mhardwared[0m [32mtombstoned[0m [32muploader[0m [32mstatsd[0m [32mfeedbackd[0m [32mmodeld_tinygrad[0m [32mmapd[0m [32mmapd_manager[0m [32mrtid[0m
[32mloggerd[0m [32mencoderd[0m [32mlogmessaged[0m [32mcamerad[0m [32mlogcatd[0m [32mproclogd[0m [32mmicd[0m [32mtimed[0m [32mdmonitoringmodeld[0m [32msensord[0m [32mui[0m [32msoundd[0m [32mlocationd[0m [32mcalibrationd[0m [32mtorqued[0m [32mcontrolsd[0m [32mselfdrived[0m [32mcard[0m [32mdeleter[0m [32mdmonitoringd[0m [32mqcomgpsd[0m [32mpandad[0m [32mparamsd[0m [32mlagd[0m [31mplannerd[0m [32mradard[0m [32mhardwared[0m [32mtombstoned[0m [32muploader[0m [32mstatsd[0m [32mfeedbackd[0m [32mmodeld_tinygrad[0m [32mmapd[0m [32mmapd_manager[0m [32mrtid[0m
[32mloggerd[0m [32mencoderd[0m [32mlogmessaged[0m [32mcamerad[0m [32mlogcatd[0m [32mproclogd[0m [32mmicd[0m [32mtimed[0m [32mdmonitoringmodeld[0m [32msensord[0m [32mui[0m [32msoundd[0m [32mlocationd[0m [32mcalibrationd[0m [32mtorqued[0m [32mcontrolsd[0m [32mselfdrived[0m [32mcard[0m [32mdeleter[0m [32mdmonitoringd[0m [32mqcomgpsd[0m [32mpandad[0m [32mparamsd[0m [32mlagd[0m [31mplannerd[0m [32mradard[0m [32mhardwared[0m [32mtombstoned[0m [32muploader[0m [32mstatsd[0m [32mfeedbackd[0m [32mmodeld_tinygrad[0m [32mmapd[0m [32mmapd_manager[0m [32mrtid[0m
[32mloggerd[0m [32mencoderd[0m [32mlogmessaged[0m [32mcamerad[0m [32mlogcatd[0m [32mproclogd[0m [32mmicd[0m [32mtimed[0m [32mdmonitoringmodeld[0m [32msensord[0m [32mui[0m [32msoundd[0m [32mlocationd[0m [32mcalibrationd[0m [32mtorqued[0m [32mcontrolsd[0m [32mselfdrived[0m [32mcard[0m [32mdeleter[0m [32mdmonitoringd[0m [32mqcomgpsd[0m [32mpandad[0m [32mparamsd[0m [32mlagd[0m [31mplannerd[0m [32mradard[0m [32mhardwared[0m [32mtombstoned[0m [32muploader[0m [32mstatsd[0m [32mfeedbackd[0m [32mmodeld_tinygrad[0m [32mmapd[0m [32mmapd_manager[0m [32mrtid[0m
[32mloggerd[0m [32mencoderd[0m [32mlogmessaged[0m [32mcamerad[0m [32mlogcatd[0m [32mproclogd[0m [32mmicd[0m [32mtimed[0m [32mdmonitoringmodeld[0m [32msensord[0m [32mui[0m [32msoundd[0m [32mlocationd[0m [32mcalibrationd[0m [32mtorqued[0m [32mcontrolsd[0m [32mselfdrived[0m [32mcard[0m [32mdeleter[0m [32mdmonitoringd[0m [32mqcomgpsd[0m [32mpandad[0m [32mparamsd[0m [32mlagd[0m [31mplannerd[0m [32mradard[0m [32mhardwared[0m [32mtombstoned[0m [32muploader[0m [32mstatsd[0m [32mfeedbackd[0m [32mmodeld_tinygrad[0m [32mmapd[0m [32mmapd_manager[0m [32mrtid[0m
[32mloggerd[0m [32mencoderd[0m [32mlogmessaged[0m [32mcamerad[0m [32mlogcatd[0m [32mproclogd[0m [32mmicd[0m [32mtimed[0m [32mdmonitoringmodeld[0m [32msensord[0m [32mui[0m [32msoundd[0m [32mlocationd[0m [32mcalibrationd[0m [32mtorqued[0m [32mcontrolsd[0m [32mselfdrived[0m [32mcard[0m [32mdeleter[0m [32mdmonitoringd[0m [32mqcomgpsd[0m [32mpandad[0m [32mparamsd[0m [32mlagd[0m [31mplannerd[0m [32mradard[0m [32mhardwared[0m [32mtombstoned[0m [32muploader[0m [32mstatsd[0m [32mfeedbackd[0m [32mmodeld_tinygrad[0m [32mmapd[0m [32mmapd_manager[0m [32mrtid[0m
[32mloggerd[0m [32mencoderd[0m [32mlogmessaged[0m [32mcamerad[0m [32mlogcatd[0m [32mproclogd[0m [32mmicd[0m [32mtimed[0m [32mdmonitoringmodeld[0m [32msensord[0m [32mui[0m [32msoundd[0m [32mlocationd[0m [32mcalibrationd[0m [32mtorqued[0m [32mcontrolsd[0m [32mselfdrived[0m [32mcard[0m [32mdeleter[0m [32mdmonitoringd[0m [32mqcomgpsd[0m [32mpandad[0m [32mparamsd[0m [32mlagd[0m [31mplannerd[0m [32mradard[0m [32mhardwared[0m [32mtombstoned[0m [32muploader[0m [32mstatsd[0m [32mfeedbackd[0m [32mmodeld_tinygrad[0m [32mmapd[0m [32mmapd_manager[0m [32mrtid[0m
[32mloggerd[0m [32mencoderd[0m [32mlogmessaged[0m [32mcamerad[0m [32mlogcatd[0m [32mproclogd[0m [32mmicd[0m [32mtimed[0m [32mdmonitoringmodeld[0m [32msensord[0m [32mui[0m [32msoundd[0m [32mlocationd[0m [32mcalibrationd[0m [32mtorqued[0m [32mcontrolsd[0m [32mselfdrived[0m [32mcard[0m [32mdeleter[0m [32mdmonitoringd[0m [32mqcomgpsd[0m [32mpandad[0m [32mparamsd[0m [32mlagd[0m [31mplannerd[0m [32mradard[0m [32mhardwared[0m [32mtombstoned[0m [32muploader[0m [32mstatsd[0m [32mfeedbackd[0m [32mmodeld_tinygrad[0m [32mmapd[0m [32mmapd_manager[0m [32mrtid[0m
RTI cycle took 0.026s
RTI cycle took 0.031s
RTI cycle took 0.026s
RTI cycle took 0.036s
RTI cycle took 0.014s
RTI cycle took 0.031s
RTI cycle took 0.031s
RTI cycle took 0.025s
RTI cycle took 0.032s
RTI cycle took 0.025s
RTI cycle took 0.025s
RTI cycle took 0.022s
RTI cycle took 0.031s
RTI cycle took 0.027s
RTI cycle took 0.022s
RTI cycle took 0.025s
RTI cycle took 0.020s
RTI cycle took 0.032s
RTI cycle took 0.024s
RTI cycle took 0.032s
RTI cycle took 0.029s
RTI cycle took 0.031s
RTI cycle took 0.047s
RTI cycle took 0.042s
RTI cycle took 0.043s
RTI cycle took 0.164s
RTI cycle took 0.029s
RTI cycle took 0.024s
RTI cycle took 0.020s
RTI cycle took 0.055s
RTI cycle took 0.032s
RTI cycle took 0.030s
RTI cycle took 0.051s
RTI cycle took 0.039s
RTI cycle took 0.026s
RTI cycle took 0.029s
RTI cycle took 0.044s
RTI cycle took 0.023s
RTI cycle took 0.029s
RTI cycle took 0.034s
RTI cycle took 0.021s
RTI cycle took 0.026s
RTI cycle took 0.021s
RTI cycle took 0.043s
RTI cycle took 0.030s
RTI cycle took 0.045s
RTI cycle took 0.020s
RTI cycle took 0.033s
RTI cycle took 0.023s
RTI cycle took 0.032s
RTI cycle took 0.039s
RTI cycle took 0.029s
RTI cycle took 0.035s
RTI cycle took 0.032s
RTI cycle took 0.044s
RTI cycle took 0.013s
RTI cycle took 0.054s
RTI cycle took 0.024s
RTI cycle took 0.039s
RTI cycle took 0.017s
RTI cycle took 0.031s
RTI cycle took 0.028s
RTI cycle took 0.032s
RTI cycle took 0.038s
RTI cycle took 0.035s
RTI cycle took 0.037s
RTI cycle took 0.020s
RTI cycle took 0.037s
RTI cycle took 0.030s
RTI cycle took 0.021s
RTI cycle took 0.031s
RTI cycle took 0.025s
RTI cycle took 0.031s
RTI cycle took 0.041s
RTI cycle took 0.024s
RTI cycle took 0.073s
RTI cycle took 0.024s
RTI cycle took 0.022s
RTI cycle took 0.027s
RTI cycle took 0.031s
RTI cycle took 0.016s
RTI cycle took 0.022s
RTI cycle took 0.013s
RTI cycle took 0.032s
RTI cycle took 0.029s
RTI cycle took 0.016s
RTI cycle took 0.014s
RTI cycle took 0.016s
RTI cycle took 0.040s
RTI cycle took 0.019s
RTI cycle took 0.030s
RTI cycle took 0.016s
RTI cycle took 0.027s
RTI cycle took 0.018s
RTI cycle took 0.028s
RTI cycle took 0.026s
RTI cycle took 0.031s
RTI cycle took 0.018s
RTI cycle took 0.027s
RTI cycle took 0.046s
RTI cycle took 0.012s
RTI cycle took 0.022s
RTI cycle took 0.015s
RTI cycle took 0.032s
RTI cycle took 0.022s
RTI cycle took 0.021s
RTI cycle took 0.026s
RTI cycle took 0.028s
RTI cycle took 0.021s
RTI cycle took 0.032s
RTI cycle took 0.033s
RTI cycle took 0.014s
RTI cycle took 0.040s
RTI cycle took 0.021s
RTI cycle took 0.031s
RTI cycle took 0.029s
RTI cycle took 0.029s
RTI cycle took 0.035s
RTI cycle took 0.022s
RTI cycle took 0.031s
RTI cycle took 0.017s
RTI cycle took 0.023s
RTI cycle took 0.012s
RTI cycle took 0.021s
RTI cycle took 0.018s
RTI cycle took 0.033s
RTI cycle took 0.025s
RTI cycle took 0.027s
RTI cycle took 0.018s
RTI cycle took 0.028s
RTI cycle took 0.017s
RTI cycle took 0.027s
RTI cycle took 0.018s
RTI cycle took 0.029s
RTI cycle took 0.019s
RTI cycle took 0.027s
RTI cycle took 0.031s
RTI cycle took 0.011s
RTI cycle took 0.013s
RTI cycle took 0.023s
RTI cycle took 0.017s
RTI cycle took 0.018s
RTI cycle took 0.024s
RTI cycle took 0.031s
RTI cycle took 0.024s
RTI cycle took 0.024s
RTI cycle took 0.018s
RTI cycle took 0.035s
RTI cycle took 0.037s
RTI cycle took 0.021s
RTI cycle took 0.031s
RTI cycle took 0.030s
RTI cycle took 0.026s
RTI cycle took 0.034s
RTI cycle took 0.028s
RTI cycle took 0.027s
RTI cycle took 0.044s
RTI cycle took 0.022s
RTI cycle took 0.032s
RTI cycle took 0.038s
RTI cycle took 0.028s
RTI cycle took 0.031s
RTI cycle took 0.017s
RTI cycle took 0.015s
RTI cycle took 0.029s
RTI cycle took 0.026s
RTI cycle took 0.036s
RTI cycle took 0.017s
RTI cycle took 0.027s
RTI cycle took 0.034s
RTI cycle took 0.015s
RTI cycle took 0.027s
RTI cycle took 0.022s
RTI cycle took 0.027s
RTI cycle took 0.032s
RTI cycle took 0.039s
RTI cycle took 0.041s
RTI cycle took 0.021s
RTI cycle took 0.028s
RTI cycle took 0.028s
RTI cycle took 0.028s
RTI cycle took 0.029s
RTI cycle took 0.022s
RTI cycle took 0.039s
RTI cycle took 0.030s
RTI cycle took 0.029s
RTI cycle took 0.029s
RTI cycle took 0.035s
RTI cycle took 0.014s
RTI cycle took 0.035s
RTI cycle took 0.014s
RTI cycle took 0.023s
RTI cycle took 0.026s
RTI cycle took 0.029s
RTI cycle took 0.021s
RTI cycle took 0.029s
RTI cycle took 0.036s
RTI cycle took 0.030s
RTI cycle took 0.033s
RTI cycle took 0.039s
RTI cycle took 0.026s
RTI cycle took 0.041s
RTI cycle took 0.025s
RTI cycle took 0.021s
RTI cycle took 0.036s
RTI cycle took 0.013s
RTI cycle took 0.023s
RTI cycle took 0.025s
RTI cycle took 0.031s
RTI cycle took 0.029s
[32mloggerd[0m [32mencoderd[0m [32mlogmessaged[0m [32mcamerad[0m [32mlogcatd[0m [32mproclogd[0m [32mmicd[0m [32mtimed[0m [32mdmonitoringmodeld[0m [32msensord[0m [32mui[0m [32msoundd[0m [32mlocationd[0m [32mcalibrationd[0m [32mtorqued[0m [32mcontrolsd[0m [32mselfdrived[0m [32mcard[0m [32mdeleter[0m [32mdmonitoringd[0m [32mqcomgpsd[0m [32mpandad[0m [32mparamsd[0m [32mlagd[0m [31mplannerd[0m [32mradard[0m [32mhardwared[0m [32mtombstoned[0m [32muploader[0m [32mstatsd[0m [32mfeedbackd[0m [32mmodeld_tinygrad[0m [32mmapd[0m [32mmapd_manager[0m [32mrtid[0m
[32mloggerd[0m [32mencoderd[0m [32mlogmessaged[0m [32mcamerad[0m [32mlogcatd[0m [32mproclogd[0m [32mmicd[0m [32mtimed[0m [32mdmonitoringmodeld[0m [32msensord[0m [32mui[0m [32msoundd[0m [32mlocationd[0m [32mcalibrationd[0m [32mtorqued[0m [32mcontrolsd[0m [32mselfdrived[0m [32mcard[0m [32mdeleter[0m [32mdmonitoringd[0m [32mqcomgpsd[0m [32mpandad[0m [32mparamsd[0m [32mlagd[0m [31mplannerd[0m [32mradard[0m [32mhardwared[0m [32mtombstoned[0m [32muploader[0m [32mstatsd[0m [32mfeedbackd[0m [32mmodeld_tinygrad[0m [32mmapd[0m [32mmapd_manager[0m [32mrtid[0m
[32mloggerd[0m [32mencoderd[0m [32mlogmessaged[0m [32mcamerad[0m [32mlogcatd[0m [32mproclogd[0m [32mmicd[0m [32mtimed[0m [32mdmonitoringmodeld[0m [32msensord[0m [32mui[0m [32msoundd[0m [32mlocationd[0m [32mcalibrationd[0m [32mtorqued[0m [32mcontrolsd[0m [32mselfdrived[0m [32mcard[0m [32mdeleter[0m [32mdmonitoringd[0m [32mqcomgpsd[0m [32mpandad[0m [32mparamsd[0m [32mlagd[0m [31mplannerd[0m [32mradard[0m [32mhardwared[0m [32mtombstoned[0m [32muploader[0m [32mstatsd[0m [32mfeedbackd[0m [32mmodeld_tinygrad[0m [32mmapd[0m [32mmapd_manager[0m [32mrtid[0m
[32mloggerd[0m [32mencoderd[0m [32mlogmessaged[0m [32mcamerad[0m [32mlogcatd[0m [32mproclogd[0m [32mmicd[0m [32mtimed[0m [32mdmonitoringmodeld[0m [32msensord[0m [32mui[0m [32msoundd[0m [32mlocationd[0m [32mcalibrationd[0m [32mtorqued[0m [32mcontrolsd[0m [32mselfdrived[0m [32mcard[0m [32mdeleter[0m [32mdmonitoringd[0m [32mqcomgpsd[0m [32mpandad[0m [32mparamsd[0m [32mlagd[0m [31mplannerd[0m [32mradard[0m [32mhardwared[0m [32mtombstoned[0m [32muploader[0m [32mstatsd[0m [32mfeedbackd[0m [32mmodeld_tinygrad[0m [32mmapd[0m [32mmapd_manager[0m [32mrtid[0m
[32mloggerd[0m [32mencoderd[0m [32mlogmessaged[0m [32mcamerad[0m [32mlogcatd[0m [32mproclogd[0m [32mmicd[0m [32mtimed[0m [32mdmonitoringmodeld[0m [32msensord[0m [32mui[0m [32msoundd[0m [32mlocationd[0m [32mcalibrationd[0m [32mtorqued[0m [32mcontrolsd[0m [32mselfdrived[0m [32mcard[0m [32mdeleter[0m [32mdmonitoringd[0m [32mqcomgpsd[0m [32mpandad[0m [32mparamsd[0m [32mlagd[0m [31mplannerd[0m [32mradard[0m [32mhardwared[0m [32mtombstoned[0m [32muploader[0m [32mstatsd[0m [32mfeedbackd[0m [32mmodeld_tinygrad[0m [32mmapd[0m [32mmapd_manager[0m [32mrtid[0m
[32mloggerd[0m [32mencoderd[0m [32mlogmessaged[0m [32mcamerad[0m [32mlogcatd[0m [32mproclogd[0m [32mmicd[0m [32mtimed[0m [32mdmonitoringmodeld[0m [32msensord[0m [32mui[0m [32msoundd[0m [32mlocationd[0m [32mcalibrationd[0m [32mtorqued[0m [32mcontrolsd[0m [32mselfdrived[0m [32mcard[0m [32mdeleter[0m [32mdmonitoringd[0m [32mqcomgpsd[0m [32mpandad[0m [32mparamsd[0m [32mlagd[0m [31mplannerd[0m [32mradard[0m [32mhardwared[0m [32mtombstoned[0m [32muploader[0m [32mstatsd[0m [32mfeedbackd[0m [32mmodeld_tinygrad[0m [32mmapd[0m [32mmapd_manager[0m [32mrtid[0m
[32mloggerd[0m [32mencoderd[0m [32mlogmessaged[0m [32mcamerad[0m [32mlogcatd[0m [32mproclogd[0m [32mmicd[0m [32mtimed[0m [32mdmonitoringmodeld[0m [32msensord[0m [32mui[0m [32msoundd[0m [32mlocationd[0m [32mcalibrationd[0m [32mtorqued[0m [32mcontrolsd[0m [32mselfdrived[0m [32mcard[0m [32mdeleter[0m [32mdmonitoringd[0m [32mqcomgpsd[0m [32mpandad[0m [32mparamsd[0m [32mlagd[0m [31mplannerd[0m [32mradard[0m [32mhardwared[0m [32mtombstoned[0m [32muploader[0m [32mstatsd[0m [32mfeedbackd[0m [32mmodeld_tinygrad[0m [32mmapd[0m [32mmapd_manager[0m [32mrtid[0m
[32mloggerd[0m [32mencoderd[0m [32mlogmessaged[0m [32mcamerad[0m [32mlogcatd[0m [32mproclogd[0m [32mmicd[0m [32mtimed[0m [32mdmonitoringmodeld[0m [32msensord[0m [32mui[0m [32msoundd[0m [32mlocationd[0m [32mcalibrationd[0m [32mtorqued[0m [32mcontrolsd[0m [32mselfdrived[0m [32mcard[0m [32mdeleter[0m [32mdmonitoringd[0m [32mqcomgpsd[0m [32mpandad[0m [32mparamsd[0m [32mlagd[0m [31mplannerd[0m [32mradard[0m [32mhardwared[0m [32mtombstoned[0m [32muploader[0m [32mstatsd[0m [32mfeedbackd[0m [32mmodeld_tinygrad[0m [32mmapd[0m [32mmapd_manager[0m [32mrtid[0m
[32mloggerd[0m [32mencoderd[0m [32mlogmessaged[0m [32mcamerad[0m [32mlogcatd[0m [32mproclogd[0m [32mmicd[0m [32mtimed[0m [32mdmonitoringmodeld[0m [32msensord[0m [32mui[0m [32msoundd[0m [32mlocationd[0m [32mcalibrationd[0m [32mtorqued[0m [32mcontrolsd[0m [32mselfdrived[0m [32mcard[0m [32mdeleter[0m [32mdmonitoringd[0m [32mqcomgpsd[0m [32mpandad[0m [32mparamsd[0m [32mlagd[0m [31mplannerd[0m [32mradard[0m [32mhardwared[0m [32mtombstoned[0m [32muploader[0m [32mstatsd[0m [32mfeedbackd[0m [32mmodeld_tinygrad[0m [32mmapd[0m [32mmapd_manager[0m [32mrtid[0m
[32mloggerd[0m [32mencoderd[0m [32mlogmessaged[0m [32mcamerad[0m [32mlogcatd[0m [32mproclogd[0m [32mmicd[0m [32mtimed[0m [32mdmonitoringmodeld[0m [32msensord[0m [32mui[0m [32msoundd[0m [32mlocationd[0m [32mcalibrationd[0m [32mtorqued[0m [32mcontrolsd[0m [32mselfdrived[0m [32mcard[0m [32mdeleter[0m [32mdmonitoringd[0m [32mqcomgpsd[0m [32mpandad[0m [32mparamsd[0m [32mlagd[0m [31mplannerd[0m [32mradard[0m [32mhardwared[0m [32mtombstoned[0m [32muploader[0m [32mstatsd[0m [32mfeedbackd[0m [32mmodeld_tinygrad[0m [32mmapd[0m [32mmapd_manager[0m [32mrtid[0m
[32mloggerd[0m [32mencoderd[0m [32mlogmessaged[0m [32mcamerad[0m [32mlogcatd[0m [32mproclogd[0m [32mmicd[0m [32mtimed[0m [32mdmonitoringmodeld[0m [32msensord[0m [32mui[0m [32msoundd[0m [32mlocationd[0m [32mcalibrationd[0m [32mtorqued[0m [32mcontrolsd[0m [32mselfdrived[0m [32mcard[0m [32mdeleter[0m [32mdmonitoringd[0m [32mqcomgpsd[0m [32mpandad[0m [32mparamsd[0m [32mlagd[0m [31mplannerd[0m [32mradard[0m [32mhardwared[0m [32mtombstoned[0m [32muploader[0m [32mstatsd[0m [32mfeedbackd[0m [32mmodeld_tinygrad[0m [32mmapd[0m [32mmapd_manager[0m [32mrtid[0m
[32mloggerd[0m [32mencoderd[0m [32mlogmessaged[0m [32mcamerad[0m [32mlogcatd[0m [32mproclogd[0m [32mmicd[0m [32mtimed[0m [32mdmonitoringmodeld[0m [32msensord[0m [32mui[0m [32msoundd[0m [32mlocationd[0m [32mcalibrationd[0m [32mtorqued[0m [32mcontrolsd[0m [32mselfdrived[0m [32mcard[0m [32mdeleter[0m [32mdmonitoringd[0m [32mqcomgpsd[0m [32mpandad[0m [32mparamsd[0m [32mlagd[0m [31mplannerd[0m [32mradard[0m [32mhardwared[0m [32mtombstoned[0m [32muploader[0m [32mstatsd[0m [32mfeedbackd[0m [32mmodeld_tinygrad[0m [32mmapd[0m [32mmapd_manager[0m [32mrtid[0m
[32mloggerd[0m [32mencoderd[0m [32mlogmessaged[0m [32mcamerad[0m [32mlogcatd[0m [32mproclogd[0m [32mmicd[0m [32mtimed[0m [32mdmonitoringmodeld[0m [32msensord[0m [32mui[0m [32msoundd[0m [32mlocationd[0m [32mcalibrationd[0m [32mtorqued[0m [32mcontrolsd[0m [32mselfdrived[0m [32mcard[0m [32mdeleter[0m [32mdmonitoringd[0m [32mqcomgpsd[0m [32mpandad[0m [32mparamsd[0m [32mlagd[0m [31mplannerd[0m [32mradard[0m [32mhardwared[0m [32mtombstoned[0m [32muploader[0m [32mstatsd[0m [32mfeedbackd[0m [32mmodeld_tinygrad[0m [32mmapd[0m [32mmapd_manager[0m [32mrtid[0m
RTI cycle took 0.041s
RTI cycle took 0.028s
RTI cycle took 0.016s
RTI cycle took 0.027s
RTI cycle took 0.028s
RTI cycle took 0.020s
RTI cycle took 0.016s
RTI cycle took 0.027s
RTI cycle took 0.017s
RTI cycle took 0.019s
RTI cycle took 0.028s
RTI cycle took 0.025s
RTI cycle took 0.034s
RTI cycle took 0.022s
RTI cycle took 0.027s
RTI cycle took 0.022s
RTI cycle took 0.041s
RTI cycle took 0.028s
RTI cycle took 0.039s
RTI cycle took 0.032s
RTI cycle took 0.034s
RTI cycle took 0.031s
RTI cycle took 0.023s
RTI cycle took 0.038s
RTI cycle took 0.027s
RTI cycle took 0.026s
RTI cycle took 0.021s
RTI cycle took 0.034s
RTI cycle took 0.025s
RTI cycle took 0.027s
RTI cycle took 0.022s
RTI cycle took 0.039s
RTI cycle took 0.041s
RTI cycle took 0.030s
RTI cycle took 0.038s
RTI cycle took 0.030s
RTI cycle took 0.018s
RTI cycle took 0.035s
RTI cycle took 0.031s
RTI cycle took 0.046s
RTI cycle took 0.022s
RTI cycle took 0.032s
RTI cycle took 0.027s
RTI cycle took 0.030s
RTI cycle took 0.035s
RTI cycle took 0.022s
RTI cycle took 0.038s
RTI cycle took 0.021s
RTI cycle took 0.024s
RTI cycle took 0.013s
RTI cycle took 0.022s
RTI cycle took 0.040s
RTI cycle took 0.027s
RTI cycle took 0.040s
RTI cycle took 0.020s
RTI cycle took 0.030s
RTI cycle took 0.017s
RTI cycle took 0.018s
RTI cycle took 0.026s
RTI cycle took 0.027s
RTI cycle took 0.018s
RTI cycle took 0.027s
RTI cycle took 0.031s
RTI cycle took 0.019s
RTI cycle took 0.037s
RTI cycle took 0.018s
RTI cycle took 0.027s
RTI cycle took 0.045s
RTI cycle took 0.021s
RTI cycle took 0.035s
RTI cycle took 0.022s
RTI cycle took 0.030s
RTI cycle took 0.030s
RTI cycle took 0.026s
RTI cycle took 0.023s
RTI cycle took 0.048s
RTI cycle took 0.018s
RTI cycle took 0.030s
RTI cycle took 0.025s
RTI cycle took 0.038s
RTI cycle took 0.033s
RTI cycle took 0.027s
RTI cycle took 0.030s
RTI cycle took 0.029s
RTI cycle took 0.029s
RTI cycle took 0.040s
RTI cycle took 0.023s
RTI cycle took 0.017s
RTI cycle took 0.033s
RTI cycle took 0.021s
RTI cycle took 0.047s
RTI cycle took 0.033s
RTI cycle took 0.028s
RTI cycle took 0.027s
RTI cycle took 0.019s
RTI cycle took 0.021s
RTI cycle took 0.026s
RTI cycle took 0.029s
RTI cycle took 0.035s
RTI cycle took 0.022s
RTI cycle took 0.031s
RTI cycle took 0.028s
RTI cycle took 0.021s
RTI cycle took 0.027s
RTI cycle took 0.029s
RTI cycle took 0.047s
RTI cycle took 0.021s
RTI cycle took 0.027s
RTI cycle took 0.019s
RTI cycle took 0.028s
RTI cycle took 0.019s
RTI cycle took 0.016s
RTI cycle took 0.040s
RTI cycle took 0.022s
RTI cycle took 0.024s
RTI cycle took 0.014s
RTI cycle took 0.022s
RTI cycle took 0.032s
RTI cycle took 0.027s
RTI cycle took 0.026s
RTI cycle took 0.031s
RTI cycle took 0.017s
RTI cycle took 0.020s
RTI cycle took 0.039s
RTI cycle took 0.032s
RTI cycle took 0.036s
RTI cycle took 0.029s
RTI cycle took 0.012s
RTI cycle took 0.018s
RTI cycle took 0.035s
RTI cycle took 0.025s
RTI cycle took 0.026s
RTI cycle took 0.019s
RTI cycle took 0.025s
RTI cycle took 0.030s
RTI cycle took 0.040s
RTI cycle took 0.048s
RTI cycle took 0.039s
RTI cycle took 0.037s
RTI cycle took 0.038s
RTI cycle took 0.039s
RTI cycle took 0.021s
RTI cycle took 0.041s
RTI cycle took 0.032s
RTI cycle took 0.027s
RTI cycle took 0.030s
RTI cycle took 0.026s
RTI cycle took 0.017s
RTI cycle took 0.060s
RTI cycle took 0.029s
RTI cycle took 0.030s
RTI cycle took 0.029s
RTI cycle took 0.028s
RTI cycle took 0.039s
RTI cycle took 0.040s
RTI cycle took 0.028s
RTI cycle took 0.039s
RTI cycle took 0.034s
RTI cycle took 0.034s
RTI cycle took 0.053s
RTI cycle took 0.027s
RTI cycle took 0.039s
RTI cycle took 0.038s
RTI cycle took 0.041s
RTI cycle took 0.037s
RTI cycle took 0.028s
RTI cycle took 0.031s
RTI cycle took 0.032s
RTI cycle took 0.031s
RTI cycle took 0.046s
RTI cycle took 0.023s
RTI cycle took 0.038s
RTI cycle took 0.021s
RTI cycle took 0.034s
RTI cycle took 0.022s
RTI cycle took 0.029s
RTI cycle took 0.026s
RTI cycle took 0.030s
RTI cycle took 0.032s
RTI cycle took 0.027s
RTI cycle took 0.021s
RTI cycle took 0.049s
RTI cycle took 0.016s
RTI cycle took 0.015s
RTI cycle took 0.022s
RTI cycle took 0.019s
RTI cycle took 0.030s
RTI cycle took 0.025s
RTI cycle took 0.090s
RTI cycle took 0.041s
RTI cycle took 0.029s
RTI cycle took 0.030s
RTI cycle took 0.028s
RTI cycle took 0.040s
RTI cycle took 0.026s
RTI cycle took 0.025s
RTI cycle took 0.022s
RTI cycle took 0.019s
RTI cycle took 0.028s
RTI cycle took 0.027s
RTI cycle took 0.040s
RTI cycle took 0.019s
RTI cycle took 0.024s
RTI cycle took 0.044s
RTI cycle took 0.025s
RTI cycle took 0.029s
RTI cycle took 0.019s
RTI cycle took 0.021s
RTI cycle took 0.025s
RTI cycle took 0.040s
[32mloggerd[0m [32mencoderd[0m [32mlogmessaged[0m [32mcamerad[0m [32mlogcatd[0m [32mproclogd[0m [32mmicd[0m [32mtimed[0m [32mdmonitoringmodeld[0m [32msensord[0m [32mui[0m [32msoundd[0m [32mlocationd[0m [32mcalibrationd[0m [32mtorqued[0m [32mcontrolsd[0m [32mselfdrived[0m [32mcard[0m [32mdeleter[0m [32mdmonitoringd[0m [32mqcomgpsd[0m [32mpandad[0m [32mparamsd[0m [32mlagd[0m [31mplannerd[0m [32mradard[0m [32mhardwared[0m [32mtombstoned[0m [32muploader[0m [32mstatsd[0m [32mfeedbackd[0m [32mmodeld_tinygrad[0m [32mmapd[0m [32mmapd_manager[0m [32mrtid[0m
[32mloggerd[0m [32mencoderd[0m [32mlogmessaged[0m [32mcamerad[0m [32mlogcatd[0m [32mproclogd[0m [32mmicd[0m [32mtimed[0m [32mdmonitoringmodeld[0m [32msensord[0m [32mui[0m [32msoundd[0m [32mlocationd[0m [32mcalibrationd[0m [32mtorqued[0m [32mcontrolsd[0m [32mselfdrived[0m [32mcard[0m [32mdeleter[0m [32mdmonitoringd[0m [32mqcomgpsd[0m [32mpandad[0m [32mparamsd[0m [32mlagd[0m [31mplannerd[0m [32mradard[0m [32mhardwared[0m [32mtombstoned[0m [32muploader[0m [32mstatsd[0m [32mfeedbackd[0m [32mmodeld_tinygrad[0m [32mmapd[0m [32mmapd_manager[0m [32mrtid[0m
[32mloggerd[0m [32mencoderd[0m [32mlogmessaged[0m [32mcamerad[0m [32mlogcatd[0m [32mproclogd[0m [32mmicd[0m [32mtimed[0m [32mdmonitoringmodeld[0m [32msensord[0m [32mui[0m [32msoundd[0m [32mlocationd[0m [32mcalibrationd[0m [32mtorqued[0m [32mcontrolsd[0m [32mselfdrived[0m [32mcard[0m [32mdeleter[0m [32mdmonitoringd[0m [32mqcomgpsd[0m [32mpandad[0m [32mparamsd[0m [32mlagd[0m [31mplannerd[0m [32mradard[0m [32mhardwared[0m [32mtombstoned[0m [32muploader[0m [32mstatsd[0m [32mfeedbackd[0m [32mmodeld_tinygrad[0m [32mmapd[0m [32mmapd_manager[0m [32mrtid[0m
[32mloggerd[0m [32mencoderd[0m [32mlogmessaged[0m [32mcamerad[0m [32mlogcatd[0m [32mproclogd[0m [32mmicd[0m [32mtimed[0m [32mdmonitoringmodeld[0m [32msensord[0m [32mui[0m [32msoundd[0m [32mlocationd[0m [32mcalibrationd[0m [32mtorqued[0m [32mcontrolsd[0m [32mselfdrived[0m [32mcard[0m [32mdeleter[0m [32mdmonitoringd[0m [32mqcomgpsd[0m [32mpandad[0m [32mparamsd[0m [32mlagd[0m [31mplannerd[0m [32mradard[0m [32mhardwared[0m [32mtombstoned[0m [32muploader[0m [32mstatsd[0m [32mfeedbackd[0m [32mmodeld_tinygrad[0m [32mmapd[0m [32mmapd_manager[0m [32mrtid[0m
[32mloggerd[0m [32mencoderd[0m [32mlogmessaged[0m [32mcamerad[0m [32mlogcatd[0m [32mproclogd[0m [32mmicd[0m [32mtimed[0m [32mdmonitoringmodeld[0m [32msensord[0m [32mui[0m [32msoundd[0m [32mlocationd[0m [32mcalibrationd[0m [32mtorqued[0m [32mcontrolsd[0m [32mselfdrived[0m [32mcard[0m [32mdeleter[0m [32mdmonitoringd[0m [32mqcomgpsd[0m [32mpandad[0m [32mparamsd[0m [32mlagd[0m [31mplannerd[0m [32mradard[0m [32mhardwared[0m [32mtombstoned[0m [32muploader[0m [32mstatsd[0m [32mfeedbackd[0m [32mmodeld_tinygrad[0m [32mmapd[0m [32mmapd_manager[0m [32mrtid[0m
[32mloggerd[0m [32mencoderd[0m [32mlogmessaged[0m [32mcamerad[0m [32mlogcatd[0m [32mproclogd[0m [32mmicd[0m [32mtimed[0m [32mdmonitoringmodeld[0m [32msensord[0m [32mui[0m [32msoundd[0m [32mlocationd[0m [32mcalibrationd[0m [32mtorqued[0m [32mcontrolsd[0m [32mselfdrived[0m [32mcard[0m [32mdeleter[0m [32mdmonitoringd[0m [32mqcomgpsd[0m [32mpandad[0m [32mparamsd[0m [32mlagd[0m [31mplannerd[0m [32mradard[0m [32mhardwared[0m [32mtombstoned[0m [32muploader[0m [32mstatsd[0m [32mfeedbackd[0m [32mmodeld_tinygrad[0m [32mmapd[0m [32mmapd_manager[0m [32mrtid[0m
[32mloggerd[0m [32mencoderd[0m [32mlogmessaged[0m [32mcamerad[0m [32mlogcatd[0m [32mproclogd[0m [32mmicd[0m [32mtimed[0m [32mdmonitoringmodeld[0m [32msensord[0m [32mui[0m [32msoundd[0m [32mlocationd[0m [32mcalibrationd[0m [32mtorqued[0m [32mcontrolsd[0m [32mselfdrived[0m [32mcard[0m [32mdeleter[0m [32mdmonitoringd[0m [32mqcomgpsd[0m [32mpandad[0m [32mparamsd[0m [32mlagd[0m [31mplannerd[0m [32mradard[0m [32mhardwared[0m [32mtombstoned[0m [32muploader[0m [32mstatsd[0m [32mfeedbackd[0m [32mmodeld_tinygrad[0m [32mmapd[0m [32mmapd_manager[0m [32mrtid[0m
[32mloggerd[0m [32mencoderd[0m [32mlogmessaged[0m [32mcamerad[0m [32mlogcatd[0m [32mproclogd[0m [32mmicd[0m [32mtimed[0m [32mdmonitoringmodeld[0m [32msensord[0m [32mui[0m [32msoundd[0m [32mlocationd[0m [32mcalibrationd[0m [32mtorqued[0m [32mcontrolsd[0m [32mselfdrived[0m [32mcard[0m [32mdeleter[0m [32mdmonitoringd[0m [32mqcomgpsd[0m [32mpandad[0m [32mparamsd[0m [32mlagd[0m [31mplannerd[0m [32mradard[0m [32mhardwared[0m [32mtombstoned[0m [32muploader[0m [32mstatsd[0m [32mfeedbackd[0m [32mmodeld_tinygrad[0m [32mmapd[0m [32mmapd_manager[0m [32mrtid[0m
[32mloggerd[0m [32mencoderd[0m [32mlogmessaged[0m [32mcamerad[0m [32mlogcatd[0m [32mproclogd[0m [32mmicd[0m [32mtimed[0m [32mdmonitoringmodeld[0m [32msensord[0m [32mui[0m [32msoundd[0m [32mlocationd[0m [32mcalibrationd[0m [32mtorqued[0m [32mcontrolsd[0m [32mselfdrived[0m [32mcard[0m [32mdeleter[0m [32mdmonitoringd[0m [32mqcomgpsd[0m [32mpandad[0m [32mparamsd[0m [32mlagd[0m [31mplannerd[0m [32mradard[0m [32mhardwared[0m [32mtombstoned[0m [32muploader[0m [32mstatsd[0m [32mfeedbackd[0m [32mmodeld_tinygrad[0m [32mmapd[0m [32mmapd_manager[0m [32mrtid[0m
[32mloggerd[0m [32mencoderd[0m [32mlogmessaged[0m [32mcamerad[0m [32mlogcatd[0m [32mproclogd[0m [32mmicd[0m [32mtimed[0m [32mdmonitoringmodeld[0m [32msensord[0m [32mui[0m [32msoundd[0m [32mlocationd[0m [32mcalibrationd[0m [32mtorqued[0m [32mcontrolsd[0m [32mselfdrived[0m [32mcard[0m [32mdeleter[0m [32mdmonitoringd[0m [32mqcomgpsd[0m [32mpandad[0m [32mparamsd[0m [32mlagd[0m [31mplannerd[0m [32mradard[0m [32mhardwared[0m [32mtombstoned[0m [32muploader[0m [32mstatsd[0m [32mfeedbackd[0m [32mmodeld_tinygrad[0m [32mmapd[0m [32mmapd_manager[0m [32mrtid[0m
[32mloggerd[0m [32mencoderd[0m [32mlogmessaged[0m [32mcamerad[0m [32mlogcatd[0m [32mproclogd[0m [32mmicd[0m [32mtimed[0m [32mdmonitoringmodeld[0m [32msensord[0m [32mui[0m [32msoundd[0m [32mlocationd[0m [32mcalibrationd[0m [32mtorqued[0m [32mcontrolsd[0m [32mselfdrived[0m [32mcard[0m [32mdeleter[0m [32mdmonitoringd[0m [32mqcomgpsd[0m [32mpandad[0m [32mparamsd[0m [32mlagd[0m [31mplannerd[0m [32mradard[0m [32mhardwared[0m [32mtombstoned[0m [32muploader[0m [32mstatsd[0m [32mfeedbackd[0m [32mmodeld_tinygrad[0m [32mmapd[0m [32mmapd_manager[0m [32mrtid[0m
[32mloggerd[0m [32mencoderd[0m [32mlogmessaged[0m [32mcamerad[0m [32mlogcatd[0m [32mproclogd[0m [32mmicd[0m [32mtimed[0m [32mdmonitoringmodeld[0m [32msensord[0m [32mui[0m [32msoundd[0m [32mlocationd[0m [32mcalibrationd[0m [32mtorqued[0m [32mcontrolsd[0m [32mselfdrived[0m [32mcard[0m [32mdeleter[0m [32mdmonitoringd[0m [32mqcomgpsd[0m [32mpandad[0m [32mparamsd[0m [32mlagd[0m [31mplannerd[0m [32mradard[0m [32mhardwared[0m [32mtombstoned[0m [32muploader[0m [32mstatsd[0m [32mfeedbackd[0m [32mmodeld_tinygrad[0m [32mmapd[0m [32mmapd_manager[0m [32mrtid[0m
[32mloggerd[0m [32mencoderd[0m [32mlogmessaged[0m [32mcamerad[0m [32mlogcatd[0m [32mproclogd[0m [32mmicd[0m [32mtimed[0m [32mdmonitoringmodeld[0m [32msensord[0m [32mui[0m [32msoundd[0m [32mlocationd[0m [32mcalibrationd[0m [32mtorqued[0m [32mcontrolsd[0m [32mselfdrived[0m [32mcard[0m [32mdeleter[0m [32mdmonitoringd[0m [32mqcomgpsd[0m [32mpandad[0m [32mparamsd[0m [32mlagd[0m [31mplannerd[0m [32mradard[0m [32mhardwared[0m [32mtombstoned[0m [32muploader[0m [32mstatsd[0m [32mfeedbackd[0m [32mmodeld_tinygrad[0m [32mmapd[0m [32mmapd_manager[0m [32mrtid[0m
RTI cycle took 0.040s
RTI cycle took 0.030s
RTI cycle took 0.041s
RTI cycle took 0.027s
RTI cycle took 0.028s
RTI cycle took 0.049s
RTI cycle took 0.017s
RTI cycle took 0.027s
RTI cycle took 0.029s
RTI cycle took 0.022s
RTI cycle took 0.023s
RTI cycle took 0.031s
RTI cycle took 0.027s
RTI cycle took 0.040s
RTI cycle took 0.041s
RTI cycle took 0.015s
RTI cycle took 0.022s
RTI cycle took 0.031s
RTI cycle took 0.025s
RTI cycle took 0.029s
RTI cycle took 0.026s
RTI cycle took 0.022s
RTI cycle took 0.038s
RTI cycle took 0.017s
RTI cycle took 0.015s
RTI cycle took 0.022s
RTI cycle took 0.031s
RTI cycle took 0.017s
RTI cycle took 0.028s
RTI cycle took 0.018s
RTI cycle took 0.026s
RTI cycle took 0.021s
RTI cycle took 0.015s
RTI cycle took 0.032s
RTI cycle took 0.044s
RTI cycle took 0.026s
RTI cycle took 0.026s
RTI cycle took 0.021s
RTI cycle took 0.018s
RTI cycle took 0.014s
RTI cycle took 0.011s
RTI cycle took 0.018s
RTI cycle took 0.024s
RTI cycle took 0.030s
RTI cycle took 0.026s
RTI cycle took 0.023s
RTI cycle took 0.015s
RTI cycle took 0.037s
RTI cycle took 0.015s
RTI cycle took 0.026s
RTI cycle took 0.028s
RTI cycle took 0.029s
RTI cycle took 0.041s
RTI cycle took 0.018s
RTI cycle took 0.027s
RTI cycle took 0.026s
RTI cycle took 0.038s
RTI cycle took 0.042s
RTI cycle took 0.013s
RTI cycle took 0.021s
RTI cycle took 0.019s
RTI cycle took 0.037s
RTI cycle took 0.029s
RTI cycle took 0.018s
RTI cycle took 0.015s
RTI cycle took 0.022s
RTI cycle took 0.037s
RTI cycle took 0.021s
RTI cycle took 0.022s
RTI cycle took 0.045s
RTI cycle took 0.016s
RTI cycle took 0.028s
RTI cycle took 0.028s
RTI cycle took 0.027s
RTI cycle took 0.020s
RTI cycle took 0.022s
RTI cycle took 0.025s
RTI cycle took 0.039s
RTI cycle took 0.012s
RTI cycle took 0.028s
RTI cycle took 0.032s
RTI cycle took 0.025s
RTI cycle took 0.030s
RTI cycle took 0.041s
RTI cycle took 0.025s
RTI cycle took 0.040s
RTI cycle took 0.021s
RTI cycle took 0.026s
RTI cycle took 0.021s
RTI cycle took 0.017s
RTI cycle took 0.037s
RTI cycle took 0.018s
RTI cycle took 0.032s
RTI cycle took 0.026s
RTI cycle took 0.033s
RTI cycle took 0.021s
RTI cycle took 0.026s
RTI cycle took 0.038s
RTI cycle took 0.013s
RTI cycle took 0.021s
RTI cycle took 0.017s
RTI cycle took 0.026s
RTI cycle took 0.028s
RTI cycle took 0.020s
RTI cycle took 0.029s
RTI cycle took 0.027s
RTI cycle took 0.015s
RTI cycle took 0.024s
RTI cycle took 0.030s
RTI cycle took 0.031s
RTI cycle took 0.027s
RTI cycle took 0.028s
RTI cycle took 0.030s
RTI cycle took 0.045s
RTI cycle took 0.024s
RTI cycle took 0.019s
RTI cycle took 0.035s
RTI cycle took 0.027s
RTI cycle took 0.031s
RTI cycle took 0.017s
RTI cycle took 0.016s
RTI cycle took 0.032s
RTI cycle took 0.020s
RTI cycle took 0.025s
RTI cycle took 0.029s
RTI cycle took 0.031s
RTI cycle took 0.019s
RTI cycle took 0.028s
RTI cycle took 0.025s
RTI cycle took 0.037s
RTI cycle took 0.022s
RTI cycle took 0.038s
RTI cycle took 0.039s
RTI cycle took 0.032s
RTI cycle took 0.032s
RTI cycle took 0.024s
RTI cycle took 0.026s
RTI cycle took 0.048s
RTI cycle took 0.034s
RTI cycle took 0.025s
RTI cycle took 0.038s
RTI cycle took 0.032s
RTI cycle took 0.019s
RTI cycle took 0.035s
RTI cycle took 0.029s
RTI cycle took 0.019s
RTI cycle took 0.042s
RTI cycle took 0.029s
RTI cycle took 0.017s
RTI cycle took 0.031s
RTI cycle took 0.031s
RTI cycle took 0.026s
RTI cycle took 0.038s
RTI cycle took 0.051s
RTI cycle took 0.039s
RTI cycle took 0.027s
RTI cycle took 0.028s
RTI cycle took 0.024s
RTI cycle took 0.024s
RTI cycle took 0.021s
RTI cycle took 0.031s
RTI cycle took 0.013s
RTI cycle took 0.013s
RTI cycle took 0.019s
RTI cycle took 0.028s
RTI cycle took 0.018s
RTI cycle took 0.025s
RTI cycle took 0.030s
RTI cycle took 0.018s
RTI cycle took 0.023s
RTI cycle took 0.016s
RTI cycle took 0.036s
RTI cycle took 0.018s
RTI cycle took 0.035s
RTI cycle took 0.029s
RTI cycle took 0.037s
RTI cycle took 0.016s
RTI cycle took 0.022s
RTI cycle took 0.029s
RTI cycle took 0.027s
RTI cycle took 0.028s
RTI cycle took 0.019s
RTI cycle took 0.027s
RTI cycle took 0.031s
RTI cycle took 0.038s
RTI cycle took 0.018s
RTI cycle took 0.034s
RTI cycle took 0.028s
RTI cycle took 0.022s
RTI cycle took 0.040s
RTI cycle took 0.015s
RTI cycle took 0.023s
RTI cycle took 0.017s
RTI cycle took 0.017s
RTI cycle took 0.016s
RTI cycle took 0.026s
RTI cycle took 0.040s
RTI cycle took 0.026s
RTI cycle took 0.037s
RTI cycle took 0.034s
RTI cycle took 0.025s
RTI cycle took 0.032s
RTI cycle took 0.016s
RTI cycle took 0.033s
RTI cycle took 0.028s
RTI cycle took 0.038s
RTI cycle took 0.040s
RTI cycle took 0.046s
RTI cycle took 0.032s
RTI cycle took 0.029s
RTI cycle took 0.035s
RTI cycle took 0.098s
RTI cycle took 0.105s
[32mloggerd[0m [32mencoderd[0m [32mlogmessaged[0m [32mcamerad[0m [32mlogcatd[0m [32mproclogd[0m [32mmicd[0m [32mtimed[0m [32mdmonitoringmodeld[0m [32msensord[0m [32mui[0m [32msoundd[0m [32mlocationd[0m [32mcalibrationd[0m [32mtorqued[0m [32mcontrolsd[0m [32mselfdrived[0m [32mcard[0m [32mdeleter[0m [32mdmonitoringd[0m [32mqcomgpsd[0m [32mpandad[0m [32mparamsd[0m [32mlagd[0m [31mplannerd[0m [32mradard[0m [32mhardwared[0m [32mtombstoned[0m [32muploader[0m [32mstatsd[0m [32mfeedbackd[0m [32mmodeld_tinygrad[0m [32mmapd[0m [32mmapd_manager[0m [32mrtid[0m
[32mloggerd[0m [32mencoderd[0m [32mlogmessaged[0m [32mcamerad[0m [32mlogcatd[0m [32mproclogd[0m [32mmicd[0m [32mtimed[0m [32mdmonitoringmodeld[0m [32msensord[0m [32mui[0m [32msoundd[0m [32mlocationd[0m [32mcalibrationd[0m [32mtorqued[0m [32mcontrolsd[0m [32mselfdrived[0m [32mcard[0m [32mdeleter[0m [32mdmonitoringd[0m [32mqcomgpsd[0m [32mpandad[0m [32mparamsd[0m [32mlagd[0m [31mplannerd[0m [32mradard[0m [32mhardwared[0m [32mtombstoned[0m [32muploader[0m [32mstatsd[0m [32mfeedbackd[0m [32mmodeld_tinygrad[0m [32mmapd[0m [32mmapd_manager[0m [32mrtid[0m
[32mloggerd[0m [32mencoderd[0m [32mlogmessaged[0m [32mcamerad[0m [32mlogcatd[0m [32mproclogd[0m [32mmicd[0m [32mtimed[0m [32mdmonitoringmodeld[0m [32msensord[0m [32mui[0m [32msoundd[0m [32mlocationd[0m [32mcalibrationd[0m [32mtorqued[0m [32mcontrolsd[0m [32mselfdrived[0m [32mcard[0m [32mdeleter[0m [32mdmonitoringd[0m [32mqcomgpsd[0m [32mpandad[0m [32mparamsd[0m [32mlagd[0m [31mplannerd[0m [32mradard[0m [32mhardwared[0m [32mtombstoned[0m [32muploader[0m [32mstatsd[0m [32mfeedbackd[0m [32mmodeld_tinygrad[0m [32mmapd[0m [32mmapd_manager[0m [32mrtid[0m
[32mloggerd[0m [32mencoderd[0m [32mlogmessaged[0m [32mcamerad[0m [32mlogcatd[0m [32mproclogd[0m [32mmicd[0m [32mtimed[0m [32mdmonitoringmodeld[0m [32msensord[0m [32mui[0m [32msoundd[0m [32mlocationd[0m [32mcalibrationd[0m [32mtorqued[0m [32mcontrolsd[0m [32mselfdrived[0m [32mcard[0m [32mdeleter[0m [32mdmonitoringd[0m [32mqcomgpsd[0m [32mpandad[0m [32mparamsd[0m [32mlagd[0m [31mplannerd[0m [32mradard[0m [32mhardwared[0m [32mtombstoned[0m [32muploader[0m [32mstatsd[0m [32mfeedbackd[0m [32mmodeld_tinygrad[0m [32mmapd[0m [32mmapd_manager[0m [32mrtid[0m
[32mloggerd[0m [32mencoderd[0m [32mlogmessaged[0m [32mcamerad[0m [32mlogcatd[0m [32mproclogd[0m [32mmicd[0m [32mtimed[0m [32mdmonitoringmodeld[0m [32msensord[0m [32mui[0m [32msoundd[0m [32mlocationd[0m [32mcalibrationd[0m [32mtorqued[0m [32mcontrolsd[0m [32mselfdrived[0m [32mcard[0m [32mdeleter[0m [32mdmonitoringd[0m [32mqcomgpsd[0m [32mpandad[0m [32mparamsd[0m [32mlagd[0m [31mplannerd[0m [32mradard[0m [32mhardwared[0m [32mtombstoned[0m [32muploader[0m [32mstatsd[0m [32mfeedbackd[0m [32mmodeld_tinygrad[0m [32mmapd[0m [32mmapd_manager[0m [32mrtid[0m
[32mloggerd[0m [32mencoderd[0m [32mlogmessaged[0m [32mcamerad[0m [32mlogcatd[0m [32mproclogd[0m [32mmicd[0m [32mtimed[0m [32mdmonitoringmodeld[0m [32msensord[0m [32mui[0m [32msoundd[0m [32mlocationd[0m [32mcalibrationd[0m [32mtorqued[0m [32mcontrolsd[0m [32mselfdrived[0m [32mcard[0m [32mdeleter[0m [32mdmonitoringd[0m [32mqcomgpsd[0m [32mpandad[0m [32mparamsd[0m [32mlagd[0m [31mplannerd[0m [32mradard[0m [32mhardwared[0m [32mtombstoned[0m [32muploader[0m [32mstatsd[0m [32mfeedbackd[0m [32mmodeld_tinygrad[0m [32mmapd[0m [32mmapd_manager[0m [32mrtid[0m
[32mloggerd[0m [32mencoderd[0m [32mlogmessaged[0m [32mcamerad[0m [32mlogcatd[0m [32mproclogd[0m [32mmicd[0m [32mtimed[0m [32mdmonitoringmodeld[0m [32msensord[0m [32mui[0m [32msoundd[0m [32mlocationd[0m [32mcalibrationd[0m [32mtorqued[0m [32mcontrolsd[0m [32mselfdrived[0m [32mcard[0m [32mdeleter[0m [32mdmonitoringd[0m [32mqcomgpsd[0m [32mpandad[0m [32mparamsd[0m [32mlagd[0m [31mplannerd[0m [32mradard[0m [32mhardwared[0m [32mtombstoned[0m [32muploader[0m [32mstatsd[0m [32mfeedbackd[0m [32mmodeld_tinygrad[0m [32mmapd[0m [32mmapd_manager[0m [32mrtid[0m
[32mloggerd[0m [32mencoderd[0m [32mlogmessaged[0m [32mcamerad[0m [32mlogcatd[0m [32mproclogd[0m [32mmicd[0m [32mtimed[0m [32mdmonitoringmodeld[0m [32msensord[0m [32mui[0m [32msoundd[0m [32mlocationd[0m [32mcalibrationd[0m [32mtorqued[0m [32mcontrolsd[0m [32mselfdrived[0m [32mcard[0m [32mdeleter[0m [32mdmonitoringd[0m [32mqcomgpsd[0m [32mpandad[0m [32mparamsd[0m [32mlagd[0m [31mplannerd[0m [32mradard[0m [32mhardwared[0m [32mtombstoned[0m [32muploader[0m [32mstatsd[0m [32mfeedbackd[0m [32mmodeld_tinygrad[0m [32mmapd[0m [32mmapd_manager[0m [32mrtid[0m
[32mloggerd[0m [32mencoderd[0m [32mlogmessaged[0m [32mcamerad[0m [32mlogcatd[0m [32mproclogd[0m [32mmicd[0m [32mtimed[0m [32mdmonitoringmodeld[0m [32msensord[0m [32mui[0m [32msoundd[0m [32mlocationd[0m [32mcalibrationd[0m [32mtorqued[0m [32mcontrolsd[0m [32mselfdrived[0m [32mcard[0m [32mdeleter[0m [32mdmonitoringd[0m [32mqcomgpsd[0m [32mpandad[0m [32mparamsd[0m [32mlagd[0m [31mplannerd[0m [32mradard[0m [32mhardwared[0m [32mtombstoned[0m [32muploader[0m [32mstatsd[0m [32mfeedbackd[0m [32mmodeld_tinygrad[0m [32mmapd[0m [32mmapd_manager[0m [32mrtid[0m
[32mloggerd[0m [32mencoderd[0m [32mlogmessaged[0m [32mcamerad[0m [32mlogcatd[0m [32mproclogd[0m [32mmicd[0m [32mtimed[0m [32mdmonitoringmodeld[0m [32msensord[0m [32mui[0m [32msoundd[0m [32mlocationd[0m [32mcalibrationd[0m [32mtorqued[0m [32mcontrolsd[0m [32mselfdrived[0m [32mcard[0m [32mdeleter[0m [32mdmonitoringd[0m [32mqcomgpsd[0m [32mpandad[0m [32mparamsd[0m [32mlagd[0m [31mplannerd[0m [32mradard[0m [32mhardwared[0m [32mtombstoned[0m [32muploader[0m [32mstatsd[0m [32mfeedbackd[0m [32mmodeld_tinygrad[0m [32mmapd[0m [32mmapd_manager[0m [32mrtid[0m
[32mloggerd[0m [32mencoderd[0m [32mlogmessaged[0m [32mcamerad[0m [32mlogcatd[0m [32mproclogd[0m [32mmicd[0m [32mtimed[0m [32mdmonitoringmodeld[0m [32msensord[0m [32mui[0m [32msoundd[0m [32mlocationd[0m [32mcalibrationd[0m [32mtorqued[0m [32mcontrolsd[0m [32mselfdrived[0m [32mcard[0m [32mdeleter[0m [32mdmonitoringd[0m [32mqcomgpsd[0m [32mpandad[0m [32mparamsd[0m [32mlagd[0m [31mplannerd[0m [32mradard[0m [32mhardwared[0m [32mtombstoned[0m [32muploader[0m [32mstatsd[0m [32mfeedbackd[0m [32mmodeld_tinygrad[0m [32mmapd[0m [32mmapd_manager[0m [32mrtid[0m
[32mloggerd[0m [32mencoderd[0m [32mlogmessaged[0m [32mcamerad[0m [32mlogcatd[0m [32mproclogd[0m [32mmicd[0m [32mtimed[0m [32mdmonitoringmodeld[0m [32msensord[0m [32mui[0m [32msoundd[0m [32mlocationd[0m [32mcalibrationd[0m [32mtorqued[0m [32mcontrolsd[0m [32mselfdrived[0m [32mcard[0m [32mdeleter[0m [32mdmonitoringd[0m [32mqcomgpsd[0m [32mpandad[0m [32mparamsd[0m [32mlagd[0m [31mplannerd[0m [32mradard[0m [32mhardwared[0m [32mtombstoned[0m [32muploader[0m [32mstatsd[0m [32mfeedbackd[0m [32mmodeld_tinygrad[0m [32mmapd[0m [32mmapd_manager[0m [32mrtid[0m
[32mloggerd[0m [32mencoderd[0m [32mlogmessaged[0m [32mcamerad[0m [32mlogcatd[0m [32mproclogd[0m [32mmicd[0m [32mtimed[0m [32mdmonitoringmodeld[0m [32msensord[0m [32mui[0m [32msoundd[0m [32mlocationd[0m [32mcalibrationd[0m [32mtorqued[0m [32mcontrolsd[0m [32mselfdrived[0m [32mcard[0m [32mdeleter[0m [32mdmonitoringd[0m [32mqcomgpsd[0m [32mpandad[0m [32mparamsd[0m [32mlagd[0m [31mplannerd[0m [32mradard[0m [32mhardwared[0m [32mtombstoned[0m [32muploader[0m [32mstatsd[0m [32mfeedbackd[0m [32mmodeld_tinygrad[0m [32mmapd[0m [32mmapd_manager[0m [32mrtid[0m
RTI cycle took 0.048s
RTI cycle took 0.038s
RTI cycle took 0.039s
RTI cycle took 0.028s
RTI cycle took 0.030s
RTI cycle took 0.028s
RTI cycle took 0.022s
RTI cycle took 0.026s
RTI cycle took 0.032s
RTI cycle took 0.017s
RTI cycle took 0.018s
RTI cycle took 0.033s
RTI cycle took 0.028s
RTI cycle took 0.030s
RTI cycle took 0.037s
RTI cycle took 0.047s
RTI cycle took 0.033s
RTI cycle took 0.037s
RTI cycle took 0.018s
RTI cycle took 0.029s
RTI cycle took 0.026s
RTI cycle took 0.021s
RTI cycle took 0.017s
RTI cycle took 0.034s
RTI cycle took 0.032s
RTI cycle took 0.022s
RTI cycle took 0.029s
RTI cycle took 0.018s
RTI cycle took 0.038s
RTI cycle took 0.032s
RTI cycle took 0.024s
RTI cycle took 0.038s
RTI cycle took 0.034s
RTI cycle took 0.025s
RTI cycle took 0.031s
RTI cycle took 0.018s
RTI cycle took 0.029s
RTI cycle took 0.027s
RTI cycle took 0.027s
RTI cycle took 0.042s
RTI cycle took 0.016s
RTI cycle took 0.035s
RTI cycle took 0.015s
RTI cycle took 0.023s
RTI cycle took 0.061s
RTI cycle took 0.033s
RTI cycle took 0.043s
RTI cycle took 0.028s
RTI cycle took 0.034s
stats dir full
RTI cycle took 0.033s
RTI cycle took 0.023s
RTI cycle took 0.029s
RTI cycle took 0.021s
RTI cycle took 0.021s
RTI cycle took 0.027s
RTI cycle took 0.028s
RTI cycle took 0.025s
RTI cycle took 0.024s
RTI cycle took 0.016s
RTI cycle took 0.024s
RTI cycle took 0.018s
RTI cycle took 0.033s
RTI cycle took 0.030s
RTI cycle took 0.040s
RTI cycle took 0.027s
RTI cycle took 0.032s
RTI cycle took 0.016s
RTI cycle took 0.025s
RTI cycle took 0.041s
RTI cycle took 0.022s
RTI cycle took 0.031s
RTI cycle took 0.017s
RTI cycle took 0.032s
RTI cycle took 0.030s
RTI cycle took 0.028s
RTI cycle took 0.032s
RTI cycle took 0.016s
RTI cycle took 0.024s
RTI cycle took 0.039s
RTI cycle took 0.018s
RTI cycle took 0.014s
RTI cycle took 0.017s
RTI cycle took 0.036s
RTI cycle took 0.032s
RTI cycle took 0.029s
RTI cycle took 0.038s
RTI cycle took 0.031s
RTI cycle took 0.025s
RTI cycle took 0.041s
RTI cycle took 0.017s
RTI cycle took 0.024s
RTI cycle took 0.025s
RTI cycle took 0.023s
RTI cycle took 0.015s
RTI cycle took 0.025s
RTI cycle took 0.037s
RTI cycle took 0.027s
RTI cycle took 0.032s
RTI cycle took 0.025s
RTI cycle took 0.031s
RTI cycle took 0.031s
RTI cycle took 0.014s
RTI cycle took 0.025s
RTI cycle took 0.025s
RTI cycle took 0.041s
RTI cycle took 0.031s
RTI cycle took 0.024s
RTI cycle took 0.031s
RTI cycle took 0.017s
system/loggerd/loggerd.cc: rotated to /data/media/0/realdata/00000048--1b9c49d6e5--1
RTI cycle took 0.030s
RTI cycle took 0.016s
RTI cycle took 0.026s
RTI cycle took 0.024s
RTI cycle took 0.017s
RTI cycle took 0.022s
RTI cycle took 0.030s
RTI cycle took 0.040s
RTI cycle took 0.016s
RTI cycle took 0.024s
RTI cycle took 0.027s
RTI cycle took 0.029s
RTI cycle took 0.032s
RTI cycle took 0.028s
RTI cycle took 0.024s
RTI cycle took 0.016s
RTI cycle took 0.025s
RTI cycle took 0.024s
RTI cycle took 0.032s
RTI cycle took 0.017s
RTI cycle took 0.033s
RTI cycle took 0.040s
RTI cycle took 0.030s
RTI cycle took 0.017s
RTI cycle took 0.028s
RTI cycle took 0.028s
RTI cycle took 0.032s
RTI cycle took 0.024s
RTI cycle took 0.022s
RTI cycle took 0.017s
RTI cycle took 0.028s
RTI cycle took 0.026s
RTI cycle took 0.021s
RTI cycle took 0.028s
RTI cycle took 0.028s
RTI cycle took 0.018s
RTI cycle took 0.028s
RTI cycle took 0.016s
RTI cycle took 0.026s
RTI cycle took 0.030s
RTI cycle took 0.035s
RTI cycle took 0.035s
RTI cycle took 0.039s
RTI cycle took 0.019s
RTI cycle took 0.035s
RTI cycle took 0.024s
RTI cycle took 0.025s
RTI cycle took 0.030s
RTI cycle took 0.018s
RTI cycle took 0.027s
RTI cycle took 0.018s
RTI cycle took 0.026s
RTI cycle took 0.033s
RTI cycle took 0.022s
RTI cycle took 0.036s
RTI cycle took 0.034s
RTI cycle took 0.025s
RTI cycle took 0.031s
RTI cycle took 0.040s
RTI cycle took 0.020s
RTI cycle took 0.030s
RTI cycle took 0.027s
RTI cycle took 0.030s
RTI cycle took 0.017s
RTI cycle took 0.018s
RTI cycle took 0.023s
RTI cycle took 0.029s
RTI cycle took 0.019s
RTI cycle took 0.027s
RTI cycle took 0.031s
RTI cycle took 0.025s
RTI cycle took 0.032s
RTI cycle took 0.027s
RTI cycle took 0.029s
RTI cycle took 0.031s
RTI cycle took 0.044s
RTI cycle took 0.027s
RTI cycle took 0.028s
RTI cycle took 0.026s
RTI cycle took 0.022s
RTI cycle took 0.017s
RTI cycle took 0.016s
RTI cycle took 0.021s
RTI cycle took 0.030s
RTI cycle took 0.027s
RTI cycle took 0.022s
RTI cycle took 0.036s
RTI cycle took 0.021s
RTI cycle took 0.017s
RTI cycle took 0.028s
RTI cycle took 0.043s
RTI cycle took 0.025s
RTI cycle took 0.023s
RTI cycle took 0.048s
RTI cycle took 0.026s
RTI cycle took 0.028s
RTI cycle took 0.040s
RTI cycle took 0.026s
RTI cycle took 0.027s
RTI cycle took 0.029s
RTI cycle took 0.028s
RTI cycle took 0.021s
RTI cycle took 0.025s
RTI cycle took 0.020s
RTI cycle took 0.028s
RTI cycle took 0.027s
RTI cycle took 0.019s
RTI cycle took 0.029s
RTI cycle took 0.031s
RTI cycle took 0.015s
RTI cycle took 0.035s
[32mloggerd[0m [32mencoderd[0m [32mlogmessaged[0m [32mcamerad[0m [32mlogcatd[0m [32mproclogd[0m [32mmicd[0m [32mtimed[0m [32mdmonitoringmodeld[0m [32msensord[0m [32mui[0m [32msoundd[0m [32mlocationd[0m [32mcalibrationd[0m [32mtorqued[0m [32mcontrolsd[0m [32mselfdrived[0m [32mcard[0m [32mdeleter[0m [32mdmonitoringd[0m [32mqcomgpsd[0m [32mpandad[0m [32mparamsd[0m [32mlagd[0m [31mplannerd[0m [32mradard[0m [32mhardwared[0m [32mtombstoned[0m [32muploader[0m [32mstatsd[0m [32mfeedbackd[0m [32mmodeld_tinygrad[0m [32mmapd[0m [32mmapd_manager[0m [32mrtid[0m
[32mloggerd[0m [32mencoderd[0m [32mlogmessaged[0m [32mcamerad[0m [32mlogcatd[0m [32mproclogd[0m [32mmicd[0m [32mtimed[0m [32mdmonitoringmodeld[0m [32msensord[0m [32mui[0m [32msoundd[0m [32mlocationd[0m [32mcalibrationd[0m [32mtorqued[0m [32mcontrolsd[0m [32mselfdrived[0m [32mcard[0m [32mdeleter[0m [32mdmonitoringd[0m [32mqcomgpsd[0m [32mpandad[0m [32mparamsd[0m [32mlagd[0m [31mplannerd[0m [32mradard[0m [32mhardwared[0m [32mtombstoned[0m [32muploader[0m [32mstatsd[0m [32mfeedbackd[0m [32mmodeld_tinygrad[0m [32mmapd[0m [32mmapd_manager[0m [32mrtid[0m
[32mloggerd[0m [32mencoderd[0m [32mlogmessaged[0m [32mcamerad[0m [32mlogcatd[0m [32mproclogd[0m [32mmicd[0m [32mtimed[0m [32mdmonitoringmodeld[0m [32msensord[0m [32mui[0m [32msoundd[0m [32mlocationd[0m [32mcalibrationd[0m [32mtorqued[0m [32mcontrolsd[0m [32mselfdrived[0m [32mcard[0m [32mdeleter[0m [32mdmonitoringd[0m [32mqcomgpsd[0m [32mpandad[0m [32mparamsd[0m [32mlagd[0m [31mplannerd[0m [32mradard[0m [32mhardwared[0m [32mtombstoned[0m [32muploader[0m [32mstatsd[0m [32mfeedbackd[0m [32mmodeld_tinygrad[0m [32mmapd[0m [32mmapd_manager[0m [32mrtid[0m
[32mloggerd[0m [32mencoderd[0m [32mlogmessaged[0m [32mcamerad[0m [32mlogcatd[0m [32mproclogd[0m [32mmicd[0m [32mtimed[0m [32mdmonitoringmodeld[0m [32msensord[0m [32mui[0m [32msoundd[0m [32mlocationd[0m [32mcalibrationd[0m [32mtorqued[0m [32mcontrolsd[0m [32mselfdrived[0m [32mcard[0m [32mdeleter[0m [32mdmonitoringd[0m [32mqcomgpsd[0m [32mpandad[0m [32mparamsd[0m [32mlagd[0m [31mplannerd[0m [32mradard[0m [32mhardwared[0m [32mtombstoned[0m [32muploader[0m [32mstatsd[0m [32mfeedbackd[0m [32mmodeld_tinygrad[0m [32mmapd[0m [32mmapd_manager[0m [32mrtid[0m
[32mloggerd[0m [32mencoderd[0m [32mlogmessaged[0m [32mcamerad[0m [32mlogcatd[0m [32mproclogd[0m [32mmicd[0m [32mtimed[0m [32mdmonitoringmodeld[0m [32msensord[0m [32mui[0m [32msoundd[0m [32mlocationd[0m [32mcalibrationd[0m [32mtorqued[0m [32mcontrolsd[0m [32mselfdrived[0m [32mcard[0m [32mdeleter[0m [32mdmonitoringd[0m [32mqcomgpsd[0m [32mpandad[0m [32mparamsd[0m [32mlagd[0m [31mplannerd[0m [32mradard[0m [32mhardwared[0m [32mtombstoned[0m [32muploader[0m [32mstatsd[0m [32mfeedbackd[0m [32mmodeld_tinygrad[0m [32mmapd[0m [32mmapd_manager[0m [32mrtid[0m
[32mloggerd[0m [32mencoderd[0m [32mlogmessaged[0m [32mcamerad[0m [32mlogcatd[0m [32mproclogd[0m [32mmicd[0m [32mtimed[0m [32mdmonitoringmodeld[0m [32msensord[0m [32mui[0m [32msoundd[0m [32mlocationd[0m [32mcalibrationd[0m [32mtorqued[0m [32mcontrolsd[0m [32mselfdrived[0m [32mcard[0m [32mdeleter[0m [32mdmonitoringd[0m [32mqcomgpsd[0m [32mpandad[0m [32mparamsd[0m [32mlagd[0m [31mplannerd[0m [32mradard[0m [32mhardwared[0m [32mtombstoned[0m [32muploader[0m [32mstatsd[0m [32mfeedbackd[0m [32mmodeld_tinygrad[0m [32mmapd[0m [32mmapd_manager[0m [32mrtid[0m
[32mloggerd[0m [32mencoderd[0m [32mlogmessaged[0m [32mcamerad[0m [32mlogcatd[0m [32mproclogd[0m [32mmicd[0m [32mtimed[0m [32mdmonitoringmodeld[0m [32msensord[0m [32mui[0m [32msoundd[0m [32mlocationd[0m [32mcalibrationd[0m [32mtorqued[0m [32mcontrolsd[0m [32mselfdrived[0m [32mcard[0m [32mdeleter[0m [32mdmonitoringd[0m [32mqcomgpsd[0m [32mpandad[0m [32mparamsd[0m [32mlagd[0m [31mplannerd[0m [32mradard[0m [32mhardwared[0m [32mtombstoned[0m [32muploader[0m [32mstatsd[0m [32mfeedbackd[0m [32mmodeld_tinygrad[0m [32mmapd[0m [32mmapd_manager[0m [32mrtid[0m
[32mloggerd[0m [32mencoderd[0m [32mlogmessaged[0m [32mcamerad[0m [32mlogcatd[0m [32mproclogd[0m [32mmicd[0m [32mtimed[0m [32mdmonitoringmodeld[0m [32msensord[0m [32mui[0m [32msoundd[0m [32mlocationd[0m [32mcalibrationd[0m [32mtorqued[0m [32mcontrolsd[0m [32mselfdrived[0m [32mcard[0m [32mdeleter[0m [32mdmonitoringd[0m [32mqcomgpsd[0m [32mpandad[0m [32mparamsd[0m [32mlagd[0m [31mplannerd[0m [32mradard[0m [32mhardwared[0m [32mtombstoned[0m [32muploader[0m [32mstatsd[0m [32mfeedbackd[0m [32mmodeld_tinygrad[0m [32mmapd[0m [32mmapd_manager[0m [32mrtid[0m
[32mloggerd[0m [32mencoderd[0m [32mlogmessaged[0m [32mcamerad[0m [32mlogcatd[0m [32mproclogd[0m [32mmicd[0m [32mtimed[0m [32mdmonitoringmodeld[0m [32msensord[0m [32mui[0m [32msoundd[0m [32mlocationd[0m [32mcalibrationd[0m [32mtorqued[0m [32mcontrolsd[0m [32mselfdrived[0m [32mcard[0m [32mdeleter[0m [32mdmonitoringd[0m [32mqcomgpsd[0m [32mpandad[0m [32mparamsd[0m [32mlagd[0m [31mplannerd[0m [32mradard[0m [32mhardwared[0m [32mtombstoned[0m [32muploader[0m [32mstatsd[0m [32mfeedbackd[0m [32mmodeld_tinygrad[0m [32mmapd[0m [32mmapd_manager[0m [32mrtid[0m
[32mloggerd[0m [32mencoderd[0m [32mlogmessaged[0m [32mcamerad[0m [32mlogcatd[0m [32mproclogd[0m [32mmicd[0m [32mtimed[0m [32mdmonitoringmodeld[0m [32msensord[0m [32mui[0m [32msoundd[0m [32mlocationd[0m [32mcalibrationd[0m [32mtorqued[0m [32mcontrolsd[0m [32mselfdrived[0m [32mcard[0m [32mdeleter[0m [32mdmonitoringd[0m [32mqcomgpsd[0m [32mpandad[0m [32mparamsd[0m [32mlagd[0m [31mplannerd[0m [32mradard[0m [32mhardwared[0m [32mtombstoned[0m [32muploader[0m [32mstatsd[0m [32mfeedbackd[0m [32mmodeld_tinygrad[0m [32mmapd[0m [32mmapd_manager[0m [32mrtid[0m
[32mloggerd[0m [32mencoderd[0m [32mlogmessaged[0m [32mcamerad[0m [32mlogcatd[0m [32mproclogd[0m [32mmicd[0m [32mtimed[0m [32mdmonitoringmodeld[0m [32msensord[0m [32mui[0m [32msoundd[0m [32mlocationd[0m [32mcalibrationd[0m [32mtorqued[0m [32mcontrolsd[0m [32mselfdrived[0m [32mcard[0m [32mdeleter[0m [32mdmonitoringd[0m [32mqcomgpsd[0m [32mpandad[0m [32mparamsd[0m [32mlagd[0m [31mplannerd[0m [32mradard[0m [32mhardwared[0m [32mtombstoned[0m [32muploader[0m [32mstatsd[0m [32mfeedbackd[0m [32mmodeld_tinygrad[0m [32mmapd[0m [32mmapd_manager[0m [32mrtid[0m
[32mloggerd[0m [32mencoderd[0m [32mlogmessaged[0m [32mcamerad[0m [32mlogcatd[0m [32mproclogd[0m [32mmicd[0m [32mtimed[0m [32mdmonitoringmodeld[0m [32msensord[0m [32mui[0m [32msoundd[0m [32mlocationd[0m [32mcalibrationd[0m [32mtorqued[0m [32mcontrolsd[0m [32mselfdrived[0m [32mcard[0m [32mdeleter[0m [32mdmonitoringd[0m [32mqcomgpsd[0m [32mpandad[0m [32mparamsd[0m [32mlagd[0m [31mplannerd[0m [32mradard[0m [32mhardwared[0m [32mtombstoned[0m [32muploader[0m [32mstatsd[0m [32mfeedbackd[0m [32mmodeld_tinygrad[0m [32mmapd[0m [32mmapd_manager[0m [32mrtid[0m
[32mloggerd[0m [32mencoderd[0m [32mlogmessaged[0m [32mcamerad[0m [32mlogcatd[0m [32mproclogd[0m [32mmicd[0m [32mtimed[0m [32mdmonitoringmodeld[0m [32msensord[0m [32mui[0m [32msoundd[0m [32mlocationd[0m [32mcalibrationd[0m [32mtorqued[0m [32mcontrolsd[0m [32mselfdrived[0m [32mcard[0m [32mdeleter[0m [32mdmonitoringd[0m [32mqcomgpsd[0m [32mpandad[0m [32mparamsd[0m [32mlagd[0m [31mplannerd[0m [32mradard[0m [32mhardwared[0m [32mtombstoned[0m [32muploader[0m [32mstatsd[0m [32mfeedbackd[0m [32mmodeld_tinygrad[0m [32mmapd[0m [32mmapd_manager[0m [32mrtid[0m
RTI cycle took 0.026s
RTI cycle took 0.038s
RTI cycle took 0.025s
RTI cycle took 0.041s
RTI cycle took 0.016s
RTI cycle took 0.036s
RTI cycle took 0.016s
RTI cycle took 0.016s
RTI cycle took 0.033s
RTI cycle took 0.030s
RTI cycle took 0.018s
RTI cycle took 0.020s
RTI cycle took 0.037s
RTI cycle took 0.036s
RTI cycle took 0.056s
RTI cycle took 0.023s
RTI cycle took 0.034s
RTI cycle took 0.025s
RTI cycle took 0.023s
RTI cycle took 0.027s
RTI cycle took 0.029s
RTI cycle took 0.041s
RTI cycle took 0.016s
RTI cycle took 0.027s
RTI cycle took 0.016s
RTI cycle took 0.032s
RTI cycle took 0.018s
RTI cycle took 0.018s
RTI cycle took 0.024s
RTI cycle took 0.031s
RTI cycle took 0.030s
RTI cycle took 0.016s
RTI cycle took 0.039s
RTI cycle took 0.024s
RTI cycle took 0.026s
RTI cycle took 0.030s
RTI cycle took 0.018s
RTI cycle took 0.026s
RTI cycle took 0.017s
RTI cycle took 0.028s
RTI cycle took 0.033s
RTI cycle took 0.020s
RTI cycle took 0.019s
RTI cycle took 0.026s
RTI cycle took 0.015s
RTI cycle took 0.021s
RTI cycle took 0.027s
RTI cycle took 0.023s
RTI cycle took 0.025s
RTI cycle took 0.023s
RTI cycle took 0.015s
RTI cycle took 0.046s
RTI cycle took 0.017s
RTI cycle took 0.029s
RTI cycle took 0.025s
RTI cycle took 0.023s
RTI cycle took 0.017s
RTI cycle took 0.026s
RTI cycle took 0.017s
RTI cycle took 0.013s
RTI cycle took 0.023s
RTI cycle took 0.027s
RTI cycle took 0.026s
RTI cycle took 0.022s
RTI cycle took 0.035s
RTI cycle took 0.022s
RTI cycle took 0.028s
RTI cycle took 0.029s
RTI cycle took 0.041s
RTI cycle took 0.026s
RTI cycle took 0.028s
RTI cycle took 0.017s
RTI cycle took 0.019s
RTI cycle took 0.013s
RTI cycle took 0.024s
RTI cycle took 0.028s
RTI cycle took 0.030s
RTI cycle took 0.030s
RTI cycle took 0.026s
RTI cycle took 0.022s
RTI cycle took 0.013s
RTI cycle took 0.026s
RTI cycle took 0.027s
RTI cycle took 0.031s
RTI cycle took 0.026s
RTI cycle took 0.017s
RTI cycle took 0.033s
RTI cycle took 0.021s
RTI cycle took 0.040s
RTI cycle took 0.025s
RTI cycle took 0.031s
RTI cycle took 0.017s
RTI cycle took 0.015s
RTI cycle took 0.021s
RTI cycle took 0.021s
RTI cycle took 0.040s
RTI cycle took 0.016s
RTI cycle took 0.013s
RTI cycle took 0.015s
RTI cycle took 0.020s
RTI cycle took 0.025s
RTI cycle took 0.019s
RTI cycle took 0.020s
RTI cycle took 0.027s
RTI cycle took 0.021s
RTI cycle took 0.029s
RTI cycle took 0.028s
RTI cycle took 0.031s
RTI cycle took 0.025s
RTI cycle took 0.030s
RTI cycle took 0.031s
RTI cycle took 0.022s
RTI cycle took 0.028s
RTI cycle took 0.031s
RTI cycle took 0.026s
RTI cycle took 0.017s
RTI cycle took 0.022s
RTI cycle took 0.028s
RTI cycle took 0.033s
RTI cycle took 0.025s
RTI cycle took 0.028s
RTI cycle took 0.029s
RTI cycle took 0.031s
RTI cycle took 0.026s
RTI cycle took 0.028s
RTI cycle took 0.037s
RTI cycle took 0.022s
RTI cycle took 0.016s
RTI cycle took 0.027s
RTI cycle took 0.016s
RTI cycle took 0.027s
RTI cycle took 0.017s
RTI cycle took 0.018s
RTI cycle took 0.024s
RTI cycle took 0.030s
RTI cycle took 0.020s
RTI cycle took 0.028s
RTI cycle took 0.029s
RTI cycle took 0.018s
RTI cycle took 0.025s
RTI cycle took 0.018s
RTI cycle took 0.038s
RTI cycle took 0.028s
RTI cycle took 0.028s
RTI cycle took 0.031s
RTI cycle took 0.039s
RTI cycle took 0.033s
RTI cycle took 0.031s
RTI cycle took 0.028s
RTI cycle took 0.031s
RTI cycle took 0.031s
RTI cycle took 0.027s
RTI cycle took 0.032s
RTI cycle took 0.028s
RTI cycle took 0.027s
RTI cycle took 0.022s
RTI cycle took 0.025s
RTI cycle took 0.033s
RTI cycle took 0.015s
RTI cycle took 0.024s
RTI cycle took 0.028s
RTI cycle took 0.028s
RTI cycle took 0.031s
RTI cycle took 0.025s
RTI cycle took 0.033s
RTI cycle took 0.024s
RTI cycle took 0.030s
RTI cycle took 0.030s
RTI cycle took 0.026s
RTI cycle took 0.031s
RTI cycle took 0.017s
RTI cycle took 0.030s
RTI cycle took 0.016s
RTI cycle took 0.017s
RTI cycle took 0.033s
RTI cycle took 0.027s
RTI cycle took 0.040s
RTI cycle took 0.014s
RTI cycle took 0.022s
RTI cycle took 0.018s
RTI cycle took 0.027s
RTI cycle took 0.037s
RTI cycle took 0.020s
RTI cycle took 0.038s
RTI cycle took 0.049s
RTI cycle took 0.038s
RTI cycle took 0.027s
RTI cycle took 0.031s
RTI cycle took 0.027s
RTI cycle took 0.029s
RTI cycle took 0.030s
RTI cycle took 0.026s
RTI cycle took 0.034s
RTI cycle took 0.024s
RTI cycle took 0.022s
RTI cycle took 0.026s
RTI cycle took 0.030s
RTI cycle took 0.031s
RTI cycle took 0.017s
RTI cycle took 0.027s
RTI cycle took 0.034s
RTI cycle took 0.024s
RTI cycle took 0.025s
RTI cycle took 0.019s
RTI cycle took 0.024s
RTI cycle took 0.031s
RTI cycle took 0.041s
RTI cycle took 0.045s
RTI cycle took 0.019s
RTI cycle took 0.030s
RTI cycle took 0.040s
RTI cycle took 0.028s
RTI cycle took 0.029s
RTI cycle took 0.027s
RTI cycle took 0.030s
RTI cycle took 0.031s
RTI cycle took 0.018s
RTI cycle took 0.027s
RTI cycle took 0.016s
RTI cycle took 0.036s
RTI cycle took 0.028s
RTI cycle took 0.021s
RTI cycle took 0.015s
RTI cycle took 0.021s
RTI cycle took 0.018s
[32mloggerd[0m [32mencoderd[0m [32mlogmessaged[0m [32mcamerad[0m [32mlogcatd[0m [32mproclogd[0m [32mmicd[0m [32mtimed[0m [32mdmonitoringmodeld[0m [32msensord[0m [32mui[0m [32msoundd[0m [32mlocationd[0m [32mcalibrationd[0m [32mtorqued[0m [32mcontrolsd[0m [32mselfdrived[0m [32mcard[0m [32mdeleter[0m [32mdmonitoringd[0m [32mqcomgpsd[0m [32mpandad[0m [32mparamsd[0m [32mlagd[0m [31mplannerd[0m [32mradard[0m [32mhardwared[0m [32mtombstoned[0m [32muploader[0m [32mstatsd[0m [32mfeedbackd[0m [32mmodeld_tinygrad[0m [32mmapd[0m [32mmapd_manager[0m [32mrtid[0m
[32mloggerd[0m [32mencoderd[0m [32mlogmessaged[0m [32mcamerad[0m [32mlogcatd[0m [32mproclogd[0m [32mmicd[0m [32mtimed[0m [32mdmonitoringmodeld[0m [32msensord[0m [32mui[0m [32msoundd[0m [32mlocationd[0m [32mcalibrationd[0m [32mtorqued[0m [32mcontrolsd[0m [32mselfdrived[0m [32mcard[0m [32mdeleter[0m [32mdmonitoringd[0m [32mqcomgpsd[0m [32mpandad[0m [32mparamsd[0m [32mlagd[0m [31mplannerd[0m [32mradard[0m [32mhardwared[0m [32mtombstoned[0m [32muploader[0m [32mstatsd[0m [32mfeedbackd[0m [32mmodeld_tinygrad[0m [32mmapd[0m [32mmapd_manager[0m [32mrtid[0m
[32mloggerd[0m [32mencoderd[0m [32mlogmessaged[0m [32mcamerad[0m [32mlogcatd[0m [32mproclogd[0m [32mmicd[0m [32mtimed[0m [32mdmonitoringmodeld[0m [32msensord[0m [32mui[0m [32msoundd[0m [32mlocationd[0m [32mcalibrationd[0m [32mtorqued[0m [32mcontrolsd[0m [32mselfdrived[0m [32mcard[0m [32mdeleter[0m [32mdmonitoringd[0m [32mqcomgpsd[0m [32mpandad[0m [32mparamsd[0m [32mlagd[0m [31mplannerd[0m [32mradard[0m [32mhardwared[0m [32mtombstoned[0m [32muploader[0m [32mstatsd[0m [32mfeedbackd[0m [32mmodeld_tinygrad[0m [32mmapd[0m [32mmapd_manager[0m [32mrtid[0m
[32mloggerd[0m [32mencoderd[0m [32mlogmessaged[0m [32mcamerad[0m [32mlogcatd[0m [32mproclogd[0m [32mmicd[0m [32mtimed[0m [32mdmonitoringmodeld[0m [32msensord[0m [32mui[0m [32msoundd[0m [32mlocationd[0m [32mcalibrationd[0m [32mtorqued[0m [32mcontrolsd[0m [32mselfdrived[0m [32mcard[0m [32mdeleter[0m [32mdmonitoringd[0m [32mqcomgpsd[0m [32mpandad[0m [32mparamsd[0m [32mlagd[0m [31mplannerd[0m [32mradard[0m [32mhardwared[0m [32mtombstoned[0m [32muploader[0m [32mstatsd[0m [32mfeedbackd[0m [32mmodeld_tinygrad[0m [32mmapd[0m [32mmapd_manager[0m [32mrtid[0m
[32mloggerd[0m [32mencoderd[0m [32mlogmessaged[0m [32mcamerad[0m [32mlogcatd[0m [32mproclogd[0m [32mmicd[0m [32mtimed[0m [32mdmonitoringmodeld[0m [32msensord[0m [32mui[0m [32msoundd[0m [32mlocationd[0m [32mcalibrationd[0m [32mtorqued[0m [32mcontrolsd[0m [32mselfdrived[0m [32mcard[0m [32mdeleter[0m [32mdmonitoringd[0m [32mqcomgpsd[0m [32mpandad[0m [32mparamsd[0m [32mlagd[0m [31mplannerd[0m [32mradard[0m [32mhardwared[0m [32mtombstoned[0m [32muploader[0m [32mstatsd[0m [32mfeedbackd[0m [32mmodeld_tinygrad[0m [32mmapd[0m [32mmapd_manager[0m [32mrtid[0m
[32mloggerd[0m [32mencoderd[0m [32mlogmessaged[0m [32mcamerad[0m [32mlogcatd[0m [32mproclogd[0m [32mmicd[0m [32mtimed[0m [32mdmonitoringmodeld[0m [32msensord[0m [32mui[0m [32msoundd[0m [32mlocationd[0m [32mcalibrationd[0m [32mtorqued[0m [32mcontrolsd[0m [32mselfdrived[0m [32mcard[0m [32mdeleter[0m [32mdmonitoringd[0m [32mqcomgpsd[0m [32mpandad[0m [32mparamsd[0m [32mlagd[0m [31mplannerd[0m [32mradard[0m [32mhardwared[0m [32mtombstoned[0m [32muploader[0m [32mstatsd[0m [32mfeedbackd[0m [32mmodeld_tinygrad[0m [32mmapd[0m [32mmapd_manager[0m [32mrtid[0m
[32mloggerd[0m [32mencoderd[0m [32mlogmessaged[0m [32mcamerad[0m [32mlogcatd[0m [32mproclogd[0m [32mmicd[0m [32mtimed[0m [32mdmonitoringmodeld[0m [32msensord[0m [32mui[0m [32msoundd[0m [32mlocationd[0m [32mcalibrationd[0m [32mtorqued[0m [32mcontrolsd[0m [32mselfdrived[0m [32mcard[0m [32mdeleter[0m [32mdmonitoringd[0m [32mqcomgpsd[0m [32mpandad[0m [32mparamsd[0m [32mlagd[0m [31mplannerd[0m [32mradard[0m [32mhardwared[0m [32mtombstoned[0m [32muploader[0m [32mstatsd[0m [32mfeedbackd[0m [32mmodeld_tinygrad[0m [32mmapd[0m [32mmapd_manager[0m [32mrtid[0m
[32mloggerd[0m [32mencoderd[0m [32mlogmessaged[0m [32mcamerad[0m [32mlogcatd[0m [32mproclogd[0m [32mmicd[0m [32mtimed[0m [32mdmonitoringmodeld[0m [32msensord[0m [32mui[0m [32msoundd[0m [32mlocationd[0m [32mcalibrationd[0m [32mtorqued[0m [32mcontrolsd[0m [32mselfdrived[0m [32mcard[0m [32mdeleter[0m [32mdmonitoringd[0m [32mqcomgpsd[0m [32mpandad[0m [32mparamsd[0m [32mlagd[0m [31mplannerd[0m [32mradard[0m [32mhardwared[0m [32mtombstoned[0m [32muploader[0m [32mstatsd[0m [32mfeedbackd[0m [32mmodeld_tinygrad[0m [32mmapd[0m [32mmapd_manager[0m [32mrtid[0m
[32mloggerd[0m [32mencoderd[0m [32mlogmessaged[0m [32mcamerad[0m [32mlogcatd[0m [32mproclogd[0m [32mmicd[0m [32mtimed[0m [32mdmonitoringmodeld[0m [32msensord[0m [32mui[0m [32msoundd[0m [32mlocationd[0m [32mcalibrationd[0m [32mtorqued[0m [32mcontrolsd[0m [32mselfdrived[0m [32mcard[0m [32mdeleter[0m [32mdmonitoringd[0m [32mqcomgpsd[0m [32mpandad[0m [32mparamsd[0m [32mlagd[0m [31mplannerd[0m [32mradard[0m [32mhardwared[0m [32mtombstoned[0m [32muploader[0m [32mstatsd[0m [32mfeedbackd[0m [32mmodeld_tinygrad[0m [32mmapd[0m [32mmapd_manager[0m [32mrtid[0m
[32mloggerd[0m [32mencoderd[0m [32mlogmessaged[0m [32mcamerad[0m [32mlogcatd[0m [32mproclogd[0m [32mmicd[0m [32mtimed[0m [32mdmonitoringmodeld[0m [32msensord[0m [32mui[0m [32msoundd[0m [32mlocationd[0m [32mcalibrationd[0m [32mtorqued[0m [32mcontrolsd[0m [32mselfdrived[0m [32mcard[0m [32mdeleter[0m [32mdmonitoringd[0m [32mqcomgpsd[0m [32mpandad[0m [32mparamsd[0m [32mlagd[0m [31mplannerd[0m [32mradard[0m [32mhardwared[0m [32mtombstoned[0m [32muploader[0m [32mstatsd[0m [32mfeedbackd[0m [32mmodeld_tinygrad[0m [32mmapd[0m [32mmapd_manager[0m [32mrtid[0m
[32mloggerd[0m [32mencoderd[0m [32mlogmessaged[0m [32mcamerad[0m [32mlogcatd[0m [32mproclogd[0m [32mmicd[0m [32mtimed[0m [32mdmonitoringmodeld[0m [32msensord[0m [32mui[0m [32msoundd[0m [32mlocationd[0m [32mcalibrationd[0m [32mtorqued[0m [32mcontrolsd[0m [32mselfdrived[0m [32mcard[0m [32mdeleter[0m [32mdmonitoringd[0m [32mqcomgpsd[0m [32mpandad[0m [32mparamsd[0m [32mlagd[0m [31mplannerd[0m [32mradard[0m [32mhardwared[0m [32mtombstoned[0m [32muploader[0m [32mstatsd[0m [32mfeedbackd[0m [32mmodeld_tinygrad[0m [32mmapd[0m [32mmapd_manager[0m [32mrtid[0m
[32mloggerd[0m [32mencoderd[0m [32mlogmessaged[0m [32mcamerad[0m [32mlogcatd[0m [32mproclogd[0m [32mmicd[0m [32mtimed[0m [32mdmonitoringmodeld[0m [32msensord[0m [32mui[0m [32msoundd[0m [32mlocationd[0m [32mcalibrationd[0m [32mtorqued[0m [32mcontrolsd[0m [32mselfdrived[0m [32mcard[0m [32mdeleter[0m [32mdmonitoringd[0m [32mqcomgpsd[0m [32mpandad[0m [32mparamsd[0m [32mlagd[0m [31mplannerd[0m [32mradard[0m [32mhardwared[0m [32mtombstoned[0m [32muploader[0m [32mstatsd[0m [32mfeedbackd[0m [32mmodeld_tinygrad[0m [32mmapd[0m [32mmapd_manager[0m [32mrtid[0m
[32mloggerd[0m [32mencoderd[0m [32mlogmessaged[0m [32mcamerad[0m [32mlogcatd[0m [32mproclogd[0m [32mmicd[0m [32mtimed[0m [32mdmonitoringmodeld[0m [32msensord[0m [32mui[0m [32msoundd[0m [32mlocationd[0m [32mcalibrationd[0m [32mtorqued[0m [32mcontrolsd[0m [32mselfdrived[0m [32mcard[0m [32mdeleter[0m [32mdmonitoringd[0m [32mqcomgpsd[0m [32mpandad[0m [32mparamsd[0m [32mlagd[0m [31mplannerd[0m [32mradard[0m [32mhardwared[0m [32mtombstoned[0m [32muploader[0m [32mstatsd[0m [32mfeedbackd[0m [32mmodeld_tinygrad[0m [32mmapd[0m [32mmapd_manager[0m [32mrtid[0m
RTI cycle took 0.037s
RTI cycle took 0.031s
RTI cycle took 0.016s
RTI cycle took 0.038s
RTI cycle took 0.016s
RTI cycle took 0.028s
RTI cycle took 0.026s
RTI cycle took 0.031s
RTI cycle took 0.017s
RTI cycle took 0.017s
RTI cycle took 0.023s
RTI cycle took 0.030s
RTI cycle took 0.018s
RTI cycle took 0.027s
RTI cycle took 0.032s
RTI cycle took 0.027s
RTI cycle took 0.030s
RTI cycle took 0.017s
RTI cycle took 0.020s
RTI cycle took 0.014s
RTI cycle took 0.025s
RTI cycle took 0.025s
RTI cycle took 0.030s
RTI cycle took 0.041s
RTI cycle took 0.038s
RTI cycle took 0.012s
RTI cycle took 0.020s
RTI cycle took 0.027s
RTI cycle took 0.029s
RTI cycle took 0.014s
RTI cycle took 0.026s
RTI cycle took 0.026s
RTI cycle took 0.021s
RTI cycle took 0.028s
RTI cycle took 0.037s
RTI cycle took 0.039s
RTI cycle took 0.021s
RTI cycle took 0.029s
RTI cycle took 0.030s
RTI cycle took 0.040s
RTI cycle took 0.022s
RTI cycle took 0.030s
RTI cycle took 0.030s
RTI cycle took 0.028s
RTI cycle took 0.031s
RTI cycle took 0.017s
RTI cycle took 0.027s
RTI cycle took 0.027s
RTI cycle took 0.028s
RTI cycle took 0.041s
RTI cycle took 0.017s
RTI cycle took 0.038s
RTI cycle took 0.018s
RTI cycle took 0.026s
RTI cycle took 0.019s
RTI cycle took 0.026s
RTI cycle took 0.040s
RTI cycle took 0.017s
RTI cycle took 0.024s
RTI cycle took 0.017s
RTI cycle took 0.025s
RTI cycle took 0.016s
RTI cycle took 0.029s
RTI cycle took 0.015s
RTI cycle took 0.027s
RTI cycle took 0.016s
RTI cycle took 0.024s
RTI cycle took 0.018s
RTI cycle took 0.020s
RTI cycle took 0.016s
RTI cycle took 0.034s
RTI cycle took 0.039s
RTI cycle took 0.015s
RTI cycle took 0.013s
RTI cycle took 0.014s
RTI cycle took 0.019s
RTI cycle took 0.020s
RTI cycle took 0.028s
RTI cycle took 0.028s
RTI cycle took 0.032s
RTI cycle took 0.037s
RTI cycle took 0.022s
RTI cycle took 0.023s
RTI cycle took 0.030s
RTI cycle took 0.023s
RTI cycle took 0.017s
RTI cycle took 0.035s
RTI cycle took 0.022s
RTI cycle took 0.035s
RTI cycle took 0.030s
RTI cycle took 0.038s
RTI cycle took 0.028s
RTI cycle took 0.024s
RTI cycle took 0.027s
RTI cycle took 0.022s
RTI cycle took 0.016s
RTI cycle took 0.023s
RTI cycle took 0.027s
RTI cycle took 0.029s
RTI cycle took 0.031s
RTI cycle took 0.031s
RTI cycle took 0.028s
RTI cycle took 0.031s
RTI cycle took 0.027s
RTI cycle took 0.023s
RTI cycle took 0.016s
RTI cycle took 0.026s
RTI cycle took 0.026s
RTI cycle took 0.020s
RTI cycle took 0.016s
RTI cycle took 0.026s
RTI cycle took 0.026s
RTI cycle took 0.028s
RTI cycle took 0.032s
RTI cycle took 0.032s
RTI cycle took 0.030s
RTI cycle took 0.042s
RTI cycle took 0.026s
RTI cycle took 0.029s
RTI cycle took 0.030s
RTI cycle took 0.042s
RTI cycle took 0.025s
RTI cycle took 0.028s
RTI cycle took 0.029s
RTI cycle took 0.033s
RTI cycle took 0.020s
RTI cycle took 0.026s
RTI cycle took 0.030s
RTI cycle took 0.028s
RTI cycle took 0.018s
RTI cycle took 0.024s
RTI cycle took 0.039s
RTI cycle took 0.030s
RTI cycle took 0.038s
RTI cycle took 0.030s
RTI cycle took 0.029s
RTI cycle took 0.018s
RTI cycle took 0.027s
RTI cycle took 0.013s
RTI cycle took 0.022s
RTI cycle took 0.026s
RTI cycle took 0.023s
RTI cycle took 0.024s
RTI cycle took 0.031s
RTI cycle took 0.027s
RTI cycle took 0.031s
RTI cycle took 0.022s
RTI cycle took 0.025s
RTI cycle took 0.018s
RTI cycle took 0.019s
RTI cycle took 0.015s
RTI cycle took 0.025s
RTI cycle took 0.015s
RTI cycle took 0.024s
RTI cycle took 0.025s
RTI cycle took 0.039s
RTI cycle took 0.041s
RTI cycle took 0.018s
RTI cycle took 0.035s
RTI cycle took 0.020s
RTI cycle took 0.037s
RTI cycle took 0.034s
RTI cycle took 0.036s
RTI cycle took 0.028s
RTI cycle took 0.025s
RTI cycle took 0.032s
RTI cycle took 0.020s
RTI cycle took 0.033s
RTI cycle took 0.014s
RTI cycle took 0.026s
RTI cycle took 0.025s
RTI cycle took 0.036s
RTI cycle took 0.033s
RTI cycle took 0.016s
RTI cycle took 0.026s
RTI cycle took 0.025s
RTI cycle took 0.031s
RTI cycle took 0.018s
RTI cycle took 0.037s
RTI cycle took 0.027s
RTI cycle took 0.017s
RTI cycle took 0.028s
RTI cycle took 0.026s
RTI cycle took 0.023s
RTI cycle took 0.026s
RTI cycle took 0.040s
RTI cycle took 0.030s
RTI cycle took 0.018s
RTI cycle took 0.028s
RTI cycle took 0.018s
RTI cycle took 0.027s
RTI cycle took 0.027s
RTI cycle took 0.021s
RTI cycle took 0.017s
RTI cycle took 0.024s
RTI cycle took 0.026s
RTI cycle took 0.028s
RTI cycle took 0.033s
RTI cycle took 0.022s
RTI cycle took 0.033s
RTI cycle took 0.040s
RTI cycle took 0.025s
RTI cycle took 0.031s
RTI cycle took 0.021s
RTI cycle took 0.027s
RTI cycle took 0.028s
RTI cycle took 0.030s
RTI cycle took 0.055s
RTI cycle took 0.059s
RTI cycle took 0.036s
RTI cycle took 0.030s
RTI cycle took 0.031s
RTI cycle took 0.034s
RTI cycle took 0.025s
RTI cycle took 0.017s
RTI cycle took 0.016s
RTI cycle took 0.024s
RTI cycle took 0.028s
RTI cycle took 0.042s
RTI cycle took 0.038s
RTI cycle took 0.017s
[32mloggerd[0m [32mencoderd[0m [32mlogmessaged[0m [32mcamerad[0m [32mlogcatd[0m [32mproclogd[0m [32mmicd[0m [32mtimed[0m [32mdmonitoringmodeld[0m [32msensord[0m [32mui[0m [32msoundd[0m [32mlocationd[0m [32mcalibrationd[0m [32mtorqued[0m [32mcontrolsd[0m [32mselfdrived[0m [32mcard[0m [32mdeleter[0m [32mdmonitoringd[0m [32mqcomgpsd[0m [32mpandad[0m [32mparamsd[0m [32mlagd[0m [31mplannerd[0m [32mradard[0m [32mhardwared[0m [32mtombstoned[0m [32muploader[0m [32mstatsd[0m [32mfeedbackd[0m [32mmodeld_tinygrad[0m [32mmapd[0m [32mmapd_manager[0m [32mrtid[0m
[32mloggerd[0m [32mencoderd[0m [32mlogmessaged[0m [32mcamerad[0m [32mlogcatd[0m [32mproclogd[0m [32mmicd[0m [32mtimed[0m [32mdmonitoringmodeld[0m [32msensord[0m [32mui[0m [32msoundd[0m [32mlocationd[0m [32mcalibrationd[0m [32mtorqued[0m [32mcontrolsd[0m [32mselfdrived[0m [32mcard[0m [32mdeleter[0m [32mdmonitoringd[0m [32mqcomgpsd[0m [32mpandad[0m [32mparamsd[0m [32mlagd[0m [31mplannerd[0m [32mradard[0m [32mhardwared[0m [32mtombstoned[0m [32muploader[0m [32mstatsd[0m [32mfeedbackd[0m [32mmodeld_tinygrad[0m [32mmapd[0m [32mmapd_manager[0m [32mrtid[0m
[32mloggerd[0m [32mencoderd[0m [32mlogmessaged[0m [32mcamerad[0m [32mlogcatd[0m [32mproclogd[0m [32mmicd[0m [32mtimed[0m [32mdmonitoringmodeld[0m [32msensord[0m [32mui[0m [32msoundd[0m [32mlocationd[0m [32mcalibrationd[0m [32mtorqued[0m [32mcontrolsd[0m [32mselfdrived[0m [32mcard[0m [32mdeleter[0m [32mdmonitoringd[0m [32mqcomgpsd[0m [32mpandad[0m [32mparamsd[0m [32mlagd[0m [31mplannerd[0m [32mradard[0m [32mhardwared[0m [32mtombstoned[0m [32muploader[0m [32mstatsd[0m [32mfeedbackd[0m [32mmodeld_tinygrad[0m [32mmapd[0m [32mmapd_manager[0m [32mrtid[0m
[32mloggerd[0m [32mencoderd[0m [32mlogmessaged[0m [32mcamerad[0m [32mlogcatd[0m [32mproclogd[0m [32mmicd[0m [32mtimed[0m [32mdmonitoringmodeld[0m [32msensord[0m [32mui[0m [32msoundd[0m [32mlocationd[0m [32mcalibrationd[0m [32mtorqued[0m [32mcontrolsd[0m [32mselfdrived[0m [32mcard[0m [32mdeleter[0m [32mdmonitoringd[0m [32mqcomgpsd[0m [32mpandad[0m [32mparamsd[0m [32mlagd[0m [31mplannerd[0m [32mradard[0m [32mhardwared[0m [32mtombstoned[0m [32muploader[0m [32mstatsd[0m [32mfeedbackd[0m [32mmodeld_tinygrad[0m [32mmapd[0m [32mmapd_manager[0m [32mrtid[0m
[32mloggerd[0m [32mencoderd[0m [32mlogmessaged[0m [32mcamerad[0m [32mlogcatd[0m [32mproclogd[0m [32mmicd[0m [32mtimed[0m [32mdmonitoringmodeld[0m [32msensord[0m [32mui[0m [32msoundd[0m [32mlocationd[0m [32mcalibrationd[0m [32mtorqued[0m [32mcontrolsd[0m [32mselfdrived[0m [32mcard[0m [32mdeleter[0m [32mdmonitoringd[0m [32mqcomgpsd[0m [32mpandad[0m [32mparamsd[0m [32mlagd[0m [31mplannerd[0m [32mradard[0m [32mhardwared[0m [32mtombstoned[0m [32muploader[0m [32mstatsd[0m [32mfeedbackd[0m [32mmodeld_tinygrad[0m [32mmapd[0m [32mmapd_manager[0m [32mrtid[0m
[32mloggerd[0m [32mencoderd[0m [32mlogmessaged[0m [32mcamerad[0m [32mlogcatd[0m [32mproclogd[0m [32mmicd[0m [32mtimed[0m [32mdmonitoringmodeld[0m [32msensord[0m [32mui[0m [32msoundd[0m [32mlocationd[0m [32mcalibrationd[0m [32mtorqued[0m [32mcontrolsd[0m [32mselfdrived[0m [32mcard[0m [32mdeleter[0m [32mdmonitoringd[0m [32mqcomgpsd[0m [32mpandad[0m [32mparamsd[0m [32mlagd[0m [31mplannerd[0m [32mradard[0m [32mhardwared[0m [32mtombstoned[0m [32muploader[0m [32mstatsd[0m [32mfeedbackd[0m [32mmodeld_tinygrad[0m [32mmapd[0m [32mmapd_manager[0m [32mrtid[0m
[32mloggerd[0m [32mencoderd[0m [32mlogmessaged[0m [32mcamerad[0m [32mlogcatd[0m [32mproclogd[0m [32mmicd[0m [32mtimed[0m [32mdmonitoringmodeld[0m [32msensord[0m [32mui[0m [32msoundd[0m [32mlocationd[0m [32mcalibrationd[0m [32mtorqued[0m [32mcontrolsd[0m [32mselfdrived[0m [32mcard[0m [32mdeleter[0m [32mdmonitoringd[0m [32mqcomgpsd[0m [32mpandad[0m [32mparamsd[0m [32mlagd[0m [31mplannerd[0m [32mradard[0m [32mhardwared[0m [32mtombstoned[0m [32muploader[0m [32mstatsd[0m [32mfeedbackd[0m [32mmodeld_tinygrad[0m [32mmapd[0m [32mmapd_manager[0m [32mrtid[0m
[32mloggerd[0m [32mencoderd[0m [32mlogmessaged[0m [32mcamerad[0m [32mlogcatd[0m [32mproclogd[0m [32mmicd[0m [32mtimed[0m [32mdmonitoringmodeld[0m [32msensord[0m [32mui[0m [32msoundd[0m [32mlocationd[0m [32mcalibrationd[0m [32mtorqued[0m [32mcontrolsd[0m [32mselfdrived[0m [32mcard[0m [32mdeleter[0m [32mdmonitoringd[0m [32mqcomgpsd[0m [32mpandad[0m [32mparamsd[0m [32mlagd[0m [31mplannerd[0m [32mradard[0m [32mhardwared[0m [32mtombstoned[0m [32muploader[0m [32mstatsd[0m [32mfeedbackd[0m [32mmodeld_tinygrad[0m [32mmapd[0m [32mmapd_manager[0m [32mrtid[0m
[32mloggerd[0m [32mencoderd[0m [32mlogmessaged[0m [32mcamerad[0m [32mlogcatd[0m [32mproclogd[0m [32mmicd[0m [32mtimed[0m [32mdmonitoringmodeld[0m [32msensord[0m [32mui[0m [32msoundd[0m [32mlocationd[0m [32mcalibrationd[0m [32mtorqued[0m [32mcontrolsd[0m [32mselfdrived[0m [32mcard[0m [32mdeleter[0m [32mdmonitoringd[0m [32mqcomgpsd[0m [32mpandad[0m [32mparamsd[0m [32mlagd[0m [31mplannerd[0m [32mradard[0m [32mhardwared[0m [32mtombstoned[0m [32muploader[0m [32mstatsd[0m [32mfeedbackd[0m [32mmodeld_tinygrad[0m [32mmapd[0m [32mmapd_manager[0m [32mrtid[0m
[32mloggerd[0m [32mencoderd[0m [32mlogmessaged[0m [32mcamerad[0m [32mlogcatd[0m [32mproclogd[0m [32mmicd[0m [32mtimed[0m [32mdmonitoringmodeld[0m [32msensord[0m [32mui[0m [32msoundd[0m [32mlocationd[0m [32mcalibrationd[0m [32mtorqued[0m [32mcontrolsd[0m [32mselfdrived[0m [32mcard[0m [32mdeleter[0m [32mdmonitoringd[0m [32mqcomgpsd[0m [32mpandad[0m [32mparamsd[0m [32mlagd[0m [31mplannerd[0m [32mradard[0m [32mhardwared[0m [32mtombstoned[0m [32muploader[0m [32mstatsd[0m [32mfeedbackd[0m [32mmodeld_tinygrad[0m [32mmapd[0m [32mmapd_manager[0m [32mrtid[0m
[32mloggerd[0m [32mencoderd[0m [32mlogmessaged[0m [32mcamerad[0m [32mlogcatd[0m [32mproclogd[0m [32mmicd[0m [32mtimed[0m [32mdmonitoringmodeld[0m [32msensord[0m [32mui[0m [32msoundd[0m [32mlocationd[0m [32mcalibrationd[0m [32mtorqued[0m [32mcontrolsd[0m [32mselfdrived[0m [32mcard[0m [32mdeleter[0m [32mdmonitoringd[0m [32mqcomgpsd[0m [32mpandad[0m [32mparamsd[0m [32mlagd[0m [31mplannerd[0m [32mradard[0m [32mhardwared[0m [32mtombstoned[0m [32muploader[0m [32mstatsd[0m [32mfeedbackd[0m [32mmodeld_tinygrad[0m [32mmapd[0m [32mmapd_manager[0m [32mrtid[0m
[32mloggerd[0m [32mencoderd[0m [32mlogmessaged[0m [32mcamerad[0m [32mlogcatd[0m [32mproclogd[0m [32mmicd[0m [32mtimed[0m [32mdmonitoringmodeld[0m [32msensord[0m [32mui[0m [32msoundd[0m [32mlocationd[0m [32mcalibrationd[0m [32mtorqued[0m [32mcontrolsd[0m [32mselfdrived[0m [32mcard[0m [32mdeleter[0m [32mdmonitoringd[0m [32mqcomgpsd[0m [32mpandad[0m [32mparamsd[0m [32mlagd[0m [31mplannerd[0m [32mradard[0m [32mhardwared[0m [32mtombstoned[0m [32muploader[0m [32mstatsd[0m [32mfeedbackd[0m [32mmodeld_tinygrad[0m [32mmapd[0m [32mmapd_manager[0m [32mrtid[0m
[32mloggerd[0m [32mencoderd[0m [32mlogmessaged[0m [32mcamerad[0m [32mlogcatd[0m [32mproclogd[0m [32mmicd[0m [32mtimed[0m [32mdmonitoringmodeld[0m [32msensord[0m [32mui[0m [32msoundd[0m [32mlocationd[0m [32mcalibrationd[0m [32mtorqued[0m [32mcontrolsd[0m [32mselfdrived[0m [32mcard[0m [32mdeleter[0m [32mdmonitoringd[0m [32mqcomgpsd[0m [32mpandad[0m [32mparamsd[0m [32mlagd[0m [31mplannerd[0m [32mradard[0m [32mhardwared[0m [32mtombstoned[0m [32muploader[0m [32mstatsd[0m [32mfeedbackd[0m [32mmodeld_tinygrad[0m [32mmapd[0m [32mmapd_manager[0m [32mrtid[0m
RTI cycle took 0.035s
RTI cycle took 0.028s
RTI cycle took 0.031s
RTI cycle took 0.041s
RTI cycle took 0.029s
RTI cycle took 0.015s
RTI cycle took 0.044s
RTI cycle took 0.017s
RTI cycle took 0.033s
RTI cycle took 0.032s
RTI cycle took 0.033s
RTI cycle took 0.037s
RTI cycle took 0.030s
RTI cycle took 0.018s
RTI cycle took 0.017s
RTI cycle took 0.022s
RTI cycle took 0.033s
RTI cycle took 0.025s
RTI cycle took 0.021s
RTI cycle took 0.017s
RTI cycle took 0.030s
RTI cycle took 0.015s
RTI cycle took 0.023s
RTI cycle took 0.018s
RTI cycle took 0.027s
RTI cycle took 0.027s
RTI cycle took 0.023s
RTI cycle took 0.016s
RTI cycle took 0.014s
RTI cycle took 0.021s
RTI cycle took 0.033s
RTI cycle took 0.038s
RTI cycle took 0.017s
RTI cycle took 0.027s
RTI cycle took 0.017s
RTI cycle took 0.038s
RTI cycle took 0.015s
RTI cycle took 0.028s
RTI cycle took 0.037s
RTI cycle took 0.026s
RTI cycle took 0.021s
RTI cycle took 0.017s
RTI cycle took 0.028s
RTI cycle took 0.017s
RTI cycle took 0.045s
RTI cycle took 0.029s
RTI cycle took 0.017s
RTI cycle took 0.025s
RTI cycle took 0.035s
RTI cycle took 0.023s
RTI cycle took 0.030s
RTI cycle took 0.027s
RTI cycle took 0.031s
RTI cycle took 0.027s
RTI cycle took 0.029s
RTI cycle took 0.035s
RTI cycle took 0.021s
RTI cycle took 0.015s
RTI cycle took 0.027s
RTI cycle took 0.025s
RTI cycle took 0.036s
RTI cycle took 0.023s
RTI cycle took 0.037s
RTI cycle took 0.019s
RTI cycle took 0.039s
RTI cycle took 0.025s
RTI cycle took 0.021s
RTI cycle took 0.027s
RTI cycle took 0.039s
RTI cycle took 0.031s
RTI cycle took 0.017s
RTI cycle took 0.030s
RTI cycle took 0.015s
RTI cycle took 0.016s
RTI cycle took 0.022s
RTI cycle took 0.027s
RTI cycle took 0.024s
RTI cycle took 0.030s
RTI cycle took 0.018s
RTI cycle took 0.017s
RTI cycle took 0.021s
RTI cycle took 0.022s
RTI cycle took 0.025s
RTI cycle took 0.029s
RTI cycle took 0.042s
RTI cycle took 0.026s
RTI cycle took 0.029s
RTI cycle took 0.040s
RTI cycle took 0.017s
RTI cycle took 0.024s
RTI cycle took 0.025s
RTI cycle took 0.020s
RTI cycle took 0.018s
RTI cycle took 0.020s
RTI cycle took 0.017s
RTI cycle took 0.025s
RTI cycle took 0.019s
RTI cycle took 0.030s
RTI cycle took 0.018s
RTI cycle took 0.014s
RTI cycle took 0.023s
RTI cycle took 0.019s
RTI cycle took 0.036s
RTI cycle took 0.032s
RTI cycle took 0.027s
RTI cycle took 0.029s
RTI cycle took 0.042s
RTI cycle took 0.016s
RTI cycle took 0.025s
RTI cycle took 0.024s
RTI cycle took 0.023s
RTI cycle took 0.016s
RTI cycle took 0.025s
RTI cycle took 0.025s
RTI cycle took 0.037s
RTI cycle took 0.020s
RTI cycle took 0.025s
RTI cycle took 0.029s
RTI cycle took 0.029s
RTI cycle took 0.030s
RTI cycle took 0.028s
RTI cycle took 0.027s
RTI cycle took 0.033s
RTI cycle took 0.026s
RTI cycle took 0.028s
RTI cycle took 0.040s
RTI cycle took 0.017s
RTI cycle took 0.027s
RTI cycle took 0.026s
RTI cycle took 0.032s
RTI cycle took 0.038s
RTI cycle took 0.017s
RTI cycle took 0.023s
RTI cycle took 0.026s
RTI cycle took 0.018s
RTI cycle took 0.015s
RTI cycle took 0.027s
RTI cycle took 0.025s
RTI cycle took 0.023s
RTI cycle took 0.016s
RTI cycle took 0.015s
RTI cycle took 0.021s
RTI cycle took 0.031s
RTI cycle took 0.017s
RTI cycle took 0.023s
RTI cycle took 0.029s
RTI cycle took 0.020s
RTI cycle took 0.037s
RTI cycle took 0.016s
RTI cycle took 0.015s
RTI cycle took 0.033s
RTI cycle took 0.042s
RTI cycle took 0.040s
RTI cycle took 0.015s
RTI cycle took 0.026s
RTI cycle took 0.025s
RTI cycle took 0.024s
RTI cycle took 0.026s
RTI cycle took 0.023s
RTI cycle took 0.036s
RTI cycle took 0.026s
RTI cycle took 0.022s
RTI cycle took 0.025s
RTI cycle took 0.022s
RTI cycle took 0.022s
RTI cycle took 0.022s
RTI cycle took 0.017s
RTI cycle took 0.026s
RTI cycle took 0.019s
RTI cycle took 0.039s
RTI cycle took 0.015s
RTI cycle took 0.025s
RTI cycle took 0.015s
RTI cycle took 0.021s
RTI cycle took 0.026s
RTI cycle took 0.023s
RTI cycle took 0.015s
RTI cycle took 0.027s
RTI cycle took 0.028s
RTI cycle took 0.037s
RTI cycle took 0.033s
RTI cycle took 0.025s
RTI cycle took 0.030s
RTI cycle took 0.029s
RTI cycle took 0.037s
RTI cycle took 0.031s
RTI cycle took 0.018s
RTI cycle took 0.028s
RTI cycle took 0.029s
RTI cycle took 0.028s
RTI cycle took 0.028s
RTI cycle took 0.028s
RTI cycle took 0.021s
RTI cycle took 0.015s
RTI cycle took 0.016s
RTI cycle took 0.012s
RTI cycle took 0.022s
RTI cycle took 0.036s
RTI cycle took 0.021s
RTI cycle took 0.026s
RTI cycle took 0.022s
RTI cycle took 0.018s
RTI cycle took 0.024s
RTI cycle took 0.018s
RTI cycle took 0.014s
RTI cycle took 0.022s
RTI cycle took 0.023s
RTI cycle took 0.041s
RTI cycle took 0.034s
RTI cycle took 0.039s
RTI cycle took 0.031s
RTI cycle took 0.037s
RTI cycle took 0.039s
RTI cycle took 0.038s
RTI cycle took 0.039s
RTI cycle took 0.036s
RTI cycle took 0.050s
RTI cycle took 0.023s
RTI cycle took 0.059s
RTI cycle took 0.035s
RTI cycle took 0.034s
RTI cycle took 0.030s
RTI cycle took 0.073s
RTI cycle took 0.049s
RTI cycle took 0.015s
RTI cycle took 0.016s
RTI cycle took 0.012s
RTI cycle took 0.013s
RTI cycle took 0.019s
RTI cycle took 0.021s
RTI cycle took 0.026s
RTI cycle took 0.032s
RTI cycle took 0.040s
RTI cycle took 0.024s
RTI cycle took 0.023s
RTI cycle took 0.016s
RTI cycle took 0.013s
RTI cycle took 0.030s
RTI cycle took 0.031s
RTI cycle took 0.028s
RTI cycle took 0.029s
RTI cycle took 0.033s
RTI cycle took 0.018s
RTI cycle took 0.028s
RTI cycle took 0.014s
RTI cycle took 0.013s
[32mloggerd[0m [32mencoderd[0m [32mlogmessaged[0m [32mcamerad[0m [32mlogcatd[0m [32mproclogd[0m [32mmicd[0m [32mtimed[0m [32mdmonitoringmodeld[0m [32msensord[0m [32mui[0m [32msoundd[0m [32mlocationd[0m [32mcalibrationd[0m [32mtorqued[0m [32mcontrolsd[0m [32mselfdrived[0m [32mcard[0m [32mdeleter[0m [32mdmonitoringd[0m [32mqcomgpsd[0m [32mpandad[0m [32mparamsd[0m [32mlagd[0m [31mplannerd[0m [32mradard[0m [32mhardwared[0m [32mtombstoned[0m [32muploader[0m [32mstatsd[0m [32mfeedbackd[0m [32mmodeld_tinygrad[0m [32mmapd[0m [32mmapd_manager[0m [32mrtid[0m
[32mloggerd[0m [32mencoderd[0m [32mlogmessaged[0m [32mcamerad[0m [32mlogcatd[0m [32mproclogd[0m [32mmicd[0m [32mtimed[0m [32mdmonitoringmodeld[0m [32msensord[0m [32mui[0m [32msoundd[0m [32mlocationd[0m [32mcalibrationd[0m [32mtorqued[0m [32mcontrolsd[0m [32mselfdrived[0m [32mcard[0m [32mdeleter[0m [32mdmonitoringd[0m [32mqcomgpsd[0m [32mpandad[0m [32mparamsd[0m [32mlagd[0m [31mplannerd[0m [32mradard[0m [32mhardwared[0m [32mtombstoned[0m [32muploader[0m [32mstatsd[0m [32mfeedbackd[0m [32mmodeld_tinygrad[0m [32mmapd[0m [32mmapd_manager[0m [32mrtid[0m
[32mloggerd[0m [32mencoderd[0m [32mlogmessaged[0m [32mcamerad[0m [32mlogcatd[0m [32mproclogd[0m [32mmicd[0m [32mtimed[0m [32mdmonitoringmodeld[0m [32msensord[0m [32mui[0m [32msoundd[0m [32mlocationd[0m [32mcalibrationd[0m [32mtorqued[0m [32mcontrolsd[0m [32mselfdrived[0m [32mcard[0m [32mdeleter[0m [32mdmonitoringd[0m [32mqcomgpsd[0m [32mpandad[0m [32mparamsd[0m [32mlagd[0m [31mplannerd[0m [32mradard[0m [32mhardwared[0m [32mtombstoned[0m [32muploader[0m [32mstatsd[0m [32mfeedbackd[0m [32mmodeld_tinygrad[0m [32mmapd[0m [32mmapd_manager[0m [32mrtid[0m
[32mloggerd[0m [32mencoderd[0m [32mlogmessaged[0m [32mcamerad[0m [32mlogcatd[0m [32mproclogd[0m [32mmicd[0m [32mtimed[0m [32mdmonitoringmodeld[0m [32msensord[0m [32mui[0m [32msoundd[0m [32mlocationd[0m [32mcalibrationd[0m [32mtorqued[0m [32mcontrolsd[0m [32mselfdrived[0m [32mcard[0m [32mdeleter[0m [32mdmonitoringd[0m [32mqcomgpsd[0m [32mpandad[0m [32mparamsd[0m [32mlagd[0m [31mplannerd[0m [32mradard[0m [32mhardwared[0m [32mtombstoned[0m [32muploader[0m [32mstatsd[0m [32mfeedbackd[0m [32mmodeld_tinygrad[0m [32mmapd[0m [32mmapd_manager[0m [32mrtid[0m
[32mloggerd[0m [32mencoderd[0m [32mlogmessaged[0m [32mcamerad[0m [32mlogcatd[0m [32mproclogd[0m [32mmicd[0m [32mtimed[0m [32mdmonitoringmodeld[0m [32msensord[0m [32mui[0m [32msoundd[0m [32mlocationd[0m [32mcalibrationd[0m [32mtorqued[0m [32mcontrolsd[0m [32mselfdrived[0m [32mcard[0m [32mdeleter[0m [32mdmonitoringd[0m [32mqcomgpsd[0m [32mpandad[0m [32mparamsd[0m [32mlagd[0m [31mplannerd[0m [32mradard[0m [32mhardwared[0m [32mtombstoned[0m [32muploader[0m [32mstatsd[0m [32mfeedbackd[0m [32mmodeld_tinygrad[0m [32mmapd[0m [32mmapd_manager[0m [32mrtid[0m
[32mloggerd[0m [32mencoderd[0m [32mlogmessaged[0m [32mcamerad[0m [32mlogcatd[0m [32mproclogd[0m [32mmicd[0m [32mtimed[0m [32mdmonitoringmodeld[0m [32msensord[0m [32mui[0m [32msoundd[0m [32mlocationd[0m [32mcalibrationd[0m [32mtorqued[0m [32mcontrolsd[0m [32mselfdrived[0m [32mcard[0m [32mdeleter[0m [32mdmonitoringd[0m [32mqcomgpsd[0m [32mpandad[0m [32mparamsd[0m [32mlagd[0m [31mplannerd[0m [32mradard[0m [32mhardwared[0m [32mtombstoned[0m [32muploader[0m [32mstatsd[0m [32mfeedbackd[0m [32mmodeld_tinygrad[0m [32mmapd[0m [32mmapd_manager[0m [32mrtid[0m
[32mloggerd[0m [32mencoderd[0m [32mlogmessaged[0m [32mcamerad[0m [32mlogcatd[0m [32mproclogd[0m [32mmicd[0m [32mtimed[0m [32mdmonitoringmodeld[0m [32msensord[0m [32mui[0m [32msoundd[0m [32mlocationd[0m [32mcalibrationd[0m [32mtorqued[0m [32mcontrolsd[0m [32mselfdrived[0m [32mcard[0m [32mdeleter[0m [32mdmonitoringd[0m [32mqcomgpsd[0m [32mpandad[0m [32mparamsd[0m [32mlagd[0m [31mplannerd[0m [32mradard[0m [32mhardwared[0m [32mtombstoned[0m [32muploader[0m [32mstatsd[0m [32mfeedbackd[0m [32mmodeld_tinygrad[0m [32mmapd[0m [32mmapd_manager[0m [32mrtid[0m
[32mloggerd[0m [32mencoderd[0m [32mlogmessaged[0m [32mcamerad[0m [32mlogcatd[0m [32mproclogd[0m [32mmicd[0m [32mtimed[0m [32mdmonitoringmodeld[0m [32msensord[0m [32mui[0m [32msoundd[0m [32mlocationd[0m [32mcalibrationd[0m [32mtorqued[0m [32mcontrolsd[0m [32mselfdrived[0m [32mcard[0m [32mdeleter[0m [32mdmonitoringd[0m [32mqcomgpsd[0m [32mpandad[0m [32mparamsd[0m [32mlagd[0m [31mplannerd[0m [32mradard[0m [32mhardwared[0m [32mtombstoned[0m [32muploader[0m [32mstatsd[0m [32mfeedbackd[0m [32mmodeld_tinygrad[0m [32mmapd[0m [32mmapd_manager[0m [32mrtid[0m
[32mloggerd[0m [32mencoderd[0m [32mlogmessaged[0m [32mcamerad[0m [32mlogcatd[0m [32mproclogd[0m [32mmicd[0m [32mtimed[0m [32mdmonitoringmodeld[0m [32msensord[0m [32mui[0m [32msoundd[0m [32mlocationd[0m [32mcalibrationd[0m [32mtorqued[0m [32mcontrolsd[0m [32mselfdrived[0m [32mcard[0m [32mdeleter[0m [32mdmonitoringd[0m [32mqcomgpsd[0m [32mpandad[0m [32mparamsd[0m [32mlagd[0m [31mplannerd[0m [32mradard[0m [32mhardwared[0m [32mtombstoned[0m [32muploader[0m [32mstatsd[0m [32mfeedbackd[0m [32mmodeld_tinygrad[0m [32mmapd[0m [32mmapd_manager[0m [32mrtid[0m
[32mloggerd[0m [32mencoderd[0m [32mlogmessaged[0m [32mcamerad[0m [32mlogcatd[0m [32mproclogd[0m [32mmicd[0m [32mtimed[0m [32mdmonitoringmodeld[0m [32msensord[0m [32mui[0m [32msoundd[0m [32mlocationd[0m [32mcalibrationd[0m [32mtorqued[0m [32mcontrolsd[0m [32mselfdrived[0m [32mcard[0m [32mdeleter[0m [32mdmonitoringd[0m [32mqcomgpsd[0m [32mpandad[0m [32mparamsd[0m [32mlagd[0m [31mplannerd[0m [32mradard[0m [32mhardwared[0m [32mtombstoned[0m [32muploader[0m [32mstatsd[0m [32mfeedbackd[0m [32mmodeld_tinygrad[0m [32mmapd[0m [32mmapd_manager[0m [32mrtid[0m
[32mloggerd[0m [32mencoderd[0m [32mlogmessaged[0m [32mcamerad[0m [32mlogcatd[0m [32mproclogd[0m [32mmicd[0m [32mtimed[0m [32mdmonitoringmodeld[0m [32msensord[0m [32mui[0m [32msoundd[0m [32mlocationd[0m [32mcalibrationd[0m [32mtorqued[0m [32mcontrolsd[0m [32mselfdrived[0m [32mcard[0m [32mdeleter[0m [32mdmonitoringd[0m [32mqcomgpsd[0m [32mpandad[0m [32mparamsd[0m [32mlagd[0m [31mplannerd[0m [32mradard[0m [32mhardwared[0m [32mtombstoned[0m [32muploader[0m [32mstatsd[0m [32mfeedbackd[0m [32mmodeld_tinygrad[0m [32mmapd[0m [32mmapd_manager[0m [32mrtid[0m
[32mloggerd[0m [32mencoderd[0m [32mlogmessaged[0m [32mcamerad[0m [32mlogcatd[0m [32mproclogd[0m [32mmicd[0m [32mtimed[0m [32mdmonitoringmodeld[0m [32msensord[0m [32mui[0m [32msoundd[0m [32mlocationd[0m [32mcalibrationd[0m [32mtorqued[0m [32mcontrolsd[0m [32mselfdrived[0m [32mcard[0m [32mdeleter[0m [32mdmonitoringd[0m [32mqcomgpsd[0m [32mpandad[0m [32mparamsd[0m [32mlagd[0m [31mplannerd[0m [32mradard[0m [32mhardwared[0m [32mtombstoned[0m [32muploader[0m [32mstatsd[0m [32mfeedbackd[0m [32mmodeld_tinygrad[0m [32mmapd[0m [32mmapd_manager[0m [32mrtid[0m
[32mloggerd[0m [32mencoderd[0m [32mlogmessaged[0m [32mcamerad[0m [32mlogcatd[0m [32mproclogd[0m [32mmicd[0m [32mtimed[0m [32mdmonitoringmodeld[0m [32msensord[0m [32mui[0m [32msoundd[0m [32mlocationd[0m [32mcalibrationd[0m [32mtorqued[0m [32mcontrolsd[0m [32mselfdrived[0m [32mcard[0m [32mdeleter[0m [32mdmonitoringd[0m [32mqcomgpsd[0m [32mpandad[0m [32mparamsd[0m [32mlagd[0m [31mplannerd[0m [32mradard[0m [32mhardwared[0m [32mtombstoned[0m [32muploader[0m [32mstatsd[0m [32mfeedbackd[0m [32mmodeld_tinygrad[0m [32mmapd[0m [32mmapd_manager[0m [32mrtid[0m
RTI cycle took 0.012s
RTI cycle took 0.017s
RTI cycle took 0.027s
RTI cycle took 0.031s
RTI cycle took 0.034s
RTI cycle took 0.036s
RTI cycle took 0.021s
RTI cycle took 0.019s
RTI cycle took 0.042s
RTI cycle took 0.031s
RTI cycle took 0.030s
RTI cycle took 0.026s
RTI cycle took 0.031s
RTI cycle took 0.027s
RTI cycle took 0.021s
RTI cycle took 0.029s
RTI cycle took 0.030s
RTI cycle took 0.024s
RTI cycle took 0.041s
RTI cycle took 0.019s
RTI cycle took 0.030s
RTI cycle took 0.049s
RTI cycle took 0.017s
RTI cycle took 0.021s
RTI cycle took 0.025s
RTI cycle took 0.031s
RTI cycle took 0.026s
RTI cycle took 0.019s
RTI cycle took 0.040s
RTI cycle took 0.029s
RTI cycle took 0.030s
RTI cycle took 0.015s
RTI cycle took 0.039s
RTI cycle took 0.016s
RTI cycle took 0.015s
RTI cycle took 0.016s
RTI cycle took 0.046s
RTI cycle took 0.021s
RTI cycle took 0.028s
RTI cycle took 0.030s
RTI cycle took 0.014s
RTI cycle took 0.018s
RTI cycle took 0.031s
RTI cycle took 0.020s
RTI cycle took 0.019s
RTI cycle took 0.022s
RTI cycle took 0.018s
RTI cycle took 0.024s
RTI cycle took 0.038s
RTI cycle took 0.021s
RTI cycle took 0.031s
RTI cycle took 0.026s
RTI cycle took 0.027s
RTI cycle took 0.032s
RTI cycle took 0.024s
RTI cycle took 0.023s
RTI cycle took 0.038s
RTI cycle took 0.040s
RTI cycle took 0.034s
RTI cycle took 0.024s
RTI cycle took 0.081s
RTI cycle took 0.023s
RTI cycle took 0.024s
RTI cycle took 0.017s
RTI cycle took 0.027s
RTI cycle took 0.025s
RTI cycle took 0.023s
RTI cycle took 0.018s
RTI cycle took 0.025s
RTI cycle took 0.025s
RTI cycle took 0.031s
RTI cycle took 0.066s
RTI cycle took 0.034s
RTI cycle took 0.021s
RTI cycle took 0.046s
RTI cycle took 0.053s
RTI cycle took 0.018s
RTI cycle took 0.022s
RTI cycle took 0.028s
RTI cycle took 0.032s
RTI cycle took 0.025s
RTI cycle took 0.021s
RTI cycle took 0.028s
RTI cycle took 0.029s
RTI cycle took 0.018s
RTI cycle took 0.030s
RTI cycle took 0.028s
RTI cycle took 0.031s
RTI cycle took 0.039s
RTI cycle took 0.020s
RTI cycle took 0.019s
RTI cycle took 0.014s
RTI cycle took 0.041s
RTI cycle took 0.048s
RTI cycle took 0.024s
RTI cycle took 0.049s
RTI cycle took 0.026s
RTI cycle took 0.055s
RTI cycle took 0.022s
RTI cycle took 0.024s
RTI cycle took 0.033s
RTI cycle took 0.011s
RTI cycle took 0.019s
RTI cycle took 0.028s
RTI cycle took 0.038s
RTI cycle took 0.031s
RTI cycle took 0.028s
RTI cycle took 0.028s
RTI cycle took 0.020s
RTI cycle took 0.019s
RTI cycle took 0.027s
RTI cycle took 0.029s
RTI cycle took 0.033s
RTI cycle took 0.037s
RTI cycle took 0.018s
RTI cycle took 0.025s
RTI cycle took 0.026s
RTI cycle took 0.030s
RTI cycle took 0.018s
RTI cycle took 0.027s
RTI cycle took 0.027s
RTI cycle took 0.021s
RTI cycle took 0.016s
RTI cycle took 0.016s
RTI cycle took 0.025s
RTI cycle took 0.027s
RTI cycle took 0.019s
RTI cycle took 0.029s
RTI cycle took 0.031s
RTI cycle took 0.015s
RTI cycle took 0.018s
RTI cycle took 0.012s
RTI cycle took 0.021s
RTI cycle took 0.063s
selfdrive/pandad/pandad.cc: reading hwmon took 83.652304ms
RTI cycle took 0.103s
RTI cycle took 0.022s
RTI cycle took 0.058s
RTI cycle took 0.044s
RTI cycle took 0.058s
RTI cycle took 0.037s
RTI cycle took 0.038s
RTI cycle took 0.029s
RTI cycle took 0.031s
RTI cycle took 0.027s
RTI cycle took 0.022s
RTI cycle took 0.049s
RTI cycle took 0.026s
RTI cycle took 0.039s
RTI cycle took 0.020s
RTI cycle took 0.020s
RTI cycle took 0.031s
RTI cycle took 0.022s
RTI cycle took 0.038s
RTI cycle took 0.037s
RTI cycle took 0.041s
RTI cycle took 0.025s
RTI cycle took 0.038s
RTI cycle took 0.039s
RTI cycle took 0.040s
RTI cycle took 0.026s
RTI cycle took 0.040s
RTI cycle took 0.040s
RTI cycle took 0.017s
RTI cycle took 0.037s
RTI cycle took 0.031s
RTI cycle took 0.026s
RTI cycle took 0.030s
RTI cycle took 0.021s
RTI cycle took 0.038s
RTI cycle took 0.030s
RTI cycle took 0.042s
RTI cycle took 0.054s
RTI cycle took 0.042s
RTI cycle took 0.028s
RTI cycle took 0.049s
RTI cycle took 0.094s
RTI cycle took 0.044s
RTI cycle took 0.106s
RTI cycle took 0.126s
RTI cycle took 0.069s
selfdrive/pandad/pandad.cc: reading hwmon took 70.493561ms
system/loggerd/encoder/v4l_encoder.cc: encoder dequeue poll timeout
Sensor reading ignored, sensor timestamp more than 100ms off from log time
system/loggerd/encoder/v4l_encoder.cc: encoder dequeue poll timeout
system/loggerd/encoder/v4l_encoder.cc: encoder dequeue poll timeout
system/loggerd/encoder/v4l_encoder.cc: encoder dequeue poll timeout
system/camerad/cameras/spectra.cc: camera 1 frame ID skipped, 1814 -> 1816
system/loggerd/encoder/v4l_encoder.cc: encoder dequeue poll timeout
system/loggerd/encoder/v4l_encoder.cc: encoder dequeue poll timeout
system/loggerd/encoder/v4l_encoder.cc: encoder dequeue poll timeout
system/loggerd/encoder/v4l_encoder.cc: encoder dequeue poll timeout
selfdrive/pandad/pandad.cc: reading hwmon took 97.204092ms
system/loggerd/encoder/v4l_encoder.cc: encoder dequeue poll timeout
Observation gyroscope ignored due to failed timing check
system/loggerd/encoder/v4l_encoder.cc: encoder dequeue poll timeout
system/loggerd/encoder/v4l_encoder.cc: encoder dequeue poll timeout
system/loggerd/encoder/v4l_encoder.cc: encoder dequeue poll timeout
Sensor reading ignored, sensor timestamp more than 100ms off from log time
time jumped: 1756480152323123450 1756480153023474559
Observation accelerometer ignored due to failed timing check
system/loggerd/encoder/v4l_encoder.cc: encoder dequeue poll timeout
system/loggerd/encoder/v4l_encoder.cc: encoder dequeue poll timeout
system/loggerd/encoder/v4l_encoder.cc: encoder dequeue poll timeout
system/loggerd/encoder/v4l_encoder.cc: encoder dequeue poll timeout
Sensor reading ignored, sensor timestamp more than 100ms off from log time
system/loggerd/encoder/v4l_encoder.cc: encoder dequeue poll timeout
system/loggerd/encoder/v4l_encoder.cc: encoder dequeue poll timeout
system/loggerd/encoder/v4l_encoder.cc: encoder dequeue poll timeout
system/loggerd/encoder/v4l_encoder.cc: encoder dequeue poll timeout
system/camerad/cameras/spectra.cc: clearing and requeuing camera 1 from 1815
Observation gyroscope ignored due to failed timing check
time jumped: 1756480153019799076 1756480152323123450
system/camerad/cameras/spectra.cc: camera 2 reset after half second of invalid requests
system/loggerd/encoder/v4l_encoder.cc: encoder dequeue poll timeout
system/camerad/cameras/spectra.cc: clearing and requeuing camera 2 from 1811
system/camerad/cameras/spectra.cc: camera 0 reset after half second of invalid requests
system/camerad/cameras/spectra.cc: clearing and requeuing camera 0 from 1812
system/loggerd/encoder/v4l_encoder.cc: encoder dequeue poll timeout
system/loggerd/encoder/v4l_encoder.cc: encoder dequeue poll timeout
system/loggerd/encoder/v4l_encoder.cc: encoder dequeue poll timeout
system/camerad/cameras/spectra.cc: camera 1 frame ID skipped, 2034 -> 2041
system/camerad/cameras/spectra.cc: clearing and requeuing camera 1 from 1850
system/loggerd/encoder/v4l_encoder.cc: encoder dequeue poll timeout
system/camerad/cameras/spectra.cc: camera 2 frame ID skipped, 2040 -> 2042
system/camerad/cameras/spectra.cc: clearing and requeuing camera 2 from 1823
system/camerad/cameras/spectra.cc: camera 0 reset after half second of invalid requests
system/camerad/cameras/spectra.cc: clearing and requeuing camera 0 from 1812
system/loggerd/encoder/v4l_encoder.cc: encoder dequeue poll timeout
system/camerad/cameras/spectra.cc: camera 1 requests skipped 1867 -> 1869
system/camerad/cameras/spectra.cc: clearing and requeuing camera 1 from 1870
system/camerad/cameras/spectra.cc: camera 0 reset after half second of invalid requests
system/camerad/cameras/spectra.cc: clearing and requeuing camera 0 from 1812
selfdrive/pandad/pandad.cc: reading hwmon took 116.255838ms
system/loggerd/encoder/v4l_encoder.cc: encoder dequeue poll timeout
system/camerad/cameras/spectra.cc: camera 1 requests skipped 1887 -> 1893
system/camerad/cameras/spectra.cc: clearing and requeuing camera 1 from 1894
system/camerad/cameras/spectra.cc: camera 0 reset after half second of invalid requests
system/camerad/cameras/spectra.cc: clearing and requeuing camera 0 from 1812
system/loggerd/encoder/v4l_encoder.cc: encoder dequeue poll timeout
system/loggerd/encoder/v4l_encoder.cc: encoder dequeue poll timeout
system/loggerd/encoder/v4l_encoder.cc: encoder dequeue poll timeout
system/loggerd/encoder/v4l_encoder.cc: encoder dequeue poll timeout
system/camerad/cameras/spectra.cc: camera 1 requests skipped 1911 -> 1919
system/camerad/cameras/spectra.cc: clearing and requeuing camera 1 from 1920
system/camerad/cameras/spectra.cc: camera 0 reset after half second of invalid requests
system/camerad/cameras/spectra.cc: clearing and requeuing camera 0 from 1812
system/loggerd/encoder/v4l_encoder.cc: encoder dequeue poll timeout
system/camerad/cameras/spectra.cc: camera 2 frame ID skipped, 2152 -> 2154
system/loggerd/encoder/v4l_encoder.cc: encoder dequeue poll timeout
system/loggerd/encoder/v4l_encoder.cc: encoder dequeue poll timeout
system/loggerd/encoder/v4l_encoder.cc: encoder dequeue poll timeout
system/camerad/cameras/spectra.cc: clearing and requeuing camera 2 from 1923
system/loggerd/encoder/v4l_encoder.cc: encoder dequeue poll timeout
system/camerad/cameras/spectra.cc: camera 0 reset after half second of invalid requests
system/camerad/cameras/spectra.cc: clearing and requeuing camera 0 from 1812
system/loggerd/encoder/v4l_encoder.cc: encoder dequeue poll timeout
system/loggerd/encoder/v4l_encoder.cc: encoder dequeue poll timeout
system/loggerd/encoder/v4l_encoder.cc: encoder dequeue poll timeout
system/camerad/cameras/spectra.cc: camera 1 reset after half second of invalid requests
system/camerad/cameras/spectra.cc: clearing and requeuing camera 1 from 1937
system/camerad/cameras/spectra.cc: camera 0 reset after half second of invalid requests
system/camerad/cameras/spectra.cc: clearing and requeuing camera 0 from 1812
system/loggerd/encoder/v4l_encoder.cc: encoder dequeue poll timeout
system/loggerd/encoder/v4l_encoder.cc: encoder dequeue poll timeout
system/loggerd/encoder/v4l_encoder.cc: encoder dequeue poll timeout
system/camerad/cameras/spectra.cc: camera 1 reset after half second of invalid requests
system/camerad/cameras/spectra.cc: clearing and requeuing camera 1 from 1937
system/loggerd/encoder/v4l_encoder.cc: encoder dequeue poll timeout
system/loggerd/encoder/v4l_encoder.cc: encoder dequeue poll timeout
system/loggerd/encoder/v4l_encoder.cc: encoder dequeue poll timeout
system/camerad/cameras/spectra.cc: camera 0 reset after half second of invalid requests
system/camerad/cameras/spectra.cc: clearing and requeuing camera 0 from 1812
system/camerad/cameras/spectra.cc: camera 2 frame ID skipped, 2227 -> 2231
system/camerad/cameras/spectra.cc: clearing and requeuing camera 2 from 1974
system/camerad/cameras/spectra.cc: camera 1 reset after half second of invalid requests
system/camerad/cameras/spectra.cc: clearing and requeuing camera 1 from 1937
system/loggerd/encoder/v4l_encoder.cc: encoder dequeue poll timeout
selfdrive/pandad/pandad.cc: reading hwmon took 79.302145ms
system/loggerd/encoder/v4l_encoder.cc: encoder dequeue poll timeout
system/loggerd/encoder/v4l_encoder.cc: encoder dequeue poll timeout
system/camerad/cameras/spectra.cc: camera 0 reset after half second of invalid requests
selfdrive/pandad/pandad.cc: reading hwmon took 60.881272ms
system/loggerd/encoder/v4l_encoder.cc: encoder dequeue poll timeout
system/loggerd/encoder/v4l_encoder.cc: encoder dequeue poll timeout
system/loggerd/encoder/v4l_encoder.cc: encoder dequeue poll timeout
system/loggerd/encoder/v4l_encoder.cc: encoder dequeue poll timeout
system/camerad/cameras/spectra.cc: clearing and requeuing camera 0 from 1812
system/camerad/cameras/spectra.cc: camera 2 frame ID skipped, 2261 -> 2273
system/camerad/cameras/spectra.cc: clearing and requeuing camera 2 from 2004
system/camerad/cameras/spectra.cc: camera 1 reset after half second of invalid requests
system/camerad/cameras/spectra.cc: clearing and requeuing camera 1 from 1937
system/loggerd/encoder/v4l_encoder.cc: encoder dequeue poll timeout
system/loggerd/encoder/v4l_encoder.cc: encoder dequeue poll timeout
system/loggerd/encoder/v4l_encoder.cc: encoder dequeue poll timeout
system/loggerd/encoder/v4l_encoder.cc: encoder dequeue poll timeout
system/camerad/cameras/spectra.cc: camera 2 requests skipped 2022 -> 2027
system/camerad/cameras/spectra.cc: clearing and requeuing camera 2 from 2028
system/camerad/cameras/spectra.cc: camera 1 reset after half second of invalid requests
system/camerad/cameras/spectra.cc: clearing and requeuing camera 1 from 1937
system/camerad/cameras/spectra.cc: camera 0 reset after half second of invalid requests
system/camerad/cameras/spectra.cc: clearing and requeuing camera 0 from 1812
system/loggerd/encoder/v4l_encoder.cc: encoder dequeue poll timeout
system/loggerd/encoder/v4l_encoder.cc: encoder dequeue poll timeout
system/loggerd/encoder/v4l_encoder.cc: encoder dequeue poll timeout
system/loggerd/encoder/v4l_encoder.cc: encoder dequeue poll timeout
system/loggerd/encoder/v4l_encoder.cc: encoder dequeue poll timeout
system/loggerd/encoder/v4l_encoder.cc: encoder dequeue poll timeout
system/camerad/cameras/spectra.cc: camera 2 requests skipped 2046 -> 2048
system/camerad/cameras/spectra.cc: clearing and requeuing camera 2 from 2049
system/camerad/cameras/spectra.cc: camera 1 reset after half second of invalid requests
system/loggerd/encoder/v4l_encoder.cc: encoder dequeue poll timeout
system/camerad/cameras/spectra.cc: clearing and requeuing camera 1 from 1937
system/camerad/cameras/spectra.cc: camera 2 frame ID skipped, 2354 -> 2358
system/camerad/cameras/spectra.cc: clearing and requeuing camera 2 from 2055
system/loggerd/encoder/v4l_encoder.cc: encoder dequeue poll timeout
system/loggerd/encoder/v4l_encoder.cc: encoder dequeue poll timeout
system/camerad/cameras/spectra.cc: camera 0 reset after half second of invalid requests
system/camerad/cameras/spectra.cc: clearing and requeuing camera 0 from 1812
system/loggerd/encoder/v4l_encoder.cc: encoder dequeue poll timeout
system/loggerd/encoder/v4l_encoder.cc: encoder dequeue poll timeout
system/loggerd/encoder/v4l_encoder.cc: encoder dequeue poll timeout
system/camerad/cameras/spectra.cc: camera 1 reset after half second of invalid requests
system/camerad/cameras/spectra.cc: clearing and requeuing camera 1 from 1937
system/camerad/cameras/spectra.cc: camera 0 reset after half second of invalid requests
system/camerad/cameras/spectra.cc: clearing and requeuing camera 0 from 1812
system/loggerd/encoder/v4l_encoder.cc: encoder dequeue poll timeout
system/loggerd/encoder/v4l_encoder.cc: encoder dequeue poll timeout
system/loggerd/encoder/v4l_encoder.cc: encoder dequeue poll timeout
system/camerad/cameras/spectra.cc: camera 1 reset after half second of invalid requests
system/camerad/cameras/spectra.cc: clearing and requeuing camera 1 from 1937
system/camerad/cameras/spectra.cc: camera 0 reset after half second of invalid requests
system/camerad/cameras/spectra.cc: clearing and requeuing camera 0 from 1812
selfdrive/pandad/pandad.cc: reading hwmon took 152.718805ms
system/loggerd/encoder/v4l_encoder.cc: encoder dequeue poll timeout
system/loggerd/encoder/v4l_encoder.cc: encoder dequeue poll timeout
system/loggerd/encoder/v4l_encoder.cc: encoder dequeue poll timeout
system/camerad/cameras/spectra.cc: camera 1 reset after half second of invalid requests
system/camerad/cameras/spectra.cc: clearing and requeuing camera 1 from 1937
system/camerad/cameras/spectra.cc: camera 0 reset after half second of invalid requests
system/camerad/cameras/spectra.cc: clearing and requeuing camera 0 from 1812
system/loggerd/encoder/v4l_encoder.cc: encoder dequeue poll timeout
system/loggerd/encoder/v4l_encoder.cc: encoder dequeue poll timeout
system/loggerd/encoder/v4l_encoder.cc: encoder dequeue poll timeout
system/camerad/cameras/spectra.cc: camera 1 reset after half second of invalid requests
system/camerad/cameras/spectra.cc: clearing and requeuing camera 1 from 1937
system/camerad/cameras/spectra.cc: camera 0 reset after half second of invalid requests
system/camerad/cameras/spectra.cc: clearing and requeuing camera 0 from 1812
system/loggerd/encoder/v4l_encoder.cc: encoder dequeue poll timeout
system/loggerd/encoder/v4l_encoder.cc: encoder dequeue poll timeout
system/loggerd/encoder/v4l_encoder.cc: encoder dequeue poll timeout
system/camerad/cameras/spectra.cc: camera 1 reset after half second of invalid requests
system/camerad/cameras/spectra.cc: clearing and requeuing camera 1 from 1937
system/camerad/cameras/spectra.cc: camera 0 reset after half second of invalid requests
system/camerad/cameras/spectra.cc: clearing and requeuing camera 0 from 1812
system/loggerd/encoder/v4l_encoder.cc: encoder dequeue poll timeout
system/loggerd/encoder/v4l_encoder.cc: encoder dequeue poll timeout
system/loggerd/encoder/v4l_encoder.cc: encoder dequeue poll timeout
system/camerad/cameras/spectra.cc: camera 2 frame ID skipped, 2487 -> 2492
system/camerad/cameras/spectra.cc: clearing and requeuing camera 2 from 2177
system/loggerd/encoder/v4l_encoder.cc: encoder dequeue poll timeout
system/loggerd/encoder/v4l_encoder.cc: encoder dequeue poll timeout
system/loggerd/encoder/v4l_encoder.cc: encoder dequeue poll timeout
system/loggerd/encoder/v4l_encoder.cc: encoder dequeue poll timeout
system/loggerd/encoder/v4l_encoder.cc: encoder dequeue poll timeout
system/camerad/cameras/spectra.cc: camera 1 reset after half second of invalid requests
system/camerad/cameras/spectra.cc: clearing and requeuing camera 1 from 1937
system/camerad/cameras/spectra.cc: camera 0 reset after half second of invalid requests
system/camerad/cameras/spectra.cc: clearing and requeuing camera 0 from 1812
system/loggerd/encoder/v4l_encoder.cc: encoder dequeue poll timeout
system/loggerd/encoder/v4l_encoder.cc: encoder dequeue poll timeout
system/loggerd/encoder/v4l_encoder.cc: encoder dequeue poll timeout
system/loggerd/encoder/v4l_encoder.cc: encoder dequeue poll timeout
system/camerad/cameras/spectra.cc: camera 2 reset after half second of invalid requests
system/camerad/cameras/spectra.cc: clearing and requeuing camera 2 from 2178
system/loggerd/encoder/v4l_encoder.cc: encoder dequeue poll timeout
system/loggerd/encoder/v4l_encoder.cc: encoder dequeue poll timeout
system/camerad/cameras/spectra.cc: camera 1 reset after half second of invalid requests
system/camerad/cameras/spectra.cc: clearing and requeuing camera 1 from 1937
system/camerad/cameras/spectra.cc: camera 0 reset after half second of invalid requests
system/camerad/cameras/spectra.cc: clearing and requeuing camera 0 from 1812
selfdrive/pandad/pandad.cc: reading hwmon took 72.257864ms
system/loggerd/encoder/v4l_encoder.cc: encoder dequeue poll timeout
system/loggerd/encoder/v4l_encoder.cc: encoder dequeue poll timeout
system/loggerd/encoder/v4l_encoder.cc: encoder dequeue poll timeout
system/camerad/cameras/spectra.cc: camera 1 reset after half second of invalid requests
system/camerad/cameras/spectra.cc: clearing and requeuing camera 1 from 1937
system/camerad/cameras/spectra.cc: camera 0 reset after half second of invalid requests
system/camerad/cameras/spectra.cc: clearing and requeuing camera 0 from 1812
system/loggerd/encoder/v4l_encoder.cc: encoder dequeue poll timeout
system/loggerd/encoder/v4l_encoder.cc: encoder dequeue poll timeout
system/loggerd/encoder/v4l_encoder.cc: encoder dequeue poll timeout
system/camerad/cameras/spectra.cc: camera 1 reset after half second of invalid requests
system/camerad/cameras/spectra.cc: clearing and requeuing camera 1 from 1937
system/camerad/cameras/spectra.cc: camera 0 reset after half second of invalid requests
system/camerad/cameras/spectra.cc: clearing and requeuing camera 0 from 1812
system/loggerd/encoder/v4l_encoder.cc: encoder dequeue poll timeout
system/loggerd/encoder/v4l_encoder.cc: encoder dequeue poll timeout
system/loggerd/encoder/v4l_encoder.cc: encoder dequeue poll timeout
system/loggerd/encoder/v4l_encoder.cc: encoder dequeue poll timeout
system/loggerd/encoder/v4l_encoder.cc: encoder dequeue poll timeout
system/loggerd/encoder/v4l_encoder.cc: encoder dequeue poll timeout
system/loggerd/encoder/v4l_encoder.cc: encoder dequeue poll timeout
system/camerad/cameras/spectra.cc: camera 2 reset after half second of invalid requests
system/camerad/cameras/spectra.cc: clearing and requeuing camera 2 from 2225
system/camerad/cameras/spectra.cc: camera 1 reset after half second of invalid requests
system/camerad/cameras/spectra.cc: clearing and requeuing camera 1 from 1937
system/camerad/cameras/spectra.cc: camera 0 reset after half second of invalid requests
system/camerad/cameras/spectra.cc: clearing and requeuing camera 0 from 1812
selfdrive/pandad/pandad.cc: reading hwmon took 102.942386ms
selfdrive/pandad/pandad.cc: reading hwmon took 82.080303ms
system/loggerd/encoder/v4l_encoder.cc: encoder dequeue poll timeout
system/loggerd/encoder/v4l_encoder.cc: encoder dequeue poll timeout
system/loggerd/encoder/v4l_encoder.cc: encoder dequeue poll timeout
system/camerad/cameras/spectra.cc: camera 1 reset after half second of invalid requests
system/camerad/cameras/spectra.cc: clearing and requeuing camera 1 from 1937
system/camerad/cameras/spectra.cc: camera 0 reset after half second of invalid requests
system/camerad/cameras/spectra.cc: clearing and requeuing camera 0 from 1812
selfdrive/pandad/pandad.cc: reading hwmon took 99.504329ms
system/loggerd/encoder/v4l_encoder.cc: encoder dequeue poll timeout
system/loggerd/encoder/v4l_encoder.cc: encoder dequeue poll timeout
system/loggerd/encoder/v4l_encoder.cc: encoder dequeue poll timeout
system/loggerd/encoder/v4l_encoder.cc: encoder dequeue poll timeout
system/loggerd/encoder/v4l_encoder.cc: encoder dequeue poll timeout
system/loggerd/encoder/v4l_encoder.cc: encoder dequeue poll timeout
system/loggerd/encoder/v4l_encoder.cc: encoder dequeue poll timeout
system/camerad/cameras/spectra.cc: camera 1 reset after half second of invalid requests
Watchdog timeout for ui (exitcode None) restarting (started=True)
system/camerad/cameras/spectra.cc: clearing and requeuing camera 1 from 1937
system/camerad/cameras/spectra.cc: camera 0 reset after half second of invalid requests
system/camerad/cameras/spectra.cc: clearing and requeuing camera 0 from 1812
system/loggerd/encoder/v4l_encoder.cc: encoder dequeue poll timeout
system/loggerd/encoder/v4l_encoder.cc: encoder dequeue poll timeout
system/loggerd/encoder/v4l_encoder.cc: encoder dequeue poll timeout
system/loggerd/encoder/v4l_encoder.cc: encoder dequeue poll timeout
system/camerad/cameras/spectra.cc: camera 2 reset after half second of invalid requests
system/camerad/cameras/spectra.cc: clearing and requeuing camera 2 from 2270
selfdrive/pandad/pandad.cc: reading hwmon took 87.132241ms
system/camerad/cameras/spectra.cc: camera 1 reset after half second of invalid requests
system/camerad/cameras/spectra.cc: clearing and requeuing camera 1 from 1937
system/camerad/cameras/spectra.cc: camera 0 reset after half second of invalid requests
system/camerad/cameras/spectra.cc: clearing and requeuing camera 0 from 1812
system/loggerd/encoder/v4l_encoder.cc: encoder dequeue poll timeout
system/loggerd/encoder/v4l_encoder.cc: encoder dequeue poll timeout
system/loggerd/encoder/v4l_encoder.cc: encoder dequeue poll timeout
selfdrive/pandad/pandad.cc: reading hwmon took 93.670288ms
system/loggerd/encoder/v4l_encoder.cc: encoder dequeue poll timeout
system/camerad/cameras/spectra.cc: camera 2 frame ID skipped, 2784 -> 2797
system/camerad/cameras/spectra.cc: clearing and requeuing camera 2 from 2306
system/camerad/cameras/spectra.cc: camera 1 reset after half second of invalid requests
system/camerad/cameras/spectra.cc: clearing and requeuing camera 1 from 1937
system/camerad/cameras/spectra.cc: camera 0 reset after half second of invalid requests
system/camerad/cameras/spectra.cc: clearing and requeuing camera 0 from 1812
system/loggerd/encoder/v4l_encoder.cc: encoder dequeue poll timeout
system/loggerd/encoder/v4l_encoder.cc: encoder dequeue poll timeout
selfdrive/pandad/pandad.cc: reading hwmon took 91.193818ms
system/loggerd/encoder/v4l_encoder.cc: encoder dequeue poll timeout
system/loggerd/encoder/v4l_encoder.cc: encoder dequeue poll timeout
system/loggerd/encoder/v4l_encoder.cc: encoder dequeue poll timeout
system/camerad/cameras/spectra.cc: camera 1 reset after half second of invalid requests
system/loggerd/encoder/v4l_encoder.cc: encoder dequeue poll timeout
system/loggerd/encoder/v4l_encoder.cc: encoder dequeue poll timeout
system/loggerd/encoder/v4l_encoder.cc: encoder dequeue poll timeout
system/loggerd/encoder/v4l_encoder.cc: encoder dequeue poll timeout
system/camerad/cameras/spectra.cc: clearing and requeuing camera 1 from 1937
system/camerad/cameras/spectra.cc: camera 0 reset after half second of invalid requests
system/camerad/cameras/spectra.cc: clearing and requeuing camera 0 from 1812
system/camerad/cameras/spectra.cc: camera 2 reset after half second of invalid requests
system/loggerd/encoder/v4l_encoder.cc: encoder dequeue poll timeout
system/loggerd/encoder/v4l_encoder.cc: encoder dequeue poll timeout
system/loggerd/encoder/v4l_encoder.cc: encoder dequeue poll timeout
system/loggerd/encoder/v4l_encoder.cc: encoder dequeue poll timeout
system/camerad/cameras/spectra.cc: clearing and requeuing camera 2 from 2326
system/loggerd/encoder/v4l_encoder.cc: encoder dequeue poll timeout
system/camerad/cameras/spectra.cc: camera 2 frame ID skipped, 2877 -> 2882
system/loggerd/encoder/v4l_encoder.cc: encoder dequeue poll timeout
system/loggerd/encoder/v4l_encoder.cc: encoder dequeue poll timeout
system/camerad/cameras/spectra.cc: clearing and requeuing camera 2 from 2332
system/camerad/cameras/spectra.cc: camera 1 reset after half second of invalid requests
system/camerad/cameras/spectra.cc: clearing and requeuing camera 1 from 1937
system/camerad/cameras/spectra.cc: camera 0 reset after half second of invalid requests
system/camerad/cameras/spectra.cc: clearing and requeuing camera 0 from 1812
system/loggerd/encoder/v4l_encoder.cc: encoder dequeue poll timeout
system/loggerd/encoder/v4l_encoder.cc: encoder dequeue poll timeout
system/loggerd/encoder/v4l_encoder.cc: encoder dequeue poll timeout
system/loggerd/encoder/v4l_encoder.cc: encoder dequeue poll timeout
selfdrive/pandad/pandad.cc: reading hwmon took 69.374296ms
system/camerad/cameras/spectra.cc: camera 1 reset after half second of invalid requests
system/camerad/cameras/spectra.cc: clearing and requeuing camera 1 from 1937
system/camerad/cameras/spectra.cc: camera 0 reset after half second of invalid requests
system/camerad/cameras/spectra.cc: clearing and requeuing camera 0 from 1812
system/camerad/cameras/spectra.cc: camera 2 frame ID skipped, 2915 -> 2920
system/camerad/cameras/spectra.cc: clearing and requeuing camera 2 from 2356
system/loggerd/encoder/v4l_encoder.cc: encoder dequeue poll timeout
system/loggerd/encoder/v4l_encoder.cc: encoder dequeue poll timeout
system/loggerd/encoder/v4l_encoder.cc: encoder dequeue poll timeout
system/loggerd/encoder/v4l_encoder.cc: encoder dequeue poll timeout
system/camerad/cameras/spectra.cc: camera 1 reset after half second of invalid requests
system/loggerd/encoder/v4l_encoder.cc: encoder dequeue poll timeout
system/loggerd/encoder/v4l_encoder.cc: encoder dequeue poll timeout
system/loggerd/encoder/v4l_encoder.cc: encoder dequeue poll timeout
system/camerad/cameras/spectra.cc: clearing and requeuing camera 1 from 1937
system/camerad/cameras/spectra.cc: camera 0 reset after half second of invalid requests
system/camerad/cameras/spectra.cc: clearing and requeuing camera 0 from 1812
selfdrive/pandad/pandad.cc: reading hwmon took 137.350589ms
system/loggerd/encoder/v4l_encoder.cc: encoder dequeue poll timeout
system/loggerd/encoder/v4l_encoder.cc: encoder dequeue poll timeout
system/loggerd/encoder/v4l_encoder.cc: encoder dequeue poll timeout
selfdrive/pandad/pandad.cc: reading hwmon took 67.357903ms
system/loggerd/encoder/v4l_encoder.cc: encoder dequeue poll timeout
system/loggerd/encoder/v4l_encoder.cc: encoder dequeue poll timeout
system/loggerd/encoder/v4l_encoder.cc: encoder dequeue poll timeout
system/loggerd/encoder/v4l_encoder.cc: encoder dequeue poll timeout
system/loggerd/encoder/v4l_encoder.cc: encoder dequeue poll timeout
system/loggerd/encoder/v4l_encoder.cc: encoder dequeue poll timeout
system/loggerd/encoder/v4l_encoder.cc: encoder dequeue poll timeout
system/camerad/cameras/spectra.cc: camera 1 reset after half second of invalid requests
system/camerad/cameras/spectra.cc: clearing and requeuing camera 1 from 1937
system/camerad/cameras/spectra.cc: camera 0 reset after half second of invalid requests
system/camerad/cameras/spectra.cc: clearing and requeuing camera 0 from 1812
system/loggerd/encoder/v4l_encoder.cc: encoder dequeue poll timeout
system/loggerd/encoder/v4l_encoder.cc: encoder dequeue poll timeout
system/loggerd/encoder/v4l_encoder.cc: encoder dequeue poll timeout
system/loggerd/encoder/v4l_encoder.cc: encoder dequeue poll timeout
system/camerad/cameras/spectra.cc: camera 2 reset after half second of invalid requests
system/camerad/cameras/spectra.cc: clearing and requeuing camera 2 from 2404
system/camerad/cameras/spectra.cc: camera 1 reset after half second of invalid requests
system/camerad/cameras/spectra.cc: clearing and requeuing camera 1 from 1937
system/camerad/cameras/spectra.cc: camera 0 reset after half second of invalid requests
system/camerad/cameras/spectra.cc: clearing and requeuing camera 0 from 1812
system/loggerd/encoder/v4l_encoder.cc: encoder dequeue poll timeout
RTI cycle took 0.120s
system/loggerd/loggerd.cc: no camera packets seen. auto rotating
soundd stream over/underflow: output underflow
RTI cycle took 0.175s
system.micd lagging by 7.68 ms
system.micd lagging by 42553.73 ms
system.micd lagging by 63052.78 ms
system.micd lagging by 62952.91 ms
system.micd lagging by 62853.01 ms
system.micd lagging by 62753.11 ms
system.micd lagging by 62653.21 ms
system.micd lagging by 62553.43 ms
system.micd lagging by 62453.57 ms
system.micd lagging by 62353.68 ms
system.micd lagging by 62253.80 ms
system.micd lagging by 62153.93 ms
system.micd lagging by 62054.03 ms
system.micd lagging by 61954.13 ms
system.micd lagging by 61854.23 ms
system.micd lagging by 61754.33 ms
system.micd lagging by 61654.43 ms
system.micd lagging by 61554.53 ms
system.micd lagging by 61454.62 ms
system.micd lagging by 61354.73 ms
system.micd lagging by 61254.82 ms
system.micd lagging by 61154.93 ms
system.micd lagging by 61055.03 ms
system.micd lagging by 60955.20 ms
system.micd lagging by 60855.31 ms
system.micd lagging by 60755.41 ms
system.micd lagging by 60655.51 ms
system.micd lagging by 60555.99 ms
system.micd lagging by 60456.30 ms
system.micd lagging by 60356.87 ms
system.micd lagging by 60257.27 ms
system.micd lagging by 60157.84 ms
system.micd lagging by 60057.94 ms
system.micd lagging by 59958.05 ms
system.micd lagging by 59858.15 ms
system.micd lagging by 59758.25 ms
system.micd lagging by 59658.34 ms
system.micd lagging by 59558.44 ms
system.micd lagging by 59458.54 ms
system.micd lagging by 59358.65 ms
system.micd lagging by 59258.74 ms
system.micd lagging by 59158.84 ms
system.micd lagging by 59058.94 ms
system.micd lagging by 58959.04 ms
system.micd lagging by 58859.18 ms
system.micd lagging by 58759.29 ms
system.micd lagging by 58659.40 ms
system.micd lagging by 58559.50 ms
system.micd lagging by 58459.60 ms
system.micd lagging by 58359.70 ms
system.micd lagging by 58259.80 ms
system.micd lagging by 58159.89 ms
system.micd lagging by 58059.99 ms
system.micd lagging by 57960.09 ms
system.micd lagging by 57860.74 ms
system.micd lagging by 57760.85 ms
system.micd lagging by 57660.95 ms
system.micd lagging by 57561.05 ms
system.micd lagging by 57461.15 ms
system.micd lagging by 57361.25 ms
system.micd lagging by 57261.34 ms
system.micd lagging by 57161.44 ms
system.micd lagging by 57061.56 ms
system.micd lagging by 56961.66 ms
system.micd lagging by 56862.08 ms
system.micd lagging by 56764.27 ms
system.micd lagging by 56665.09 ms
system.micd lagging by 56565.20 ms
system.micd lagging by 56465.29 ms
system.micd lagging by 56379.23 ms
system.micd lagging by 56280.13 ms
system.micd lagging by 56180.72 ms
system.micd lagging by 56080.84 ms
system.micd lagging by 55980.94 ms
system.micd lagging by 55881.66 ms
system.micd lagging by 55783.21 ms
system.micd lagging by 55683.46 ms
system.micd lagging by 55583.57 ms
system.micd lagging by 55483.67 ms
system.micd lagging by 55383.77 ms
system.micd lagging by 55283.87 ms
system.micd lagging by 55183.97 ms
system.micd lagging by 55084.07 ms
system.micd lagging by 54984.17 ms
system.micd lagging by 54893.23 ms
system.micd lagging by 54808.48 ms
system.micd lagging by 54708.63 ms
system.micd lagging by 54608.73 ms
system.micd lagging by 54508.83 ms
system.micd lagging by 54408.93 ms
system.micd lagging by 54309.03 ms
system.micd lagging by 54209.13 ms
system.micd lagging by 54109.24 ms
system.micd lagging by 54009.34 ms
system.micd lagging by 53909.45 ms
system.micd lagging by 53809.56 ms
system.micd lagging by 53709.66 ms
system.micd lagging by 53609.77 ms
system.micd lagging by 53509.87 ms
system.micd lagging by 53409.96 ms
system.micd lagging by 53310.06 ms
system.micd lagging by 53300.33 ms
system.micd lagging by 53203.85 ms
system.micd lagging by 53104.86 ms
system.micd lagging by 53006.06 ms
system.micd lagging by 52911.54 ms
system.micd lagging by 52812.72 ms
system.micd lagging by 52714.31 ms
system.micd lagging by 52615.88 ms
system.micd lagging by 52515.99 ms
system.micd lagging by 52416.21 ms
system.micd lagging by 52316.26 ms
system.micd lagging by 52216.31 ms
system.micd lagging by 52116.52 ms
system.micd lagging by 52016.58 ms
system.micd lagging by 51916.63 ms
system.micd lagging by 51816.80 ms
system.micd lagging by 51716.87 ms
system.micd lagging by 51617.05 ms
system.micd lagging by 51517.12 ms
system.micd lagging by 51417.45 ms
system.micd lagging by 51317.51 ms
system.micd lagging by 51218.22 ms
system.micd lagging by 51119.19 ms
system.micd lagging by 51019.90 ms
system.micd lagging by 50920.64 ms
system.micd lagging by 50821.35 ms
system.micd lagging by 50722.03 ms
system.micd lagging by 50622.57 ms
system.micd lagging by 50524.04 ms
system.micd lagging by 50424.37 ms
system.micd lagging by 50325.92 ms
system.micd lagging by 50226.26 ms
system.micd lagging by 50127.42 ms
system.micd lagging by 50027.64 ms
system.micd lagging by 49927.72 ms
system.micd lagging by 49827.89 ms
system.micd lagging by 49727.96 ms
system.micd lagging by 49628.17 ms
system.micd lagging by 49528.24 ms
system.micd lagging by 49428.39 ms
system.micd lagging by 49328.45 ms
system.micd lagging by 49228.60 ms
system.micd lagging by 49128.67 ms
system.micd lagging by 49028.82 ms
system.micd lagging by 48928.89 ms
system.micd lagging by 48828.99 ms
system.micd lagging by 48729.04 ms
system.micd lagging by 48629.09 ms
system.micd lagging by 48529.13 ms
system.micd lagging by 48429.17 ms
system.micd lagging by 48329.21 ms
system.micd lagging by 48229.25 ms
system.micd lagging by 48129.29 ms
system.micd lagging by 48029.33 ms
system.micd lagging by 47929.37 ms
system.micd lagging by 47829.41 ms
system.micd lagging by 47729.45 ms
system.micd lagging by 47629.49 ms
system.micd lagging by 47529.53 ms
system.micd lagging by 47429.56 ms
system.micd lagging by 47329.60 ms
system.micd lagging by 47229.64 ms
system.micd lagging by 47129.68 ms
system.micd lagging by 47029.72 ms
system.micd lagging by 46929.78 ms
system.micd lagging by 46829.89 ms
system.micd lagging by 46729.95 ms
system.micd lagging by 46629.99 ms
system.micd lagging by 46530.04 ms
system.micd lagging by 46430.08 ms
system.micd lagging by 46330.12 ms
system.micd lagging by 46230.19 ms
system.micd lagging by 46130.23 ms
system.micd lagging by 46030.27 ms
system.micd lagging by 45930.31 ms
system.micd lagging by 45830.35 ms
system.micd lagging by 45730.39 ms
system.micd lagging by 45630.43 ms
system.micd lagging by 45530.47 ms
system.micd lagging by 45430.51 ms
system.micd lagging by 45330.55 ms
system.micd lagging by 45230.59 ms
system.micd lagging by 45130.62 ms
system.micd lagging by 45030.66 ms
system.micd lagging by 44930.70 ms
system.micd lagging by 44830.74 ms
system.micd lagging by 44730.78 ms
system.micd lagging by 44630.82 ms
system.micd lagging by 44530.85 ms
system.micd lagging by 44430.89 ms
system.micd lagging by 44330.93 ms
system.micd lagging by 44230.97 ms
system.micd lagging by 44131.01 ms
system.micd lagging by 44031.05 ms
system.micd lagging by 43931.09 ms
system.micd lagging by 43831.13 ms
system.micd lagging by 43731.16 ms
system.micd lagging by 43631.20 ms
system.micd lagging by 43531.24 ms
system.micd lagging by 43431.28 ms
system.micd lagging by 43331.32 ms
system.micd lagging by 43231.36 ms
system.micd lagging by 43131.40 ms
system.micd lagging by 43031.44 ms
system.micd lagging by 42931.47 ms
system.micd lagging by 42831.51 ms
system.micd lagging by 42731.55 ms
system.micd lagging by 42631.59 ms
system.micd lagging by 42531.63 ms
system.micd lagging by 42431.66 ms
system.micd lagging by 42331.70 ms
system.micd lagging by 42231.74 ms
system.micd lagging by 42131.78 ms
system.micd lagging by 42031.82 ms
system.micd lagging by 41931.87 ms
system.micd lagging by 41831.91 ms
system.micd lagging by 41731.95 ms
system.micd lagging by 41631.99 ms
system.micd lagging by 41532.03 ms
system.micd lagging by 41432.07 ms
system.micd lagging by 41332.10 ms
system.micd lagging by 41232.14 ms
system.micd lagging by 41132.18 ms
system.micd lagging by 41032.22 ms
system.micd lagging by 40932.26 ms
system.micd lagging by 40832.29 ms
system.micd lagging by 40732.33 ms
system.micd lagging by 40632.37 ms
system.micd lagging by 40532.41 ms
system.micd lagging by 40432.45 ms
system.micd lagging by 40332.49 ms
system.micd lagging by 40232.52 ms
system.micd lagging by 40132.56 ms
system.micd lagging by 40032.60 ms
system.micd lagging by 39933.83 ms
system.micd lagging by 39833.92 ms
system.micd lagging by 39733.97 ms
system.micd lagging by 39634.01 ms
system.micd lagging by 39534.06 ms
system.micd lagging by 39434.10 ms
system.micd lagging by 39334.14 ms
system.micd lagging by 39234.18 ms
system.micd lagging by 39134.22 ms
system.micd lagging by 39034.26 ms
system.micd lagging by 38934.30 ms
system.micd lagging by 38834.34 ms
system.micd lagging by 38734.38 ms
system.micd lagging by 38634.42 ms
system.micd lagging by 38534.46 ms
system.micd lagging by 38434.50 ms
system.micd lagging by 38334.54 ms
system.micd lagging by 38234.57 ms
system.micd lagging by 38134.61 ms
system.micd lagging by 38034.65 ms
system.micd lagging by 37934.69 ms
system.micd lagging by 37834.73 ms
system.micd lagging by 37734.77 ms
system.micd lagging by 37634.81 ms
system.micd lagging by 37534.85 ms
system.micd lagging by 37434.89 ms
system.micd lagging by 37334.93 ms
system.micd lagging by 37234.96 ms
system.micd lagging by 37135.00 ms
system.micd lagging by 37035.04 ms
system.micd lagging by 36935.08 ms
system.micd lagging by 36835.12 ms
system.micd lagging by 36735.16 ms
system.micd lagging by 36635.20 ms
system.micd lagging by 36535.24 ms
system.micd lagging by 36435.27 ms
system.micd lagging by 36335.31 ms
system.micd lagging by 36235.46 ms
system.micd lagging by 36135.50 ms
system.micd lagging by 36035.54 ms
system.micd lagging by 35935.58 ms
system.micd lagging by 35835.62 ms
system.micd lagging by 35735.66 ms
system.micd lagging by 35635.70 ms
system.micd lagging by 35535.74 ms
system.micd lagging by 35435.78 ms
system.micd lagging by 35335.82 ms
system.micd lagging by 35235.85 ms
system.micd lagging by 35135.89 ms
system.micd lagging by 35035.93 ms
system.micd lagging by 34935.97 ms
system.micd lagging by 34836.01 ms
system.micd lagging by 34736.05 ms
system.micd lagging by 34636.09 ms
system.micd lagging by 34536.13 ms
system.micd lagging by 34436.17 ms
system.micd lagging by 34336.21 ms
system.micd lagging by 34236.25 ms
system.micd lagging by 34136.28 ms
system.micd lagging by 34036.32 ms
system.micd lagging by 33936.36 ms
system.micd lagging by 33836.40 ms
system.micd lagging by 33736.44 ms
system.micd lagging by 33636.48 ms
system.micd lagging by 33536.51 ms
system.micd lagging by 33436.58 ms
system.micd lagging by 33336.62 ms
system.micd lagging by 33236.67 ms
system.micd lagging by 33136.71 ms
system.micd lagging by 33036.75 ms
system.micd lagging by 32936.78 ms
system.micd lagging by 32836.82 ms
system.micd lagging by 32736.86 ms
system.micd lagging by 32636.90 ms
system.micd lagging by 32536.94 ms
system.micd lagging by 32436.98 ms
system.micd lagging by 32337.02 ms
system.micd lagging by 32237.06 ms
system.micd lagging by 32137.10 ms
system.micd lagging by 32037.13 ms
system.micd lagging by 31937.17 ms
system.micd lagging by 31837.21 ms
system.micd lagging by 31737.25 ms
system.micd lagging by 31637.30 ms
system.micd lagging by 31537.34 ms
system.micd lagging by 31437.38 ms
system.micd lagging by 31337.42 ms
system.micd lagging by 31237.46 ms
system.micd lagging by 31137.51 ms
system.micd lagging by 31037.55 ms
system.micd lagging by 30937.59 ms
system.micd lagging by 30837.63 ms
system.micd lagging by 30737.67 ms
system.micd lagging by 30637.71 ms
system.micd lagging by 30537.76 ms
system.micd lagging by 30437.80 ms
system.micd lagging by 30337.84 ms
system.micd lagging by 30237.88 ms
system.micd lagging by 30137.92 ms
system.micd lagging by 30037.97 ms
system.micd lagging by 29938.01 ms
system.micd lagging by 29838.05 ms
system.micd lagging by 29738.09 ms
system.micd lagging by 29638.13 ms
system.micd lagging by 29538.17 ms
system.micd lagging by 29438.21 ms
system.micd lagging by 29338.25 ms
system.micd lagging by 29238.29 ms
system.micd lagging by 29138.33 ms
system.micd lagging by 29038.37 ms
system.micd lagging by 28938.42 ms
system.micd lagging by 28838.46 ms
system.micd lagging by 28738.50 ms
system.micd lagging by 28638.54 ms
system.micd lagging by 28538.58 ms
system.micd lagging by 28438.63 ms
system.micd lagging by 28338.67 ms
system.micd lagging by 28238.71 ms
system.micd lagging by 28138.75 ms
system.micd lagging by 28038.79 ms
system.micd lagging by 27938.83 ms
system.micd lagging by 27838.88 ms
system.micd lagging by 27738.92 ms
system.micd lagging by 27638.96 ms
system.micd lagging by 27539.00 ms
system.micd lagging by 27439.04 ms
system.micd lagging by 27339.08 ms
system.micd lagging by 27239.12 ms
system.micd lagging by 27139.17 ms
system.micd lagging by 27039.23 ms
system.micd lagging by 26939.27 ms
system.micd lagging by 26839.38 ms
system.micd lagging by 26739.42 ms
system.micd lagging by 26639.46 ms
system.micd lagging by 26539.51 ms
system.micd lagging by 26439.54 ms
system.micd lagging by 26339.58 ms
system.micd lagging by 26239.62 ms
system.micd lagging by 26139.66 ms
system.micd lagging by 26039.70 ms
system.micd lagging by 25939.74 ms
system.micd lagging by 25839.78 ms
system.micd lagging by 25739.82 ms
system.micd lagging by 25639.85 ms
system.micd lagging by 25539.89 ms
system.micd lagging by 25439.93 ms
system.micd lagging by 25339.97 ms
system.micd lagging by 25240.01 ms
system.micd lagging by 25140.05 ms
system.micd lagging by 25040.09 ms
system.micd lagging by 24940.13 ms
system.micd lagging by 24840.16 ms
system.micd lagging by 24740.20 ms
system.micd lagging by 24640.24 ms
system.micd lagging by 24540.28 ms
system.micd lagging by 24440.32 ms
system.micd lagging by 24340.35 ms
system.micd lagging by 24240.39 ms
system.micd lagging by 24140.43 ms
system.micd lagging by 24040.47 ms
system.micd lagging by 23940.51 ms
system.micd lagging by 23840.54 ms
system.micd lagging by 23740.58 ms
system.micd lagging by 23640.62 ms
system.micd lagging by 23540.66 ms
system.micd lagging by 23440.70 ms
system.micd lagging by 23340.74 ms
system.micd lagging by 23240.78 ms
system.micd lagging by 23140.82 ms
system.micd lagging by 23040.85 ms
system.micd lagging by 22940.89 ms
system.micd lagging by 22840.93 ms
system.micd lagging by 22740.97 ms
system.micd lagging by 22641.01 ms
system.micd lagging by 22541.05 ms
system.micd lagging by 22441.08 ms
system.micd lagging by 22341.12 ms
system.micd lagging by 22241.16 ms
system.micd lagging by 22141.20 ms
system.micd lagging by 22041.24 ms
system.micd lagging by 21941.28 ms
system.micd lagging by 21841.32 ms
system.micd lagging by 21741.42 ms
system.micd lagging by 21641.49 ms
system.micd lagging by 21541.54 ms
system.micd lagging by 21441.59 ms
system.micd lagging by 21341.63 ms
system.micd lagging by 21241.68 ms
system.micd lagging by 21141.72 ms
system.micd lagging by 21041.76 ms
system.micd lagging by 20941.80 ms
system.micd lagging by 20841.84 ms
system.micd lagging by 20742.85 ms
system.micd lagging by 20642.96 ms
system.micd lagging by 20543.02 ms
system.micd lagging by 20443.06 ms
system.micd lagging by 20343.11 ms
system.micd lagging by 20243.15 ms
system.micd lagging by 20143.19 ms
system.micd lagging by 20043.23 ms
system.micd lagging by 19943.27 ms
system.micd lagging by 19843.34 ms
system.micd lagging by 19743.39 ms
system.micd lagging by 19643.43 ms
system.micd lagging by 19543.47 ms
system.micd lagging by 19443.51 ms
system.micd lagging by 19343.55 ms
system.micd lagging by 19243.59 ms
system.micd lagging by 19143.63 ms
system.micd lagging by 19043.67 ms
system.micd lagging by 18943.71 ms
system.micd lagging by 18843.74 ms
system.micd lagging by 18743.78 ms
system.micd lagging by 18643.82 ms
system.micd lagging by 18543.86 ms
system.micd lagging by 18443.90 ms
system.micd lagging by 18343.94 ms
system.micd lagging by 18244.32 ms
system.micd lagging by 18144.39 ms
system.micd lagging by 18044.44 ms
system.micd lagging by 17944.48 ms
system.micd lagging by 17844.53 ms
system.micd lagging by 17744.57 ms
system.micd lagging by 17644.62 ms
system.micd lagging by 17544.66 ms
system.micd lagging by 17444.70 ms
system.micd lagging by 17344.75 ms
system.micd lagging by 17244.79 ms
system.micd lagging by 17144.83 ms
system.micd lagging by 17044.87 ms
system.micd lagging by 16944.90 ms
system.micd lagging by 16844.94 ms
system.micd lagging by 16744.98 ms
RTI cycle took 0.090s
Fri Aug 29 03:27:45 PM UTC 2025
time jumped: 1756480089031012664 1756480153019799076
RTI cycle took 0.082s
[32mloggerd[0m [32mencoderd[0m [32mlogmessaged[0m [32mcamerad[0m [32mlogcatd[0m [32mproclogd[0m [32mmicd[0m [32mtimed[0m [32mdmonitoringmodeld[0m [32msensord[0m [32mui[0m [32msoundd[0m [32mlocationd[0m [32mcalibrationd[0m [32mtorqued[0m [32mcontrolsd[0m [32mselfdrived[0m [32mcard[0m [32mdeleter[0m [32mdmonitoringd[0m [32mqcomgpsd[0m [32mpandad[0m [32mparamsd[0m [32mlagd[0m [31mplannerd[0m [32mradard[0m [32mhardwared[0m [32mtombstoned[0m [32muploader[0m [32mstatsd[0m [32mfeedbackd[0m [32mmodeld_tinygrad[0m [32mmapd[0m [32mmapd_manager[0m [32mrtid[0m
[32mloggerd[0m [32mencoderd[0m [32mlogmessaged[0m [32mcamerad[0m [32mlogcatd[0m [32mproclogd[0m [32mmicd[0m [32mtimed[0m [32mdmonitoringmodeld[0m [32msensord[0m [32mui[0m [32msoundd[0m [32mlocationd[0m [32mcalibrationd[0m [32mtorqued[0m [32mcontrolsd[0m [32mselfdrived[0m [32mcard[0m [32mdeleter[0m [32mdmonitoringd[0m [32mqcomgpsd[0m [32mpandad[0m [32mparamsd[0m [32mlagd[0m [31mplannerd[0m [32mradard[0m [32mhardwared[0m [32mtombstoned[0m [32muploader[0m [32mstatsd[0m [32mfeedbackd[0m [32mmodeld_tinygrad[0m [32mmapd[0m [32mmapd_manager[0m [32mrtid[0m
[32mloggerd[0m [32mencoderd[0m [32mlogmessaged[0m [32mcamerad[0m [32mlogcatd[0m [32mproclogd[0m [32mmicd[0m [32mtimed[0m [32mdmonitoringmodeld[0m [32msensord[0m [32mui[0m [32msoundd[0m [32mlocationd[0m [32mcalibrationd[0m [32mtorqued[0m [32mcontrolsd[0m [32mselfdrived[0m [32mcard[0m [32mdeleter[0m [32mdmonitoringd[0m [32mqcomgpsd[0m [32mpandad[0m [32mparamsd[0m [32mlagd[0m [31mplannerd[0m [32mradard[0m [32mhardwared[0m [32mtombstoned[0m [32muploader[0m [32mstatsd[0m [32mfeedbackd[0m [32mmodeld_tinygrad[0m [32mmapd[0m [32mmapd_manager[0m [32mrtid[0m
[32mloggerd[0m [32mencoderd[0m [32mlogmessaged[0m [32mcamerad[0m [32mlogcatd[0m [32mproclogd[0m [32mmicd[0m [32mtimed[0m [32mdmonitoringmodeld[0m [32msensord[0m [32mui[0m [32msoundd[0m [32mlocationd[0m [32mcalibrationd[0m [32mtorqued[0m [32mcontrolsd[0m [32mselfdrived[0m [32mcard[0m [32mdeleter[0m [32mdmonitoringd[0m [32mqcomgpsd[0m [32mpandad[0m [32mparamsd[0m [32mlagd[0m [31mplannerd[0m [32mradard[0m [32mhardwared[0m [32mtombstoned[0m [32muploader[0m [32mstatsd[0m [32mfeedbackd[0m [32mmodeld_tinygrad[0m [32mmapd[0m [32mmapd_manager[0m [32mrtid[0m
[32mloggerd[0m [32mencoderd[0m [32mlogmessaged[0m [32mcamerad[0m [32mlogcatd[0m [32mproclogd[0m [32mmicd[0m [32mtimed[0m [32mdmonitoringmodeld[0m [32msensord[0m [32mui[0m [32msoundd[0m [32mlocationd[0m [32mcalibrationd[0m [32mtorqued[0m [32mcontrolsd[0m [32mselfdrived[0m [32mcard[0m [32mdeleter[0m [32mdmonitoringd[0m [32mqcomgpsd[0m [32mpandad[0m [32mparamsd[0m [32mlagd[0m [31mplannerd[0m [32mradard[0m [32mhardwared[0m [32mtombstoned[0m [32muploader[0m [32mstatsd[0m [32mfeedbackd[0m [32mmodeld_tinygrad[0m [32mmapd[0m [32mmapd_manager[0m [32mrtid[0m
[32mloggerd[0m [32mencoderd[0m [32mlogmessaged[0m [32mcamerad[0m [32mlogcatd[0m [32mproclogd[0m [32mmicd[0m [32mtimed[0m [32mdmonitoringmodeld[0m [32msensord[0m [32mui[0m [32msoundd[0m [32mlocationd[0m [32mcalibrationd[0m [32mtorqued[0m [32mcontrolsd[0m [32mselfdrived[0m [32mcard[0m [32mdeleter[0m [32mdmonitoringd[0m [32mqcomgpsd[0m [32mpandad[0m [32mparamsd[0m [32mlagd[0m [31mplannerd[0m [32mradard[0m [32mhardwared[0m [32mtombstoned[0m [32muploader[0m [32mstatsd[0m [32mfeedbackd[0m [32mmodeld_tinygrad[0m [32mmapd[0m [32mmapd_manager[0m [32mrtid[0m
[32mloggerd[0m [32mencoderd[0m [32mlogmessaged[0m [32mcamerad[0m [32mlogcatd[0m [32mproclogd[0m [32mmicd[0m [32mtimed[0m [32mdmonitoringmodeld[0m [32msensord[0m [32mui[0m [32msoundd[0m [32mlocationd[0m [32mcalibrationd[0m [32mtorqued[0m [32mcontrolsd[0m [32mselfdrived[0m [32mcard[0m [32mdeleter[0m [32mdmonitoringd[0m [32mqcomgpsd[0m [32mpandad[0m [32mparamsd[0m [32mlagd[0m [31mplannerd[0m [32mradard[0m [32mhardwared[0m [32mtombstoned[0m [32muploader[0m [32mstatsd[0m [32mfeedbackd[0m [32mmodeld_tinygrad[0m [32mmapd[0m [32mmapd_manager[0m [32mrtid[0m
RTI cycle took 0.087s
crash
Traceback (most recent call last):
  File "/data/openpilot/openpilot/system/manager/process.py", line 40, in launcher
    mod.main()
  File "/data/openpilot/system/qcomgpsd/qcomgpsd.py", line 272, in main
    opcode, payload = diag.recv()
                      ^^^^^^^^^^^
  File "/data/openpilot/openpilot/system/qcomgpsd/modemdiag.py", line 48, in recv
    unframed_message = self.hdlc_decapsulate(raw_payload)
                       ^^^^^^^^^^^^^^^^^^^^^^^^^^^^^^^^^^
  File "/data/openpilot/openpilot/system/qcomgpsd/modemdiag.py", line 35, in hdlc_decapsulate
    assert payload[-2:] == pack('<H', ModemDiag.ccitt_crc16(payload[:-2]))
           ^^^^^^^^^^^^^^^^^^^^^^^^^^^^^^^^^^^^^^^^^^^^^^^^^^^^^^^^^^^^^^^
AssertionError
selfdrive.ui.soundd lagging by 38.29 ms
selfdrive.ui.soundd lagging by 84.70 ms
selfdrive.ui.soundd lagging by 34.90 ms
selfdrive.ui.soundd lagging by 46.74 ms
selfdrive.ui.soundd lagging by 11420.56 ms
selfdrive.ui.soundd lagging by 63391.72 ms
selfdrive.ui.soundd lagging by 63342.05 ms
selfdrive.ui.soundd lagging by 63292.22 ms
selfdrive.ui.soundd lagging by 63242.39 ms
selfdrive.ui.soundd lagging by 63192.54 ms
selfdrive.ui.soundd lagging by 63142.69 ms
selfdrive.ui.soundd lagging by 63092.83 ms
selfdrive.ui.soundd lagging by 63042.97 ms
selfdrive.ui.soundd lagging by 62993.59 ms
selfdrive.ui.soundd lagging by 62943.73 ms
selfdrive.ui.soundd lagging by 62893.88 ms
selfdrive.ui.soundd lagging by 62844.01 ms
selfdrive.ui.soundd lagging by 62794.15 ms
selfdrive.ui.soundd lagging by 62744.28 ms
selfdrive.ui.soundd lagging by 62694.41 ms
selfdrive.ui.soundd lagging by 62644.55 ms
selfdrive.ui.soundd lagging by 62594.68 ms
selfdrive.ui.soundd lagging by 62544.81 ms
selfdrive.ui.soundd lagging by 62494.97 ms
selfdrive.ui.soundd lagging by 62445.10 ms
selfdrive.ui.soundd lagging by 62395.24 ms
selfdrive.ui.soundd lagging by 62345.88 ms
selfdrive.ui.soundd lagging by 62296.02 ms
selfdrive.ui.soundd lagging by 62246.17 ms
selfdrive.ui.soundd lagging by 62196.31 ms
selfdrive.ui.soundd lagging by 62147.16 ms
selfdrive.ui.soundd lagging by 62097.32 ms
selfdrive.ui.soundd lagging by 62047.50 ms
selfdrive.ui.soundd lagging by 61997.63 ms
selfdrive.ui.soundd lagging by 61947.77 ms
selfdrive.ui.soundd lagging by 61898.34 ms
selfdrive.ui.soundd lagging by 61848.49 ms
selfdrive.ui.soundd lagging by 61799.38 ms
selfdrive.ui.soundd lagging by 61749.51 ms
selfdrive.ui.soundd lagging by 61699.63 ms
selfdrive.ui.soundd lagging by 61649.82 ms
selfdrive.ui.soundd lagging by 61600.36 ms
selfdrive.ui.soundd lagging by 61550.65 ms
selfdrive.ui.soundd lagging by 61505.63 ms
selfdrive.ui.soundd lagging by 61456.14 ms
selfdrive.ui.soundd lagging by 61406.28 ms
selfdrive.ui.soundd lagging by 61356.40 ms
selfdrive.ui.soundd lagging by 61306.68 ms
selfdrive.ui.soundd lagging by 61256.88 ms
selfdrive.ui.soundd lagging by 61207.11 ms
selfdrive.ui.soundd lagging by 61158.75 ms
selfdrive.ui.soundd lagging by 61108.87 ms
selfdrive.ui.soundd lagging by 61059.32 ms
selfdrive.ui.soundd lagging by 61009.44 ms
selfdrive.ui.soundd lagging by 60959.97 ms
selfdrive.ui.soundd lagging by 60910.22 ms
selfdrive.ui.soundd lagging by 60860.33 ms
selfdrive.ui.soundd lagging by 60810.78 ms
selfdrive.ui.soundd lagging by 60760.97 ms
selfdrive.ui.soundd lagging by 60711.23 ms
selfdrive.ui.soundd lagging by 60661.35 ms
selfdrive.ui.soundd lagging by 60611.58 ms
selfdrive.ui.soundd lagging by 60562.42 ms
selfdrive.ui.soundd lagging by 60512.64 ms
selfdrive.ui.soundd lagging by 60462.76 ms
selfdrive.ui.soundd lagging by 60413.69 ms
selfdrive.ui.soundd lagging by 60363.94 ms
selfdrive.ui.soundd lagging by 60314.87 ms
selfdrive.ui.soundd lagging by 60265.02 ms
selfdrive.ui.soundd lagging by 60215.36 ms
selfdrive.ui.soundd lagging by 60165.48 ms
selfdrive.ui.soundd lagging by 60116.43 ms
selfdrive.ui.soundd lagging by 60067.66 ms
selfdrive.ui.soundd lagging by 60017.79 ms
selfdrive.ui.soundd lagging by 59967.90 ms
selfdrive.ui.soundd lagging by 59918.16 ms
selfdrive.ui.soundd lagging by 59868.36 ms
selfdrive.ui.soundd lagging by 59818.65 ms
selfdrive.ui.soundd lagging by 59769.08 ms
selfdrive.ui.soundd lagging by 59719.46 ms
selfdrive.ui.soundd lagging by 59669.59 ms
selfdrive.ui.soundd lagging by 59620.12 ms
selfdrive.ui.soundd lagging by 59570.62 ms
selfdrive.ui.soundd lagging by 59520.95 ms
selfdrive.ui.soundd lagging by 59471.23 ms
selfdrive.ui.soundd lagging by 59421.47 ms
selfdrive.ui.soundd lagging by 59371.72 ms
selfdrive.ui.soundd lagging by 59322.09 ms
selfdrive.ui.soundd lagging by 59272.30 ms
selfdrive.ui.soundd lagging by 59222.73 ms
selfdrive.ui.soundd lagging by 59173.11 ms
selfdrive.ui.soundd lagging by 59123.30 ms
selfdrive.ui.soundd lagging by 59073.61 ms
selfdrive.ui.soundd lagging by 59023.73 ms
selfdrive.ui.soundd lagging by 58974.52 ms
selfdrive.ui.soundd lagging by 58925.25 ms
selfdrive.ui.soundd lagging by 58875.54 ms
selfdrive.ui.soundd lagging by 58826.03 ms
selfdrive.ui.soundd lagging by 58776.25 ms
selfdrive.ui.soundd lagging by 58726.91 ms
selfdrive.ui.soundd lagging by 58677.45 ms
selfdrive.ui.soundd lagging by 58627.68 ms
selfdrive.ui.soundd lagging by 58578.13 ms
selfdrive.ui.soundd lagging by 58528.34 ms
selfdrive.ui.soundd lagging by 58478.73 ms
selfdrive.ui.soundd lagging by 58428.90 ms
selfdrive.ui.soundd lagging by 58379.26 ms
selfdrive.ui.soundd lagging by 58329.42 ms
selfdrive.ui.soundd lagging by 58280.02 ms
selfdrive.ui.soundd lagging by 58230.25 ms
selfdrive.ui.soundd lagging by 58180.40 ms
selfdrive.ui.soundd lagging by 58130.68 ms
selfdrive.ui.soundd lagging by 58081.21 ms
selfdrive.ui.soundd lagging by 58031.50 ms
selfdrive.ui.soundd lagging by 57982.09 ms
selfdrive.ui.soundd lagging by 57932.29 ms
selfdrive.ui.soundd lagging by 57882.56 ms
selfdrive.ui.soundd lagging by 57833.06 ms
selfdrive.ui.soundd lagging by 57783.18 ms
selfdrive.ui.soundd lagging by 57733.79 ms
selfdrive.ui.soundd lagging by 57693.66 ms
selfdrive.ui.soundd lagging by 57644.27 ms
selfdrive.ui.soundd lagging by 57594.45 ms
selfdrive.ui.soundd lagging by 57544.80 ms
selfdrive.ui.soundd lagging by 57494.97 ms
selfdrive.ui.soundd lagging by 57445.14 ms
selfdrive.ui.soundd lagging by 57395.30 ms
selfdrive.ui.soundd lagging by 57345.44 ms
selfdrive.ui.soundd lagging by 57295.59 ms
selfdrive.ui.soundd lagging by 57283.08 ms
selfdrive.ui.soundd lagging by 57233.81 ms
selfdrive.ui.soundd lagging by 57184.27 ms
selfdrive.ui.soundd lagging by 57134.54 ms
selfdrive.ui.soundd lagging by 57092.30 ms
selfdrive.ui.soundd lagging by 57042.53 ms
selfdrive.ui.soundd lagging by 56992.76 ms
selfdrive.ui.soundd lagging by 56943.06 ms
selfdrive.ui.soundd lagging by 56893.21 ms
selfdrive.ui.soundd lagging by 56843.62 ms
selfdrive.ui.soundd lagging by 56794.61 ms
selfdrive.ui.soundd lagging by 56745.38 ms
selfdrive.ui.soundd lagging by 56724.10 ms
selfdrive.ui.soundd lagging by 56695.83 ms
selfdrive.ui.soundd lagging by 56662.59 ms
selfdrive.ui.soundd lagging by 56623.29 ms
selfdrive.ui.soundd lagging by 56583.13 ms
selfdrive.ui.soundd lagging by 56543.14 ms
selfdrive.ui.soundd lagging by 56494.62 ms
selfdrive.ui.soundd lagging by 56445.31 ms
selfdrive.ui.soundd lagging by 56395.50 ms
selfdrive.ui.soundd lagging by 56345.66 ms
selfdrive.ui.soundd lagging by 56314.20 ms
selfdrive.ui.soundd lagging by 56273.16 ms
selfdrive.ui.soundd lagging by 56223.37 ms
selfdrive.ui.soundd lagging by 56173.86 ms
selfdrive.ui.soundd lagging by 56124.20 ms
selfdrive.ui.soundd lagging by 56074.94 ms
selfdrive.ui.soundd lagging by 56025.64 ms
selfdrive.ui.soundd lagging by 55975.99 ms
selfdrive.ui.soundd lagging by 55926.16 ms
selfdrive.ui.soundd lagging by 55876.89 ms
selfdrive.ui.soundd lagging by 55827.19 ms
selfdrive.ui.soundd lagging by 55777.37 ms
selfdrive.ui.soundd lagging by 55728.09 ms
selfdrive.ui.soundd lagging by 55678.38 ms
selfdrive.ui.soundd lagging by 55628.61 ms
selfdrive.ui.soundd lagging by 55579.37 ms
selfdrive.ui.soundd lagging by 55529.92 ms
selfdrive.ui.soundd lagging by 55480.08 ms
selfdrive.ui.soundd lagging by 55430.30 ms
selfdrive.ui.soundd lagging by 55380.41 ms
selfdrive.ui.soundd lagging by 55330.62 ms
selfdrive.ui.soundd lagging by 55280.84 ms
selfdrive.ui.soundd lagging by 55231.01 ms
selfdrive.ui.soundd lagging by 55182.50 ms
selfdrive.ui.soundd lagging by 55132.74 ms
selfdrive.ui.soundd lagging by 55091.36 ms
selfdrive.ui.soundd lagging by 55098.77 ms
selfdrive.ui.soundd lagging by 55049.86 ms
selfdrive.ui.soundd lagging by 55000.08 ms
selfdrive.ui.soundd lagging by 54950.31 ms
selfdrive.ui.soundd lagging by 54900.52 ms
selfdrive.ui.soundd lagging by 54850.73 ms
selfdrive.ui.soundd lagging by 54801.10 ms
selfdrive.ui.soundd lagging by 54751.55 ms
selfdrive.ui.soundd lagging by 54701.83 ms
selfdrive.ui.soundd lagging by 54658.01 ms
selfdrive.ui.soundd lagging by 54618.41 ms
selfdrive.ui.soundd lagging by 54574.78 ms
selfdrive.ui.soundd lagging by 54536.59 ms
logged crash to ['/data/community/crashes/2025-08-29--15-27-45.log', '/data/community/crashes/error.log']
time jumped: 1756480153046881886 1756480089031012664
RTI cycle took 0.098s
system/loggerd/loggerd.cc: rotated to /data/media/0/realdata/00000048--1b9c49d6e5--2
system/loggerd/loggerd.cc: wideRoadEncodeData: encoderd packet has a older segment!!! idx.getSegmentNum():1 s->logger.segment():2 re.encoderd_segment_offset:0
stats dir full
RTI cycle took 0.055s
RTI cycle took 0.027s
RTI cycle took 0.039s
selfdrive.ui.soundd lagging by 54487.80 ms
selfdrive.ui.soundd lagging by 54438.41 ms
selfdrive.ui.soundd lagging by 54398.30 ms
selfdrive.ui.soundd lagging by 54348.62 ms
selfdrive.ui.soundd lagging by 54309.60 ms
selfdrive.ui.soundd lagging by 54261.92 ms
selfdrive.ui.soundd lagging by 54230.61 ms
selfdrive.ui.soundd lagging by 54198.41 ms
selfdrive.ui.soundd lagging by 54148.58 ms
selfdrive.ui.soundd lagging by 54099.98 ms
selfdrive.ui.soundd lagging by 54057.38 ms
selfdrive.ui.soundd lagging by 54023.39 ms
selfdrive.ui.soundd lagging by 53983.13 ms
selfdrive.ui.soundd lagging by 53937.34 ms
selfdrive.ui.soundd lagging by 53892.98 ms
selfdrive.ui.soundd lagging by 53856.30 ms
selfdrive.ui.soundd lagging by 53817.31 ms
selfdrive.ui.soundd lagging by 53767.83 ms
selfdrive.ui.soundd lagging by 53718.14 ms
selfdrive.ui.soundd lagging by 53668.42 ms
selfdrive.ui.soundd lagging by 53618.70 ms
selfdrive.ui.soundd lagging by 53569.05 ms
selfdrive.ui.soundd lagging by 53519.34 ms
selfdrive.ui.soundd lagging by 53477.36 ms
selfdrive.ui.soundd lagging by 53433.43 ms
selfdrive.ui.soundd lagging by 53383.69 ms
selfdrive.ui.soundd lagging by 53333.96 ms
selfdrive.ui.soundd lagging by 53284.17 ms
selfdrive.ui.soundd lagging by 53234.31 ms
selfdrive.ui.soundd lagging by 53192.71 ms
selfdrive.ui.soundd lagging by 53142.96 ms
selfdrive.ui.soundd lagging by 53104.09 ms
selfdrive.ui.soundd lagging by 53054.52 ms
selfdrive.ui.soundd lagging by 53006.34 ms
selfdrive.ui.soundd lagging by 52956.56 ms
selfdrive.ui.soundd lagging by 52911.67 ms
selfdrive.ui.soundd lagging by 52861.93 ms
selfdrive.ui.soundd lagging by 52812.98 ms
selfdrive.ui.soundd lagging by 52763.10 ms
selfdrive.ui.soundd lagging by 52713.21 ms
selfdrive.ui.soundd lagging by 52663.30 ms
selfdrive.ui.soundd lagging by 52613.40 ms
selfdrive.ui.soundd lagging by 52563.49 ms
selfdrive.ui.soundd lagging by 52513.59 ms
selfdrive.ui.soundd lagging by 52463.68 ms
selfdrive.ui.soundd lagging by 52413.77 ms
selfdrive.ui.soundd lagging by 52364.59 ms
selfdrive.ui.soundd lagging by 52314.87 ms
selfdrive.ui.soundd lagging by 52266.21 ms
selfdrive.ui.soundd lagging by 52216.48 ms
selfdrive.ui.soundd lagging by 52166.68 ms
selfdrive.ui.soundd lagging by 52117.10 ms
selfdrive.ui.soundd lagging by 52067.46 ms
selfdrive.ui.soundd lagging by 52017.99 ms
selfdrive.ui.soundd lagging by 51968.14 ms
selfdrive.ui.soundd lagging by 51918.28 ms
selfdrive.ui.soundd lagging by 51869.03 ms
selfdrive.ui.soundd lagging by 51821.52 ms
selfdrive.ui.soundd lagging by 51771.73 ms
selfdrive.ui.soundd lagging by 51721.97 ms
selfdrive.ui.soundd lagging by 51672.22 ms
selfdrive.ui.soundd lagging by 51622.64 ms
selfdrive.ui.soundd lagging by 51572.80 ms
selfdrive.ui.soundd lagging by 51522.91 ms
selfdrive.ui.soundd lagging by 51473.04 ms
selfdrive.ui.soundd lagging by 51423.48 ms
selfdrive.ui.soundd lagging by 51373.83 ms
selfdrive.ui.soundd lagging by 51323.95 ms
selfdrive.ui.soundd lagging by 51274.18 ms
selfdrive.ui.soundd lagging by 51224.29 ms
selfdrive.ui.soundd lagging by 51174.75 ms
selfdrive.ui.soundd lagging by 51124.89 ms
selfdrive.ui.soundd lagging by 51075.03 ms
selfdrive.ui.soundd lagging by 51025.35 ms
selfdrive.ui.soundd lagging by 50975.52 ms
selfdrive.ui.soundd lagging by 50925.80 ms
selfdrive.ui.soundd lagging by 50875.94 ms
selfdrive.ui.soundd lagging by 50826.16 ms
selfdrive.ui.soundd lagging by 50776.40 ms
selfdrive.ui.soundd lagging by 50727.17 ms
selfdrive.ui.soundd lagging by 50677.88 ms
selfdrive.ui.soundd lagging by 50628.41 ms
selfdrive.ui.soundd lagging by 50578.71 ms
selfdrive.ui.soundd lagging by 50529.24 ms
selfdrive.ui.soundd lagging by 50479.39 ms
selfdrive.ui.soundd lagging by 50429.53 ms
selfdrive.ui.soundd lagging by 50380.04 ms
selfdrive.ui.soundd lagging by 50331.42 ms
selfdrive.ui.soundd lagging by 50281.65 ms
selfdrive.ui.soundd lagging by 50232.20 ms
selfdrive.ui.soundd lagging by 50182.55 ms
selfdrive.ui.soundd lagging by 50132.84 ms
selfdrive.ui.soundd lagging by 50083.39 ms
selfdrive.ui.soundd lagging by 50034.23 ms
selfdrive.ui.soundd lagging by 49990.88 ms
selfdrive.ui.soundd lagging by 49941.44 ms
selfdrive.ui.soundd lagging by 49891.58 ms
selfdrive.ui.soundd lagging by 49841.79 ms
selfdrive.ui.soundd lagging by 49791.94 ms
selfdrive.ui.soundd lagging by 49742.10 ms
selfdrive.ui.soundd lagging by 49692.44 ms
selfdrive.ui.soundd lagging by 49643.83 ms
selfdrive.ui.soundd lagging by 49594.03 ms
selfdrive.ui.soundd lagging by 49544.47 ms
selfdrive.ui.soundd lagging by 49494.60 ms
selfdrive.ui.soundd lagging by 49444.72 ms
selfdrive.ui.soundd lagging by 49403.96 ms
selfdrive.ui.soundd lagging by 49354.12 ms
selfdrive.ui.soundd lagging by 49305.28 ms
selfdrive.ui.soundd lagging by 49255.51 ms
selfdrive.ui.soundd lagging by 49205.84 ms
selfdrive.ui.soundd lagging by 49156.03 ms
selfdrive.ui.soundd lagging by 49107.92 ms
selfdrive.ui.soundd lagging by 49058.10 ms
selfdrive.ui.soundd lagging by 49008.43 ms
selfdrive.ui.soundd lagging by 48958.77 ms
selfdrive.ui.soundd lagging by 48908.92 ms
selfdrive.ui.soundd lagging by 48859.19 ms
selfdrive.ui.soundd lagging by 48809.52 ms
selfdrive.ui.soundd lagging by 48759.75 ms
selfdrive.ui.soundd lagging by 48710.50 ms
selfdrive.ui.soundd lagging by 48661.03 ms
selfdrive.ui.soundd lagging by 48611.22 ms
selfdrive.ui.soundd lagging by 48561.46 ms
selfdrive.ui.soundd lagging by 48511.60 ms
selfdrive.ui.soundd lagging by 48461.83 ms
selfdrive.ui.soundd lagging by 48411.98 ms
selfdrive.ui.soundd lagging by 48362.11 ms
selfdrive.ui.soundd lagging by 48312.25 ms
selfdrive.ui.soundd lagging by 48262.38 ms
selfdrive.ui.soundd lagging by 48212.51 ms
selfdrive.ui.soundd lagging by 48162.69 ms
selfdrive.ui.soundd lagging by 48113.37 ms
selfdrive.ui.soundd lagging by 48064.07 ms
selfdrive.ui.soundd lagging by 48014.31 ms
selfdrive.ui.soundd lagging by 47964.56 ms
selfdrive.ui.soundd lagging by 47915.48 ms
selfdrive.ui.soundd lagging by 47865.65 ms
selfdrive.ui.soundd lagging by 47815.87 ms
selfdrive.ui.soundd lagging by 47766.34 ms
selfdrive.ui.soundd lagging by 47719.02 ms
selfdrive.ui.soundd lagging by 47669.43 ms
selfdrive.ui.soundd lagging by 47620.51 ms
selfdrive.ui.soundd lagging by 47571.01 ms
selfdrive.ui.soundd lagging by 47521.25 ms
selfdrive.ui.soundd lagging by 47471.58 ms
selfdrive.ui.soundd lagging by 47421.85 ms
selfdrive.ui.soundd lagging by 47372.13 ms
selfdrive.ui.soundd lagging by 47322.32 ms
selfdrive.ui.soundd lagging by 47272.44 ms
selfdrive.ui.soundd lagging by 47222.54 ms
selfdrive.ui.soundd lagging by 47172.84 ms
selfdrive.ui.soundd lagging by 47123.02 ms
selfdrive.ui.soundd lagging by 47073.20 ms
selfdrive.ui.soundd lagging by 47023.55 ms
selfdrive.ui.soundd lagging by 46973.79 ms
selfdrive.ui.soundd lagging by 46924.28 ms
selfdrive.ui.soundd lagging by 46874.43 ms
selfdrive.ui.soundd lagging by 46824.57 ms
selfdrive.ui.soundd lagging by 46774.73 ms
selfdrive.ui.soundd lagging by 46724.87 ms
selfdrive.ui.soundd lagging by 46675.00 ms
selfdrive.ui.soundd lagging by 46625.14 ms
selfdrive.ui.soundd lagging by 46575.34 ms
selfdrive.ui.soundd lagging by 46525.47 ms
selfdrive.ui.soundd lagging by 46475.75 ms
selfdrive.ui.soundd lagging by 46425.96 ms
selfdrive.ui.soundd lagging by 46376.10 ms
selfdrive.ui.soundd lagging by 46326.23 ms
selfdrive.ui.soundd lagging by 46276.37 ms
selfdrive.ui.soundd lagging by 46226.51 ms
selfdrive.ui.soundd lagging by 46176.64 ms
selfdrive.ui.soundd lagging by 46126.80 ms
selfdrive.ui.soundd lagging by 46077.24 ms
selfdrive.ui.soundd lagging by 46027.52 ms
selfdrive.ui.soundd lagging by 45977.67 ms
selfdrive.ui.soundd lagging by 45927.80 ms
selfdrive.ui.soundd lagging by 45877.94 ms
selfdrive.ui.soundd lagging by 45828.07 ms
selfdrive.ui.soundd lagging by 45778.23 ms
selfdrive.ui.soundd lagging by 45729.48 ms
selfdrive.ui.soundd lagging by 45680.16 ms
selfdrive.ui.soundd lagging by 45630.67 ms
selfdrive.ui.soundd lagging by 45582.45 ms
selfdrive.ui.soundd lagging by 45532.76 ms
selfdrive.ui.soundd lagging by 45483.09 ms
selfdrive.ui.soundd lagging by 45433.34 ms
selfdrive.ui.soundd lagging by 45383.77 ms
selfdrive.ui.soundd lagging by 45333.95 ms
selfdrive.ui.soundd lagging by 45284.28 ms
RTI cycle took 0.030s
system/loggerd/loggerd.cc: qRoadEncodeData: encoderd packet has a older segment!!! idx.getSegmentNum():1 s->logger.segment():2 re.encoderd_segment_offset:0
RTI cycle took 0.039s
RTI cycle took 0.035s
selfdrive.ui.soundd lagging by 45234.68 ms
selfdrive.ui.soundd lagging by 45186.66 ms
selfdrive.ui.soundd lagging by 45136.82 ms
selfdrive.ui.soundd lagging by 45086.96 ms
selfdrive.ui.soundd lagging by 45037.12 ms
selfdrive.ui.soundd lagging by 44987.26 ms
selfdrive.ui.soundd lagging by 44937.74 ms
selfdrive.ui.soundd lagging by 44888.00 ms
selfdrive.ui.soundd lagging by 44838.15 ms
selfdrive.ui.soundd lagging by 44788.32 ms
selfdrive.ui.soundd lagging by 44738.45 ms
selfdrive.ui.soundd lagging by 44688.62 ms
selfdrive.ui.soundd lagging by 44638.76 ms
selfdrive.ui.soundd lagging by 44588.89 ms
selfdrive.ui.soundd lagging by 44539.03 ms
selfdrive.ui.soundd lagging by 44489.22 ms
selfdrive.ui.soundd lagging by 44439.50 ms
selfdrive.ui.soundd lagging by 44389.93 ms
selfdrive.ui.soundd lagging by 44340.91 ms
selfdrive.ui.soundd lagging by 44291.03 ms
selfdrive.ui.soundd lagging by 44241.28 ms
selfdrive.ui.soundd lagging by 44191.49 ms
selfdrive.ui.soundd lagging by 44141.64 ms
selfdrive.ui.soundd lagging by 44091.77 ms
selfdrive.ui.soundd lagging by 44041.91 ms
selfdrive.ui.soundd lagging by 43992.05 ms
selfdrive.ui.soundd lagging by 43942.18 ms
selfdrive.ui.soundd lagging by 43892.93 ms
selfdrive.ui.soundd lagging by 43843.10 ms
selfdrive.ui.soundd lagging by 43793.52 ms
selfdrive.ui.soundd lagging by 43743.72 ms
selfdrive.ui.soundd lagging by 43693.83 ms
selfdrive.ui.soundd lagging by 43643.93 ms
selfdrive.ui.soundd lagging by 43594.63 ms
selfdrive.ui.soundd lagging by 43544.88 ms
selfdrive.ui.soundd lagging by 43495.02 ms
selfdrive.ui.soundd lagging by 43445.34 ms
selfdrive.ui.soundd lagging by 43396.52 ms
selfdrive.ui.soundd lagging by 43346.75 ms
selfdrive.ui.soundd lagging by 43296.90 ms
selfdrive.ui.soundd lagging by 43249.35 ms
selfdrive.ui.soundd lagging by 43200.04 ms
selfdrive.ui.soundd lagging by 43150.26 ms
selfdrive.ui.soundd lagging by 43100.47 ms
selfdrive.ui.soundd lagging by 43050.62 ms
selfdrive.ui.soundd lagging by 43001.38 ms
selfdrive.ui.soundd lagging by 42951.81 ms
selfdrive.ui.soundd lagging by 42901.97 ms
selfdrive.ui.soundd lagging by 42852.19 ms
selfdrive.ui.soundd lagging by 42802.38 ms
selfdrive.ui.soundd lagging by 42752.97 ms
selfdrive.ui.soundd lagging by 42703.30 ms
selfdrive.ui.soundd lagging by 42653.45 ms
selfdrive.ui.soundd lagging by 42603.59 ms
selfdrive.ui.soundd lagging by 42553.72 ms
selfdrive.ui.soundd lagging by 42503.86 ms
selfdrive.ui.soundd lagging by 42453.99 ms
selfdrive.ui.soundd lagging by 42404.13 ms
selfdrive.ui.soundd lagging by 42354.26 ms
selfdrive.ui.soundd lagging by 42304.39 ms
selfdrive.ui.soundd lagging by 42254.53 ms
selfdrive.ui.soundd lagging by 42204.66 ms
selfdrive.ui.soundd lagging by 42154.79 ms
selfdrive.ui.soundd lagging by 42104.94 ms
selfdrive.ui.soundd lagging by 42055.07 ms
selfdrive.ui.soundd lagging by 42005.25 ms
selfdrive.ui.soundd lagging by 41955.38 ms
selfdrive.ui.soundd lagging by 41905.52 ms
selfdrive.ui.soundd lagging by 41855.65 ms
selfdrive.ui.soundd lagging by 41805.79 ms
selfdrive.ui.soundd lagging by 41755.92 ms
selfdrive.ui.soundd lagging by 41706.06 ms
selfdrive.ui.soundd lagging by 41656.19 ms
selfdrive.ui.soundd lagging by 41606.33 ms
selfdrive.ui.soundd lagging by 41556.46 ms
selfdrive.ui.soundd lagging by 41506.64 ms
selfdrive.ui.soundd lagging by 41457.60 ms
selfdrive.ui.soundd lagging by 41408.60 ms
selfdrive.ui.soundd lagging by 41358.99 ms
selfdrive.ui.soundd lagging by 41309.25 ms
selfdrive.ui.soundd lagging by 41259.41 ms
selfdrive.ui.soundd lagging by 41209.55 ms
selfdrive.ui.soundd lagging by 41159.85 ms
selfdrive.ui.soundd lagging by 41110.26 ms
selfdrive.ui.soundd lagging by 41060.58 ms
selfdrive.ui.soundd lagging by 41010.88 ms
selfdrive.ui.soundd lagging by 40961.34 ms
selfdrive.ui.soundd lagging by 40911.49 ms
selfdrive.ui.soundd lagging by 40861.75 ms
selfdrive.ui.soundd lagging by 40811.99 ms
selfdrive.ui.soundd lagging by 40762.17 ms
selfdrive.ui.soundd lagging by 40712.51 ms
selfdrive.ui.soundd lagging by 40662.93 ms
selfdrive.ui.soundd lagging by 40613.05 ms
selfdrive.ui.soundd lagging by 40563.15 ms
selfdrive.ui.soundd lagging by 40513.24 ms
selfdrive.ui.soundd lagging by 40463.34 ms
selfdrive.ui.soundd lagging by 40413.43 ms
selfdrive.ui.soundd lagging by 40363.53 ms
selfdrive.ui.soundd lagging by 40313.62 ms
selfdrive.ui.soundd lagging by 40263.71 ms
selfdrive.ui.soundd lagging by 40213.81 ms
selfdrive.ui.soundd lagging by 40163.90 ms
selfdrive.ui.soundd lagging by 40114.61 ms
selfdrive.ui.soundd lagging by 40064.96 ms
selfdrive.ui.soundd lagging by 40015.73 ms
selfdrive.ui.soundd lagging by 39966.59 ms
selfdrive.ui.soundd lagging by 39917.15 ms
selfdrive.ui.soundd lagging by 39868.10 ms
selfdrive.ui.soundd lagging by 39818.65 ms
selfdrive.ui.soundd lagging by 39770.43 ms
selfdrive.ui.soundd lagging by 39720.72 ms
selfdrive.ui.soundd lagging by 39671.29 ms
selfdrive.ui.soundd lagging by 39621.66 ms
selfdrive.ui.soundd lagging by 39572.79 ms
selfdrive.ui.soundd lagging by 39523.05 ms
selfdrive.ui.soundd lagging by 39473.28 ms
selfdrive.ui.soundd lagging by 39423.44 ms
selfdrive.ui.soundd lagging by 39373.55 ms
selfdrive.ui.soundd lagging by 39323.73 ms
selfdrive.ui.soundd lagging by 39273.96 ms
selfdrive.ui.soundd lagging by 39225.44 ms
selfdrive.ui.soundd lagging by 39176.05 ms
selfdrive.ui.soundd lagging by 39126.73 ms
selfdrive.ui.soundd lagging by 39076.97 ms
selfdrive.ui.soundd lagging by 39027.22 ms
selfdrive.ui.soundd lagging by 38977.47 ms
selfdrive.ui.soundd lagging by 38927.71 ms
selfdrive.ui.soundd lagging by 38878.39 ms
selfdrive.ui.soundd lagging by 38828.69 ms
selfdrive.ui.soundd lagging by 38779.27 ms
selfdrive.ui.soundd lagging by 38729.88 ms
selfdrive.ui.soundd lagging by 38680.63 ms
selfdrive.ui.soundd lagging by 38631.40 ms
selfdrive.ui.soundd lagging by 38582.12 ms
selfdrive.ui.soundd lagging by 38533.14 ms
selfdrive.ui.soundd lagging by 38483.64 ms
selfdrive.ui.soundd lagging by 38433.98 ms
selfdrive.ui.soundd lagging by 38384.54 ms
selfdrive.ui.soundd lagging by 38334.91 ms
selfdrive.ui.soundd lagging by 38285.63 ms
selfdrive.ui.soundd lagging by 38237.83 ms
selfdrive.ui.soundd lagging by 38188.52 ms
selfdrive.ui.soundd lagging by 38139.51 ms
selfdrive.ui.soundd lagging by 38089.92 ms
selfdrive.ui.soundd lagging by 38041.40 ms
selfdrive.ui.soundd lagging by 37991.63 ms
selfdrive.ui.soundd lagging by 37941.98 ms
selfdrive.ui.soundd lagging by 37892.24 ms
selfdrive.ui.soundd lagging by 37842.72 ms
selfdrive.ui.soundd lagging by 37792.83 ms
selfdrive.ui.soundd lagging by 37742.93 ms
selfdrive.ui.soundd lagging by 37693.03 ms
selfdrive.ui.soundd lagging by 37643.12 ms
selfdrive.ui.soundd lagging by 37593.21 ms
selfdrive.ui.soundd lagging by 37543.42 ms
selfdrive.ui.soundd lagging by 37493.53 ms
selfdrive.ui.soundd lagging by 37443.80 ms
selfdrive.ui.soundd lagging by 37394.10 ms
selfdrive.ui.soundd lagging by 37344.36 ms
selfdrive.ui.soundd lagging by 37294.63 ms
selfdrive.ui.soundd lagging by 37244.74 ms
selfdrive.ui.soundd lagging by 37194.84 ms
selfdrive.ui.soundd lagging by 37145.03 ms
selfdrive.ui.soundd lagging by 37095.15 ms
selfdrive.ui.soundd lagging by 37046.54 ms
selfdrive.ui.soundd lagging by 37012.61 ms
selfdrive.ui.soundd lagging by 36962.80 ms
selfdrive.ui.soundd lagging by 36913.08 ms
selfdrive.ui.soundd lagging by 36863.30 ms
selfdrive.ui.soundd lagging by 36813.45 ms
selfdrive.ui.soundd lagging by 36763.82 ms
selfdrive.ui.soundd lagging by 36714.04 ms
selfdrive.ui.soundd lagging by 36664.14 ms
selfdrive.ui.soundd lagging by 36614.25 ms
selfdrive.ui.soundd lagging by 36564.34 ms
selfdrive.ui.soundd lagging by 36514.97 ms
selfdrive.ui.soundd lagging by 36466.36 ms
selfdrive.ui.soundd lagging by 36417.13 ms
selfdrive.ui.soundd lagging by 36367.52 ms
selfdrive.ui.soundd lagging by 36317.97 ms
selfdrive.ui.soundd lagging by 36268.22 ms
selfdrive.ui.soundd lagging by 36230.14 ms
selfdrive.ui.soundd lagging by 36181.21 ms
selfdrive.ui.soundd lagging by 36131.56 ms
selfdrive.ui.soundd lagging by 36082.33 ms
selfdrive.ui.soundd lagging by 36032.60 ms
selfdrive.ui.soundd lagging by 35987.99 ms
selfdrive.ui.soundd lagging by 35938.92 ms
selfdrive.ui.soundd lagging by 35890.91 ms
RTI cycle took 0.030s
system/loggerd/encoder/v4l_encoder.cc: encoder dequeue poll timeout
system/loggerd/encoder/v4l_encoder.cc: encoder dequeue poll timeout
RTI cycle took 0.037s
RTI cycle took 0.038s
RTI cycle took 0.035s
RTI cycle took 0.025s
system/loggerd/encoder/v4l_encoder.cc: encoder dequeue poll timeout
RTI cycle took 0.018s
RTI cycle took 0.027s
system/camerad/cameras/spectra.cc: camera 1 reset after half second of invalid requests
system/camerad/cameras/spectra.cc: clearing and requeuing camera 1 from 1937
system/camerad/cameras/spectra.cc: camera 0 reset after half second of invalid requests
system/camerad/cameras/spectra.cc: clearing and requeuing camera 0 from 1812
selfdrive.ui.soundd lagging by 35841.27 ms
selfdrive.ui.soundd lagging by 35794.26 ms
selfdrive.ui.soundd lagging by 35744.50 ms
selfdrive.ui.soundd lagging by 35694.71 ms
selfdrive.ui.soundd lagging by 35645.88 ms
selfdrive.ui.soundd lagging by 35596.56 ms
selfdrive.ui.soundd lagging by 35546.79 ms
selfdrive.ui.soundd lagging by 35497.32 ms
selfdrive.ui.soundd lagging by 35448.10 ms
selfdrive.ui.soundd lagging by 35398.63 ms
selfdrive.ui.soundd lagging by 35348.89 ms
selfdrive.ui.soundd lagging by 35299.33 ms
selfdrive.ui.soundd lagging by 35249.47 ms
selfdrive.ui.soundd lagging by 35203.94 ms
selfdrive.ui.soundd lagging by 35154.30 ms
selfdrive.ui.soundd lagging by 35104.69 ms
selfdrive.ui.soundd lagging by 35055.56 ms
selfdrive.ui.soundd lagging by 35005.75 ms
selfdrive.ui.soundd lagging by 34955.90 ms
selfdrive.ui.soundd lagging by 34906.04 ms
selfdrive.ui.soundd lagging by 34856.20 ms
selfdrive.ui.soundd lagging by 34806.34 ms
selfdrive.ui.soundd lagging by 34756.50 ms
selfdrive.ui.soundd lagging by 34706.64 ms
selfdrive.ui.soundd lagging by 34657.99 ms
selfdrive.ui.soundd lagging by 34608.19 ms
selfdrive.ui.soundd lagging by 34558.35 ms
selfdrive.ui.soundd lagging by 34508.67 ms
selfdrive.ui.soundd lagging by 34459.15 ms
selfdrive.ui.soundd lagging by 34409.63 ms
selfdrive.ui.soundd lagging by 34360.92 ms
selfdrive.ui.soundd lagging by 34311.35 ms
selfdrive.ui.soundd lagging by 34261.51 ms
selfdrive.ui.soundd lagging by 34211.65 ms
selfdrive.ui.soundd lagging by 34161.79 ms
selfdrive.ui.soundd lagging by 34111.93 ms
selfdrive.ui.soundd lagging by 34062.06 ms
selfdrive.ui.soundd lagging by 34012.22 ms
selfdrive.ui.soundd lagging by 33962.37 ms
selfdrive.ui.soundd lagging by 33912.78 ms
selfdrive.ui.soundd lagging by 33863.04 ms
selfdrive.ui.soundd lagging by 33814.50 ms
selfdrive.ui.soundd lagging by 33772.60 ms
selfdrive.ui.soundd lagging by 33722.91 ms
selfdrive.ui.soundd lagging by 33673.04 ms
selfdrive.ui.soundd lagging by 33623.15 ms
selfdrive.ui.soundd lagging by 33573.25 ms
selfdrive.ui.soundd lagging by 33523.36 ms
selfdrive.ui.soundd lagging by 33473.50 ms
selfdrive.ui.soundd lagging by 33423.62 ms
selfdrive.ui.soundd lagging by 33373.73 ms
selfdrive.ui.soundd lagging by 33323.83 ms
selfdrive.ui.soundd lagging by 33273.93 ms
selfdrive.ui.soundd lagging by 33224.02 ms
selfdrive.ui.soundd lagging by 33175.19 ms
selfdrive.ui.soundd lagging by 33125.41 ms
selfdrive.ui.soundd lagging by 33075.56 ms
selfdrive.ui.soundd lagging by 33025.72 ms
selfdrive.ui.soundd lagging by 32976.52 ms
selfdrive.ui.soundd lagging by 32929.66 ms
selfdrive.ui.soundd lagging by 32880.25 ms
selfdrive.ui.soundd lagging by 32830.45 ms
selfdrive.ui.soundd lagging by 32780.59 ms
selfdrive.ui.soundd lagging by 32730.88 ms
selfdrive.ui.soundd lagging by 32681.42 ms
selfdrive.ui.soundd lagging by 32632.69 ms
selfdrive.ui.soundd lagging by 32582.88 ms
selfdrive.ui.soundd lagging by 32533.03 ms
selfdrive.ui.soundd lagging by 32483.17 ms
selfdrive.ui.soundd lagging by 32434.16 ms
selfdrive.ui.soundd lagging by 32384.75 ms
selfdrive.ui.soundd lagging by 32334.98 ms
selfdrive.ui.soundd lagging by 32285.28 ms
selfdrive.ui.soundd lagging by 32236.51 ms
selfdrive.ui.soundd lagging by 32187.24 ms
selfdrive.ui.soundd lagging by 32137.83 ms
selfdrive.ui.soundd lagging by 32088.00 ms
selfdrive.ui.soundd lagging by 32038.14 ms
selfdrive.ui.soundd lagging by 31988.27 ms
selfdrive.ui.soundd lagging by 31938.41 ms
selfdrive.ui.soundd lagging by 31888.54 ms
selfdrive.ui.soundd lagging by 31838.84 ms
selfdrive.ui.soundd lagging by 31789.33 ms
selfdrive.ui.soundd lagging by 31739.49 ms
selfdrive.ui.soundd lagging by 31689.62 ms
selfdrive.ui.soundd lagging by 31640.15 ms
selfdrive.ui.soundd lagging by 31590.33 ms
selfdrive.ui.soundd lagging by 31540.61 ms
selfdrive.ui.soundd lagging by 31491.26 ms
selfdrive.ui.soundd lagging by 31441.57 ms
selfdrive.ui.soundd lagging by 31392.05 ms
selfdrive.ui.soundd lagging by 31342.33 ms
selfdrive.ui.soundd lagging by 31292.75 ms
selfdrive.ui.soundd lagging by 31243.21 ms
selfdrive.ui.soundd lagging by 31193.37 ms
selfdrive.ui.soundd lagging by 31143.71 ms
selfdrive.ui.soundd lagging by 31094.03 ms
selfdrive.ui.soundd lagging by 31045.17 ms
selfdrive.ui.soundd lagging by 30997.30 ms
selfdrive.ui.soundd lagging by 30951.43 ms
selfdrive.ui.soundd lagging by 30901.63 ms
selfdrive.ui.soundd lagging by 30851.96 ms
selfdrive.ui.soundd lagging by 30802.11 ms
selfdrive.ui.soundd lagging by 30761.00 ms
selfdrive.ui.soundd lagging by 30711.21 ms
selfdrive.ui.soundd lagging by 30690.63 ms
selfdrive.ui.soundd lagging by 30640.86 ms
selfdrive.ui.soundd lagging by 30591.00 ms
selfdrive.ui.soundd lagging by 30541.45 ms
selfdrive.ui.soundd lagging by 30491.74 ms
selfdrive.ui.soundd lagging by 30441.88 ms
selfdrive.ui.soundd lagging by 30392.01 ms
selfdrive.ui.soundd lagging by 30352.08 ms
selfdrive.ui.soundd lagging by 30302.39 ms
selfdrive.ui.soundd lagging by 30252.53 ms
selfdrive.ui.soundd lagging by 30202.68 ms
selfdrive.ui.soundd lagging by 30152.81 ms
selfdrive.ui.soundd lagging by 30107.37 ms
selfdrive.ui.soundd lagging by 30059.54 ms
selfdrive.ui.soundd lagging by 30010.47 ms
selfdrive.ui.soundd lagging by 29961.34 ms
selfdrive.ui.soundd lagging by 29911.69 ms
selfdrive.ui.soundd lagging by 29861.83 ms
selfdrive.ui.soundd lagging by 29811.97 ms
selfdrive.ui.soundd lagging by 29762.10 ms
selfdrive.ui.soundd lagging by 29712.22 ms
selfdrive.ui.soundd lagging by 29662.35 ms
selfdrive.ui.soundd lagging by 29612.48 ms
selfdrive.ui.soundd lagging by 29562.61 ms
selfdrive.ui.soundd lagging by 29520.89 ms
selfdrive.ui.soundd lagging by 29473.22 ms
selfdrive.ui.soundd lagging by 29425.38 ms
selfdrive.ui.soundd lagging by 29376.91 ms
selfdrive.ui.soundd lagging by 29329.27 ms
selfdrive.ui.soundd lagging by 29280.73 ms
selfdrive.ui.soundd lagging by 29232.01 ms
selfdrive.ui.soundd lagging by 29185.75 ms
selfdrive.ui.soundd lagging by 29136.67 ms
selfdrive.ui.soundd lagging by 29089.25 ms
selfdrive.ui.soundd lagging by 29040.56 ms
selfdrive.ui.soundd lagging by 28991.83 ms
selfdrive.ui.soundd lagging by 28943.50 ms
selfdrive.ui.soundd lagging by 28935.87 ms
selfdrive.ui.soundd lagging by 28898.46 ms
selfdrive.ui.soundd lagging by 28848.84 ms
selfdrive.ui.soundd lagging by 28799.05 ms
selfdrive.ui.soundd lagging by 28749.47 ms
selfdrive.ui.soundd lagging by 28706.49 ms
selfdrive.ui.soundd lagging by 28657.22 ms
selfdrive.ui.soundd lagging by 28607.43 ms
selfdrive.ui.soundd lagging by 28557.57 ms
selfdrive.ui.soundd lagging by 28507.75 ms
selfdrive.ui.soundd lagging by 28458.51 ms
selfdrive.ui.soundd lagging by 28408.78 ms
selfdrive.ui.soundd lagging by 28359.13 ms
selfdrive.ui.soundd lagging by 28309.37 ms
selfdrive.ui.soundd lagging by 28259.70 ms
selfdrive.ui.soundd lagging by 28210.55 ms
selfdrive.ui.soundd lagging by 28160.67 ms
selfdrive.ui.soundd lagging by 28111.52 ms
selfdrive.ui.soundd lagging by 28062.62 ms
selfdrive.ui.soundd lagging by 28015.08 ms
selfdrive.ui.soundd lagging by 27965.73 ms
selfdrive.ui.soundd lagging by 27915.95 ms
selfdrive.ui.soundd lagging by 27866.29 ms
selfdrive.ui.soundd lagging by 27816.68 ms
selfdrive.ui.soundd lagging by 27767.13 ms
selfdrive.ui.soundd lagging by 27717.34 ms
selfdrive.ui.soundd lagging by 27668.00 ms
selfdrive.ui.soundd lagging by 27619.93 ms
selfdrive.ui.soundd lagging by 27570.32 ms
selfdrive.ui.soundd lagging by 27520.50 ms
selfdrive.ui.soundd lagging by 27470.62 ms
selfdrive.ui.soundd lagging by 27420.92 ms
selfdrive.ui.soundd lagging by 27372.26 ms
selfdrive.ui.soundd lagging by 27322.52 ms
selfdrive.ui.soundd lagging by 27272.92 ms
selfdrive.ui.soundd lagging by 27223.16 ms
selfdrive.ui.soundd lagging by 27173.46 ms
selfdrive.ui.soundd lagging by 27123.57 ms
selfdrive.ui.soundd lagging by 27073.70 ms
selfdrive.ui.soundd lagging by 27024.20 ms
selfdrive.ui.soundd lagging by 26975.03 ms
selfdrive.ui.soundd lagging by 26925.37 ms
selfdrive.ui.soundd lagging by 26875.54 ms
selfdrive.ui.soundd lagging by 26826.92 ms
selfdrive.ui.soundd lagging by 26777.05 ms
selfdrive.ui.soundd lagging by 26727.16 ms
selfdrive.ui.soundd lagging by 26677.27 ms
selfdrive.ui.soundd lagging by 26627.38 ms
RTI cycle took 0.030s
RTI cycle took 0.045s
selfdrive.ui.soundd lagging by 26577.49 ms
selfdrive.ui.soundd lagging by 26528.17 ms
selfdrive.ui.soundd lagging by 26478.35 ms
selfdrive.ui.soundd lagging by 26428.61 ms
selfdrive.ui.soundd lagging by 26379.44 ms
selfdrive.ui.soundd lagging by 26329.67 ms
selfdrive.ui.soundd lagging by 26279.90 ms
selfdrive.ui.soundd lagging by 26230.38 ms
selfdrive.ui.soundd lagging by 26180.74 ms
selfdrive.ui.soundd lagging by 26131.30 ms
selfdrive.ui.soundd lagging by 26081.41 ms
selfdrive.ui.soundd lagging by 26031.52 ms
selfdrive.ui.soundd lagging by 25981.62 ms
selfdrive.ui.soundd lagging by 25931.73 ms
selfdrive.ui.soundd lagging by 25892.67 ms
selfdrive.ui.soundd lagging by 25848.42 ms
selfdrive.ui.soundd lagging by 25798.57 ms
selfdrive.ui.soundd lagging by 25750.24 ms
selfdrive.ui.soundd lagging by 25700.38 ms
selfdrive.ui.soundd lagging by 25650.49 ms
selfdrive.ui.soundd lagging by 25600.60 ms
selfdrive.ui.soundd lagging by 25550.72 ms
selfdrive.ui.soundd lagging by 25500.82 ms
selfdrive.ui.soundd lagging by 25450.93 ms
selfdrive.ui.soundd lagging by 25401.03 ms
selfdrive.ui.soundd lagging by 25351.14 ms
selfdrive.ui.soundd lagging by 25301.25 ms
selfdrive.ui.soundd lagging by 25251.36 ms
selfdrive.ui.soundd lagging by 25201.46 ms
selfdrive.ui.soundd lagging by 25151.58 ms
selfdrive.ui.soundd lagging by 25103.52 ms
selfdrive.ui.soundd lagging by 25053.95 ms
selfdrive.ui.soundd lagging by 25004.21 ms
selfdrive.ui.soundd lagging by 24954.33 ms
selfdrive.ui.soundd lagging by 24904.44 ms
selfdrive.ui.soundd lagging by 24854.55 ms
selfdrive.ui.soundd lagging by 24804.66 ms
selfdrive.ui.soundd lagging by 24754.77 ms
selfdrive.ui.soundd lagging by 24704.87 ms
selfdrive.ui.soundd lagging by 24654.98 ms
selfdrive.ui.soundd lagging by 24605.09 ms
selfdrive.ui.soundd lagging by 24555.19 ms
selfdrive.ui.soundd lagging by 24505.30 ms
selfdrive.ui.soundd lagging by 24455.42 ms
selfdrive.ui.soundd lagging by 24405.52 ms
selfdrive.ui.soundd lagging by 24356.70 ms
selfdrive.ui.soundd lagging by 24306.86 ms
selfdrive.ui.soundd lagging by 24257.54 ms
selfdrive.ui.soundd lagging by 24207.66 ms
selfdrive.ui.soundd lagging by 24157.78 ms
selfdrive.ui.soundd lagging by 24107.89 ms
selfdrive.ui.soundd lagging by 24058.00 ms
selfdrive.ui.soundd lagging by 24008.11 ms
selfdrive.ui.soundd lagging by 23958.34 ms
selfdrive.ui.soundd lagging by 23908.45 ms
selfdrive.ui.soundd lagging by 23858.56 ms
selfdrive.ui.soundd lagging by 23808.67 ms
selfdrive.ui.soundd lagging by 23758.77 ms
selfdrive.ui.soundd lagging by 23710.16 ms
selfdrive.ui.soundd lagging by 23660.67 ms
selfdrive.ui.soundd lagging by 23611.05 ms
selfdrive.ui.soundd lagging by 23561.43 ms
selfdrive.ui.soundd lagging by 23511.78 ms
selfdrive.ui.soundd lagging by 23462.13 ms
selfdrive.ui.soundd lagging by 23412.24 ms
selfdrive.ui.soundd lagging by 23362.36 ms
selfdrive.ui.soundd lagging by 23312.47 ms
selfdrive.ui.soundd lagging by 23262.59 ms
selfdrive.ui.soundd lagging by 23212.70 ms
selfdrive.ui.soundd lagging by 23162.80 ms
selfdrive.ui.soundd lagging by 23113.21 ms
selfdrive.ui.soundd lagging by 23063.33 ms
selfdrive.ui.soundd lagging by 23013.44 ms
selfdrive.ui.soundd lagging by 22963.55 ms
selfdrive.ui.soundd lagging by 22913.66 ms
selfdrive.ui.soundd lagging by 22863.77 ms
selfdrive.ui.soundd lagging by 22813.88 ms
selfdrive.ui.soundd lagging by 22763.99 ms
selfdrive.ui.soundd lagging by 22714.10 ms
selfdrive.ui.soundd lagging by 22664.21 ms
selfdrive.ui.soundd lagging by 22614.32 ms
selfdrive.ui.soundd lagging by 22564.43 ms
selfdrive.ui.soundd lagging by 22514.55 ms
selfdrive.ui.soundd lagging by 22464.66 ms
selfdrive.ui.soundd lagging by 22414.77 ms
selfdrive.ui.soundd lagging by 22364.88 ms
selfdrive.ui.soundd lagging by 22314.99 ms
selfdrive.ui.soundd lagging by 22265.10 ms
selfdrive.ui.soundd lagging by 22215.21 ms
selfdrive.ui.soundd lagging by 22165.33 ms
selfdrive.ui.soundd lagging by 22115.44 ms
selfdrive.ui.soundd lagging by 22065.55 ms
selfdrive.ui.soundd lagging by 22015.66 ms
selfdrive.ui.soundd lagging by 21965.77 ms
selfdrive.ui.soundd lagging by 21915.88 ms
selfdrive.ui.soundd lagging by 21866.76 ms
selfdrive.ui.soundd lagging by 21816.92 ms
selfdrive.ui.soundd lagging by 21767.03 ms
selfdrive.ui.soundd lagging by 21717.14 ms
selfdrive.ui.soundd lagging by 21667.24 ms
selfdrive.ui.soundd lagging by 21617.35 ms
selfdrive.ui.soundd lagging by 21567.46 ms
selfdrive.ui.soundd lagging by 21517.56 ms
selfdrive.ui.soundd lagging by 21468.09 ms
selfdrive.ui.soundd lagging by 21418.30 ms
selfdrive.ui.soundd lagging by 21368.54 ms
selfdrive.ui.soundd lagging by 21318.67 ms
selfdrive.ui.soundd lagging by 21268.78 ms
selfdrive.ui.soundd lagging by 21218.88 ms
selfdrive.ui.soundd lagging by 21168.99 ms
selfdrive.ui.soundd lagging by 21119.09 ms
selfdrive.ui.soundd lagging by 21069.20 ms
selfdrive.ui.soundd lagging by 21019.30 ms
selfdrive.ui.soundd lagging by 20969.40 ms
selfdrive.ui.soundd lagging by 20919.51 ms
selfdrive.ui.soundd lagging by 20869.62 ms
selfdrive.ui.soundd lagging by 20819.81 ms
selfdrive.ui.soundd lagging by 20769.92 ms
selfdrive.ui.soundd lagging by 20720.03 ms
selfdrive.ui.soundd lagging by 20670.14 ms
selfdrive.ui.soundd lagging by 20620.42 ms
selfdrive.ui.soundd lagging by 20570.53 ms
selfdrive.ui.soundd lagging by 20520.64 ms
selfdrive.ui.soundd lagging by 20470.75 ms
selfdrive.ui.soundd lagging by 20420.85 ms
selfdrive.ui.soundd lagging by 20370.97 ms
selfdrive.ui.soundd lagging by 20321.08 ms
selfdrive.ui.soundd lagging by 20271.19 ms
selfdrive.ui.soundd lagging by 20221.30 ms
selfdrive.ui.soundd lagging by 20171.41 ms
selfdrive.ui.soundd lagging by 20121.51 ms
selfdrive.ui.soundd lagging by 20071.63 ms
selfdrive.ui.soundd lagging by 20021.74 ms
selfdrive.ui.soundd lagging by 19971.85 ms
selfdrive.ui.soundd lagging by 19921.97 ms
selfdrive.ui.soundd lagging by 19872.14 ms
selfdrive.ui.soundd lagging by 19822.41 ms
selfdrive.ui.soundd lagging by 19772.66 ms
selfdrive.ui.soundd lagging by 19722.85 ms
selfdrive.ui.soundd lagging by 19672.98 ms
selfdrive.ui.soundd lagging by 19623.12 ms
selfdrive.ui.soundd lagging by 19573.26 ms
selfdrive.ui.soundd lagging by 19523.45 ms
selfdrive.ui.soundd lagging by 19473.65 ms
selfdrive.ui.soundd lagging by 19423.84 ms
selfdrive.ui.soundd lagging by 19373.95 ms
selfdrive.ui.soundd lagging by 19325.55 ms
selfdrive.ui.soundd lagging by 19275.90 ms
selfdrive.ui.soundd lagging by 19226.16 ms
selfdrive.ui.soundd lagging by 19178.08 ms
selfdrive.ui.soundd lagging by 19128.68 ms
selfdrive.ui.soundd lagging by 19078.85 ms
selfdrive.ui.soundd lagging by 19028.99 ms
selfdrive.ui.soundd lagging by 18979.31 ms
selfdrive.ui.soundd lagging by 18929.56 ms
selfdrive.ui.soundd lagging by 18879.83 ms
selfdrive.ui.soundd lagging by 18829.98 ms
selfdrive.ui.soundd lagging by 18780.51 ms
selfdrive.ui.soundd lagging by 18731.10 ms
selfdrive.ui.soundd lagging by 18681.43 ms
selfdrive.ui.soundd lagging by 18632.37 ms
selfdrive.ui.soundd lagging by 18582.57 ms
selfdrive.ui.soundd lagging by 18532.69 ms
selfdrive.ui.soundd lagging by 18482.82 ms
selfdrive.ui.soundd lagging by 18432.92 ms
selfdrive.ui.soundd lagging by 18383.90 ms
selfdrive.ui.soundd lagging by 18335.72 ms
selfdrive.ui.soundd lagging by 18285.91 ms
selfdrive.ui.soundd lagging by 18236.05 ms
selfdrive.ui.soundd lagging by 18186.29 ms
selfdrive.ui.soundd lagging by 18137.19 ms
selfdrive.ui.soundd lagging by 18087.39 ms
selfdrive.ui.soundd lagging by 18038.55 ms
selfdrive.ui.soundd lagging by 17988.79 ms
selfdrive.ui.soundd lagging by 17939.04 ms
selfdrive.ui.soundd lagging by 17889.32 ms
selfdrive.ui.soundd lagging by 17839.46 ms
selfdrive.ui.soundd lagging by 17789.61 ms
selfdrive.ui.soundd lagging by 17739.91 ms
selfdrive.ui.soundd lagging by 17690.04 ms
selfdrive.ui.soundd lagging by 17640.73 ms
selfdrive.ui.soundd lagging by 17591.81 ms
selfdrive.ui.soundd lagging by 17541.97 ms
selfdrive.ui.soundd lagging by 17492.15 ms
selfdrive.ui.soundd lagging by 17442.46 ms
selfdrive.ui.soundd lagging by 17392.61 ms
selfdrive.ui.soundd lagging by 17342.74 ms
selfdrive.ui.soundd lagging by 17292.88 ms
selfdrive.ui.soundd lagging by 17243.01 ms
selfdrive.ui.soundd lagging by 17193.14 ms
RTI cycle took 0.030s
RTI cycle took 0.029s
selfdrive.ui.soundd lagging by 17143.30 ms
selfdrive.ui.soundd lagging by 17093.83 ms
selfdrive.ui.soundd lagging by 17043.93 ms
selfdrive.ui.soundd lagging by 16994.03 ms
selfdrive.ui.soundd lagging by 16944.62 ms
selfdrive.ui.soundd lagging by 16894.95 ms
selfdrive.ui.soundd lagging by 16845.38 ms
selfdrive.ui.soundd lagging by 16795.53 ms
selfdrive.ui.soundd lagging by 16746.15 ms
selfdrive.ui.soundd lagging by 16696.48 ms
selfdrive.ui.soundd lagging by 16646.73 ms
selfdrive.ui.soundd lagging by 16596.96 ms
selfdrive.ui.soundd lagging by 16547.15 ms
selfdrive.ui.soundd lagging by 16497.49 ms
selfdrive.ui.soundd lagging by 16447.73 ms
selfdrive.ui.soundd lagging by 16397.98 ms
selfdrive.ui.soundd lagging by 16348.41 ms
selfdrive.ui.soundd lagging by 16298.56 ms
selfdrive.ui.soundd lagging by 16248.76 ms
selfdrive.ui.soundd lagging by 16198.96 ms
selfdrive.ui.soundd lagging by 16149.47 ms
selfdrive.ui.soundd lagging by 16100.11 ms
selfdrive.ui.soundd lagging by 16050.92 ms
selfdrive.ui.soundd lagging by 16001.52 ms
selfdrive.ui.soundd lagging by 15952.16 ms
selfdrive.ui.soundd lagging by 15902.41 ms
selfdrive.ui.soundd lagging by 15852.72 ms
selfdrive.ui.soundd lagging by 15802.89 ms
selfdrive.ui.soundd lagging by 15753.25 ms
selfdrive.ui.soundd lagging by 15703.88 ms
selfdrive.ui.soundd lagging by 15654.20 ms
selfdrive.ui.soundd lagging by 15604.48 ms
selfdrive.ui.soundd lagging by 15554.63 ms
selfdrive.ui.soundd lagging by 15505.55 ms
selfdrive.ui.soundd lagging by 15455.77 ms
selfdrive.ui.soundd lagging by 15406.04 ms
selfdrive.ui.soundd lagging by 15356.23 ms
selfdrive.ui.soundd lagging by 15306.38 ms
selfdrive.ui.soundd lagging by 15256.76 ms
selfdrive.ui.soundd lagging by 15209.31 ms
selfdrive.ui.soundd lagging by 15160.57 ms
selfdrive.ui.soundd lagging by 15111.27 ms
selfdrive.ui.soundd lagging by 15061.43 ms
selfdrive.ui.soundd lagging by 15011.57 ms
selfdrive.ui.soundd lagging by 14961.70 ms
selfdrive.ui.soundd lagging by 14911.84 ms
selfdrive.ui.soundd lagging by 14861.97 ms
selfdrive.ui.soundd lagging by 14812.11 ms
selfdrive.ui.soundd lagging by 14762.28 ms
selfdrive.ui.soundd lagging by 14712.49 ms
selfdrive.ui.soundd lagging by 14662.63 ms
selfdrive.ui.soundd lagging by 14612.83 ms
selfdrive.ui.soundd lagging by 14563.04 ms
selfdrive.ui.soundd lagging by 14513.20 ms
selfdrive.ui.soundd lagging by 14463.44 ms
selfdrive.ui.soundd lagging by 14413.95 ms
selfdrive.ui.soundd lagging by 14372.59 ms
selfdrive.ui.soundd lagging by 14322.75 ms
selfdrive.ui.soundd lagging by 14272.95 ms
selfdrive.ui.soundd lagging by 14223.10 ms
selfdrive.ui.soundd lagging by 14173.24 ms
selfdrive.ui.soundd lagging by 14123.36 ms
selfdrive.ui.soundd lagging by 14073.46 ms
selfdrive.ui.soundd lagging by 14023.68 ms
selfdrive.ui.soundd lagging by 13973.78 ms
selfdrive.ui.soundd lagging by 13923.89 ms
selfdrive.ui.soundd lagging by 13873.98 ms
selfdrive.ui.soundd lagging by 13824.25 ms
selfdrive.ui.soundd lagging by 13774.40 ms
selfdrive.ui.soundd lagging by 13724.55 ms
selfdrive.ui.soundd lagging by 13674.68 ms
selfdrive.ui.soundd lagging by 13624.99 ms
selfdrive.ui.soundd lagging by 13575.55 ms
selfdrive.ui.soundd lagging by 13526.23 ms
selfdrive.ui.soundd lagging by 13477.72 ms
selfdrive.ui.soundd lagging by 13427.96 ms
selfdrive.ui.soundd lagging by 13379.10 ms
selfdrive.ui.soundd lagging by 13329.29 ms
selfdrive.ui.soundd lagging by 13279.64 ms
selfdrive.ui.soundd lagging by 13231.00 ms
selfdrive.ui.soundd lagging by 13181.64 ms
selfdrive.ui.soundd lagging by 13132.24 ms
selfdrive.ui.soundd lagging by 13082.60 ms
selfdrive.ui.soundd lagging by 13032.76 ms
selfdrive.ui.soundd lagging by 12982.89 ms
selfdrive.ui.soundd lagging by 12933.09 ms
selfdrive.ui.soundd lagging by 12883.25 ms
selfdrive.ui.soundd lagging by 12833.39 ms
selfdrive.ui.soundd lagging by 12783.53 ms
selfdrive.ui.soundd lagging by 12733.76 ms
selfdrive.ui.soundd lagging by 12684.12 ms
selfdrive.ui.soundd lagging by 12634.42 ms
selfdrive.ui.soundd lagging by 12584.68 ms
selfdrive.ui.soundd lagging by 12535.60 ms
selfdrive.ui.soundd lagging by 12485.91 ms
selfdrive.ui.soundd lagging by 12436.50 ms
selfdrive.ui.soundd lagging by 12386.64 ms
selfdrive.ui.soundd lagging by 12336.88 ms
selfdrive.ui.soundd lagging by 12288.58 ms
selfdrive.ui.soundd lagging by 12238.82 ms
selfdrive.ui.soundd lagging by 12189.00 ms
selfdrive.ui.soundd lagging by 12139.21 ms
selfdrive.ui.soundd lagging by 12089.55 ms
selfdrive.ui.soundd lagging by 12040.96 ms
selfdrive.ui.soundd lagging by 11991.28 ms
selfdrive.ui.soundd lagging by 11941.80 ms
selfdrive.ui.soundd lagging by 11891.99 ms
selfdrive.ui.soundd lagging by 11842.13 ms
selfdrive.ui.soundd lagging by 11792.31 ms
selfdrive.ui.soundd lagging by 11742.47 ms
selfdrive.ui.soundd lagging by 11692.60 ms
selfdrive.ui.soundd lagging by 11642.90 ms
selfdrive.ui.soundd lagging by 11593.09 ms
selfdrive.ui.soundd lagging by 11544.55 ms
selfdrive.ui.soundd lagging by 11494.74 ms
selfdrive.ui.soundd lagging by 11444.87 ms
selfdrive.ui.soundd lagging by 11395.03 ms
selfdrive.ui.soundd lagging by 11345.19 ms
selfdrive.ui.soundd lagging by 11295.33 ms
selfdrive.ui.soundd lagging by 11245.46 ms
selfdrive.ui.soundd lagging by 11195.59 ms
selfdrive.ui.soundd lagging by 11145.73 ms
selfdrive.ui.soundd lagging by 11095.86 ms
selfdrive.ui.soundd lagging by 11047.08 ms
selfdrive.ui.soundd lagging by 10997.23 ms
selfdrive.ui.soundd lagging by 10947.39 ms
selfdrive.ui.soundd lagging by 10897.53 ms
selfdrive.ui.soundd lagging by 10847.67 ms
selfdrive.ui.soundd lagging by 10797.81 ms
selfdrive.ui.soundd lagging by 10747.95 ms
selfdrive.ui.soundd lagging by 10698.44 ms
selfdrive.ui.soundd lagging by 10651.17 ms
selfdrive.ui.soundd lagging by 10601.41 ms
selfdrive.ui.soundd lagging by 10552.03 ms
selfdrive.ui.soundd lagging by 10502.35 ms
selfdrive.ui.soundd lagging by 10452.61 ms
selfdrive.ui.soundd lagging by 10403.28 ms
selfdrive.ui.soundd lagging by 10355.80 ms
selfdrive.ui.soundd lagging by 10306.36 ms
selfdrive.ui.soundd lagging by 10256.55 ms
selfdrive.ui.soundd lagging by 10206.68 ms
selfdrive.ui.soundd lagging by 10157.47 ms
selfdrive.ui.soundd lagging by 10107.63 ms
selfdrive.ui.soundd lagging by 10057.78 ms
selfdrive.ui.soundd lagging by 10008.23 ms
selfdrive.ui.soundd lagging by 9958.60 ms
selfdrive.ui.soundd lagging by 9909.13 ms
selfdrive.ui.soundd lagging by 9859.57 ms
selfdrive.ui.soundd lagging by 9809.92 ms
selfdrive.ui.soundd lagging by 9760.52 ms
selfdrive.ui.soundd lagging by 9710.70 ms
selfdrive.ui.soundd lagging by 9661.18 ms
selfdrive.ui.soundd lagging by 9611.39 ms
selfdrive.ui.soundd lagging by 9562.42 ms
selfdrive.ui.soundd lagging by 9512.54 ms
selfdrive.ui.soundd lagging by 9462.66 ms
selfdrive.ui.soundd lagging by 9412.81 ms
selfdrive.ui.soundd lagging by 9362.94 ms
selfdrive.ui.soundd lagging by 9313.09 ms
selfdrive.ui.soundd lagging by 9263.78 ms
selfdrive.ui.soundd lagging by 9214.22 ms
selfdrive.ui.soundd lagging by 9164.89 ms
selfdrive.ui.soundd lagging by 9115.00 ms
selfdrive.ui.soundd lagging by 9065.22 ms
selfdrive.ui.soundd lagging by 9015.33 ms
selfdrive.ui.soundd lagging by 8965.43 ms
selfdrive.ui.soundd lagging by 8915.53 ms
selfdrive.ui.soundd lagging by 8865.62 ms
selfdrive.ui.soundd lagging by 8816.32 ms
selfdrive.ui.soundd lagging by 8766.52 ms
selfdrive.ui.soundd lagging by 8716.67 ms
selfdrive.ui.soundd lagging by 8666.78 ms
selfdrive.ui.soundd lagging by 8616.88 ms
selfdrive.ui.soundd lagging by 8566.98 ms
selfdrive.ui.soundd lagging by 8517.08 ms
selfdrive.ui.soundd lagging by 8467.17 ms
selfdrive.ui.soundd lagging by 8418.16 ms
selfdrive.ui.soundd lagging by 8368.30 ms
selfdrive.ui.soundd lagging by 8318.41 ms
selfdrive.ui.soundd lagging by 8268.51 ms
selfdrive.ui.soundd lagging by 8218.61 ms
selfdrive.ui.soundd lagging by 8168.70 ms
selfdrive.ui.soundd lagging by 8118.80 ms
selfdrive.ui.soundd lagging by 8068.89 ms
selfdrive.ui.soundd lagging by 8018.98 ms
selfdrive.ui.soundd lagging by 7969.08 ms
selfdrive.ui.soundd lagging by 7919.17 ms
selfdrive.ui.soundd lagging by 7869.26 ms
selfdrive.ui.soundd lagging by 7819.35 ms
selfdrive.ui.soundd lagging by 7769.60 ms
selfdrive.ui.soundd lagging by 7719.77 ms
RTI cycle took 0.037s
RTI cycle took 0.022s
RTI cycle took 0.027s
RTI cycle took 0.028s
Process qcomgpsd:
RTI cycle took 0.029s
Traceback (most recent call last):
  File "/usr/lib/python3.12/multiprocessing/process.py", line 314, in _bootstrap
    self.run()
  File "/usr/lib/python3.12/multiprocessing/process.py", line 108, in run
    self._target(*self._args, **self._kwargs)
  File "/data/openpilot/openpilot/system/manager/process.py", line 40, in launcher
    mod.main()
  File "/data/openpilot/system/qcomgpsd/qcomgpsd.py", line 272, in main
    opcode, payload = diag.recv()
                      ^^^^^^^^^^^
  File "/data/openpilot/openpilot/system/qcomgpsd/modemdiag.py", line 48, in recv
    unframed_message = self.hdlc_decapsulate(raw_payload)
                       ^^^^^^^^^^^^^^^^^^^^^^^^^^^^^^^^^^
  File "/data/openpilot/openpilot/system/qcomgpsd/modemdiag.py", line 35, in hdlc_decapsulate
    assert payload[-2:] == pack('<H', ModemDiag.ccitt_crc16(payload[:-2]))
           ^^^^^^^^^^^^^^^^^^^^^^^^^^^^^^^^^^^^^^^^^^^^^^^^^^^^^^^^^^^^^^^
AssertionError
RTI cycle took 0.039s
RTI cycle took 0.034s
RTI cycle took 0.018s
{"event": "process_not_running", "not_running": "{'qcomgpsd', 'plannerd'}", "error": true}
gbm_create_device(156): Info: backend name is: msm_drm
RTI cycle took 0.022s
RTI cycle took 0.029s
RTI cycle took 0.029s
RTI cycle took 0.019s
: QPixmap::scaled: Pixmap is a null pixmap
RTI cycle took 0.027s
RTI cycle took 0.031s
RTI cycle took 0.028s
RTI cycle took 0.021s
RTI cycle took 0.026s
RTI cycle took 0.028s
RTI cycle took 0.026s
RTI cycle took 0.020s
RTI cycle took 0.041s
RTI cycle took 0.027s
RTI cycle took 0.029s
system/loggerd/encoder/v4l_encoder.cc: encoder dequeue poll timeout
system/loggerd/encoder/v4l_encoder.cc: encoder dequeue poll timeout
RTI cycle took 0.028s
RTI cycle took 0.029s
RTI cycle took 0.020s
RTI cycle took 0.029s
RTI cycle took 0.018s
system/loggerd/encoder/v4l_encoder.cc: encoder dequeue poll timeout
RTI cycle took 0.017s
RTI cycle took 0.023s
RTI cycle took 0.029s
RTI cycle took 0.032s
RTI cycle took 0.025s
RTI cycle took 0.039s
system/camerad/cameras/spectra.cc: camera 1 reset after half second of invalid requests
system/camerad/cameras/spectra.cc: clearing and requeuing camera 1 from 1937
system/camerad/cameras/spectra.cc: camera 0 reset after half second of invalid requests
system/camerad/cameras/spectra.cc: clearing and requeuing camera 0 from 1812
RTI cycle took 0.038s
RTI cycle took 0.019s
RTI cycle took 0.019s
RTI cycle took 0.016s
RTI cycle took 0.034s
RTI cycle took 0.018s
selfdrive/ui/qt/network/wifi_manager.cc: Changing gsm.auto-config to true
RTI cycle took 0.039s
RTI cycle took 0.038s
RTI cycle took 0.024s
RTI cycle took 0.025s
RTI cycle took 0.028s
RTI cycle took 0.019s
RTI cycle took 0.017s
RTI cycle took 0.025s
RTI cycle took 0.030s
RTI cycle took 0.019s
RTI cycle took 0.028s
RTI cycle took 0.019s
RTI cycle took 0.025s
RTI cycle took 0.021s
RTI cycle took 0.028s
RTI cycle took 0.020s
RTI cycle took 0.018s
RTI cycle took 0.027s
RTI cycle took 0.029s
RTI cycle took 0.029s
system/loggerd/encoder/v4l_encoder.cc: encoder dequeue poll timeout
system/loggerd/encoder/v4l_encoder.cc: encoder dequeue poll timeout
RTI cycle took 0.018s
RTI cycle took 0.027s
RTI cycle took 0.019s
RTI cycle took 0.027s
RTI cycle took 0.019s
system/loggerd/encoder/v4l_encoder.cc: encoder dequeue poll timeout
RTI cycle took 0.018s
RTI cycle took 0.017s
RTI cycle took 0.025s
RTI cycle took 0.029s
RTI cycle took 0.019s
RTI cycle took 0.017s
RTI cycle took 0.024s
RTI cycle took 0.018s
RTI cycle took 0.025s
: "wl-shell" is a deprecated shell extension, prefer using "xdg-shell-v6" or "xdg-shell" if supported by the compositor by setting the environment variable QT_WAYLAND_SHELL_INTEGRATION
RTI cycle took 0.043s
system/camerad/cameras/spectra.cc: camera 1 reset after half second of invalid requests
system/camerad/cameras/spectra.cc: clearing and requeuing camera 1 from 1937
system/camerad/cameras/spectra.cc: camera 0 reset after half second of invalid requests
system/camerad/cameras/spectra.cc: clearing and requeuing camera 0 from 1812
RTI cycle took 0.025s
RTI cycle took 0.030s
RTI cycle took 0.028s
RTI cycle took 0.029s
RTI cycle took 0.020s
RTI cycle took 0.029s
RTI cycle took 0.013s
RTI cycle took 0.017s
RTI cycle took 0.014s
RTI cycle took 0.022s
RTI cycle took 0.020s
RTI cycle took 0.020s
RTI cycle took 0.016s
RTI cycle took 0.014s
RTI cycle took 0.023s
RTI cycle took 0.028s
RTI cycle took 0.018s
RTI cycle took 0.016s
RTI cycle took 0.015s
RTI cycle took 0.023s
RTI cycle took 0.029s
RTI cycle took 0.018s
RTI cycle took 0.028s
RTI cycle took 0.030s
RTI cycle took 0.019s
system/loggerd/encoder/v4l_encoder.cc: encoder dequeue poll timeout
system/loggerd/encoder/v4l_encoder.cc: encoder dequeue poll timeout
RTI cycle took 0.016s
RTI cycle took 0.014s
RTI cycle took 0.022s
RTI cycle took 0.020s
RTI cycle took 0.019s
RTI cycle took 0.019s
system/loggerd/encoder/v4l_encoder.cc: encoder dequeue poll timeout
RTI cycle took 0.025s
RTI cycle took 0.021s
RTI cycle took 0.017s
RTI cycle took 0.015s
RTI cycle took 0.025s
RTI cycle took 0.028s
RTI cycle took 0.018s
RTI cycle took 0.029s
RTI cycle took 0.027s
RTI cycle took 0.029s
RTI cycle took 0.020s
RTI cycle took 0.029s
RTI cycle took 0.040s
RTI cycle took 0.019s
system/camerad/cameras/spectra.cc: camera 1 reset after half second of invalid requests
system/camerad/cameras/spectra.cc: clearing and requeuing camera 1 from 1937
system/camerad/cameras/spectra.cc: camera 0 reset after half second of invalid requests
system/camerad/cameras/spectra.cc: clearing and requeuing camera 0 from 1812
RTI cycle took 0.017s
RTI cycle took 0.015s
RTI cycle took 0.024s
RTI cycle took 0.019s
RTI cycle took 0.019s
RTI cycle took 0.018s
RTI cycle took 0.015s
RTI cycle took 0.021s
RTI cycle took 0.028s
RTI cycle took 0.029s
RTI cycle took 0.018s
RTI cycle took 0.020s
RTI cycle took 0.024s
RTI cycle took 0.030s
RTI cycle took 0.029s
RTI cycle took 0.018s
RTI cycle took 0.015s
RTI cycle took 0.025s
RTI cycle took 0.018s
RTI cycle took 0.028s
system/loggerd/encoder/v4l_encoder.cc: encoder dequeue poll timeout
system/loggerd/encoder/v4l_encoder.cc: encoder dequeue poll timeout
RTI cycle took 0.029s
RTI cycle took 0.019s
RTI cycle took 0.017s
RTI cycle took 0.025s
RTI cycle took 0.020s
RTI cycle took 0.020s
system/loggerd/encoder/v4l_encoder.cc: encoder dequeue poll timeout
RTI cycle took 0.037s
RTI cycle took 0.018s
RTI cycle took 0.026s
RTI cycle took 0.029s
RTI cycle took 0.030s
RTI cycle took 0.019s
RTI cycle took 0.017s
RTI cycle took 0.026s
RTI cycle took 0.019s
RTI cycle took 0.017s
RTI cycle took 0.025s
RTI cycle took 0.029s
RTI cycle took 0.020s
RTI cycle took 0.018s
RTI cycle took 0.015s
RTI cycle took 0.015s
RTI cycle took 0.021s
RTI cycle took 0.018s
system/camerad/cameras/spectra.cc: camera 1 reset after half second of invalid requests
system/camerad/cameras/spectra.cc: clearing and requeuing camera 1 from 1937
system/camerad/cameras/spectra.cc: camera 0 reset after half second of invalid requests
system/camerad/cameras/spectra.cc: clearing and requeuing camera 0 from 1812
RTI cycle took 0.028s
RTI cycle took 0.027s
RTI cycle took 0.029s
RTI cycle took 0.019s
RTI cycle took 0.026s
RTI cycle took 0.030s
RTI cycle took 0.018s
RTI cycle took 0.019s
RTI cycle took 0.016s
RTI cycle took 0.031s
RTI cycle took 0.020s
RTI cycle took 0.019s
RTI cycle took 0.019s
RTI cycle took 0.015s
RTI cycle took 0.024s
RTI cycle took 0.018s
system/loggerd/encoder/v4l_encoder.cc: encoder dequeue poll timeout
system/loggerd/encoder/v4l_encoder.cc: encoder dequeue poll timeout
RTI cycle took 0.028s
RTI cycle took 0.027s
RTI cycle took 0.021s
RTI cycle took 0.028s
RTI cycle took 0.021s
system/loggerd/encoder/v4l_encoder.cc: encoder dequeue poll timeout
RTI cycle took 0.016s
RTI cycle took 0.015s
RTI cycle took 0.023s
RTI cycle took 0.019s
RTI cycle took 0.016s
RTI cycle took 0.020s
RTI cycle took 0.024s
RTI cycle took 0.020s
RTI cycle took 0.019s
RTI cycle took 0.015s
RTI cycle took 0.025s
RTI cycle took 0.017s
RTI cycle took 0.016s
RTI cycle took 0.014s
RTI cycle took 0.014s
RTI cycle took 0.021s
RTI cycle took 0.020s
RTI cycle took 0.029s
[32mloggerd[0m [32mencoderd[0m [32mlogmessaged[0m [32mcamerad[0m [32mlogcatd[0m [32mproclogd[0m [32mmicd[0m [32mtimed[0m [32mdmonitoringmodeld[0m [32msensord[0m [32mui[0m [32msoundd[0m [32mlocationd[0m [32mcalibrationd[0m [32mtorqued[0m [32mcontrolsd[0m [32mselfdrived[0m [32mcard[0m [32mdeleter[0m [32mdmonitoringd[0m [32mqcomgpsd[0m [32mpandad[0m [32mparamsd[0m [32mlagd[0m [31mplannerd[0m [32mradard[0m [32mhardwared[0m [32mtombstoned[0m [32muploader[0m [32mstatsd[0m [32mfeedbackd[0m [32mmodeld_tinygrad[0m [32mmapd[0m [32mmapd_manager[0m [32mrtid[0m
[32mloggerd[0m [32mencoderd[0m [32mlogmessaged[0m [32mcamerad[0m [32mlogcatd[0m [32mproclogd[0m [32mmicd[0m [32mtimed[0m [32mdmonitoringmodeld[0m [32msensord[0m [32mui[0m [32msoundd[0m [32mlocationd[0m [32mcalibrationd[0m [32mtorqued[0m [32mcontrolsd[0m [32mselfdrived[0m [32mcard[0m [32mdeleter[0m [32mdmonitoringd[0m [32mqcomgpsd[0m [32mpandad[0m [32mparamsd[0m [32mlagd[0m [31mplannerd[0m [32mradard[0m [32mhardwared[0m [32mtombstoned[0m [32muploader[0m [32mstatsd[0m [32mfeedbackd[0m [32mmodeld_tinygrad[0m [32mmapd[0m [32mmapd_manager[0m [32mrtid[0m
[32mloggerd[0m [32mencoderd[0m [32mlogmessaged[0m [32mcamerad[0m [32mlogcatd[0m [32mproclogd[0m [32mmicd[0m [32mtimed[0m [32mdmonitoringmodeld[0m [32msensord[0m [32mui[0m [32msoundd[0m [32mlocationd[0m [32mcalibrationd[0m [32mtorqued[0m [32mcontrolsd[0m [32mselfdrived[0m [32mcard[0m [32mdeleter[0m [32mdmonitoringd[0m [32mqcomgpsd[0m [32mpandad[0m [32mparamsd[0m [32mlagd[0m [31mplannerd[0m [32mradard[0m [32mhardwared[0m [32mtombstoned[0m [32muploader[0m [32mstatsd[0m [32mfeedbackd[0m [32mmodeld_tinygrad[0m [32mmapd[0m [32mmapd_manager[0m [32mrtid[0m
[32mloggerd[0m [32mencoderd[0m [32mlogmessaged[0m [32mcamerad[0m [32mlogcatd[0m [32mproclogd[0m [32mmicd[0m [32mtimed[0m [32mdmonitoringmodeld[0m [32msensord[0m [32mui[0m [32msoundd[0m [32mlocationd[0m [32mcalibrationd[0m [32mtorqued[0m [32mcontrolsd[0m [32mselfdrived[0m [32mcard[0m [32mdeleter[0m [32mdmonitoringd[0m [31mqcomgpsd[0m [32mpandad[0m [32mparamsd[0m [32mlagd[0m [31mplannerd[0m [32mradard[0m [32mhardwared[0m [32mtombstoned[0m [32muploader[0m [32mstatsd[0m [32mfeedbackd[0m [32mmodeld_tinygrad[0m [32mmapd[0m [32mmapd_manager[0m [32mrtid[0m
[32mloggerd[0m [32mencoderd[0m [32mlogmessaged[0m [32mcamerad[0m [32mlogcatd[0m [32mproclogd[0m [32mmicd[0m [32mtimed[0m [32mdmonitoringmodeld[0m [32msensord[0m [32mui[0m [32msoundd[0m [32mlocationd[0m [32mcalibrationd[0m [32mtorqued[0m [32mcontrolsd[0m [32mselfdrived[0m [32mcard[0m [32mdeleter[0m [32mdmonitoringd[0m [31mqcomgpsd[0m [32mpandad[0m [32mparamsd[0m [32mlagd[0m [31mplannerd[0m [32mradard[0m [32mhardwared[0m [32mtombstoned[0m [32muploader[0m [32mstatsd[0m [32mfeedbackd[0m [32mmodeld_tinygrad[0m [32mmapd[0m [32mmapd_manager[0m [32mrtid[0m
[32mloggerd[0m [32mencoderd[0m [32mlogmessaged[0m [32mcamerad[0m [32mlogcatd[0m [32mproclogd[0m [32mmicd[0m [32mtimed[0m [32mdmonitoringmodeld[0m [32msensord[0m [32mui[0m [32msoundd[0m [32mlocationd[0m [32mcalibrationd[0m [32mtorqued[0m [32mcontrolsd[0m [32mselfdrived[0m [32mcard[0m [32mdeleter[0m [32mdmonitoringd[0m [31mqcomgpsd[0m [32mpandad[0m [32mparamsd[0m [32mlagd[0m [31mplannerd[0m [32mradard[0m [32mhardwared[0m [32mtombstoned[0m [32muploader[0m [32mstatsd[0m [32mfeedbackd[0m [32mmodeld_tinygrad[0m [32mmapd[0m [32mmapd_manager[0m [32mrtid[0m
[32mloggerd[0m [32mencoderd[0m [32mlogmessaged[0m [32mcamerad[0m [32mlogcatd[0m [32mproclogd[0m [32mmicd[0m [32mtimed[0m [32mdmonitoringmodeld[0m [32msensord[0m [32mui[0m [32msoundd[0m [32mlocationd[0m [32mcalibrationd[0m [32mtorqued[0m [32mcontrolsd[0m [32mselfdrived[0m [32mcard[0m [32mdeleter[0m [32mdmonitoringd[0m [31mqcomgpsd[0m [32mpandad[0m [32mparamsd[0m [32mlagd[0m [31mplannerd[0m [32mradard[0m [32mhardwared[0m [32mtombstoned[0m [32muploader[0m [32mstatsd[0m [32mfeedbackd[0m [32mmodeld_tinygrad[0m [32mmapd[0m [32mmapd_manager[0m [32mrtid[0m
[32mloggerd[0m [32mencoderd[0m [32mlogmessaged[0m [32mcamerad[0m [32mlogcatd[0m [32mproclogd[0m [32mmicd[0m [32mtimed[0m [32mdmonitoringmodeld[0m [32msensord[0m [32mui[0m [32msoundd[0m [32mlocationd[0m [32mcalibrationd[0m [32mtorqued[0m [32mcontrolsd[0m [32mselfdrived[0m [32mcard[0m [32mdeleter[0m [32mdmonitoringd[0m [31mqcomgpsd[0m [32mpandad[0m [32mparamsd[0m [32mlagd[0m [31mplannerd[0m [32mradard[0m [32mhardwared[0m [32mtombstoned[0m [32muploader[0m [32mstatsd[0m [32mfeedbackd[0m [32mmodeld_tinygrad[0m [32mmapd[0m [32mmapd_manager[0m [32mrtid[0m
[32mloggerd[0m [32mencoderd[0m [32mlogmessaged[0m [32mcamerad[0m [32mlogcatd[0m [32mproclogd[0m [32mmicd[0m [32mtimed[0m [32mdmonitoringmodeld[0m [32msensord[0m [32mui[0m [32msoundd[0m [32mlocationd[0m [32mcalibrationd[0m [32mtorqued[0m [32mcontrolsd[0m [32mselfdrived[0m [32mcard[0m [32mdeleter[0m [32mdmonitoringd[0m [31mqcomgpsd[0m [32mpandad[0m [32mparamsd[0m [32mlagd[0m [31mplannerd[0m [32mradard[0m [32mhardwared[0m [32mtombstoned[0m [32muploader[0m [32mstatsd[0m [32mfeedbackd[0m [32mmodeld_tinygrad[0m [32mmapd[0m [32mmapd_manager[0m [32mrtid[0m
[32mloggerd[0m [32mencoderd[0m [32mlogmessaged[0m [32mcamerad[0m [32mlogcatd[0m [32mproclogd[0m [32mmicd[0m [32mtimed[0m [32mdmonitoringmodeld[0m [32msensord[0m [32mui[0m [32msoundd[0m [32mlocationd[0m [32mcalibrationd[0m [32mtorqued[0m [32mcontrolsd[0m [32mselfdrived[0m [32mcard[0m [32mdeleter[0m [32mdmonitoringd[0m [31mqcomgpsd[0m [32mpandad[0m [32mparamsd[0m [32mlagd[0m [31mplannerd[0m [32mradard[0m [32mhardwared[0m [32mtombstoned[0m [32muploader[0m [32mstatsd[0m [32mfeedbackd[0m [32mmodeld_tinygrad[0m [32mmapd[0m [32mmapd_manager[0m [32mrtid[0m
[32mloggerd[0m [32mencoderd[0m [32mlogmessaged[0m [32mcamerad[0m [32mlogcatd[0m [32mproclogd[0m [32mmicd[0m [32mtimed[0m [32mdmonitoringmodeld[0m [32msensord[0m [32mui[0m [32msoundd[0m [32mlocationd[0m [32mcalibrationd[0m [32mtorqued[0m [32mcontrolsd[0m [32mselfdrived[0m [32mcard[0m [32mdeleter[0m [32mdmonitoringd[0m [31mqcomgpsd[0m [32mpandad[0m [32mparamsd[0m [32mlagd[0m [31mplannerd[0m [32mradard[0m [32mhardwared[0m [32mtombstoned[0m [32muploader[0m [32mstatsd[0m [32mfeedbackd[0m [32mmodeld_tinygrad[0m [32mmapd[0m [32mmapd_manager[0m [32mrtid[0m
[32mloggerd[0m [32mencoderd[0m [32mlogmessaged[0m [32mcamerad[0m [32mlogcatd[0m [32mproclogd[0m [32mmicd[0m [32mtimed[0m [32mdmonitoringmodeld[0m [32msensord[0m [32mui[0m [32msoundd[0m [32mlocationd[0m [32mcalibrationd[0m [32mtorqued[0m [32mcontrolsd[0m [32mselfdrived[0m [32mcard[0m [32mdeleter[0m [32mdmonitoringd[0m [31mqcomgpsd[0m [32mpandad[0m [32mparamsd[0m [32mlagd[0m [31mplannerd[0m [32mradard[0m [32mhardwared[0m [32mtombstoned[0m [32muploader[0m [32mstatsd[0m [32mfeedbackd[0m [32mmodeld_tinygrad[0m [32mmapd[0m [32mmapd_manager[0m [32mrtid[0m
[32mloggerd[0m [32mencoderd[0m [32mlogmessaged[0m [32mcamerad[0m [32mlogcatd[0m [32mproclogd[0m [32mmicd[0m [32mtimed[0m [32mdmonitoringmodeld[0m [32msensord[0m [32mui[0m [32msoundd[0m [32mlocationd[0m [32mcalibrationd[0m [32mtorqued[0m [32mcontrolsd[0m [32mselfdrived[0m [32mcard[0m [32mdeleter[0m [32mdmonitoringd[0m [31mqcomgpsd[0m [32mpandad[0m [32mparamsd[0m [32mlagd[0m [31mplannerd[0m [32mradard[0m [32mhardwared[0m [32mtombstoned[0m [32muploader[0m [32mstatsd[0m [32mfeedbackd[0m [32mmodeld_tinygrad[0m [32mmapd[0m [32mmapd_manager[0m [32mrtid[0m
RTI cycle took 0.030s
RTI cycle took 0.018s
RTI cycle took 0.017s
RTI cycle took 0.017s
RTI cycle took 0.024s
RTI cycle took 0.029s
system/camerad/cameras/spectra.cc: camera 1 reset after half second of invalid requests
system/camerad/cameras/spectra.cc: clearing and requeuing camera 1 from 1937
system/camerad/cameras/spectra.cc: camera 0 reset after half second of invalid requests
system/camerad/cameras/spectra.cc: clearing and requeuing camera 0 from 1812
RTI cycle took 0.020s
RTI cycle took 0.027s
RTI cycle took 0.020s
RTI cycle took 0.019s
RTI cycle took 0.014s
RTI cycle took 0.012s
RTI cycle took 0.024s
RTI cycle took 0.018s
RTI cycle took 0.016s
RTI cycle took 0.017s
RTI cycle took 0.023s
RTI cycle took 0.020s
system/loggerd/encoder/v4l_encoder.cc: encoder dequeue poll timeout
RTI cycle took 0.028s
system/loggerd/encoder/v4l_encoder.cc: encoder dequeue poll timeout
RTI cycle took 0.023s
RTI cycle took 0.033s
RTI cycle took 0.028s
RTI cycle took 0.019s
system/loggerd/encoder/v4l_encoder.cc: encoder dequeue poll timeout
RTI cycle took 0.028s
RTI cycle took 0.020s
RTI cycle took 0.020s
RTI cycle took 0.040s
RTI cycle took 0.025s
RTI cycle took 0.023s
RTI cycle took 0.027s
RTI cycle took 0.030s
RTI cycle took 0.029s
RTI cycle took 0.019s
RTI cycle took 0.026s
RTI cycle took 0.032s
RTI cycle took 0.019s
RTI cycle took 0.016s
RTI cycle took 0.016s
RTI cycle took 0.022s
RTI cycle took 0.025s
RTI cycle took 0.023s
RTI cycle took 0.019s
RTI cycle took 0.020s
RTI cycle took 0.036s
RTI cycle took 0.029s
RTI cycle took 0.031s
RTI cycle took 0.028s
RTI cycle took 0.022s
system/camerad/cameras/spectra.cc: camera 1 reset after half second of invalid requests
system/camerad/cameras/spectra.cc: clearing and requeuing camera 1 from 1937
system/camerad/cameras/spectra.cc: camera 0 reset after half second of invalid requests
system/camerad/cameras/spectra.cc: clearing and requeuing camera 0 from 1812
RTI cycle took 0.028s
RTI cycle took 0.028s
RTI cycle took 0.030s
RTI cycle took 0.019s
RTI cycle took 0.028s
RTI cycle took 0.019s
RTI cycle took 0.039s
RTI cycle took 0.018s
system/loggerd/encoder/v4l_encoder.cc: encoder dequeue poll timeout
system/loggerd/encoder/v4l_encoder.cc: encoder dequeue poll timeout
RTI cycle took 0.015s
RTI cycle took 0.024s
RTI cycle took 0.030s
RTI cycle took 0.027s
system/loggerd/encoder/v4l_encoder.cc: encoder dequeue poll timeout
RTI cycle took 0.038s
RTI cycle took 0.020s
RTI cycle took 0.029s
RTI cycle took 0.031s
RTI cycle took 0.028s
RTI cycle took 0.028s
RTI cycle took 0.045s
RTI cycle took 0.025s
RTI cycle took 0.029s
RTI cycle took 0.020s
RTI cycle took 0.020s
RTI cycle took 0.027s
RTI cycle took 0.021s
RTI cycle took 0.017s
RTI cycle took 0.016s
RTI cycle took 0.036s
RTI cycle took 0.018s
RTI cycle took 0.027s
RTI cycle took 0.017s
RTI cycle took 0.026s
RTI cycle took 0.019s
RTI cycle took 0.018s
RTI cycle took 0.026s
RTI cycle took 0.020s
RTI cycle took 0.017s
RTI cycle took 0.016s
RTI cycle took 0.023s
RTI cycle took 0.019s
RTI cycle took 0.019s
system/camerad/cameras/spectra.cc: camera 1 reset after half second of invalid requests
system/camerad/cameras/spectra.cc: clearing and requeuing camera 1 from 1937
system/camerad/cameras/spectra.cc: camera 0 reset after half second of invalid requests
system/camerad/cameras/spectra.cc: clearing and requeuing camera 0 from 1812
RTI cycle took 0.027s
RTI cycle took 0.029s
RTI cycle took 0.020s
RTI cycle took 0.019s
RTI cycle took 0.027s
system/loggerd/encoder/v4l_encoder.cc: encoder dequeue poll timeout
system/loggerd/encoder/v4l_encoder.cc: encoder dequeue poll timeout
RTI cycle took 0.020s
RTI cycle took 0.017s
RTI cycle took 0.026s
RTI cycle took 0.016s
RTI cycle took 0.015s
system/loggerd/encoder/v4l_encoder.cc: encoder dequeue poll timeout
RTI cycle took 0.019s
RTI cycle took 0.017s
RTI cycle took 0.025s
RTI cycle took 0.020s
RTI cycle took 0.018s
RTI cycle took 0.027s
RTI cycle took 0.030s
RTI cycle took 0.040s
RTI cycle took 0.019s
RTI cycle took 0.028s
RTI cycle took 0.019s
RTI cycle took 0.018s
RTI cycle took 0.017s
RTI cycle took 0.025s
RTI cycle took 0.018s
RTI cycle took 0.016s
RTI cycle took 0.024s
RTI cycle took 0.039s
RTI cycle took 0.019s
RTI cycle took 0.020s
RTI cycle took 0.037s
RTI cycle took 0.029s
RTI cycle took 0.018s
RTI cycle took 0.026s
RTI cycle took 0.030s
RTI cycle took 0.019s
RTI cycle took 0.017s
RTI cycle took 0.025s
RTI cycle took 0.031s
RTI cycle took 0.028s
RTI cycle took 0.030s
RTI cycle took 0.029s
RTI cycle took 0.029s
system/camerad/cameras/spectra.cc: camera 1 reset after half second of invalid requests
system/camerad/cameras/spectra.cc: clearing and requeuing camera 1 from 1937
system/camerad/cameras/spectra.cc: camera 0 reset after half second of invalid requests
system/camerad/cameras/spectra.cc: clearing and requeuing camera 0 from 1812
system/loggerd/encoder/v4l_encoder.cc: encoder dequeue poll timeout
system/loggerd/encoder/v4l_encoder.cc: encoder dequeue poll timeout
RTI cycle took 0.031s
RTI cycle took 0.019s
RTI cycle took 0.027s
RTI cycle took 0.019s
RTI cycle took 0.016s
system/loggerd/encoder/v4l_encoder.cc: encoder dequeue poll timeout
RTI cycle took 0.035s
RTI cycle took 0.021s
RTI cycle took 0.018s
RTI cycle took 0.027s
RTI cycle took 0.019s
RTI cycle took 0.028s
RTI cycle took 0.029s
RTI cycle took 0.026s
RTI cycle took 0.031s
RTI cycle took 0.028s
RTI cycle took 0.030s
RTI cycle took 0.020s
RTI cycle took 0.028s
RTI cycle took 0.027s
RTI cycle took 0.021s
RTI cycle took 0.019s
RTI cycle took 0.017s
RTI cycle took 0.025s
RTI cycle took 0.020s
RTI cycle took 0.030s
RTI cycle took 0.028s
RTI cycle took 0.024s
RTI cycle took 0.025s
RTI cycle took 0.027s
RTI cycle took 0.030s
RTI cycle took 0.018s
RTI cycle took 0.028s
RTI cycle took 0.018s
RTI cycle took 0.019s
RTI cycle took 0.026s
RTI cycle took 0.030s
RTI cycle took 0.020s
RTI cycle took 0.027s
system/loggerd/encoder/v4l_encoder.cc: encoder dequeue poll timeout
system/loggerd/encoder/v4l_encoder.cc: encoder dequeue poll timeout
RTI cycle took 0.029s
RTI cycle took 0.020s
RTI cycle took 0.029s
system/camerad/cameras/spectra.cc: camera 1 reset after half second of invalid requests
system/camerad/cameras/spectra.cc: clearing and requeuing camera 1 from 1937
system/camerad/cameras/spectra.cc: camera 0 reset after half second of invalid requests
system/camerad/cameras/spectra.cc: clearing and requeuing camera 0 from 1812
RTI cycle took 0.040s
system/loggerd/encoder/v4l_encoder.cc: encoder dequeue poll timeout
RTI cycle took 0.029s
RTI cycle took 0.040s
RTI cycle took 0.029s
RTI cycle took 0.029s
RTI cycle took 0.029s
RTI cycle took 0.021s
RTI cycle took 0.041s
RTI cycle took 0.025s
RTI cycle took 0.030s
RTI cycle took 0.029s
RTI cycle took 0.029s
RTI cycle took 0.029s
RTI cycle took 0.017s
RTI cycle took 0.026s
RTI cycle took 0.032s
RTI cycle took 0.024s
RTI cycle took 0.029s
RTI cycle took 0.030s
RTI cycle took 0.039s
RTI cycle took 0.028s
RTI cycle took 0.019s
RTI cycle took 0.027s
RTI cycle took 0.045s
RTI cycle took 0.034s
RTI cycle took 0.029s
RTI cycle took 0.038s
RTI cycle took 0.029s
RTI cycle took 0.020s
RTI cycle took 0.027s
system/loggerd/encoder/v4l_encoder.cc: encoder dequeue poll timeout
system/loggerd/encoder/v4l_encoder.cc: encoder dequeue poll timeout
RTI cycle took 0.021s
RTI cycle took 0.017s
RTI cycle took 0.026s
RTI cycle took 0.040s
system/loggerd/encoder/v4l_encoder.cc: encoder dequeue poll timeout
RTI cycle took 0.028s
RTI cycle took 0.030s
RTI cycle took 0.028s
system/camerad/cameras/spectra.cc: camera 1 reset after half second of invalid requests
system/camerad/cameras/spectra.cc: clearing and requeuing camera 1 from 1937
system/camerad/cameras/spectra.cc: camera 0 reset after half second of invalid requests
system/camerad/cameras/spectra.cc: clearing and requeuing camera 0 from 1812
RTI cycle took 0.033s
RTI cycle took 0.036s
RTI cycle took 0.029s
RTI cycle took 0.038s
RTI cycle took 0.031s
RTI cycle took 0.037s
RTI cycle took 0.027s
RTI cycle took 0.041s
RTI cycle took 0.017s
RTI cycle took 0.029s
RTI cycle took 0.029s
RTI cycle took 0.023s
RTI cycle took 0.029s
RTI cycle took 0.019s
RTI cycle took 0.028s
RTI cycle took 0.019s
RTI cycle took 0.028s
RTI cycle took 0.029s
RTI cycle took 0.038s
RTI cycle took 0.030s
RTI cycle took 0.030s
RTI cycle took 0.033s
RTI cycle took 0.023s
RTI cycle took 0.028s
RTI cycle took 0.030s
RTI cycle took 0.029s
system/loggerd/encoder/v4l_encoder.cc: encoder dequeue poll timeout
system/loggerd/encoder/v4l_encoder.cc: encoder dequeue poll timeout
RTI cycle took 0.018s
RTI cycle took 0.027s
[32mloggerd[0m [32mencoderd[0m [32mlogmessaged[0m [32mcamerad[0m [32mlogcatd[0m [32mproclogd[0m [32mmicd[0m [32mtimed[0m [32mdmonitoringmodeld[0m [32msensord[0m [32mui[0m [32msoundd[0m [32mlocationd[0m [32mcalibrationd[0m [32mtorqued[0m [32mcontrolsd[0m [32mselfdrived[0m [32mcard[0m [32mdeleter[0m [32mdmonitoringd[0m [31mqcomgpsd[0m [32mpandad[0m [32mparamsd[0m [32mlagd[0m [31mplannerd[0m [32mradard[0m [32mhardwared[0m [32mtombstoned[0m [32muploader[0m [32mstatsd[0m [32mfeedbackd[0m [32mmodeld_tinygrad[0m [32mmapd[0m [32mmapd_manager[0m [32mrtid[0m
[32mloggerd[0m [32mencoderd[0m [32mlogmessaged[0m [32mcamerad[0m [32mlogcatd[0m [32mproclogd[0m [32mmicd[0m [32mtimed[0m [32mdmonitoringmodeld[0m [32msensord[0m [32mui[0m [32msoundd[0m [32mlocationd[0m [32mcalibrationd[0m [32mtorqued[0m [32mcontrolsd[0m [32mselfdrived[0m [32mcard[0m [32mdeleter[0m [32mdmonitoringd[0m [31mqcomgpsd[0m [32mpandad[0m [32mparamsd[0m [32mlagd[0m [31mplannerd[0m [32mradard[0m [32mhardwared[0m [32mtombstoned[0m [32muploader[0m [32mstatsd[0m [32mfeedbackd[0m [32mmodeld_tinygrad[0m [32mmapd[0m [32mmapd_manager[0m [32mrtid[0m
[32mloggerd[0m [32mencoderd[0m [32mlogmessaged[0m [32mcamerad[0m [32mlogcatd[0m [32mproclogd[0m [32mmicd[0m [32mtimed[0m [32mdmonitoringmodeld[0m [32msensord[0m [32mui[0m [32msoundd[0m [32mlocationd[0m [32mcalibrationd[0m [32mtorqued[0m [32mcontrolsd[0m [32mselfdrived[0m [32mcard[0m [32mdeleter[0m [32mdmonitoringd[0m [31mqcomgpsd[0m [32mpandad[0m [32mparamsd[0m [32mlagd[0m [31mplannerd[0m [32mradard[0m [32mhardwared[0m [32mtombstoned[0m [32muploader[0m [32mstatsd[0m [32mfeedbackd[0m [32mmodeld_tinygrad[0m [32mmapd[0m [32mmapd_manager[0m [32mrtid[0m
[32mloggerd[0m [32mencoderd[0m [32mlogmessaged[0m [32mcamerad[0m [32mlogcatd[0m [32mproclogd[0m [32mmicd[0m [32mtimed[0m [32mdmonitoringmodeld[0m [32msensord[0m [32mui[0m [32msoundd[0m [32mlocationd[0m [32mcalibrationd[0m [32mtorqued[0m [32mcontrolsd[0m [32mselfdrived[0m [32mcard[0m [32mdeleter[0m [32mdmonitoringd[0m [31mqcomgpsd[0m [32mpandad[0m [32mparamsd[0m [32mlagd[0m [31mplannerd[0m [32mradard[0m [32mhardwared[0m [32mtombstoned[0m [32muploader[0m [32mstatsd[0m [32mfeedbackd[0m [32mmodeld_tinygrad[0m [32mmapd[0m [32mmapd_manager[0m [32mrtid[0m
[32mloggerd[0m [32mencoderd[0m [32mlogmessaged[0m [32mcamerad[0m [32mlogcatd[0m [32mproclogd[0m [32mmicd[0m [32mtimed[0m [32mdmonitoringmodeld[0m [32msensord[0m [32mui[0m [32msoundd[0m [32mlocationd[0m [32mcalibrationd[0m [32mtorqued[0m [32mcontrolsd[0m [32mselfdrived[0m [32mcard[0m [32mdeleter[0m [32mdmonitoringd[0m [31mqcomgpsd[0m [32mpandad[0m [32mparamsd[0m [32mlagd[0m [31mplannerd[0m [32mradard[0m [32mhardwared[0m [32mtombstoned[0m [32muploader[0m [32mstatsd[0m [32mfeedbackd[0m [32mmodeld_tinygrad[0m [32mmapd[0m [32mmapd_manager[0m [32mrtid[0m
[32mloggerd[0m [32mencoderd[0m [32mlogmessaged[0m [32mcamerad[0m [32mlogcatd[0m [32mproclogd[0m [32mmicd[0m [32mtimed[0m [32mdmonitoringmodeld[0m [32msensord[0m [32mui[0m [32msoundd[0m [32mlocationd[0m [32mcalibrationd[0m [32mtorqued[0m [32mcontrolsd[0m [32mselfdrived[0m [32mcard[0m [32mdeleter[0m [32mdmonitoringd[0m [31mqcomgpsd[0m [32mpandad[0m [32mparamsd[0m [32mlagd[0m [31mplannerd[0m [32mradard[0m [32mhardwared[0m [32mtombstoned[0m [32muploader[0m [32mstatsd[0m [32mfeedbackd[0m [32mmodeld_tinygrad[0m [32mmapd[0m [32mmapd_manager[0m [32mrtid[0m
[32mloggerd[0m [32mencoderd[0m [32mlogmessaged[0m [32mcamerad[0m [32mlogcatd[0m [32mproclogd[0m [32mmicd[0m [32mtimed[0m [32mdmonitoringmodeld[0m [32msensord[0m [32mui[0m [32msoundd[0m [32mlocationd[0m [32mcalibrationd[0m [32mtorqued[0m [32mcontrolsd[0m [32mselfdrived[0m [32mcard[0m [32mdeleter[0m [