RAYLIB STATIC 5.5.0.2 LOADED
scons: Reading SConscript files ...
kj/filesystem-disk-unix.c++:1734: warning: PWD environment variable doesn't match current directory; pwd = /data/openpilot/system/manager
gbm_create_device(156): Info: backend name is: msm_drm
scons: done reading SConscript files.
scons: Building targets ...
Building compilation database compile_commands.json
scons: done building targets.
system/loggerd/bootlog.cc: bootlog to /data/media/0/realdata/boot/00000038--0641acb855.zst
Failed to cast param b'VisionTurnSpeedControlAggressiveness' with value=b'1.00' from type t=<ParamKeyType.INT: 2>
updates are disabled by the DisableUpdates param
gbm_create_device(156): Info: backend name is: msm_drm
: QPixmap::scaled: Pixmap is a null pixmap
No OSM database found for road geometry extraction
configuring modem
Successfully set initial EPS bearer properties
Panda 40001a000251333038363231 connected, version: DEV-c6ef5a79-DEBU, signature 2e306e388fc919d7, expected 2e306e388fc919d7
selfdrive/ui/qt/network/wifi_manager.cc: Changing gsm.auto-config to true
selfdrive/pandad/main.cc: starting pandad
selfdrive/pandad/pandad.cc: connecting to pandas: 40001a000251333038363231
selfdrive/pandad/panda.cc: connected to 40001a000251333038363231 over SPI
selfdrive/pandad/pandad.cc: connected to all pandas
pid 321's current affinity list: 3
pid 321's new affinity list: 3
: "wl-shell" is a deprecated shell extension, prefer using "xdg-shell-v6" or "xdg-shell" if supported by the compositor by setting the environment variable QT_WAYLAND_SHELL_INTEGRATION
{"event": "Startup blocked", "startup_conditions": {"up_to_date": true, "no_excessive_actuation": true, "not_uninstalling": true, "accepted_terms": true, "free_space": true, "completed_training": true, "not_driver_view": true, "not_taking_snapshot": true, "device_temp_engageable": true, "device_booted": true, "not_always_offroad": true}, "onroad_conditions": {"ignition": true, "not_onroad_cycle": false, "device_temp_good": true, "not_always_offroad": true}, "error": true}
{"event": "Startup after block", "block_duration": 1.0057309009999926, "startup_conditions": {"up_to_date": true, "no_excessive_actuation": true, "not_uninstalling": true, "accepted_terms": true, "free_space": true, "completed_training": true, "not_driver_view": true, "not_taking_snapshot": true, "device_temp_engageable": true, "device_booted": true, "not_always_offroad": true}, "onroad_conditions": {"ignition": true, "not_onroad_cycle": true, "device_temp_good": true, "not_always_offroad": true}, "startup_conditions_prev": {"up_to_date": true, "no_excessive_actuation": true, "not_uninstalling": true, "accepted_terms": true, "free_space": true, "completed_training": true, "not_driver_view": true, "not_taking_snapshot": true, "device_temp_engageable": true, "device_booted": true, "not_always_offroad": true}, "error": true}
stats dir full
child sunnypilot.models.manager got SIGINT
[32mlogmessaged[0m [32mtimed[0m [32mui[0m [32mdeleter[0m [32mpandad[0m [32mhardwared[0m [32mtombstoned[0m [31mupdated[0m [32muploader[0m [32mstatsd[0m [32mmodels_manager[0m [32mmapd[0m [32mmapd_manager[0m
[32mlogmessaged[0m [32mtimed[0m [32mui[0m [32mdeleter[0m [32mpandad[0m [32mhardwared[0m [32mtombstoned[0m [31mupdated[0m [32muploader[0m [32mstatsd[0m [32mmodels_manager[0m [32mmapd[0m [32mmapd_manager[0m
[32mlogmessaged[0m [32mtimed[0m [32mui[0m [32mdeleter[0m [32mpandad[0m [32mhardwared[0m [32mtombstoned[0m [31mupdated[0m [32muploader[0m [32mstatsd[0m [32mmodels_manager[0m [32mmapd[0m [32mmapd_manager[0m
system/camerad/cameras/spectra.cc: VIDIOC_CAM_CONTROL error: op_code 266 - errno 19
waiting for modem to come up
Getting VIN & FW versions
Getting VIN & FW versions
Setting OBD multiplexing to True
system/camerad/cameras/spectra.cc: clearing and requeuing camera 0 from 1
RTI cycle took 0.101s
system/camerad/cameras/spectra.cc: VIDIOC_CAM_CONTROL error: op_code 266 - errno 19
OBD multiplexing set successfully
RTI cycle took 0.102s
system/camerad/cameras/spectra.cc: clearing and requeuing camera 1 from 1
RTI cycle took 0.102s
system/camerad/cameras/spectra.cc: VIDIOC_CAM_CONTROL error: op_code 266 - errno 19
models loaded, dmonitoringmodeld starting
connecting to driver stream
RTI cycle took 0.104s
system/loggerd/loggerd.cc: logging to /data/media/0/realdata/00000047--4e8d0a3a33--0
RTI cycle took 0.102s
system/camerad/cameras/spectra.cc: clearing and requeuing camera 2 from 1
Starting listener for: camerad
RTI cycle took 0.104s
system/loggerd/encoderd.cc: encoder road_cam_encoder init 1928x1208
system/loggerd/encoderd.cc: encoder driver_cam_encoder init 1928x1208
system/loggerd/encoderd.cc: encoder wide_road_cam_encoder init 1928x1208
connected with buffer size: 4804608
RTI cycle took 0.104s
RTI cycle took 0.085s
system/camerad/cameras/spectra.cc: camera 0 synced on frame_id_offset 6 timestamp 757325421773
system/camerad/cameras/spectra.cc: camera 1 synced on frame_id_offset 6 timestamp 757325432080
system/camerad/cameras/spectra.cc: camera 2 synced on frame_id_offset 5 timestamp 757325440878
RTI cycle took 0.103s
vin query retry (1) ...
vin query retry (1) ...
RTI cycle took 0.106s
RTI cycle took 0.101s
RTI cycle took 0.101s
RTI cycle took 0.101s
RTI cycle took 0.101s
RTI cycle took 0.103s
RTI cycle took 0.101s
RTI cycle took 0.101s
RTI cycle took 0.067s
vin query retry (2) ...
vin query retry (2) ...
RTI cycle took 0.101s
RTI cycle took 0.101s
RTI cycle took 0.101s
Setting OBD multiplexing to False
RTI cycle took 0.102s
OBD multiplexing set successfully
RTI cycle took 0.103s
RTI cycle took 0.101s
Setting OBD multiplexing to True
RTI cycle took 0.101s
OBD multiplexing set successfully
RTI cycle took 0.102s
RTI cycle took 0.101s
Setting OBD multiplexing to False
RTI cycle took 0.080s
RTI cycle took 0.101s
OBD multiplexing set successfully
iso-tp query bad response: (1969, None) - 0x7f2231
iso-tp query bad response: (1969, None) - 0x7f2231
RTI cycle took 0.107s
RTI cycle took 0.101s
RTI cycle took 0.102s
iso-tp query bad response: (2000, None) - 0x7f2231
iso-tp query bad response: (2000, None) - 0x7f2231
RTI cycle took 0.110s
iso-tp query bad response: (1971, None) - 0x7f2212
iso-tp query bad response: (1971, None) - 0x7f2212
iso-tp query bad response: (1975, None) - 0x7f2231
iso-tp query bad response: (1975, None) - 0x7f2231
iso-tp query bad response: (1990, None) - 0x7f2222
iso-tp query bad response: (1990, None) - 0x7f2222
iso-tp query bad response: (2000, None) - 0x7f2231
iso-tp query bad response: (2000, None) - 0x7f2231
iso-tp query bad response: (1988, None) - 0x7f2231
iso-tp query bad response: (1988, None) - 0x7f2231
iso-tp query bad response: (1840, None) - 0x7f2231
iso-tp query bad response: (1840, None) - 0x7f2231
RTI cycle took 0.105s
VIN 00000000000000000
VIN 00000000000000000
RTI cycle took 0.104s
RTI cycle took 0.101s
RTI cycle took 0.103s
RTI cycle took 0.060s
quectel setup done
RTI cycle took 0.107s
modeld init
setting up CL context
CL context ready; loading model
RTI cycle took 0.107s
RTI cycle took 0.101s
RTI cycle took 0.102s
RTI cycle took 0.101s
RTI cycle took 0.101s
{'event': 'fingerprinted', 'car_fingerprint': 'KIA_EV6', 'source': 1, 'fuzzy': False, 'cached': False, 'fw_count': 9, 'ecu_responses': [(1983, None, 1), (1996, None, 1), (1977, None, 1), (2008, None, 1), (2008, None, 0), (1979, None, 1), (1848, None, 1), (1998, None, 1)], 'vin_rx_addr': -1, 'vin_rx_bus': -1, 'fingerprints': '{0: {81: 32, 389: 8, 80: 16, 352: 16, 384: 32, 385: 32, 386: 32, 387: 32, 388: 32, 624: 32, 514: 32, 577: 24, 578: 24, 579: 24, 580: 24, 581: 24, 582: 24, 583: 24, 584: 24, 585: 24, 586: 24, 587: 24, 588: 24, 438: 32, 439: 32, 440: 32, 441: 32, 507: 32, 589: 24, 590: 24, 591: 24, 625: 32, 626: 32, 627: 32, 628: 32, 629: 32, 630: 32, 648: 32, 631: 32, 515: 32, 632: 8, 633: 24, 634: 24, 635: 24, 636: 24, 637: 24, 638: 24, 639: 24, 640: 24, 641: 24, 642: 24, 643: 24, 644: 24, 645: 24, 646: 24, 647: 24, 649: 32, 650: 32, 651: 32, 652: 32, 653: 32, 654: 32, 655: 32, 672: 8, 699: 32, 700: 32, 701: 32, 702: 32, 576: 16, 593: 16, 528: 32, 529: 32, 530: 32, 531: 32, 532: 32, 533: 32, 534: 32, 535: 32, 536: 32, 537: 32, 538: 32, 539: 32, 540: 32, 541: 32, 542: 32, 543: 32, 513: 32, 674: 32, 675: 32, 676: 24}, 1: {298: 16, 245: 32, 352: 16, 837: 8, 416: 32, 139: 8, 325: 32, 432: 32, 293: 16, 463: 8, 480: 16, 1096: 8, 490: 32, 266: 32, 512: 8, 934: 8, 304: 16, 288: 32, 879: 8, 895: 8, 373: 24, 346: 8, 234: 24, 74: 32, 410: 32, 282: 16, 96: 32, 101: 32, 111: 8, 160: 24, 53: 32, 426: 16, 384: 8, 389: 8, 464: 16, 357: 24, 362: 32, 368: 16, 666: 8, 437: 32, 961: 8, 962: 8, 597: 32, 741: 32, 949: 32, 496: 16, 506: 32, 698: 32, 442: 24, 485: 16, 874: 16, 1049: 8, 522: 16, 928: 16, 778: 32, 544: 16, 682: 32, 693: 32, 1052: 8, 704: 32, 736: 32, 592: 24, 992: 8, 993: 8, 994: 8, 997: 8, 998: 8, 517: 24, 549: 16, 901: 8, 1050: 8, 1058: 8, 1051: 8, 1061: 8, 826: 32, 1074: 8, 1077: 8, 1090: 8, 1092: 8, 1093: 8, 1108: 8, 501: 32, 565: 32, 602: 32, 762: 32, 805: 32, 816: 32, 864: 32, 1024: 8, 144: 32, 688: 32, 896: 8, 898: 8, 899: 8, 900: 8, 944: 8, 945: 8, 946: 8, 1063: 8, 1065: 8, 1066: 8, 933: 8, 1025: 8, 923: 8, 1029: 8, 1040: 8, 1041: 8, 1187: 8, 1042: 8, 1043: 8, 1044: 8, 1046: 8, 1047: 8, 1048: 8, 703: 8, 1151: 8, 1264: 8, 725: 32, 767: 8, 789: 16, 906: 16, 1138: 8, 1139: 8, 1140: 8, 948: 8, 1204: 8, 1240: 8, 1245: 8, 1247: 8, 1259: 8, 1099: 8, 938: 8, 936: 8, 937: 8, 940: 8, 941: 8, 1033: 8, 1142: 8, 1143: 8, 970: 16, 1055: 8, 1013: 32, 794: 32, 842: 32, 1008: 32, 1167: 8, 1266: 8, 1267: 8, 474: 32}, 2: {81: 32, 389: 8, 80: 16, 352: 16, 384: 32, 385: 32, 386: 32, 387: 32, 388: 32, 624: 32, 514: 32, 577: 24, 578: 24, 579: 24, 580: 24, 581: 24, 582: 24, 583: 24, 584: 24, 585: 24, 586: 24, 587: 24, 588: 24, 438: 32, 439: 32, 440: 32, 441: 32, 507: 32, 589: 24, 590: 24, 591: 24, 625: 32, 626: 32, 627: 32, 628: 32, 629: 32, 630: 32, 648: 32, 631: 32, 515: 32, 632: 8, 633: 24, 634: 24, 635: 24, 636: 24, 637: 24, 638: 24, 639: 24, 640: 24, 641: 24, 642: 24, 643: 24, 644: 24, 645: 24, 646: 24, 647: 24, 649: 32, 650: 32, 651: 32, 652: 32, 653: 32, 654: 32, 655: 32, 672: 8, 699: 32, 700: 32, 701: 32, 702: 32, 576: 16, 593: 16, 528: 32, 529: 32, 530: 32, 531: 32, 532: 32, 533: 32, 534: 32, 535: 32, 536: 32, 537: 32, 538: 32, 539: 32, 540: 32, 541: 32, 542: 32, 543: 32, 513: 32, 674: 32, 675: 32, 676: 24}, 3: {}, 4: {}, 5: {}, 6: {}, 7: {}}', 'fw_query_time': 3.565800760000002}
{'event': 'fingerprinted', 'car_fingerprint': 'KIA_EV6', 'source': 1, 'fuzzy': False, 'cached': False, 'fw_count': 9, 'ecu_responses': [(1983, None, 1), (1996, None, 1), (1977, None, 1), (2008, None, 1), (2008, None, 0), (1979, None, 1), (1848, None, 1), (1998, None, 1)], 'vin_rx_addr': -1, 'vin_rx_bus': -1, 'fingerprints': '{0: {81: 32, 389: 8, 80: 16, 352: 16, 384: 32, 385: 32, 386: 32, 387: 32, 388: 32, 624: 32, 514: 32, 577: 24, 578: 24, 579: 24, 580: 24, 581: 24, 582: 24, 583: 24, 584: 24, 585: 24, 586: 24, 587: 24, 588: 24, 438: 32, 439: 32, 440: 32, 441: 32, 507: 32, 589: 24, 590: 24, 591: 24, 625: 32, 626: 32, 627: 32, 628: 32, 629: 32, 630: 32, 648: 32, 631: 32, 515: 32, 632: 8, 633: 24, 634: 24, 635: 24, 636: 24, 637: 24, 638: 24, 639: 24, 640: 24, 641: 24, 642: 24, 643: 24, 644: 24, 645: 24, 646: 24, 647: 24, 649: 32, 650: 32, 651: 32, 652: 32, 653: 32, 654: 32, 655: 32, 672: 8, 699: 32, 700: 32, 701: 32, 702: 32, 576: 16, 593: 16, 528: 32, 529: 32, 530: 32, 531: 32, 532: 32, 533: 32, 534: 32, 535: 32, 536: 32, 537: 32, 538: 32, 539: 32, 540: 32, 541: 32, 542: 32, 543: 32, 513: 32, 674: 32, 675: 32, 676: 24}, 1: {298: 16, 245: 32, 352: 16, 837: 8, 416: 32, 139: 8, 325: 32, 432: 32, 293: 16, 463: 8, 480: 16, 1096: 8, 490: 32, 266: 32, 512: 8, 934: 8, 304: 16, 288: 32, 879: 8, 895: 8, 373: 24, 346: 8, 234: 24, 74: 32, 410: 32, 282: 16, 96: 32, 101: 32, 111: 8, 160: 24, 53: 32, 426: 16, 384: 8, 389: 8, 464: 16, 357: 24, 362: 32, 368: 16, 666: 8, 437: 32, 961: 8, 962: 8, 597: 32, 741: 32, 949: 32, 496: 16, 506: 32, 698: 32, 442: 24, 485: 16, 874: 16, 1049: 8, 522: 16, 928: 16, 778: 32, 544: 16, 682: 32, 693: 32, 1052: 8, 704: 32, 736: 32, 592: 24, 992: 8, 993: 8, 994: 8, 997: 8, 998: 8, 517: 24, 549: 16, 901: 8, 1050: 8, 1058: 8, 1051: 8, 1061: 8, 826: 32, 1074: 8, 1077: 8, 1090: 8, 1092: 8, 1093: 8, 1108: 8, 501: 32, 565: 32, 602: 32, 762: 32, 805: 32, 816: 32, 864: 32, 1024: 8, 144: 32, 688: 32, 896: 8, 898: 8, 899: 8, 900: 8, 944: 8, 945: 8, 946: 8, 1063: 8, 1065: 8, 1066: 8, 933: 8, 1025: 8, 923: 8, 1029: 8, 1040: 8, 1041: 8, 1187: 8, 1042: 8, 1043: 8, 1044: 8, 1046: 8, 1047: 8, 1048: 8, 703: 8, 1151: 8, 1264: 8, 725: 32, 767: 8, 789: 16, 906: 16, 1138: 8, 1139: 8, 1140: 8, 948: 8, 1204: 8, 1240: 8, 1245: 8, 1247: 8, 1259: 8, 1099: 8, 938: 8, 936: 8, 937: 8, 940: 8, 941: 8, 1033: 8, 1142: 8, 1143: 8, 970: 16, 1055: 8, 1013: 32, 794: 32, 842: 32, 1008: 32, 1167: 8, 1266: 8, 1267: 8, 474: 32}, 2: {81: 32, 389: 8, 80: 16, 352: 16, 384: 32, 385: 32, 386: 32, 387: 32, 388: 32, 624: 32, 514: 32, 577: 24, 578: 24, 579: 24, 580: 24, 581: 24, 582: 24, 583: 24, 584: 24, 585: 24, 586: 24, 587: 24, 588: 24, 438: 32, 439: 32, 440: 32, 441: 32, 507: 32, 589: 24, 590: 24, 591: 24, 625: 32, 626: 32, 627: 32, 628: 32, 629: 32, 630: 32, 648: 32, 631: 32, 515: 32, 632: 8, 633: 24, 634: 24, 635: 24, 636: 24, 637: 24, 638: 24, 639: 24, 640: 24, 641: 24, 642: 24, 643: 24, 644: 24, 645: 24, 646: 24, 647: 24, 649: 32, 650: 32, 651: 32, 652: 32, 653: 32, 654: 32, 655: 32, 672: 8, 699: 32, 700: 32, 701: 32, 702: 32, 576: 16, 593: 16, 528: 32, 529: 32, 530: 32, 531: 32, 532: 32, 533: 32, 534: 32, 535: 32, 536: 32, 537: 32, 538: 32, 539: 32, 540: 32, 541: 32, 542: 32, 543: 32, 513: 32, 674: 32, 675: 32, 676: 24}, 3: {}, 4: {}, 5: {}, 6: {}, 7: {}}', 'fw_query_time': 3.565800760000002}
RTI cycle took 0.103s
RTI cycle took 0.102s
selfdrive/pandad/panda_safety.cc: Finished FW query, Waiting for params to set safety model
RTI cycle took 0.101s
RTI cycle took 0.061s
RTI cycle took 0.103s
[32mloggerd[0m [32mencoderd[0m [32mlogmessaged[0m [32mcamerad[0m [32mlogcatd[0m [32mproclogd[0m [32mmicd[0m [32mtimed[0m [32mdmonitoringmodeld[0m [32msensord[0m [32mui[0m [32msoundd[0m [32mlocationd[0m [32mcalibrationd[0m [32mtorqued[0m [32mcontrolsd[0m [32mselfdrived[0m [32mcard[0m [32mdeleter[0m [32mdmonitoringd[0m [32mqcomgpsd[0m [32mpandad[0m [32mparamsd[0m [32mlagd[0m [32mplannerd[0m [32mradard[0m [32mhardwared[0m [32mtombstoned[0m [32muploader[0m [32mstatsd[0m [32mfeedbackd[0m [31mmodels_manager[0m [32mmodeld_tinygrad[0m [32mmapd[0m [32mmapd_manager[0m [32mrtid[0m
[32mloggerd[0m [32mencoderd[0m [32mlogmessaged[0m [32mcamerad[0m [32mlogcatd[0m [32mproclogd[0m [32mmicd[0m [32mtimed[0m [32mdmonitoringmodeld[0m [32msensord[0m [32mui[0m [32msoundd[0m [32mlocationd[0m [32mcalibrationd[0m [32mtorqued[0m [32mcontrolsd[0m [32mselfdrived[0m [32mcard[0m [32mdeleter[0m [32mdmonitoringd[0m [32mqcomgpsd[0m [32mpandad[0m [32mparamsd[0m [32mlagd[0m [32mplannerd[0m [32mradard[0m [32mhardwared[0m [32mtombstoned[0m [32muploader[0m [32mstatsd[0m [32mfeedbackd[0m [32mmodeld_tinygrad[0m [32mmapd[0m [32mmapd_manager[0m [32mrtid[0m
[32mloggerd[0m [32mencoderd[0m [32mlogmessaged[0m [32mcamerad[0m [32mlogcatd[0m [32mproclogd[0m [32mmicd[0m [32mtimed[0m [32mdmonitoringmodeld[0m [32msensord[0m [32mui[0m [32msoundd[0m [32mlocationd[0m [32mcalibrationd[0m [32mtorqued[0m [32mcontrolsd[0m [32mselfdrived[0m [32mcard[0m [32mdeleter[0m [32mdmonitoringd[0m [32mqcomgpsd[0m [32mpandad[0m [32mparamsd[0m [32mlagd[0m [32mplannerd[0m [32mradard[0m [32mhardwared[0m [32mtombstoned[0m [32muploader[0m [32mstatsd[0m [32mfeedbackd[0m [32mmodeld_tinygrad[0m [32mmapd[0m [32mmapd_manager[0m [32mrtid[0m
[32mloggerd[0m [32mencoderd[0m [32mlogmessaged[0m [32mcamerad[0m [32mlogcatd[0m [32mproclogd[0m [32mmicd[0m [32mtimed[0m [32mdmonitoringmodeld[0m [32msensord[0m [32mui[0m [32msoundd[0m [32mlocationd[0m [32mcalibrationd[0m [32mtorqued[0m [32mcontrolsd[0m [32mselfdrived[0m [32mcard[0m [32mdeleter[0m [32mdmonitoringd[0m [32mqcomgpsd[0m [32mpandad[0m [32mparamsd[0m [32mlagd[0m [32mplannerd[0m [32mradard[0m [32mhardwared[0m [32mtombstoned[0m [32muploader[0m [32mstatsd[0m [32mfeedbackd[0m [32mmodeld_tinygrad[0m [32mmapd[0m [32mmapd_manager[0m [32mrtid[0m
[32mloggerd[0m [32mencoderd[0m [32mlogmessaged[0m [32mcamerad[0m [32mlogcatd[0m [32mproclogd[0m [32mmicd[0m [32mtimed[0m [32mdmonitoringmodeld[0m [32msensord[0m [32mui[0m [32msoundd[0m [32mlocationd[0m [32mcalibrationd[0m [32mtorqued[0m [32mcontrolsd[0m [32mselfdrived[0m [32mcard[0m [32mdeleter[0m [32mdmonitoringd[0m [32mqcomgpsd[0m [32mpandad[0m [32mparamsd[0m [32mlagd[0m [32mplannerd[0m [32mradard[0m [32mhardwared[0m [32mtombstoned[0m [32muploader[0m [32mstatsd[0m [32mfeedbackd[0m [32mmodeld_tinygrad[0m [32mmapd[0m [32mmapd_manager[0m [32mrtid[0m
[32mloggerd[0m [32mencoderd[0m [32mlogmessaged[0m [32mcamerad[0m [32mlogcatd[0m [32mproclogd[0m [32mmicd[0m [32mtimed[0m [32mdmonitoringmodeld[0m [32msensord[0m [32mui[0m [32msoundd[0m [32mlocationd[0m [32mcalibrationd[0m [32mtorqued[0m [32mcontrolsd[0m [32mselfdrived[0m [32mcard[0m [32mdeleter[0m [32mdmonitoringd[0m [32mqcomgpsd[0m [32mpandad[0m [32mparamsd[0m [32mlagd[0m [32mplannerd[0m [32mradard[0m [32mhardwared[0m [32mtombstoned[0m [32muploader[0m [32mstatsd[0m [32mfeedbackd[0m [32mmodeld_tinygrad[0m [32mmapd[0m [32mmapd_manager[0m [32mrtid[0m
[32mloggerd[0m [32mencoderd[0m [32mlogmessaged[0m [32mcamerad[0m [32mlogcatd[0m [32mproclogd[0m [32mmicd[0m [32mtimed[0m [32mdmonitoringmodeld[0m [32msensord[0m [32mui[0m [32msoundd[0m [32mlocationd[0m [32mcalibrationd[0m [32mtorqued[0m [32mcontrolsd[0m [32mselfdrived[0m [32mcard[0m [32mdeleter[0m [32mdmonitoringd[0m [32mqcomgpsd[0m [32mpandad[0m [32mparamsd[0m [32mlagd[0m [32mplannerd[0m [32mradard[0m [32mhardwared[0m [32mtombstoned[0m [32muploader[0m [32mstatsd[0m [32mfeedbackd[0m [32mmodeld_tinygrad[0m [32mmapd[0m [32mmapd_manager[0m [32mrtid[0m
[32mloggerd[0m [32mencoderd[0m [32mlogmessaged[0m [32mcamerad[0m [32mlogcatd[0m [32mproclogd[0m [32mmicd[0m [32mtimed[0m [32mdmonitoringmodeld[0m [32msensord[0m [32mui[0m [32msoundd[0m [32mlocationd[0m [32mcalibrationd[0m [32mtorqued[0m [32mcontrolsd[0m [32mselfdrived[0m [32mcard[0m [32mdeleter[0m [32mdmonitoringd[0m [32mqcomgpsd[0m [32mpandad[0m [32mparamsd[0m [32mlagd[0m [32mplannerd[0m [32mradard[0m [32mhardwared[0m [32mtombstoned[0m [32muploader[0m [32mstatsd[0m [32mfeedbackd[0m [32mmodeld_tinygrad[0m [32mmapd[0m [32mmapd_manager[0m [32mrtid[0m
[32mloggerd[0m [32mencoderd[0m [32mlogmessaged[0m [32mcamerad[0m [32mlogcatd[0m [32mproclogd[0m [32mmicd[0m [32mtimed[0m [32mdmonitoringmodeld[0m [32msensord[0m [32mui[0m [32msoundd[0m [32mlocationd[0m [32mcalibrationd[0m [32mtorqued[0m [32mcontrolsd[0m [32mselfdrived[0m [32mcard[0m [32mdeleter[0m [32mdmonitoringd[0m [32mqcomgpsd[0m [32mpandad[0m [32mparamsd[0m [32mlagd[0m [32mplannerd[0m [32mradard[0m [32mhardwared[0m [32mtombstoned[0m [32muploader[0m [32mstatsd[0m [32mfeedbackd[0m [32mmodeld_tinygrad[0m [32mmapd[0m [32mmapd_manager[0m [32mrtid[0m
[32mloggerd[0m [32mencoderd[0m [32mlogmessaged[0m [32mcamerad[0m [32mlogcatd[0m [32mproclogd[0m [32mmicd[0m [32mtimed[0m [32mdmonitoringmodeld[0m [32msensord[0m [32mui[0m [32msoundd[0m [32mlocationd[0m [32mcalibrationd[0m [32mtorqued[0m [32mcontrolsd[0m [32mselfdrived[0m [32mcard[0m [32mdeleter[0m [32mdmonitoringd[0m [32mqcomgpsd[0m [32mpandad[0m [32mparamsd[0m [32mlagd[0m [32mplannerd[0m [32mradard[0m [32mhardwared[0m [32mtombstoned[0m [32muploader[0m [32mstatsd[0m [32mfeedbackd[0m [32mmodeld_tinygrad[0m [32mmapd[0m [32mmapd_manager[0m [32mrtid[0m
[32mloggerd[0m [32mencoderd[0m [32mlogmessaged[0m [32mcamerad[0m [32mlogcatd[0m [32mproclogd[0m [32mmicd[0m [32mtimed[0m [32mdmonitoringmodeld[0m [32msensord[0m [32mui[0m [32msoundd[0m [32mlocationd[0m [32mcalibrationd[0m [32mtorqued[0m [32mcontrolsd[0m [32mselfdrived[0m [32mcard[0m [32mdeleter[0m [32mdmonitoringd[0m [32mqcomgpsd[0m [32mpandad[0m [32mparamsd[0m [32mlagd[0m [32mplannerd[0m [32mradard[0m [32mhardwared[0m [32mtombstoned[0m [32muploader[0m [32mstatsd[0m [32mfeedbackd[0m [32mmodeld_tinygrad[0m [32mmapd[0m [32mmapd_manager[0m [32mrtid[0m
[32mloggerd[0m [32mencoderd[0m [32mlogmessaged[0m [32mcamerad[0m [32mlogcatd[0m [32mproclogd[0m [32mmicd[0m [32mtimed[0m [32mdmonitoringmodeld[0m [32msensord[0m [32mui[0m [32msoundd[0m [32mlocationd[0m [32mcalibrationd[0m [32mtorqued[0m [32mcontrolsd[0m [32mselfdrived[0m [32mcard[0m [32mdeleter[0m [32mdmonitoringd[0m [32mqcomgpsd[0m [32mpandad[0m [32mparamsd[0m [32mlagd[0m [32mplannerd[0m [32mradard[0m [32mhardwared[0m [32mtombstoned[0m [32muploader[0m [32mstatsd[0m [32mfeedbackd[0m [32mmodeld_tinygrad[0m [32mmapd[0m [32mmapd_manager[0m [32mrtid[0m
[32mloggerd[0m [32mencoderd[0m [32mlogmessaged[0m [32mcamerad[0m [32mlogcatd[0m [32mproclogd[0m [32mmicd[0m [32mtimed[0m [32mdmonitoringmodeld[0m [32msensord[0m [32mui[0m [32msoundd[0m [32mlocationd[0m [32mcalibrationd[0m [32mtorqued[0m [32mcontrolsd[0m [32mselfdrived[0m [32mcard[0m [32mdeleter[0m [32mdmonitoringd[0m [32mqcomgpsd[0m [32mpandad[0m [32mparamsd[0m [32mlagd[0m [32mplannerd[0m [32mradard[0m [32mhardwared[0m [32mtombstoned[0m [32muploader[0m [32mstatsd[0m [32mfeedbackd[0m [32mmodeld_tinygrad[0m [32mmapd[0m [32mmapd_manager[0m [32mrtid[0m
models loaded, modeld starting
vision stream set up, main_wide_camera: False, use_extra_client: True
connected main cam with buffer size: 4804608 (1928 x 1208)
connected extra cam with buffer size: 4804608 (1928 x 1208)
skipping model eval. Dropped 102 frames
skipping model eval. Dropped 3 frames
crash
Traceback (most recent call last):
  File "/data/openpilot/openpilot/system/manager/process.py", line 40, in launcher
    mod.main()
  File "/data/openpilot/selfdrive/controls/plannerd.py", line 32, in main
    longitudinal_planner.update(sm)
  File "/data/openpilot/openpilot/selfdrive/controls/lib/longitudinal_planner.py", line 180, in update
    v_cruise = LongitudinalPlannerSP.update_v_cruise(self, sm, self.v_desired_filter.x, self.a_desired, v_cruise)
               ^^^^^^^^^^^^^^^^^^^^^^^^^^^^^^^^^^^^^^^^^^^^^^^^^^^^^^^^^^^^^^^^^^^^^^^^^^^^^^^^^^^^^^^^^^^^^^^^^^
  File "/data/openpilot/openpilot/sunnypilot/selfdrive/controls/lib/longitudinal_planner.py", line 54, in update_v_cruise
    self.v_tsc.update(sm, sm['carControl'].longActive, v_ego, a_ego, v_cruise)
  File "/data/openpilot/openpilot/sunnypilot/selfdrive/controls/lib/vision_turn_controller.py", line 1656, in update
    self._update_params()
  File "/data/openpilot/openpilot/sunnypilot/selfdrive/controls/lib/vision_turn_controller.py", line 1049, in _update_params
    enter_dwell_b = self._params.get("VisionTurnSpeedControlOcclEnterDwellS")
                    ^^^^^^^^^^^^^^^^^^^^^^^^^^^^^^^^^^^^^^^^^^^^^^^^^^^^^^^^^
  File "common/params_pyx.pyx", line 116, in common.params_pyx.Params.get
  File "common/params_pyx.pyx", line 97, in common.params_pyx.Params.check_key
common.params_pyx.UnknownKeyName: b'VisionTurnSpeedControlOcclEnterDwellS'
logged crash to ['/data/community/crashes/2025-08-29--15-21-55.log', '/data/community/crashes/error.log']
Process plannerd:
Traceback (most recent call last):
  File "/usr/lib/python3.12/multiprocessing/process.py", line 314, in _bootstrap
    self.run()
  File "/usr/lib/python3.12/multiprocessing/process.py", line 108, in run
    self._target(*self._args, **self._kwargs)
  File "/data/openpilot/openpilot/system/manager/process.py", line 40, in launcher
    mod.main()
  File "/data/openpilot/selfdrive/controls/plannerd.py", line 32, in main
    longitudinal_planner.update(sm)
  File "/data/openpilot/openpilot/selfdrive/controls/lib/longitudinal_planner.py", line 180, in update
    v_cruise = LongitudinalPlannerSP.update_v_cruise(self, sm, self.v_desired_filter.x, self.a_desired, v_cruise)
               ^^^^^^^^^^^^^^^^^^^^^^^^^^^^^^^^^^^^^^^^^^^^^^^^^^^^^^^^^^^^^^^^^^^^^^^^^^^^^^^^^^^^^^^^^^^^^^^^^^
  File "/data/openpilot/openpilot/sunnypilot/selfdrive/controls/lib/longitudinal_planner.py", line 54, in update_v_cruise
    self.v_tsc.update(sm, sm['carControl'].longActive, v_ego, a_ego, v_cruise)
  File "/data/openpilot/openpilot/sunnypilot/selfdrive/controls/lib/vision_turn_controller.py", line 1656, in update
    self._update_params()
  File "/data/openpilot/openpilot/sunnypilot/selfdrive/controls/lib/vision_turn_controller.py", line 1049, in _update_params
    enter_dwell_b = self._params.get("VisionTurnSpeedControlOcclEnterDwellS")
                    ^^^^^^^^^^^^^^^^^^^^^^^^^^^^^^^^^^^^^^^^^^^^^^^^^^^^^^^^^
  File "common/params_pyx.pyx", line 116, in common.params_pyx.Params.get
  File "common/params_pyx.pyx", line 97, in common.params_pyx.Params.check_key
common.params_pyx.UnknownKeyName: b'VisionTurnSpeedControlOcclEnterDwellS'
RTI cycle took 2.256s
RTI cycle took 0.024s
RTI cycle took 0.023s
RTI cycle took 0.016s
RTI cycle took 0.014s
RTI cycle took 0.023s
RTI cycle took 0.018s
RTI cycle took 0.028s
RTI cycle took 0.018s
RTI cycle took 0.018s
RTI cycle took 0.014s
RTI cycle took 0.019s
RTI cycle took 0.034s
RTI cycle took 0.027s
RTI cycle took 0.014s
RTI cycle took 0.032s
RTI cycle took 0.039s
RTI cycle took 0.021s
RTI cycle took 0.038s
RTI cycle took 0.018s
RTI cycle took 0.031s
RTI cycle took 0.016s
RTI cycle took 0.025s
RTI cycle took 0.037s
RTI cycle took 0.046s
RTI cycle took 0.022s
RTI cycle took 0.029s
RTI cycle took 0.029s
RTI cycle took 0.031s
RTI cycle took 0.030s
RTI cycle took 0.026s
RTI cycle took 0.021s
RTI cycle took 0.040s
RTI cycle took 0.017s
RTI cycle took 0.029s
RTI cycle took 0.020s
RTI cycle took 0.021s
RTI cycle took 0.034s
RTI cycle took 0.022s
RTI cycle took 0.040s
RTI cycle took 0.026s
RTI cycle took 0.031s
RTI cycle took 0.016s
RTI cycle took 0.017s
RTI cycle took 0.021s
RTI cycle took 0.031s
RTI cycle took 0.016s
RTI cycle took 0.028s
RTI cycle took 0.028s
RTI cycle took 0.037s
RTI cycle took 0.031s
RTI cycle took 0.030s
RTI cycle took 0.028s
RTI cycle took 0.031s
RTI cycle took 0.018s
RTI cycle took 0.016s
RTI cycle took 0.023s
RTI cycle took 0.030s
RTI cycle took 0.025s
RTI cycle took 0.032s
RTI cycle took 0.029s
RTI cycle took 0.028s
RTI cycle took 0.033s
RTI cycle took 0.024s
RTI cycle took 0.028s
RTI cycle took 0.027s
RTI cycle took 0.033s
RTI cycle took 0.030s
RTI cycle took 0.025s
RTI cycle took 0.032s
RTI cycle took 0.031s
RTI cycle took 0.026s
RTI cycle took 0.029s
RTI cycle took 0.025s
RTI cycle took 0.032s
RTI cycle took 0.040s
RTI cycle took 0.018s
RTI cycle took 0.014s
RTI cycle took 0.023s
RTI cycle took 0.042s
RTI cycle took 0.015s
RTI cycle took 0.028s
RTI cycle took 0.030s
RTI cycle took 0.025s
RTI cycle took 0.022s
RTI cycle took 0.028s
RTI cycle took 0.040s
RTI cycle took 0.017s
RTI cycle took 0.024s
RTI cycle took 0.030s
RTI cycle took 0.027s
RTI cycle took 0.021s
RTI cycle took 0.027s
RTI cycle took 0.030s
RTI cycle took 0.015s
RTI cycle took 0.016s
RTI cycle took 0.013s
RTI cycle took 0.022s
RTI cycle took 0.027s
RTI cycle took 0.033s
RTI cycle took 0.026s
RTI cycle took 0.031s
RTI cycle took 0.018s
RTI cycle took 0.019s
RTI cycle took 0.032s
RTI cycle took 0.025s
RTI cycle took 0.022s
RTI cycle took 0.018s
RTI cycle took 0.036s
RTI cycle took 0.027s
RTI cycle took 0.028s
RTI cycle took 0.032s
RTI cycle took 0.018s
RTI cycle took 0.026s
RTI cycle took 0.027s
RTI cycle took 0.032s
RTI cycle took 0.040s
RTI cycle took 0.026s
RTI cycle took 0.026s
RTI cycle took 0.029s
RTI cycle took 0.030s
RTI cycle took 0.028s
RTI cycle took 0.020s
RTI cycle took 0.024s
RTI cycle took 0.032s
RTI cycle took 0.017s
RTI cycle took 0.025s
RTI cycle took 0.030s
RTI cycle took 0.018s
RTI cycle took 0.020s
RTI cycle took 0.025s
RTI cycle took 0.040s
RTI cycle took 0.016s
RTI cycle took 0.024s
RTI cycle took 0.026s
RTI cycle took 0.020s
{"event": "selfdrived.initialized", "dt": 6.01, "timeout": true, "canValid": true, "invalid": ["longitudinalPlan", "driverAssistance", "alertDebug"], "not_alive": ["longitudinalPlan", "driverAssistance", "alertDebug"], "not_freq_ok": ["longitudinalPlan", "driverAssistance", "alertDebug"], "error": true}
{"event": "process_not_running", "not_running": "{'plannerd'}", "error": true}
ecu disable ('0x730', None) ...
ecu disable ('0x730', None) ...
RTI cycle took 0.023s
communication control disable tx/rx ...
communication control disable tx/rx ...
ecu disabled
ecu disabled
RTI cycle took 0.060s
selfdrive/pandad/panda_safety.cc: got 1440 bytes CarParams
selfdrive/pandad/panda_safety.cc: got 168 bytes CarParamsSP
selfdrive/pandad/panda_safety.cc: Panda 0: setting safety model: 28, param: 21, alternative experience: 1024, param_sp: 2
RTI cycle took 0.056s
RTI cycle took 0.023s
RTI cycle took 0.036s
RTI cycle took 0.019s
RTI cycle took 0.028s
RTI cycle took 0.044s
RTI cycle took 0.024s
RTI cycle took 0.023s
RTI cycle took 0.025s
RTI cycle took 0.031s
RTI cycle took 0.017s
RTI cycle took 0.027s
RTI cycle took 0.018s
RTI cycle took 0.020s
RTI cycle took 0.018s
RTI cycle took 0.038s
RTI cycle took 0.017s
RTI cycle took 0.016s
RTI cycle took 0.020s
RTI cycle took 0.031s
RTI cycle took 0.027s
RTI cycle took 0.025s
RTI cycle took 0.018s
RTI cycle took 0.021s
RTI cycle took 0.032s
RTI cycle took 0.025s
RTI cycle took 0.032s
RTI cycle took 0.017s
RTI cycle took 0.027s
RTI cycle took 0.042s
RTI cycle took 0.018s
RTI cycle took 0.025s
RTI cycle took 0.028s
RTI cycle took 0.028s
RTI cycle took 0.032s
RTI cycle took 0.020s
RTI cycle took 0.030s
RTI cycle took 0.027s
RTI cycle took 0.030s
RTI cycle took 0.030s
RTI cycle took 0.038s
RTI cycle took 0.028s
RTI cycle took 0.018s
RTI cycle took 0.027s
RTI cycle took 0.020s
RTI cycle took 0.036s
[32mloggerd[0m [32mencoderd[0m [32mlogmessaged[0m [32mcamerad[0m [32mlogcatd[0m [32mproclogd[0m [32mmicd[0m [32mtimed[0m [32mdmonitoringmodeld[0m [32msensord[0m [32mui[0m [32msoundd[0m [32mlocationd[0m [32mcalibrationd[0m [32mtorqued[0m [32mcontrolsd[0m [32mselfdrived[0m [32mcard[0m [32mdeleter[0m [32mdmonitoringd[0m [32mqcomgpsd[0m [32mpandad[0m [32mparamsd[0m [32mlagd[0m [32mplannerd[0m [32mradard[0m [32mhardwared[0m [32mtombstoned[0m [32muploader[0m [32mstatsd[0m [32mfeedbackd[0m [32mmodeld_tinygrad[0m [32mmapd[0m [32mmapd_manager[0m [32mrtid[0m
[32mloggerd[0m [32mencoderd[0m [32mlogmessaged[0m [32mcamerad[0m [32mlogcatd[0m [32mproclogd[0m [32mmicd[0m [32mtimed[0m [32mdmonitoringmodeld[0m [32msensord[0m [32mui[0m [32msoundd[0m [32mlocationd[0m [32mcalibrationd[0m [32mtorqued[0m [32mcontrolsd[0m [32mselfdrived[0m [32mcard[0m [32mdeleter[0m [32mdmonitoringd[0m [32mqcomgpsd[0m [32mpandad[0m [32mparamsd[0m [32mlagd[0m [32mplannerd[0m [32mradard[0m [32mhardwared[0m [32mtombstoned[0m [32muploader[0m [32mstatsd[0m [32mfeedbackd[0m [32mmodeld_tinygrad[0m [32mmapd[0m [32mmapd_manager[0m [32mrtid[0m
[32mloggerd[0m [32mencoderd[0m [32mlogmessaged[0m [32mcamerad[0m [32mlogcatd[0m [32mproclogd[0m [32mmicd[0m [32mtimed[0m [32mdmonitoringmodeld[0m [32msensord[0m [32mui[0m [32msoundd[0m [32mlocationd[0m [32mcalibrationd[0m [32mtorqued[0m [32mcontrolsd[0m [32mselfdrived[0m [32mcard[0m [32mdeleter[0m [32mdmonitoringd[0m [32mqcomgpsd[0m [32mpandad[0m [32mparamsd[0m [32mlagd[0m [31mplannerd[0m [32mradard[0m [32mhardwared[0m [32mtombstoned[0m [32muploader[0m [32mstatsd[0m [32mfeedbackd[0m [32mmodeld_tinygrad[0m [32mmapd[0m [32mmapd_manager[0m [32mrtid[0m
[32mloggerd[0m [32mencoderd[0m [32mlogmessaged[0m [32mcamerad[0m [32mlogcatd[0m [32mproclogd[0m [32mmicd[0m [32mtimed[0m [32mdmonitoringmodeld[0m [32msensord[0m [32mui[0m [32msoundd[0m [32mlocationd[0m [32mcalibrationd[0m [32mtorqued[0m [32mcontrolsd[0m [32mselfdrived[0m [32mcard[0m [32mdeleter[0m [32mdmonitoringd[0m [32mqcomgpsd[0m [32mpandad[0m [32mparamsd[0m [32mlagd[0m [31mplannerd[0m [32mradard[0m [32mhardwared[0m [32mtombstoned[0m [32muploader[0m [32mstatsd[0m [32mfeedbackd[0m [32mmodeld_tinygrad[0m [32mmapd[0m [32mmapd_manager[0m [32mrtid[0m
[32mloggerd[0m [32mencoderd[0m [32mlogmessaged[0m [32mcamerad[0m [32mlogcatd[0m [32mproclogd[0m [32mmicd[0m [32mtimed[0m [32mdmonitoringmodeld[0m [32msensord[0m [32mui[0m [32msoundd[0m [32mlocationd[0m [32mcalibrationd[0m [32mtorqued[0m [32mcontrolsd[0m [32mselfdrived[0m [32mcard[0m [32mdeleter[0m [32mdmonitoringd[0m [32mqcomgpsd[0m [32mpandad[0m [32mparamsd[0m [32mlagd[0m [31mplannerd[0m [32mradard[0m [32mhardwared[0m [32mtombstoned[0m [32muploader[0m [32mstatsd[0m [32mfeedbackd[0m [32mmodeld_tinygrad[0m [32mmapd[0m [32mmapd_manager[0m [32mrtid[0m
[32mloggerd[0m [32mencoderd[0m [32mlogmessaged[0m [32mcamerad[0m [32mlogcatd[0m [32mproclogd[0m [32mmicd[0m [32mtimed[0m [32mdmonitoringmodeld[0m [32msensord[0m [32mui[0m [32msoundd[0m [32mlocationd[0m [32mcalibrationd[0m [32mtorqued[0m [32mcontrolsd[0m [32mselfdrived[0m [32mcard[0m [32mdeleter[0m [32mdmonitoringd[0m [32mqcomgpsd[0m [32mpandad[0m [32mparamsd[0m [32mlagd[0m [31mplannerd[0m [32mradard[0m [32mhardwared[0m [32mtombstoned[0m [32muploader[0m [32mstatsd[0m [32mfeedbackd[0m [32mmodeld_tinygrad[0m [32mmapd[0m [32mmapd_manager[0m [32mrtid[0m
[32mloggerd[0m [32mencoderd[0m [32mlogmessaged[0m [32mcamerad[0m [32mlogcatd[0m [32mproclogd[0m [32mmicd[0m [32mtimed[0m [32mdmonitoringmodeld[0m [32msensord[0m [32mui[0m [32msoundd[0m [32mlocationd[0m [32mcalibrationd[0m [32mtorqued[0m [32mcontrolsd[0m [32mselfdrived[0m [32mcard[0m [32mdeleter[0m [32mdmonitoringd[0m [32mqcomgpsd[0m [32mpandad[0m [32mparamsd[0m [32mlagd[0m [31mplannerd[0m [32mradard[0m [32mhardwared[0m [32mtombstoned[0m [32muploader[0m [32mstatsd[0m [32mfeedbackd[0m [32mmodeld_tinygrad[0m [32mmapd[0m [32mmapd_manager[0m [32mrtid[0m
[32mloggerd[0m [32mencoderd[0m [32mlogmessaged[0m [32mcamerad[0m [32mlogcatd[0m [32mproclogd[0m [32mmicd[0m [32mtimed[0m [32mdmonitoringmodeld[0m [32msensord[0m [32mui[0m [32msoundd[0m [32mlocationd[0m [32mcalibrationd[0m [32mtorqued[0m [32mcontrolsd[0m [32mselfdrived[0m [32mcard[0m [32mdeleter[0m [32mdmonitoringd[0m [32mqcomgpsd[0m [32mpandad[0m [32mparamsd[0m [32mlagd[0m [31mplannerd[0m [32mradard[0m [32mhardwared[0m [32mtombstoned[0m [32muploader[0m [32mstatsd[0m [32mfeedbackd[0m [32mmodeld_tinygrad[0m [32mmapd[0m [32mmapd_manager[0m [32mrtid[0m
[32mloggerd[0m [32mencoderd[0m [32mlogmessaged[0m [32mcamerad[0m [32mlogcatd[0m [32mproclogd[0m [32mmicd[0m [32mtimed[0m [32mdmonitoringmodeld[0m [32msensord[0m [32mui[0m [32msoundd[0m [32mlocationd[0m [32mcalibrationd[0m [32mtorqued[0m [32mcontrolsd[0m [32mselfdrived[0m [32mcard[0m [32mdeleter[0m [32mdmonitoringd[0m [32mqcomgpsd[0m [32mpandad[0m [32mparamsd[0m [32mlagd[0m [31mplannerd[0m [32mradard[0m [32mhardwared[0m [32mtombstoned[0m [32muploader[0m [32mstatsd[0m [32mfeedbackd[0m [32mmodeld_tinygrad[0m [32mmapd[0m [32mmapd_manager[0m [32mrtid[0m
[32mloggerd[0m [32mencoderd[0m [32mlogmessaged[0m [32mcamerad[0m [32mlogcatd[0m [32mproclogd[0m [32mmicd[0m [32mtimed[0m [32mdmonitoringmodeld[0m [32msensord[0m [32mui[0m [32msoundd[0m [32mlocationd[0m [32mcalibrationd[0m [32mtorqued[0m [32mcontrolsd[0m [32mselfdrived[0m [32mcard[0m [32mdeleter[0m [32mdmonitoringd[0m [32mqcomgpsd[0m [32mpandad[0m [32mparamsd[0m [32mlagd[0m [31mplannerd[0m [32mradard[0m [32mhardwared[0m [32mtombstoned[0m [32muploader[0m [32mstatsd[0m [32mfeedbackd[0m [32mmodeld_tinygrad[0m [32mmapd[0m [32mmapd_manager[0m [32mrtid[0m
[32mloggerd[0m [32mencoderd[0m [32mlogmessaged[0m [32mcamerad[0m [32mlogcatd[0m [32mproclogd[0m [32mmicd[0m [32mtimed[0m [32mdmonitoringmodeld[0m [32msensord[0m [32mui[0m [32msoundd[0m [32mlocationd[0m [32mcalibrationd[0m [32mtorqued[0m [32mcontrolsd[0m [32mselfdrived[0m [32mcard[0m [32mdeleter[0m [32mdmonitoringd[0m [32mqcomgpsd[0m [32mpandad[0m [32mparamsd[0m [32mlagd[0m [31mplannerd[0m [32mradard[0m [32mhardwared[0m [32mtombstoned[0m [32muploader[0m [32mstatsd[0m [32mfeedbackd[0m [32mmodeld_tinygrad[0m [32mmapd[0m [32mmapd_manager[0m [32mrtid[0m
[32mloggerd[0m [32mencoderd[0m [32mlogmessaged[0m [32mcamerad[0m [32mlogcatd[0m [32mproclogd[0m [32mmicd[0m [32mtimed[0m [32mdmonitoringmodeld[0m [32msensord[0m [32mui[0m [32msoundd[0m [32mlocationd[0m [32mcalibrationd[0m [32mtorqued[0m [32mcontrolsd[0m [32mselfdrived[0m [32mcard[0m [32mdeleter[0m [32mdmonitoringd[0m [32mqcomgpsd[0m [32mpandad[0m [32mparamsd[0m [32mlagd[0m [31mplannerd[0m [32mradard[0m [32mhardwared[0m [32mtombstoned[0m [32muploader[0m [32mstatsd[0m [32mfeedbackd[0m [32mmodeld_tinygrad[0m [32mmapd[0m [32mmapd_manager[0m [32mrtid[0m
[32mloggerd[0m [32mencoderd[0m [32mlogmessaged[0m [32mcamerad[0m [32mlogcatd[0m [32mproclogd[0m [32mmicd[0m [32mtimed[0m [32mdmonitoringmodeld[0m [32msensord[0m [32mui[0m [32msoundd[0m [32mlocationd[0m [32mcalibrationd[0m [32mtorqued[0m [32mcontrolsd[0m [32mselfdrived[0m [32mcard[0m [32mdeleter[0m [32mdmonitoringd[0m [32mqcomgpsd[0m [32mpandad[0m [32mparamsd[0m [32mlagd[0m [31mplannerd[0m [32mradard[0m [32mhardwared[0m [32mtombstoned[0m [32muploader[0m [32mstatsd[0m [32mfeedbackd[0m [32mmodeld_tinygrad[0m [32mmapd[0m [32mmapd_manager[0m [32mrtid[0m
RTI cycle took 0.042s
RTI cycle took 0.030s
RTI cycle took 0.025s
RTI cycle took 0.031s
RTI cycle took 0.018s
RTI cycle took 0.021s
RTI cycle took 0.018s
RTI cycle took 0.025s
RTI cycle took 0.017s
RTI cycle took 0.018s
RTI cycle took 0.024s
RTI cycle took 0.031s
RTI cycle took 0.018s
RTI cycle took 0.030s
RTI cycle took 0.037s
RTI cycle took 0.038s
RTI cycle took 0.030s
RTI cycle took 0.032s
RTI cycle took 0.025s
RTI cycle took 0.030s
RTI cycle took 0.027s
RTI cycle took 0.027s
RTI cycle took 0.019s
RTI cycle took 0.024s
RTI cycle took 0.040s
RTI cycle took 0.018s
RTI cycle took 0.028s
RTI cycle took 0.017s
RTI cycle took 0.019s
RTI cycle took 0.023s
RTI cycle took 0.031s
RTI cycle took 0.027s
RTI cycle took 0.021s
RTI cycle took 0.018s
RTI cycle took 0.019s
RTI cycle took 0.020s
RTI cycle took 0.030s
RTI cycle took 0.017s
RTI cycle took 0.033s
RTI cycle took 0.015s
RTI cycle took 0.020s
RTI cycle took 0.027s
RTI cycle took 0.031s
RTI cycle took 0.015s
RTI cycle took 0.019s
RTI cycle took 0.014s
RTI cycle took 0.024s
RTI cycle took 0.018s
RTI cycle took 0.019s
RTI cycle took 0.025s
RTI cycle took 0.031s
RTI cycle took 0.017s
RTI cycle took 0.024s
RTI cycle took 0.030s
RTI cycle took 0.025s
RTI cycle took 0.029s
RTI cycle took 0.014s
RTI cycle took 0.028s
RTI cycle took 0.022s
RTI cycle took 0.029s
RTI cycle took 0.016s
RTI cycle took 0.026s
RTI cycle took 0.019s
RTI cycle took 0.026s
RTI cycle took 0.023s
RTI cycle took 0.031s
RTI cycle took 0.017s
RTI cycle took 0.026s
RTI cycle took 0.017s
RTI cycle took 0.014s
RTI cycle took 0.020s
RTI cycle took 0.031s
RTI cycle took 0.017s
RTI cycle took 0.023s
RTI cycle took 0.022s
RTI cycle took 0.032s
RTI cycle took 0.042s
RTI cycle took 0.015s
RTI cycle took 0.022s
RTI cycle took 0.027s
RTI cycle took 0.032s
RTI cycle took 0.014s
RTI cycle took 0.022s
RTI cycle took 0.040s
RTI cycle took 0.017s
RTI cycle took 0.033s
RTI cycle took 0.037s
RTI cycle took 0.016s
RTI cycle took 0.014s
RTI cycle took 0.013s
RTI cycle took 0.020s
RTI cycle took 0.019s
RTI cycle took 0.024s
RTI cycle took 0.035s
RTI cycle took 0.028s
RTI cycle took 0.032s
RTI cycle took 0.033s
RTI cycle took 0.027s
RTI cycle took 0.026s
RTI cycle took 0.033s
RTI cycle took 0.018s
RTI cycle took 0.026s
RTI cycle took 0.019s
RTI cycle took 0.030s
RTI cycle took 0.036s
RTI cycle took 0.027s
RTI cycle took 0.033s
RTI cycle took 0.022s
RTI cycle took 0.028s
RTI cycle took 0.029s
RTI cycle took 0.023s
RTI cycle took 0.030s
RTI cycle took 0.026s
RTI cycle took 0.033s
RTI cycle took 0.018s
RTI cycle took 0.026s
RTI cycle took 0.021s
RTI cycle took 0.026s
RTI cycle took 0.017s
RTI cycle took 0.021s
RTI cycle took 0.028s
RTI cycle took 0.023s
RTI cycle took 0.030s
RTI cycle took 0.028s
RTI cycle took 0.031s
RTI cycle took 0.017s
RTI cycle took 0.027s
RTI cycle took 0.018s
RTI cycle took 0.028s
RTI cycle took 0.026s
RTI cycle took 0.031s
RTI cycle took 0.042s
RTI cycle took 0.025s
RTI cycle took 0.031s
RTI cycle took 0.028s
RTI cycle took 0.039s
RTI cycle took 0.022s
RTI cycle took 0.026s
RTI cycle took 0.036s
RTI cycle took 0.013s
RTI cycle took 0.019s
RTI cycle took 0.028s
RTI cycle took 0.031s
RTI cycle took 0.030s
RTI cycle took 0.015s
RTI cycle took 0.014s
RTI cycle took 0.023s
RTI cycle took 0.017s
RTI cycle took 0.012s
RTI cycle took 0.021s
RTI cycle took 0.028s
RTI cycle took 0.021s
RTI cycle took 0.028s
RTI cycle took 0.031s
RTI cycle took 0.031s
RTI cycle took 0.034s
RTI cycle took 0.023s
RTI cycle took 0.029s
RTI cycle took 0.027s
RTI cycle took 0.031s
RTI cycle took 0.024s
RTI cycle took 0.032s
RTI cycle took 0.027s
RTI cycle took 0.048s
RTI cycle took 0.026s
RTI cycle took 0.032s
RTI cycle took 0.025s
RTI cycle took 0.030s
RTI cycle took 0.025s
RTI cycle took 0.039s
RTI cycle took 0.030s
RTI cycle took 0.040s
RTI cycle took 0.025s
RTI cycle took 0.040s
RTI cycle took 0.032s
RTI cycle took 0.024s
RTI cycle took 0.041s
RTI cycle took 0.034s
RTI cycle took 0.023s
RTI cycle took 0.041s
RTI cycle took 0.019s
RTI cycle took 0.035s
RTI cycle took 0.038s
RTI cycle took 0.028s
RTI cycle took 0.027s
RTI cycle took 0.036s
RTI cycle took 0.033s
RTI cycle took 0.023s
RTI cycle took 0.025s
RTI cycle took 0.023s
RTI cycle took 0.024s
RTI cycle took 0.017s
RTI cycle took 0.024s
RTI cycle took 0.024s
RTI cycle took 0.041s
RTI cycle took 0.033s
RTI cycle took 0.035s
RTI cycle took 0.037s
RTI cycle took 0.033s
RTI cycle took 0.040s
RTI cycle took 0.015s
RTI cycle took 0.012s
RTI cycle took 0.022s
RTI cycle took 0.040s
RTI cycle took 0.027s
RTI cycle took 0.031s
RTI cycle took 0.030s
RTI cycle took 0.016s
RTI cycle took 0.024s
RTI cycle took 0.016s
RTI cycle took 0.028s
RTI cycle took 0.034s
RTI cycle took 0.021s
RTI cycle took 0.017s
RTI cycle took 0.026s
RTI cycle took 0.058s
RTI cycle took 0.029s
RTI cycle took 0.018s
RTI cycle took 0.023s
RTI cycle took 0.025s
RTI cycle took 0.031s
RTI cycle took 0.043s
RTI cycle took 0.016s
RTI cycle took 0.026s
RTI cycle took 0.026s
RTI cycle took 0.023s
RTI cycle took 0.023s
[32mloggerd[0m [32mencoderd[0m [32mlogmessaged[0m [32mcamerad[0m [32mlogcatd[0m [32mproclogd[0m [32mmicd[0m [32mtimed[0m [32mdmonitoringmodeld[0m [32msensord[0m [32mui[0m [32msoundd[0m [32mlocationd[0m [32mcalibrationd[0m [32mtorqued[0m [32mcontrolsd[0m [32mselfdrived[0m [32mcard[0m [32mdeleter[0m [32mdmonitoringd[0m [32mqcomgpsd[0m [32mpandad[0m [32mparamsd[0m [32mlagd[0m [31mplannerd[0m [32mradard[0m [32mhardwared[0m [32mtombstoned[0m [32muploader[0m [32mstatsd[0m [32mfeedbackd[0m [32mmodeld_tinygrad[0m [32mmapd[0m [32mmapd_manager[0m [32mrtid[0m
[32mloggerd[0m [32mencoderd[0m [32mlogmessaged[0m [32mcamerad[0m [32mlogcatd[0m [32mproclogd[0m [32mmicd[0m [32mtimed[0m [32mdmonitoringmodeld[0m [32msensord[0m [32mui[0m [32msoundd[0m [32mlocationd[0m [32mcalibrationd[0m [32mtorqued[0m [32mcontrolsd[0m [32mselfdrived[0m [32mcard[0m [32mdeleter[0m [32mdmonitoringd[0m [32mqcomgpsd[0m [32mpandad[0m [32mparamsd[0m [32mlagd[0m [31mplannerd[0m [32mradard[0m [32mhardwared[0m [32mtombstoned[0m [32muploader[0m [32mstatsd[0m [32mfeedbackd[0m [32mmodeld_tinygrad[0m [32mmapd[0m [32mmapd_manager[0m [32mrtid[0m
[32mloggerd[0m [32mencoderd[0m [32mlogmessaged[0m [32mcamerad[0m [32mlogcatd[0m [32mproclogd[0m [32mmicd[0m [32mtimed[0m [32mdmonitoringmodeld[0m [32msensord[0m [32mui[0m [32msoundd[0m [32mlocationd[0m [32mcalibrationd[0m [32mtorqued[0m [32mcontrolsd[0m [32mselfdrived[0m [32mcard[0m [32mdeleter[0m [32mdmonitoringd[0m [32mqcomgpsd[0m [32mpandad[0m [32mparamsd[0m [32mlagd[0m [31mplannerd[0m [32mradard[0m [32mhardwared[0m [32mtombstoned[0m [32muploader[0m [32mstatsd[0m [32mfeedbackd[0m [32mmodeld_tinygrad[0m [32mmapd[0m [32mmapd_manager[0m [32mrtid[0m
[32mloggerd[0m [32mencoderd[0m [32mlogmessaged[0m [32mcamerad[0m [32mlogcatd[0m [32mproclogd[0m [32mmicd[0m [32mtimed[0m [32mdmonitoringmodeld[0m [32msensord[0m [32mui[0m [32msoundd[0m [32mlocationd[0m [32mcalibrationd[0m [32mtorqued[0m [32mcontrolsd[0m [32mselfdrived[0m [32mcard[0m [32mdeleter[0m [32mdmonitoringd[0m [32mqcomgpsd[0m [32mpandad[0m [32mparamsd[0m [32mlagd[0m [31mplannerd[0m [32mradard[0m [32mhardwared[0m [32mtombstoned[0m [32muploader[0m [32mstatsd[0m [32mfeedbackd[0m [32mmodeld_tinygrad[0m [32mmapd[0m [32mmapd_manager[0m [32mrtid[0m
[32mloggerd[0m [32mencoderd[0m [32mlogmessaged[0m [32mcamerad[0m [32mlogcatd[0m [32mproclogd[0m [32mmicd[0m [32mtimed[0m [32mdmonitoringmodeld[0m [32msensord[0m [32mui[0m [32msoundd[0m [32mlocationd[0m [32mcalibrationd[0m [32mtorqued[0m [32mcontrolsd[0m [32mselfdrived[0m [32mcard[0m [32mdeleter[0m [32mdmonitoringd[0m [32mqcomgpsd[0m [32mpandad[0m [32mparamsd[0m [32mlagd[0m [31mplannerd[0m [32mradard[0m [32mhardwared[0m [32mtombstoned[0m [32muploader[0m [32mstatsd[0m [32mfeedbackd[0m [32mmodeld_tinygrad[0m [32mmapd[0m [32mmapd_manager[0m [32mrtid[0m
[32mloggerd[0m [32mencoderd[0m [32mlogmessaged[0m [32mcamerad[0m [32mlogcatd[0m [32mproclogd[0m [32mmicd[0m [32mtimed[0m [32mdmonitoringmodeld[0m [32msensord[0m [32mui[0m [32msoundd[0m [32mlocationd[0m [32mcalibrationd[0m [32mtorqued[0m [32mcontrolsd[0m [32mselfdrived[0m [32mcard[0m [32mdeleter[0m [32mdmonitoringd[0m [32mqcomgpsd[0m [32mpandad[0m [32mparamsd[0m [32mlagd[0m [31mplannerd[0m [32mradard[0m [32mhardwared[0m [32mtombstoned[0m [32muploader[0m [32mstatsd[0m [32mfeedbackd[0m [32mmodeld_tinygrad[0m [32mmapd[0m [32mmapd_manager[0m [32mrtid[0m
[32mloggerd[0m [32mencoderd[0m [32mlogmessaged[0m [32mcamerad[0m [32mlogcatd[0m [32mproclogd[0m [32mmicd[0m [32mtimed[0m [32mdmonitoringmodeld[0m [32msensord[0m [32mui[0m [32msoundd[0m [32mlocationd[0m [32mcalibrationd[0m [32mtorqued[0m [32mcontrolsd[0m [32mselfdrived[0m [32mcard[0m [32mdeleter[0m [32mdmonitoringd[0m [32mqcomgpsd[0m [32mpandad[0m [32mparamsd[0m [32mlagd[0m [31mplannerd[0m [32mradard[0m [32mhardwared[0m [32mtombstoned[0m [32muploader[0m [32mstatsd[0m [32mfeedbackd[0m [32mmodeld_tinygrad[0m [32mmapd[0m [32mmapd_manager[0m [32mrtid[0m
[32mloggerd[0m [32mencoderd[0m [32mlogmessaged[0m [32mcamerad[0m [32mlogcatd[0m [32mproclogd[0m [32mmicd[0m [32mtimed[0m [32mdmonitoringmodeld[0m [32msensord[0m [32mui[0m [32msoundd[0m [32mlocationd[0m [32mcalibrationd[0m [32mtorqued[0m [32mcontrolsd[0m [32mselfdrived[0m [32mcard[0m [32mdeleter[0m [32mdmonitoringd[0m [32mqcomgpsd[0m [32mpandad[0m [32mparamsd[0m [32mlagd[0m [31mplannerd[0m [32mradard[0m [32mhardwared[0m [32mtombstoned[0m [32muploader[0m [32mstatsd[0m [32mfeedbackd[0m [32mmodeld_tinygrad[0m [32mmapd[0m [32mmapd_manager[0m [32mrtid[0m
[32mloggerd[0m [32mencoderd[0m [32mlogmessaged[0m [32mcamerad[0m [32mlogcatd[0m [32mproclogd[0m [32mmicd[0m [32mtimed[0m [32mdmonitoringmodeld[0m [32msensord[0m [32mui[0m [32msoundd[0m [32mlocationd[0m [32mcalibrationd[0m [32mtorqued[0m [32mcontrolsd[0m [32mselfdrived[0m [32mcard[0m [32mdeleter[0m [32mdmonitoringd[0m [32mqcomgpsd[0m [32mpandad[0m [32mparamsd[0m [32mlagd[0m [31mplannerd[0m [32mradard[0m [32mhardwared[0m [32mtombstoned[0m [32muploader[0m [32mstatsd[0m [32mfeedbackd[0m [32mmodeld_tinygrad[0m [32mmapd[0m [32mmapd_manager[0m [32mrtid[0m
[32mloggerd[0m [32mencoderd[0m [32mlogmessaged[0m [32mcamerad[0m [32mlogcatd[0m [32mproclogd[0m [32mmicd[0m [32mtimed[0m [32mdmonitoringmodeld[0m [32msensord[0m [32mui[0m [32msoundd[0m [32mlocationd[0m [32mcalibrationd[0m [32mtorqued[0m [32mcontrolsd[0m [32mselfdrived[0m [32mcard[0m [32mdeleter[0m [32mdmonitoringd[0m [32mqcomgpsd[0m [32mpandad[0m [32mparamsd[0m [32mlagd[0m [31mplannerd[0m [32mradard[0m [32mhardwared[0m [32mtombstoned[0m [32muploader[0m [32mstatsd[0m [32mfeedbackd[0m [32mmodeld_tinygrad[0m [32mmapd[0m [32mmapd_manager[0m [32mrtid[0m
[32mloggerd[0m [32mencoderd[0m [32mlogmessaged[0m [32mcamerad[0m [32mlogcatd[0m [32mproclogd[0m [32mmicd[0m [32mtimed[0m [32mdmonitoringmodeld[0m [32msensord[0m [32mui[0m [32msoundd[0m [32mlocationd[0m [32mcalibrationd[0m [32mtorqued[0m [32mcontrolsd[0m [32mselfdrived[0m [32mcard[0m [32mdeleter[0m [32mdmonitoringd[0m [32mqcomgpsd[0m [32mpandad[0m [32mparamsd[0m [32mlagd[0m [31mplannerd[0m [32mradard[0m [32mhardwared[0m [32mtombstoned[0m [32muploader[0m [32mstatsd[0m [32mfeedbackd[0m [32mmodeld_tinygrad[0m [32mmapd[0m [32mmapd_manager[0m [32mrtid[0m
[32mloggerd[0m [32mencoderd[0m [32mlogmessaged[0m [32mcamerad[0m [32mlogcatd[0m [32mproclogd[0m [32mmicd[0m [32mtimed[0m [32mdmonitoringmodeld[0m [32msensord[0m [32mui[0m [32msoundd[0m [32mlocationd[0m [32mcalibrationd[0m [32mtorqued[0m [32mcontrolsd[0m [32mselfdrived[0m [32mcard[0m [32mdeleter[0m [32mdmonitoringd[0m [32mqcomgpsd[0m [32mpandad[0m [32mparamsd[0m [32mlagd[0m [31mplannerd[0m [32mradard[0m [32mhardwared[0m [32mtombstoned[0m [32muploader[0m [32mstatsd[0m [32mfeedbackd[0m [32mmodeld_tinygrad[0m [32mmapd[0m [32mmapd_manager[0m [32mrtid[0m
[32mloggerd[0m [32mencoderd[0m [32mlogmessaged[0m [32mcamerad[0m [32mlogcatd[0m [32mproclogd[0m [32mmicd[0m [32mtimed[0m [32mdmonitoringmodeld[0m [32msensord[0m [32mui[0m [32msoundd[0m [32mlocationd[0m [32mcalibrationd[0m [32mtorqued[0m [32mcontrolsd[0m [32mselfdrived[0m [32mcard[0m [32mdeleter[0m [32mdmonitoringd[0m [32mqcomgpsd[0m [32mpandad[0m [32mparamsd[0m [32mlagd[0m [31mplannerd[0m [32mradard[0m [32mhardwared[0m [32mtombstoned[0m [32muploader[0m [32mstatsd[0m [32mfeedbackd[0m [32mmodeld_tinygrad[0m [32mmapd[0m [32mmapd_manager[0m [32mrtid[0m
RTI cycle took 0.041s
RTI cycle took 0.031s
RTI cycle took 0.017s
RTI cycle took 0.037s
RTI cycle took 0.017s
RTI cycle took 0.019s
RTI cycle took 0.024s
RTI cycle took 0.030s
RTI cycle took 0.018s
RTI cycle took 0.019s
RTI cycle took 0.023s
RTI cycle took 0.025s
RTI cycle took 0.024s
RTI cycle took 0.022s
RTI cycle took 0.025s
RTI cycle took 0.031s
RTI cycle took 0.041s
RTI cycle took 0.018s
RTI cycle took 0.037s
RTI cycle took 0.042s
RTI cycle took 0.024s
RTI cycle took 0.031s
RTI cycle took 0.017s
RTI cycle took 0.020s
RTI cycle took 0.024s
RTI cycle took 0.025s
RTI cycle took 0.025s
RTI cycle took 0.031s
RTI cycle took 0.029s
RTI cycle took 0.038s
RTI cycle took 0.031s
RTI cycle took 0.031s
RTI cycle took 0.028s
RTI cycle took 0.039s
RTI cycle took 0.028s
RTI cycle took 0.031s
RTI cycle took 0.017s
RTI cycle took 0.027s
RTI cycle took 0.031s
RTI cycle took 0.017s
RTI cycle took 0.027s
RTI cycle took 0.037s
RTI cycle took 0.028s
RTI cycle took 0.032s
RTI cycle took 0.026s
RTI cycle took 0.040s
RTI cycle took 0.018s
RTI cycle took 0.027s
RTI cycle took 0.031s
RTI cycle took 0.025s
RTI cycle took 0.024s
RTI cycle took 0.025s
RTI cycle took 0.028s
RTI cycle took 0.030s
RTI cycle took 0.028s
RTI cycle took 0.029s
RTI cycle took 0.041s
RTI cycle took 0.028s
RTI cycle took 0.018s
RTI cycle took 0.028s
RTI cycle took 0.040s
RTI cycle took 0.029s
RTI cycle took 0.029s
RTI cycle took 0.031s
RTI cycle took 0.018s
RTI cycle took 0.036s
RTI cycle took 0.017s
RTI cycle took 0.019s
RTI cycle took 0.022s
RTI cycle took 0.031s
RTI cycle took 0.040s
RTI cycle took 0.017s
RTI cycle took 0.028s
RTI cycle took 0.025s
RTI cycle took 0.021s
RTI cycle took 0.026s
RTI cycle took 0.031s
RTI cycle took 0.029s
RTI cycle took 0.030s
RTI cycle took 0.017s
RTI cycle took 0.036s
RTI cycle took 0.023s
RTI cycle took 0.026s
RTI cycle took 0.029s
RTI cycle took 0.019s
RTI cycle took 0.024s
RTI cycle took 0.032s
RTI cycle took 0.028s
RTI cycle took 0.031s
RTI cycle took 0.025s
RTI cycle took 0.023s
RTI cycle took 0.025s
RTI cycle took 0.023s
RTI cycle took 0.023s
RTI cycle took 0.026s
RTI cycle took 0.025s
RTI cycle took 0.032s
RTI cycle took 0.016s
RTI cycle took 0.026s
RTI cycle took 0.017s
RTI cycle took 0.019s
RTI cycle took 0.024s
RTI cycle took 0.032s
RTI cycle took 0.017s
RTI cycle took 0.028s
RTI cycle took 0.016s
RTI cycle took 0.034s
RTI cycle took 0.032s
RTI cycle took 0.016s
RTI cycle took 0.025s
RTI cycle took 0.027s
RTI cycle took 0.023s
RTI cycle took 0.028s
RTI cycle took 0.030s
RTI cycle took 0.017s
RTI cycle took 0.027s
RTI cycle took 0.018s
RTI cycle took 0.029s
RTI cycle took 0.027s
RTI cycle took 0.030s
RTI cycle took 0.031s
RTI cycle took 0.018s
RTI cycle took 0.031s
RTI cycle took 0.026s
RTI cycle took 0.028s
RTI cycle took 0.029s
RTI cycle took 0.029s
RTI cycle took 0.028s
RTI cycle took 0.017s
RTI cycle took 0.029s
RTI cycle took 0.013s
RTI cycle took 0.016s
RTI cycle took 0.030s
RTI cycle took 0.031s
RTI cycle took 0.032s
RTI cycle took 0.025s
RTI cycle took 0.031s
RTI cycle took 0.040s
RTI cycle took 0.018s
RTI cycle took 0.017s
RTI cycle took 0.023s
RTI cycle took 0.033s
RTI cycle took 0.024s
RTI cycle took 0.032s
RTI cycle took 0.038s
RTI cycle took 0.025s
RTI cycle took 0.021s
RTI cycle took 0.027s
RTI cycle took 0.029s
RTI cycle took 0.017s
RTI cycle took 0.021s
RTI cycle took 0.025s
RTI cycle took 0.029s
RTI cycle took 0.020s
RTI cycle took 0.027s
RTI cycle took 0.018s
RTI cycle took 0.020s
RTI cycle took 0.024s
RTI cycle took 0.022s
RTI cycle took 0.018s
RTI cycle took 0.027s
RTI cycle took 0.025s
RTI cycle took 0.033s
RTI cycle took 0.026s
RTI cycle took 0.031s
RTI cycle took 0.032s
RTI cycle took 0.016s
RTI cycle took 0.017s
RTI cycle took 0.023s
RTI cycle took 0.018s
RTI cycle took 0.023s
RTI cycle took 0.019s
RTI cycle took 0.029s
RTI cycle took 0.018s
RTI cycle took 0.027s
RTI cycle took 0.039s
RTI cycle took 0.017s
RTI cycle took 0.028s
RTI cycle took 0.040s
RTI cycle took 0.016s
RTI cycle took 0.024s
RTI cycle took 0.028s
RTI cycle took 0.029s
RTI cycle took 0.019s
RTI cycle took 0.020s
RTI cycle took 0.026s
RTI cycle took 0.032s
RTI cycle took 0.027s
RTI cycle took 0.021s
RTI cycle took 0.027s
RTI cycle took 0.029s
RTI cycle took 0.020s
RTI cycle took 0.027s
RTI cycle took 0.031s
RTI cycle took 0.035s
RTI cycle took 0.022s
RTI cycle took 0.020s
RTI cycle took 0.025s
RTI cycle took 0.032s
RTI cycle took 0.017s
RTI cycle took 0.019s
RTI cycle took 0.022s
RTI cycle took 0.021s
RTI cycle took 0.019s
RTI cycle took 0.016s
RTI cycle took 0.026s
RTI cycle took 0.029s
RTI cycle took 0.028s
RTI cycle took 0.029s
RTI cycle took 0.017s
RTI cycle took 0.027s
RTI cycle took 0.027s
RTI cycle took 0.031s
RTI cycle took 0.017s
RTI cycle took 0.018s
RTI cycle took 0.036s
RTI cycle took 0.028s
RTI cycle took 0.031s
RTI cycle took 0.026s
RTI cycle took 0.022s
RTI cycle took 0.017s
RTI cycle took 0.027s
RTI cycle took 0.040s
RTI cycle took 0.036s
RTI cycle took 0.029s
RTI cycle took 0.033s
RTI cycle took 0.015s
RTI cycle took 0.014s
RTI cycle took 0.015s
RTI cycle took 0.024s
RTI cycle took 0.026s
RTI cycle took 0.017s
RTI cycle took 0.026s
RTI cycle took 0.019s
[32mloggerd[0m [32mencoderd[0m [32mlogmessaged[0m [32mcamerad[0m [32mlogcatd[0m [32mproclogd[0m [32mmicd[0m [32mtimed[0m [32mdmonitoringmodeld[0m [32msensord[0m [32mui[0m [32msoundd[0m [32mlocationd[0m [32mcalibrationd[0m [32mtorqued[0m [32mcontrolsd[0m [32mselfdrived[0m [32mcard[0m [32mdeleter[0m [32mdmonitoringd[0m [32mqcomgpsd[0m [32mpandad[0m [32mparamsd[0m [32mlagd[0m [31mplannerd[0m [32mradard[0m [32mhardwared[0m [32mtombstoned[0m [32muploader[0m [32mstatsd[0m [32mfeedbackd[0m [32mmodeld_tinygrad[0m [32mmapd[0m [32mmapd_manager[0m [32mrtid[0m
[32mloggerd[0m [32mencoderd[0m [32mlogmessaged[0m [32mcamerad[0m [32mlogcatd[0m [32mproclogd[0m [32mmicd[0m [32mtimed[0m [32mdmonitoringmodeld[0m [32msensord[0m [32mui[0m [32msoundd[0m [32mlocationd[0m [32mcalibrationd[0m [32mtorqued[0m [32mcontrolsd[0m [32mselfdrived[0m [32mcard[0m [32mdeleter[0m [32mdmonitoringd[0m [32mqcomgpsd[0m [32mpandad[0m [32mparamsd[0m [32mlagd[0m [31mplannerd[0m [32mradard[0m [32mhardwared[0m [32mtombstoned[0m [32muploader[0m [32mstatsd[0m [32mfeedbackd[0m [32mmodeld_tinygrad[0m [32mmapd[0m [32mmapd_manager[0m [32mrtid[0m
[32mloggerd[0m [32mencoderd[0m [32mlogmessaged[0m [32mcamerad[0m [32mlogcatd[0m [32mproclogd[0m [32mmicd[0m [32mtimed[0m [32mdmonitoringmodeld[0m [32msensord[0m [32mui[0m [32msoundd[0m [32mlocationd[0m [32mcalibrationd[0m [32mtorqued[0m [32mcontrolsd[0m [32mselfdrived[0m [32mcard[0m [32mdeleter[0m [32mdmonitoringd[0m [32mqcomgpsd[0m [32mpandad[0m [32mparamsd[0m [32mlagd[0m [31mplannerd[0m [32mradard[0m [32mhardwared[0m [32mtombstoned[0m [32muploader[0m [32mstatsd[0m [32mfeedbackd[0m [32mmodeld_tinygrad[0m [32mmapd[0m [32mmapd_manager[0m [32mrtid[0m
[32mloggerd[0m [32mencoderd[0m [32mlogmessaged[0m [32mcamerad[0m [32mlogcatd[0m [32mproclogd[0m [32mmicd[0m [32mtimed[0m [32mdmonitoringmodeld[0m [32msensord[0m [32mui[0m [32msoundd[0m [32mlocationd[0m [32mcalibrationd[0m [32mtorqued[0m [32mcontrolsd[0m [32mselfdrived[0m [32mcard[0m [32mdeleter[0m [32mdmonitoringd[0m [32mqcomgpsd[0m [32mpandad[0m [32mparamsd[0m [32mlagd[0m [31mplannerd[0m [32mradard[0m [32mhardwared[0m [32mtombstoned[0m [32muploader[0m [32mstatsd[0m [32mfeedbackd[0m [32mmodeld_tinygrad[0m [32mmapd[0m [32mmapd_manager[0m [32mrtid[0m
[32mloggerd[0m [32mencoderd[0m [32mlogmessaged[0m [32mcamerad[0m [32mlogcatd[0m [32mproclogd[0m [32mmicd[0m [32mtimed[0m [32mdmonitoringmodeld[0m [32msensord[0m [32mui[0m [32msoundd[0m [32mlocationd[0m [32mcalibrationd[0m [32mtorqued[0m [32mcontrolsd[0m [32mselfdrived[0m [32mcard[0m [32mdeleter[0m [32mdmonitoringd[0m [32mqcomgpsd[0m [32mpandad[0m [32mparamsd[0m [32mlagd[0m [31mplannerd[0m [32mradard[0m [32mhardwared[0m [32mtombstoned[0m [32muploader[0m [32mstatsd[0m [32mfeedbackd[0m [32mmodeld_tinygrad[0m [32mmapd[0m [32mmapd_manager[0m [32mrtid[0m
[32mloggerd[0m [32mencoderd[0m [32mlogmessaged[0m [32mcamerad[0m [32mlogcatd[0m [32mproclogd[0m [32mmicd[0m [32mtimed[0m [32mdmonitoringmodeld[0m [32msensord[0m [32mui[0m [32msoundd[0m [32mlocationd[0m [32mcalibrationd[0m [32mtorqued[0m [32mcontrolsd[0m [32mselfdrived[0m [32mcard[0m [32mdeleter[0m [32mdmonitoringd[0m [32mqcomgpsd[0m [32mpandad[0m [32mparamsd[0m [32mlagd[0m [31mplannerd[0m [32mradard[0m [32mhardwared[0m [32mtombstoned[0m [32muploader[0m [32mstatsd[0m [32mfeedbackd[0m [32mmodeld_tinygrad[0m [32mmapd[0m [32mmapd_manager[0m [32mrtid[0m
[32mloggerd[0m [32mencoderd[0m [32mlogmessaged[0m [32mcamerad[0m [32mlogcatd[0m [32mproclogd[0m [32mmicd[0m [32mtimed[0m [32mdmonitoringmodeld[0m [32msensord[0m [32mui[0m [32msoundd[0m [32mlocationd[0m [32mcalibrationd[0m [32mtorqued[0m [32mcontrolsd[0m [32mselfdrived[0m [32mcard[0m [32mdeleter[0m [32mdmonitoringd[0m [32mqcomgpsd[0m [32mpandad[0m [32mparamsd[0m [32mlagd[0m [31mplannerd[0m [32mradard[0m [32mhardwared[0m [32mtombstoned[0m [32muploader[0m [32mstatsd[0m [32mfeedbackd[0m [32mmodeld_tinygrad[0m [32mmapd[0m [32mmapd_manager[0m [32mrtid[0m
[32mloggerd[0m [32mencoderd[0m [32mlogmessaged[0m [32mcamerad[0m [32mlogcatd[0m [32mproclogd[0m [32mmicd[0m [32mtimed[0m [32mdmonitoringmodeld[0m [32msensord[0m [32mui[0m [32msoundd[0m [32mlocationd[0m [32mcalibrationd[0m [32mtorqued[0m [32mcontrolsd[0m [32mselfdrived[0m [32mcard[0m [32mdeleter[0m [32mdmonitoringd[0m [32mqcomgpsd[0m [32mpandad[0m [32mparamsd[0m [32mlagd[0m [31mplannerd[0m [32mradard[0m [32mhardwared[0m [32mtombstoned[0m [32muploader[0m [32mstatsd[0m [32mfeedbackd[0m [32mmodeld_tinygrad[0m [32mmapd[0m [32mmapd_manager[0m [32mrtid[0m
[32mloggerd[0m [32mencoderd[0m [32mlogmessaged[0m [32mcamerad[0m [32mlogcatd[0m [32mproclogd[0m [32mmicd[0m [32mtimed[0m [32mdmonitoringmodeld[0m [32msensord[0m [32mui[0m [32msoundd[0m [32mlocationd[0m [32mcalibrationd[0m [32mtorqued[0m [32mcontrolsd[0m [32mselfdrived[0m [32mcard[0m [32mdeleter[0m [32mdmonitoringd[0m [32mqcomgpsd[0m [32mpandad[0m [32mparamsd[0m [32mlagd[0m [31mplannerd[0m [32mradard[0m [32mhardwared[0m [32mtombstoned[0m [32muploader[0m [32mstatsd[0m [32mfeedbackd[0m [32mmodeld_tinygrad[0m [32mmapd[0m [32mmapd_manager[0m [32mrtid[0m
[32mloggerd[0m [32mencoderd[0m [32mlogmessaged[0m [32mcamerad[0m [32mlogcatd[0m [32mproclogd[0m [32mmicd[0m [32mtimed[0m [32mdmonitoringmodeld[0m [32msensord[0m [32mui[0m [32msoundd[0m [32mlocationd[0m [32mcalibrationd[0m [32mtorqued[0m [32mcontrolsd[0m [32mselfdrived[0m [32mcard[0m [32mdeleter[0m [32mdmonitoringd[0m [32mqcomgpsd[0m [32mpandad[0m [32mparamsd[0m [32mlagd[0m [31mplannerd[0m [32mradard[0m [32mhardwared[0m [32mtombstoned[0m [32muploader[0m [32mstatsd[0m [32mfeedbackd[0m [32mmodeld_tinygrad[0m [32mmapd[0m [32mmapd_manager[0m [32mrtid[0m
[32mloggerd[0m [32mencoderd[0m [32mlogmessaged[0m [32mcamerad[0m [32mlogcatd[0m [32mproclogd[0m [32mmicd[0m [32mtimed[0m [32mdmonitoringmodeld[0m [32msensord[0m [32mui[0m [32msoundd[0m [32mlocationd[0m [32mcalibrationd[0m [32mtorqued[0m [32mcontrolsd[0m [32mselfdrived[0m [32mcard[0m [32mdeleter[0m [32mdmonitoringd[0m [32mqcomgpsd[0m [32mpandad[0m [32mparamsd[0m [32mlagd[0m [31mplannerd[0m [32mradard[0m [32mhardwared[0m [32mtombstoned[0m [32muploader[0m [32mstatsd[0m [32mfeedbackd[0m [32mmodeld_tinygrad[0m [32mmapd[0m [32mmapd_manager[0m [32mrtid[0m
[32mloggerd[0m [32mencoderd[0m [32mlogmessaged[0m [32mcamerad[0m [32mlogcatd[0m [32mproclogd[0m [32mmicd[0m [32mtimed[0m [32mdmonitoringmodeld[0m [32msensord[0m [32mui[0m [32msoundd[0m [32mlocationd[0m [32mcalibrationd[0m [32mtorqued[0m [32mcontrolsd[0m [32mselfdrived[0m [32mcard[0m [32mdeleter[0m [32mdmonitoringd[0m [32mqcomgpsd[0m [32mpandad[0m [32mparamsd[0m [32mlagd[0m [31mplannerd[0m [32mradard[0m [32mhardwared[0m [32mtombstoned[0m [32muploader[0m [32mstatsd[0m [32mfeedbackd[0m [32mmodeld_tinygrad[0m [32mmapd[0m [32mmapd_manager[0m [32mrtid[0m
[32mloggerd[0m [32mencoderd[0m [32mlogmessaged[0m [32mcamerad[0m [32mlogcatd[0m [32mproclogd[0m [32mmicd[0m [32mtimed[0m [32mdmonitoringmodeld[0m [32msensord[0m [32mui[0m [32msoundd[0m [32mlocationd[0m [32mcalibrationd[0m [32mtorqued[0m [32mcontrolsd[0m [32mselfdrived[0m [32mcard[0m [32mdeleter[0m [32mdmonitoringd[0m [32mqcomgpsd[0m [32mpandad[0m [32mparamsd[0m [32mlagd[0m [31mplannerd[0m [32mradard[0m [32mhardwared[0m [32mtombstoned[0m [32muploader[0m [32mstatsd[0m [32mfeedbackd[0m [32mmodeld_tinygrad[0m [32mmapd[0m [32mmapd_manager[0m [32mrtid[0m
RTI cycle took 0.028s
RTI cycle took 0.018s
RTI cycle took 0.015s
RTI cycle took 0.022s
RTI cycle took 0.030s
RTI cycle took 0.042s
RTI cycle took 0.025s
RTI cycle took 0.021s
RTI cycle took 0.028s
RTI cycle took 0.028s
RTI cycle took 0.030s
RTI cycle took 0.018s
RTI cycle took 0.015s
RTI cycle took 0.026s
RTI cycle took 0.031s
RTI cycle took 0.028s
RTI cycle took 0.021s
RTI cycle took 0.025s
RTI cycle took 0.033s
RTI cycle took 0.038s
RTI cycle took 0.018s
RTI cycle took 0.015s
RTI cycle took 0.033s
RTI cycle took 0.021s
RTI cycle took 0.038s
RTI cycle took 0.030s
RTI cycle took 0.029s
RTI cycle took 0.028s
RTI cycle took 0.031s
RTI cycle took 0.026s
RTI cycle took 0.031s
RTI cycle took 0.029s
RTI cycle took 0.030s
RTI cycle took 0.037s
RTI cycle took 0.030s
RTI cycle took 0.028s
RTI cycle took 0.030s
RTI cycle took 0.038s
RTI cycle took 0.034s
RTI cycle took 0.032s
RTI cycle took 0.029s
RTI cycle took 0.018s
RTI cycle took 0.028s
RTI cycle took 0.026s
RTI cycle took 0.030s
RTI cycle took 0.017s
RTI cycle took 0.019s
RTI cycle took 0.024s
RTI cycle took 0.029s
RTI cycle took 0.029s
RTI cycle took 0.036s
RTI cycle took 0.032s
RTI cycle took 0.025s
RTI cycle took 0.031s
RTI cycle took 0.027s
RTI cycle took 0.031s
RTI cycle took 0.021s
RTI cycle took 0.028s
RTI cycle took 0.030s
RTI cycle took 0.025s
RTI cycle took 0.031s
RTI cycle took 0.028s
RTI cycle took 0.030s
RTI cycle took 0.030s
RTI cycle took 0.017s
RTI cycle took 0.028s
RTI cycle took 0.017s
RTI cycle took 0.026s
RTI cycle took 0.025s
RTI cycle took 0.032s
RTI cycle took 0.029s
RTI cycle took 0.027s
RTI cycle took 0.031s
RTI cycle took 0.027s
RTI cycle took 0.036s
RTI cycle took 0.023s
RTI cycle took 0.036s
RTI cycle took 0.031s
RTI cycle took 0.041s
RTI cycle took 0.026s
RTI cycle took 0.030s
RTI cycle took 0.029s
RTI cycle took 0.038s
RTI cycle took 0.022s
RTI cycle took 0.016s
RTI cycle took 0.024s
RTI cycle took 0.034s
RTI cycle took 0.018s
RTI cycle took 0.012s
RTI cycle took 0.022s
RTI cycle took 0.029s
RTI cycle took 0.029s
RTI cycle took 0.032s
RTI cycle took 0.018s
RTI cycle took 0.028s
RTI cycle took 0.026s
RTI cycle took 0.027s
RTI cycle took 0.042s
RTI cycle took 0.016s
RTI cycle took 0.033s
RTI cycle took 0.018s
RTI cycle took 0.026s
RTI cycle took 0.018s
RTI cycle took 0.027s
RTI cycle took 0.018s
RTI cycle took 0.026s
RTI cycle took 0.039s
RTI cycle took 0.024s
RTI cycle took 0.024s
RTI cycle took 0.025s
RTI cycle took 0.022s
RTI cycle took 0.019s
RTI cycle took 0.014s
RTI cycle took 0.023s
RTI cycle took 0.029s
RTI cycle took 0.030s
RTI cycle took 0.029s
RTI cycle took 0.027s
RTI cycle took 0.038s
RTI cycle took 0.023s
RTI cycle took 0.017s
RTI cycle took 0.025s
RTI cycle took 0.025s
RTI cycle took 0.031s
RTI cycle took 0.018s
RTI cycle took 0.016s
RTI cycle took 0.025s
RTI cycle took 0.021s
RTI cycle took 0.028s
RTI cycle took 0.022s
RTI cycle took 0.017s
RTI cycle took 0.023s
RTI cycle took 0.029s
RTI cycle took 0.031s
RTI cycle took 0.038s
RTI cycle took 0.017s
RTI cycle took 0.020s
RTI cycle took 0.026s
RTI cycle took 0.021s
RTI cycle took 0.027s
RTI cycle took 0.030s
RTI cycle took 0.017s
RTI cycle took 0.039s
RTI cycle took 0.030s
RTI cycle took 0.025s
RTI cycle took 0.031s
RTI cycle took 0.028s
RTI cycle took 0.032s
RTI cycle took 0.031s
RTI cycle took 0.035s
RTI cycle took 0.021s
RTI cycle took 0.031s
RTI cycle took 0.026s
RTI cycle took 0.016s
RTI cycle took 0.017s
RTI cycle took 0.024s
RTI cycle took 0.020s
RTI cycle took 0.043s
RTI cycle took 0.023s
RTI cycle took 0.023s
RTI cycle took 0.017s
RTI cycle took 0.028s
RTI cycle took 0.025s
RTI cycle took 0.040s
RTI cycle took 0.019s
RTI cycle took 0.020s
RTI cycle took 0.025s
RTI cycle took 0.030s
RTI cycle took 0.031s
RTI cycle took 0.023s
RTI cycle took 0.030s
RTI cycle took 0.029s
RTI cycle took 0.021s
RTI cycle took 0.028s
RTI cycle took 0.022s
RTI cycle took 0.027s
RTI cycle took 0.030s
RTI cycle took 0.031s
RTI cycle took 0.018s
RTI cycle took 0.026s
RTI cycle took 0.017s
RTI cycle took 0.014s
RTI cycle took 0.014s
RTI cycle took 0.019s
RTI cycle took 0.030s
RTI cycle took 0.039s
RTI cycle took 0.017s
RTI cycle took 0.019s
RTI cycle took 0.014s
RTI cycle took 0.032s
RTI cycle took 0.027s
RTI cycle took 0.030s
RTI cycle took 0.031s
RTI cycle took 0.038s
RTI cycle took 0.031s
RTI cycle took 0.048s
RTI cycle took 0.032s
RTI cycle took 0.029s
RTI cycle took 0.023s
RTI cycle took 0.040s
RTI cycle took 0.032s
RTI cycle took 0.037s
RTI cycle took 0.035s
RTI cycle took 0.041s
RTI cycle took 0.038s
RTI cycle took 0.025s
RTI cycle took 0.028s
RTI cycle took 0.051s
RTI cycle took 0.034s
RTI cycle took 0.034s
RTI cycle took 0.027s
RTI cycle took 0.040s
RTI cycle took 0.016s
RTI cycle took 0.030s
RTI cycle took 0.039s
RTI cycle took 0.028s
RTI cycle took 0.022s
RTI cycle took 0.026s
RTI cycle took 0.038s
RTI cycle took 0.024s
RTI cycle took 0.017s
RTI cycle took 0.031s
RTI cycle took 0.017s
[32mloggerd[0m [32mencoderd[0m [32mlogmessaged[0m [32mcamerad[0m [32mlogcatd[0m [32mproclogd[0m [32mmicd[0m [32mtimed[0m [32mdmonitoringmodeld[0m [32msensord[0m [32mui[0m [32msoundd[0m [32mlocationd[0m [32mcalibrationd[0m [32mtorqued[0m [32mcontrolsd[0m [32mselfdrived[0m [32mcard[0m [32mdeleter[0m [32mdmonitoringd[0m [32mqcomgpsd[0m [32mpandad[0m [32mparamsd[0m [32mlagd[0m [31mplannerd[0m [32mradard[0m [32mhardwared[0m [32mtombstoned[0m [32muploader[0m [32mstatsd[0m [32mfeedbackd[0m [32mmodeld_tinygrad[0m [32mmapd[0m [32mmapd_manager[0m [32mrtid[0m
[32mloggerd[0m [32mencoderd[0m [32mlogmessaged[0m [32mcamerad[0m [32mlogcatd[0m [32mproclogd[0m [32mmicd[0m [32mtimed[0m [32mdmonitoringmodeld[0m [32msensord[0m [32mui[0m [32msoundd[0m [32mlocationd[0m [32mcalibrationd[0m [32mtorqued[0m [32mcontrolsd[0m [32mselfdrived[0m [32mcard[0m [32mdeleter[0m [32mdmonitoringd[0m [32mqcomgpsd[0m [32mpandad[0m [32mparamsd[0m [32mlagd[0m [31mplannerd[0m [32mradard[0m [32mhardwared[0m [32mtombstoned[0m [32muploader[0m [32mstatsd[0m [32mfeedbackd[0m [32mmodeld_tinygrad[0m [32mmapd[0m [32mmapd_manager[0m [32mrtid[0m
[32mloggerd[0m [32mencoderd[0m [32mlogmessaged[0m [32mcamerad[0m [32mlogcatd[0m [32mproclogd[0m [32mmicd[0m [32mtimed[0m [32mdmonitoringmodeld[0m [32msensord[0m [32mui[0m [32msoundd[0m [32mlocationd[0m [32mcalibrationd[0m [32mtorqued[0m [32mcontrolsd[0m [32mselfdrived[0m [32mcard[0m [32mdeleter[0m [32mdmonitoringd[0m [32mqcomgpsd[0m [32mpandad[0m [32mparamsd[0m [32mlagd[0m [31mplannerd[0m [32mradard[0m [32mhardwared[0m [32mtombstoned[0m [32muploader[0m [32mstatsd[0m [32mfeedbackd[0m [32mmodeld_tinygrad[0m [32mmapd[0m [32mmapd_manager[0m [32mrtid[0m
[32mloggerd[0m [32mencoderd[0m [32mlogmessaged[0m [32mcamerad[0m [32mlogcatd[0m [32mproclogd[0m [32mmicd[0m [32mtimed[0m [32mdmonitoringmodeld[0m [32msensord[0m [32mui[0m [32msoundd[0m [32mlocationd[0m [32mcalibrationd[0m [32mtorqued[0m [32mcontrolsd[0m [32mselfdrived[0m [32mcard[0m [32mdeleter[0m [32mdmonitoringd[0m [32mqcomgpsd[0m [32mpandad[0m [32mparamsd[0m [32mlagd[0m [31mplannerd[0m [32mradard[0m [32mhardwared[0m [32mtombstoned[0m [32muploader[0m [32mstatsd[0m [32mfeedbackd[0m [32mmodeld_tinygrad[0m [32mmapd[0m [32mmapd_manager[0m [32mrtid[0m
[32mloggerd[0m [32mencoderd[0m [32mlogmessaged[0m [32mcamerad[0m [32mlogcatd[0m [32mproclogd[0m [32mmicd[0m [32mtimed[0m [32mdmonitoringmodeld[0m [32msensord[0m [32mui[0m [32msoundd[0m [32mlocationd[0m [32mcalibrationd[0m [32mtorqued[0m [32mcontrolsd[0m [32mselfdrived[0m [32mcard[0m [32mdeleter[0m [32mdmonitoringd[0m [32mqcomgpsd[0m [32mpandad[0m [32mparamsd[0m [32mlagd[0m [31mplannerd[0m [32mradard[0m [32mhardwared[0m [32mtombstoned[0m [32muploader[0m [32mstatsd[0m [32mfeedbackd[0m [32mmodeld_tinygrad[0m [32mmapd[0m [32mmapd_manager[0m [32mrtid[0m
[32mloggerd[0m [32mencoderd[0m [32mlogmessaged[0m [32mcamerad[0m [32mlogcatd[0m [32mproclogd[0m [32mmicd[0m [32mtimed[0m [32mdmonitoringmodeld[0m [32msensord[0m [32mui[0m [32msoundd[0m [32mlocationd[0m [32mcalibrationd[0m [32mtorqued[0m [32mcontrolsd[0m [32mselfdrived[0m [32mcard[0m [32mdeleter[0m [32mdmonitoringd[0m [32mqcomgpsd[0m [32mpandad[0m [32mparamsd[0m [32mlagd[0m [31mplannerd[0m [32mradard[0m [32mhardwared[0m [32mtombstoned[0m [32muploader[0m [32mstatsd[0m [32mfeedbackd[0m [32mmodeld_tinygrad[0m [32mmapd[0m [32mmapd_manager[0m [32mrtid[0m
[32mloggerd[0m [32mencoderd[0m [32mlogmessaged[0m [32mcamerad[0m [32mlogcatd[0m [32mproclogd[0m [32mmicd[0m [32mtimed[0m [32mdmonitoringmodeld[0m [32msensord[0m [32mui[0m [32msoundd[0m [32mlocationd[0m [32mcalibrationd[0m [32mtorqued[0m [32mcontrolsd[0m [32mselfdrived[0m [32mcard[0m [32mdeleter[0m [32mdmonitoringd[0m [32mqcomgpsd[0m [32mpandad[0m [32mparamsd[0m [32mlagd[0m [31mplannerd[0m [32mradard[0m [32mhardwared[0m [32mtombstoned[0m [32muploader[0m [32mstatsd[0m [32mfeedbackd[0m [32mmodeld_tinygrad[0m [32mmapd[0m [32mmapd_manager[0m [32mrtid[0m
[32mloggerd[0m [32mencoderd[0m [32mlogmessaged[0m [32mcamerad[0m [32mlogcatd[0m [32mproclogd[0m [32mmicd[0m [32mtimed[0m [32mdmonitoringmodeld[0m [32msensord[0m [32mui[0m [32msoundd[0m [32mlocationd[0m [32mcalibrationd[0m [32mtorqued[0m [32mcontrolsd[0m [32mselfdrived[0m [32mcard[0m [32mdeleter[0m [32mdmonitoringd[0m [32mqcomgpsd[0m [32mpandad[0m [32mparamsd[0m [32mlagd[0m [31mplannerd[0m [32mradard[0m [32mhardwared[0m [32mtombstoned[0m [32muploader[0m [32mstatsd[0m [32mfeedbackd[0m [32mmodeld_tinygrad[0m [32mmapd[0m [32mmapd_manager[0m [32mrtid[0m
[32mloggerd[0m [32mencoderd[0m [32mlogmessaged[0m [32mcamerad[0m [32mlogcatd[0m [32mproclogd[0m [32mmicd[0m [32mtimed[0m [32mdmonitoringmodeld[0m [32msensord[0m [32mui[0m [32msoundd[0m [32mlocationd[0m [32mcalibrationd[0m [32mtorqued[0m [32mcontrolsd[0m [32mselfdrived[0m [32mcard[0m [32mdeleter[0m [32mdmonitoringd[0m [32mqcomgpsd[0m [32mpandad[0m [32mparamsd[0m [32mlagd[0m [31mplannerd[0m [32mradard[0m [32mhardwared[0m [32mtombstoned[0m [32muploader[0m [32mstatsd[0m [32mfeedbackd[0m [32mmodeld_tinygrad[0m [32mmapd[0m [32mmapd_manager[0m [32mrtid[0m
[32mloggerd[0m [32mencoderd[0m [32mlogmessaged[0m [32mcamerad[0m [32mlogcatd[0m [32mproclogd[0m [32mmicd[0m [32mtimed[0m [32mdmonitoringmodeld[0m [32msensord[0m [32mui[0m [32msoundd[0m [32mlocationd[0m [32mcalibrationd[0m [32mtorqued[0m [32mcontrolsd[0m [32mselfdrived[0m [32mcard[0m [32mdeleter[0m [32mdmonitoringd[0m [32mqcomgpsd[0m [32mpandad[0m [32mparamsd[0m [32mlagd[0m [31mplannerd[0m [32mradard[0m [32mhardwared[0m [32mtombstoned[0m [32muploader[0m [32mstatsd[0m [32mfeedbackd[0m [32mmodeld_tinygrad[0m [32mmapd[0m [32mmapd_manager[0m [32mrtid[0m
[32mloggerd[0m [32mencoderd[0m [32mlogmessaged[0m [32mcamerad[0m [32mlogcatd[0m [32mproclogd[0m [32mmicd[0m [32mtimed[0m [32mdmonitoringmodeld[0m [32msensord[0m [32mui[0m [32msoundd[0m [32mlocationd[0m [32mcalibrationd[0m [32mtorqued[0m [32mcontrolsd[0m [32mselfdrived[0m [32mcard[0m [32mdeleter[0m [32mdmonitoringd[0m [32mqcomgpsd[0m [32mpandad[0m [32mparamsd[0m [32mlagd[0m [31mplannerd[0m [32mradard[0m [32mhardwared[0m [32mtombstoned[0m [32muploader[0m [32mstatsd[0m [32mfeedbackd[0m [32mmodeld_tinygrad[0m [32mmapd[0m [32mmapd_manager[0m [32mrtid[0m
[32mloggerd[0m [32mencoderd[0m [32mlogmessaged[0m [32mcamerad[0m [32mlogcatd[0m [32mproclogd[0m [32mmicd[0m [32mtimed[0m [32mdmonitoringmodeld[0m [32msensord[0m [32mui[0m [32msoundd[0m [32mlocationd[0m [32mcalibrationd[0m [32mtorqued[0m [32mcontrolsd[0m [32mselfdrived[0m [32mcard[0m [32mdeleter[0m [32mdmonitoringd[0m [32mqcomgpsd[0m [32mpandad[0m [32mparamsd[0m [32mlagd[0m [31mplannerd[0m [32mradard[0m [32mhardwared[0m [32mtombstoned[0m [32muploader[0m [32mstatsd[0m [32mfeedbackd[0m [32mmodeld_tinygrad[0m [32mmapd[0m [32mmapd_manager[0m [32mrtid[0m
[32mloggerd[0m [32mencoderd[0m [32mlogmessaged[0m [32mcamerad[0m [32mlogcatd[0m [32mproclogd[0m [32mmicd[0m [32mtimed[0m [32mdmonitoringmodeld[0m [32msensord[0m [32mui[0m [32msoundd[0m [32mlocationd[0m [32mcalibrationd[0m [32mtorqued[0m [32mcontrolsd[0m [32mselfdrived[0m [32mcard[0m [32mdeleter[0m [32mdmonitoringd[0m [32mqcomgpsd[0m [32mpandad[0m [32mparamsd[0m [32mlagd[0m [31mplannerd[0m [32mradard[0m [32mhardwared[0m [32mtombstoned[0m [32muploader[0m [32mstatsd[0m [32mfeedbackd[0m [32mmodeld_tinygrad[0m [32mmapd[0m [32mmapd_manager[0m [32mrtid[0m
RTI cycle took 0.037s
RTI cycle took 0.031s
RTI cycle took 0.025s
RTI cycle took 0.021s
RTI cycle took 0.026s
RTI cycle took 0.032s
RTI cycle took 0.017s
RTI cycle took 0.026s
RTI cycle took 0.027s
RTI cycle took 0.019s
RTI cycle took 0.027s
RTI cycle took 0.039s
RTI cycle took 0.034s
RTI cycle took 0.025s
RTI cycle took 0.031s
RTI cycle took 0.017s
RTI cycle took 0.015s
RTI cycle took 0.020s
RTI cycle took 0.032s
RTI cycle took 0.038s
RTI cycle took 0.018s
RTI cycle took 0.028s
RTI cycle took 0.027s
RTI cycle took 0.019s
RTI cycle took 0.017s
RTI cycle took 0.025s
RTI cycle took 0.028s
RTI cycle took 0.031s
RTI cycle took 0.029s
RTI cycle took 0.026s
RTI cycle took 0.031s
RTI cycle took 0.029s
RTI cycle took 0.020s
RTI cycle took 0.027s
RTI cycle took 0.020s
RTI cycle took 0.027s
RTI cycle took 0.031s
RTI cycle took 0.030s
RTI cycle took 0.026s
RTI cycle took 0.023s
RTI cycle took 0.024s
RTI cycle took 0.031s
RTI cycle took 0.028s
RTI cycle took 0.021s
RTI cycle took 0.018s
RTI cycle took 0.027s
RTI cycle took 0.018s
RTI cycle took 0.026s
RTI cycle took 0.041s
RTI cycle took 0.035s
RTI cycle took 0.021s
RTI cycle took 0.028s
RTI cycle took 0.019s
RTI cycle took 0.031s
RTI cycle took 0.027s
RTI cycle took 0.018s
RTI cycle took 0.026s
RTI cycle took 0.034s
RTI cycle took 0.024s
RTI cycle took 0.031s
RTI cycle took 0.027s
RTI cycle took 0.022s
RTI cycle took 0.027s
RTI cycle took 0.031s
RTI cycle took 0.017s
RTI cycle took 0.027s
RTI cycle took 0.017s
RTI cycle took 0.027s
RTI cycle took 0.039s
RTI cycle took 0.028s
RTI cycle took 0.022s
RTI cycle took 0.028s
RTI cycle took 0.031s
RTI cycle took 0.017s
RTI cycle took 0.028s
RTI cycle took 0.030s
RTI cycle took 0.017s
RTI cycle took 0.015s
RTI cycle took 0.024s
RTI cycle took 0.017s
RTI cycle took 0.026s
RTI cycle took 0.018s
RTI cycle took 0.028s
RTI cycle took 0.031s
RTI cycle took 0.025s
RTI cycle took 0.024s
RTI cycle took 0.035s
RTI cycle took 0.030s
RTI cycle took 0.031s
RTI cycle took 0.025s
RTI cycle took 0.028s
RTI cycle took 0.020s
RTI cycle took 0.024s
RTI cycle took 0.025s
RTI cycle took 0.031s
RTI cycle took 0.017s
RTI cycle took 0.027s
RTI cycle took 0.011s
RTI cycle took 0.026s
RTI cycle took 0.027s
RTI cycle took 0.025s
RTI cycle took 0.023s
RTI cycle took 0.031s
RTI cycle took 0.040s
RTI cycle took 0.029s
RTI cycle took 0.030s
RTI cycle took 0.033s
RTI cycle took 0.025s
RTI cycle took 0.029s
RTI cycle took 0.040s
RTI cycle took 0.015s
RTI cycle took 0.037s
RTI cycle took 0.023s
RTI cycle took 0.033s
RTI cycle took 0.027s
RTI cycle took 0.018s
RTI cycle took 0.031s
RTI cycle took 0.013s
RTI cycle took 0.027s
RTI cycle took 0.022s
RTI cycle took 0.031s
RTI cycle took 0.020s
RTI cycle took 0.027s
RTI cycle took 0.028s
RTI cycle took 0.022s
RTI cycle took 0.028s
RTI cycle took 0.030s
RTI cycle took 0.017s
RTI cycle took 0.019s
RTI cycle took 0.036s
RTI cycle took 0.017s
RTI cycle took 0.015s
RTI cycle took 0.014s
RTI cycle took 0.021s
RTI cycle took 0.033s
RTI cycle took 0.041s
RTI cycle took 0.024s
RTI cycle took 0.020s
RTI cycle took 0.028s
RTI cycle took 0.039s
RTI cycle took 0.029s
RTI cycle took 0.017s
RTI cycle took 0.020s
RTI cycle took 0.028s
RTI cycle took 0.027s
RTI cycle took 0.016s
RTI cycle took 0.023s
RTI cycle took 0.021s
RTI cycle took 0.035s
RTI cycle took 0.014s
RTI cycle took 0.025s
RTI cycle took 0.041s
RTI cycle took 0.026s
RTI cycle took 0.021s
RTI cycle took 0.028s
RTI cycle took 0.030s
RTI cycle took 0.033s
RTI cycle took 0.036s
RTI cycle took 0.029s
RTI cycle took 0.037s
RTI cycle took 0.019s
RTI cycle took 0.034s
RTI cycle took 0.037s
RTI cycle took 0.034s
RTI cycle took 0.023s
RTI cycle took 0.025s
RTI cycle took 0.026s
RTI cycle took 0.022s
RTI cycle took 0.025s
RTI cycle took 0.014s
RTI cycle took 0.026s
RTI cycle took 0.016s
RTI cycle took 0.023s
RTI cycle took 0.021s
RTI cycle took 0.029s
RTI cycle took 0.028s
RTI cycle took 0.032s
RTI cycle took 0.034s
RTI cycle took 0.014s
RTI cycle took 0.038s
RTI cycle took 0.034s
RTI cycle took 0.042s
RTI cycle took 0.021s
RTI cycle took 0.031s
RTI cycle took 0.016s
RTI cycle took 0.027s
RTI cycle took 0.028s
RTI cycle took 0.032s
RTI cycle took 0.039s
RTI cycle took 0.026s
RTI cycle took 0.021s
RTI cycle took 0.027s
RTI cycle took 0.040s
RTI cycle took 0.034s
RTI cycle took 0.033s
RTI cycle took 0.025s
RTI cycle took 0.041s
RTI cycle took 0.048s
RTI cycle took 0.020s
RTI cycle took 0.031s
RTI cycle took 0.038s
RTI cycle took 0.042s
RTI cycle took 0.023s
RTI cycle took 0.033s
RTI cycle took 0.038s
RTI cycle took 0.032s
RTI cycle took 0.014s
RTI cycle took 0.022s
RTI cycle took 0.031s
RTI cycle took 0.041s
RTI cycle took 0.027s
RTI cycle took 0.041s
RTI cycle took 0.038s
RTI cycle took 0.037s
RTI cycle took 0.027s
RTI cycle took 0.020s
RTI cycle took 0.032s
RTI cycle took 0.022s
RTI cycle took 0.050s
RTI cycle took 0.020s
RTI cycle took 0.038s
RTI cycle took 0.032s
RTI cycle took 0.031s
[32mloggerd[0m [32mencoderd[0m [32mlogmessaged[0m [32mcamerad[0m [32mlogcatd[0m [32mproclogd[0m [32mmicd[0m [32mtimed[0m [32mdmonitoringmodeld[0m [32msensord[0m [32mui[0m [32msoundd[0m [32mlocationd[0m [32mcalibrationd[0m [32mtorqued[0m [32mcontrolsd[0m [32mselfdrived[0m [32mcard[0m [32mdeleter[0m [32mdmonitoringd[0m [32mqcomgpsd[0m [32mpandad[0m [32mparamsd[0m [32mlagd[0m [31mplannerd[0m [32mradard[0m [32mhardwared[0m [32mtombstoned[0m [32muploader[0m [32mstatsd[0m [32mfeedbackd[0m [32mmodeld_tinygrad[0m [32mmapd[0m [32mmapd_manager[0m [32mrtid[0m
[32mloggerd[0m [32mencoderd[0m [32mlogmessaged[0m [32mcamerad[0m [32mlogcatd[0m [32mproclogd[0m [32mmicd[0m [32mtimed[0m [32mdmonitoringmodeld[0m [32msensord[0m [32mui[0m [32msoundd[0m [32mlocationd[0m [32mcalibrationd[0m [32mtorqued[0m [32mcontrolsd[0m [32mselfdrived[0m [32mcard[0m [32mdeleter[0m [32mdmonitoringd[0m [32mqcomgpsd[0m [32mpandad[0m [32mparamsd[0m [32mlagd[0m [31mplannerd[0m [32mradard[0m [32mhardwared[0m [32mtombstoned[0m [32muploader[0m [32mstatsd[0m [32mfeedbackd[0m [32mmodeld_tinygrad[0m [32mmapd[0m [32mmapd_manager[0m [32mrtid[0m
[32mloggerd[0m [32mencoderd[0m [32mlogmessaged[0m [32mcamerad[0m [32mlogcatd[0m [32mproclogd[0m [32mmicd[0m [32mtimed[0m [32mdmonitoringmodeld[0m [32msensord[0m [32mui[0m [32msoundd[0m [32mlocationd[0m [32mcalibrationd[0m [32mtorqued[0m [32mcontrolsd[0m [32mselfdrived[0m [32mcard[0m [32mdeleter[0m [32mdmonitoringd[0m [32mqcomgpsd[0m [32mpandad[0m [32mparamsd[0m [32mlagd[0m [31mplannerd[0m [32mradard[0m [32mhardwared[0m [32mtombstoned[0m [32muploader[0m [32mstatsd[0m [32mfeedbackd[0m [32mmodeld_tinygrad[0m [32mmapd[0m [32mmapd_manager[0m [32mrtid[0m
[32mloggerd[0m [32mencoderd[0m [32mlogmessaged[0m [32mcamerad[0m [32mlogcatd[0m [32mproclogd[0m [32mmicd[0m [32mtimed[0m [32mdmonitoringmodeld[0m [32msensord[0m [32mui[0m [32msoundd[0m [32mlocationd[0m [32mcalibrationd[0m [32mtorqued[0m [32mcontrolsd[0m [32mselfdrived[0m [32mcard[0m [32mdeleter[0m [32mdmonitoringd[0m [32mqcomgpsd[0m [32mpandad[0m [32mparamsd[0m [32mlagd[0m [31mplannerd[0m [32mradard[0m [32mhardwared[0m [32mtombstoned[0m [32muploader[0m [32mstatsd[0m [32mfeedbackd[0m [32mmodeld_tinygrad[0m [32mmapd[0m [32mmapd_manager[0m [32mrtid[0m
[32mloggerd[0m [32mencoderd[0m [32mlogmessaged[0m [32mcamerad[0m [32mlogcatd[0m [32mproclogd[0m [32mmicd[0m [32mtimed[0m [32mdmonitoringmodeld[0m [32msensord[0m [32mui[0m [32msoundd[0m [32mlocationd[0m [32mcalibrationd[0m [32mtorqued[0m [32mcontrolsd[0m [32mselfdrived[0m [32mcard[0m [32mdeleter[0m [32mdmonitoringd[0m [32mqcomgpsd[0m [32mpandad[0m [32mparamsd[0m [32mlagd[0m [31mplannerd[0m [32mradard[0m [32mhardwared[0m [32mtombstoned[0m [32muploader[0m [32mstatsd[0m [32mfeedbackd[0m [32mmodeld_tinygrad[0m [32mmapd[0m [32mmapd_manager[0m [32mrtid[0m
[32mloggerd[0m [32mencoderd[0m [32mlogmessaged[0m [32mcamerad[0m [32mlogcatd[0m [32mproclogd[0m [32mmicd[0m [32mtimed[0m [32mdmonitoringmodeld[0m [32msensord[0m [32mui[0m [32msoundd[0m [32mlocationd[0m [32mcalibrationd[0m [32mtorqued[0m [32mcontrolsd[0m [32mselfdrived[0m [32mcard[0m [32mdeleter[0m [32mdmonitoringd[0m [32mqcomgpsd[0m [32mpandad[0m [32mparamsd[0m [32mlagd[0m [31mplannerd[0m [32mradard[0m [32mhardwared[0m [32mtombstoned[0m [32muploader[0m [32mstatsd[0m [32mfeedbackd[0m [32mmodeld_tinygrad[0m [32mmapd[0m [32mmapd_manager[0m [32mrtid[0m
[32mloggerd[0m [32mencoderd[0m [32mlogmessaged[0m [32mcamerad[0m [32mlogcatd[0m [32mproclogd[0m [32mmicd[0m [32mtimed[0m [32mdmonitoringmodeld[0m [32msensord[0m [32mui[0m [32msoundd[0m [32mlocationd[0m [32mcalibrationd[0m [32mtorqued[0m [32mcontrolsd[0m [32mselfdrived[0m [32mcard[0m [32mdeleter[0m [32mdmonitoringd[0m [32mqcomgpsd[0m [32mpandad[0m [32mparamsd[0m [32mlagd[0m [31mplannerd[0m [32mradard[0m [32mhardwared[0m [32mtombstoned[0m [32muploader[0m [32mstatsd[0m [32mfeedbackd[0m [32mmodeld_tinygrad[0m [32mmapd[0m [32mmapd_manager[0m [32mrtid[0m
[32mloggerd[0m [32mencoderd[0m [32mlogmessaged[0m [32mcamerad[0m [32mlogcatd[0m [32mproclogd[0m [32mmicd[0m [32mtimed[0m [32mdmonitoringmodeld[0m [32msensord[0m [32mui[0m [32msoundd[0m [32mlocationd[0m [32mcalibrationd[0m [32mtorqued[0m [32mcontrolsd[0m [32mselfdrived[0m [32mcard[0m [32mdeleter[0m [32mdmonitoringd[0m [32mqcomgpsd[0m [32mpandad[0m [32mparamsd[0m [32mlagd[0m [31mplannerd[0m [32mradard[0m [32mhardwared[0m [32mtombstoned[0m [32muploader[0m [32mstatsd[0m [32mfeedbackd[0m [32mmodeld_tinygrad[0m [32mmapd[0m [32mmapd_manager[0m [32mrtid[0m
[32mloggerd[0m [32mencoderd[0m [32mlogmessaged[0m [32mcamerad[0m [32mlogcatd[0m [32mproclogd[0m [32mmicd[0m [32mtimed[0m [32mdmonitoringmodeld[0m [32msensord[0m [32mui[0m [32msoundd[0m [32mlocationd[0m [32mcalibrationd[0m [32mtorqued[0m [32mcontrolsd[0m [32mselfdrived[0m [32mcard[0m [32mdeleter[0m [32mdmonitoringd[0m [32mqcomgpsd[0m [32mpandad[0m [32mparamsd[0m [32mlagd[0m [31mplannerd[0m [32mradard[0m [32mhardwared[0m [32mtombstoned[0m [32muploader[0m [32mstatsd[0m [32mfeedbackd[0m [32mmodeld_tinygrad[0m [32mmapd[0m [32mmapd_manager[0m [32mrtid[0m
[32mloggerd[0m [32mencoderd[0m [32mlogmessaged[0m [32mcamerad[0m [32mlogcatd[0m [32mproclogd[0m [32mmicd[0m [32mtimed[0m [32mdmonitoringmodeld[0m [32msensord[0m [32mui[0m [32msoundd[0m [32mlocationd[0m [32mcalibrationd[0m [32mtorqued[0m [32mcontrolsd[0m [32mselfdrived[0m [32mcard[0m [32mdeleter[0m [32mdmonitoringd[0m [32mqcomgpsd[0m [32mpandad[0m [32mparamsd[0m [32mlagd[0m [31mplannerd[0m [32mradard[0m [32mhardwared[0m [32mtombstoned[0m [32muploader[0m [32mstatsd[0m [32mfeedbackd[0m [32mmodeld_tinygrad[0m [32mmapd[0m [32mmapd_manager[0m [32mrtid[0m
[32mloggerd[0m [32mencoderd[0m [32mlogmessaged[0m [32mcamerad[0m [32mlogcatd[0m [32mproclogd[0m [32mmicd[0m [32mtimed[0m [32mdmonitoringmodeld[0m [32msensord[0m [32mui[0m [32msoundd[0m [32mlocationd[0m [32mcalibrationd[0m [32mtorqued[0m [32mcontrolsd[0m [32mselfdrived[0m [32mcard[0m [32mdeleter[0m [32mdmonitoringd[0m [32mqcomgpsd[0m [32mpandad[0m [32mparamsd[0m [32mlagd[0m [31mplannerd[0m [32mradard[0m [32mhardwared[0m [32mtombstoned[0m [32muploader[0m [32mstatsd[0m [32mfeedbackd[0m [32mmodeld_tinygrad[0m [32mmapd[0m [32mmapd_manager[0m [32mrtid[0m
[32mloggerd[0m [32mencoderd[0m [32mlogmessaged[0m [32mcamerad[0m [32mlogcatd[0m [32mproclogd[0m [32mmicd[0m [32mtimed[0m [32mdmonitoringmodeld[0m [32msensord[0m [32mui[0m [32msoundd[0m [32mlocationd[0m [32mcalibrationd[0m [32mtorqued[0m [32mcontrolsd[0m [32mselfdrived[0m [32mcard[0m [32mdeleter[0m [32mdmonitoringd[0m [32mqcomgpsd[0m [32mpandad[0m [32mparamsd[0m [32mlagd[0m [31mplannerd[0m [32mradard[0m [32mhardwared[0m [32mtombstoned[0m [32muploader[0m [32mstatsd[0m [32mfeedbackd[0m [32mmodeld_tinygrad[0m [32mmapd[0m [32mmapd_manager[0m [32mrtid[0m
[32mloggerd[0m [32mencoderd[0m [32mlogmessaged[0m [32mcamerad[0m [32mlogcatd[0m [32mproclogd[0m [32mmicd[0m [32mtimed[0m [32mdmonitoringmodeld[0m [32msensord[0m [32mui[0m [32msoundd[0m [32mlocationd[0m [32mcalibrationd[0m [32mtorqued[0m [32mcontrolsd[0m [32mselfdrived[0m [32mcard[0m [32mdeleter[0m [32mdmonitoringd[0m [32mqcomgpsd[0m [32mpandad[0m [32mparamsd[0m [32mlagd[0m [31mplannerd[0m [32mradard[0m [32mhardwared[0m [32mtombstoned[0m [32muploader[0m [32mstatsd[0m [32mfeedbackd[0m [32mmodeld_tinygrad[0m [32mmapd[0m [32mmapd_manager[0m [32mrtid[0m
RTI cycle took 0.071s
RTI cycle took 0.036s
RTI cycle took 0.031s
RTI cycle took 0.043s
RTI cycle took 0.015s
RTI cycle took 0.030s
RTI cycle took 0.026s
RTI cycle took 0.031s
RTI cycle took 0.030s
RTI cycle took 0.038s
RTI cycle took 0.024s
RTI cycle took 0.017s
RTI cycle took 0.038s
RTI cycle took 0.032s
RTI cycle took 0.028s
RTI cycle took 0.026s
RTI cycle took 0.026s
RTI cycle took 0.028s
RTI cycle took 0.036s
RTI cycle took 0.022s
RTI cycle took 0.030s
RTI cycle took 0.018s
RTI cycle took 0.020s
RTI cycle took 0.023s
RTI cycle took 0.022s
RTI cycle took 0.026s
RTI cycle took 0.030s
RTI cycle took 0.019s
RTI cycle took 0.029s
RTI cycle took 0.028s
RTI cycle took 0.029s
RTI cycle took 0.032s
RTI cycle took 0.015s
RTI cycle took 0.026s
RTI cycle took 0.017s
RTI cycle took 0.019s
RTI cycle took 0.020s
RTI cycle took 0.023s
RTI cycle took 0.026s
RTI cycle took 0.035s
RTI cycle took 0.037s
RTI cycle took 0.024s
RTI cycle took 0.023s
RTI cycle took 0.028s
RTI cycle took 0.027s
RTI cycle took 0.019s
RTI cycle took 0.028s
RTI cycle took 0.017s
RTI cycle took 0.037s
RTI cycle took 0.032s
RTI cycle took 0.016s
RTI cycle took 0.026s
RTI cycle took 0.018s
RTI cycle took 0.029s
RTI cycle took 0.025s
RTI cycle took 0.023s
RTI cycle took 0.026s
RTI cycle took 0.031s
RTI cycle took 0.041s
RTI cycle took 0.015s
RTI cycle took 0.025s
RTI cycle took 0.038s
RTI cycle took 0.029s
RTI cycle took 0.020s
RTI cycle took 0.026s
RTI cycle took 0.019s
RTI cycle took 0.026s
RTI cycle took 0.040s
RTI cycle took 0.039s
RTI cycle took 0.031s
RTI cycle took 0.028s
RTI cycle took 0.031s
RTI cycle took 0.031s
RTI cycle took 0.016s
RTI cycle took 0.026s
RTI cycle took 0.027s
RTI cycle took 0.031s
RTI cycle took 0.030s
RTI cycle took 0.028s
RTI cycle took 0.019s
RTI cycle took 0.027s
RTI cycle took 0.018s
RTI cycle took 0.018s
RTI cycle took 0.025s
RTI cycle took 0.021s
RTI cycle took 0.028s
RTI cycle took 0.028s
RTI cycle took 0.040s
RTI cycle took 0.041s
RTI cycle took 0.017s
RTI cycle took 0.014s
RTI cycle took 0.015s
RTI cycle took 0.022s
RTI cycle took 0.029s
RTI cycle took 0.033s
RTI cycle took 0.013s
RTI cycle took 0.025s
RTI cycle took 0.025s
RTI cycle took 0.029s
RTI cycle took 0.026s
RTI cycle took 0.022s
RTI cycle took 0.027s
RTI cycle took 0.031s
RTI cycle took 0.029s
RTI cycle took 0.028s
RTI cycle took 0.029s
RTI cycle took 0.018s
RTI cycle took 0.018s
RTI cycle took 0.024s
RTI cycle took 0.024s
RTI cycle took 0.022s
RTI cycle took 0.029s
RTI cycle took 0.033s
RTI cycle took 0.024s
RTI cycle took 0.023s
RTI cycle took 0.017s
RTI cycle took 0.014s
RTI cycle took 0.023s
RTI cycle took 0.038s
RTI cycle took 0.027s
RTI cycle took 0.030s
RTI cycle took 0.041s
RTI cycle took 0.027s
RTI cycle took 0.032s
RTI cycle took 0.018s
RTI cycle took 0.027s
RTI cycle took 0.019s
RTI cycle took 0.026s
RTI cycle took 0.029s
RTI cycle took 0.018s
RTI cycle took 0.029s
RTI cycle took 0.018s
RTI cycle took 0.027s
RTI cycle took 0.017s
RTI cycle took 0.014s
RTI cycle took 0.014s
RTI cycle took 0.011s
RTI cycle took 0.021s
RTI cycle took 0.028s
RTI cycle took 0.020s
RTI cycle took 0.026s
RTI cycle took 0.032s
RTI cycle took 0.017s
RTI cycle took 0.016s
RTI cycle took 0.036s
RTI cycle took 0.026s
RTI cycle took 0.023s
RTI cycle took 0.026s
RTI cycle took 0.023s
RTI cycle took 0.026s
RTI cycle took 0.031s
RTI cycle took 0.017s
RTI cycle took 0.028s
RTI cycle took 0.027s
RTI cycle took 0.021s
RTI cycle took 0.028s
RTI cycle took 0.020s
RTI cycle took 0.027s
RTI cycle took 0.018s
RTI cycle took 0.035s
RTI cycle took 0.028s
RTI cycle took 0.030s
RTI cycle took 0.027s
RTI cycle took 0.022s
RTI cycle took 0.026s
RTI cycle took 0.022s
RTI cycle took 0.017s
RTI cycle took 0.018s
RTI cycle took 0.019s
RTI cycle took 0.022s
RTI cycle took 0.017s
RTI cycle took 0.035s
RTI cycle took 0.017s
RTI cycle took 0.019s
RTI cycle took 0.023s
RTI cycle took 0.031s
RTI cycle took 0.017s
RTI cycle took 0.019s
RTI cycle took 0.025s
RTI cycle took 0.024s
RTI cycle took 0.021s
RTI cycle took 0.026s
RTI cycle took 0.021s
RTI cycle took 0.018s
RTI cycle took 0.030s
RTI cycle took 0.025s
RTI cycle took 0.041s
RTI cycle took 0.019s
RTI cycle took 0.024s
RTI cycle took 0.017s
RTI cycle took 0.018s
RTI cycle took 0.037s
RTI cycle took 0.025s
RTI cycle took 0.014s
RTI cycle took 0.021s
RTI cycle took 0.042s
RTI cycle took 0.038s
RTI cycle took 0.031s
RTI cycle took 0.025s
RTI cycle took 0.031s
RTI cycle took 0.017s
RTI cycle took 0.017s
RTI cycle took 0.024s
RTI cycle took 0.022s
RTI cycle took 0.026s
RTI cycle took 0.022s
RTI cycle took 0.018s
RTI cycle took 0.017s
RTI cycle took 0.025s
RTI cycle took 0.018s
RTI cycle took 0.016s
RTI cycle took 0.022s
RTI cycle took 0.022s
RTI cycle took 0.040s
RTI cycle took 0.018s
RTI cycle took 0.015s
RTI cycle took 0.019s
RTI cycle took 0.029s
RTI cycle took 0.026s
RTI cycle took 0.032s
RTI cycle took 0.016s
RTI cycle took 0.024s
RTI cycle took 0.016s
RTI cycle took 0.027s
RTI cycle took 0.026s
RTI cycle took 0.031s
RTI cycle took 0.039s
RTI cycle took 0.031s
RTI cycle took 0.021s
RTI cycle took 0.040s
RTI cycle took 0.026s
RTI cycle took 0.039s
[32mloggerd[0m [32mencoderd[0m [32mlogmessaged[0m [32mcamerad[0m [32mlogcatd[0m [32mproclogd[0m [32mmicd[0m [32mtimed[0m [32mdmonitoringmodeld[0m [32msensord[0m [32mui[0m [32msoundd[0m [32mlocationd[0m [32mcalibrationd[0m [32mtorqued[0m [32mcontrolsd[0m [32mselfdrived[0m [32mcard[0m [32mdeleter[0m [32mdmonitoringd[0m [32mqcomgpsd[0m [32mpandad[0m [32mparamsd[0m [32mlagd[0m [31mplannerd[0m [32mradard[0m [32mhardwared[0m [32mtombstoned[0m [32muploader[0m [32mstatsd[0m [32mfeedbackd[0m [32mmodeld_tinygrad[0m [32mmapd[0m [32mmapd_manager[0m [32mrtid[0m
[32mloggerd[0m [32mencoderd[0m [32mlogmessaged[0m [32mcamerad[0m [32mlogcatd[0m [32mproclogd[0m [32mmicd[0m [32mtimed[0m [32mdmonitoringmodeld[0m [32msensord[0m [32mui[0m [32msoundd[0m [32mlocationd[0m [32mcalibrationd[0m [32mtorqued[0m [32mcontrolsd[0m [32mselfdrived[0m [32mcard[0m [32mdeleter[0m [32mdmonitoringd[0m [32mqcomgpsd[0m [32mpandad[0m [32mparamsd[0m [32mlagd[0m [31mplannerd[0m [32mradard[0m [32mhardwared[0m [32mtombstoned[0m [32muploader[0m [32mstatsd[0m [32mfeedbackd[0m [32mmodeld_tinygrad[0m [32mmapd[0m [32mmapd_manager[0m [32mrtid[0m
[32mloggerd[0m [32mencoderd[0m [32mlogmessaged[0m [32mcamerad[0m [32mlogcatd[0m [32mproclogd[0m [32mmicd[0m [32mtimed[0m [32mdmonitoringmodeld[0m [32msensord[0m [32mui[0m [32msoundd[0m [32mlocationd[0m [32mcalibrationd[0m [32mtorqued[0m [32mcontrolsd[0m [32mselfdrived[0m [32mcard[0m [32mdeleter[0m [32mdmonitoringd[0m [32mqcomgpsd[0m [32mpandad[0m [32mparamsd[0m [32mlagd[0m [31mplannerd[0m [32mradard[0m [32mhardwared[0m [32mtombstoned[0m [32muploader[0m [32mstatsd[0m [32mfeedbackd[0m [32mmodeld_tinygrad[0m [32mmapd[0m [32mmapd_manager[0m [32mrtid[0m
[32mloggerd[0m [32mencoderd[0m [32mlogmessaged[0m [32mcamerad[0m [32mlogcatd[0m [32mproclogd[0m [32mmicd[0m [32mtimed[0m [32mdmonitoringmodeld[0m [32msensord[0m [32mui[0m [32msoundd[0m [32mlocationd[0m [32mcalibrationd[0m [32mtorqued[0m [32mcontrolsd[0m [32mselfdrived[0m [32mcard[0m [32mdeleter[0m [32mdmonitoringd[0m [32mqcomgpsd[0m [32mpandad[0m [32mparamsd[0m [32mlagd[0m [31mplannerd[0m [32mradard[0m [32mhardwared[0m [32mtombstoned[0m [32muploader[0m [32mstatsd[0m [32mfeedbackd[0m [32mmodeld_tinygrad[0m [32mmapd[0m [32mmapd_manager[0m [32mrtid[0m
[32mloggerd[0m [32mencoderd[0m [32mlogmessaged[0m [32mcamerad[0m [32mlogcatd[0m [32mproclogd[0m [32mmicd[0m [32mtimed[0m [32mdmonitoringmodeld[0m [32msensord[0m [32mui[0m [32msoundd[0m [32mlocationd[0m [32mcalibrationd[0m [32mtorqued[0m [32mcontrolsd[0m [32mselfdrived[0m [32mcard[0m [32mdeleter[0m [32mdmonitoringd[0m [32mqcomgpsd[0m [32mpandad[0m [32mparamsd[0m [32mlagd[0m [31mplannerd[0m [32mradard[0m [32mhardwared[0m [32mtombstoned[0m [32muploader[0m [32mstatsd[0m [32mfeedbackd[0m [32mmodeld_tinygrad[0m [32mmapd[0m [32mmapd_manager[0m [32mrtid[0m
[32mloggerd[0m [32mencoderd[0m [32mlogmessaged[0m [32mcamerad[0m [32mlogcatd[0m [32mproclogd[0m [32mmicd[0m [32mtimed[0m [32mdmonitoringmodeld[0m [32msensord[0m [32mui[0m [32msoundd[0m [32mlocationd[0m [32mcalibrationd[0m [32mtorqued[0m [32mcontrolsd[0m [32mselfdrived[0m [32mcard[0m [32mdeleter[0m [32mdmonitoringd[0m [32mqcomgpsd[0m [32mpandad[0m [32mparamsd[0m [32mlagd[0m [31mplannerd[0m [32mradard[0m [32mhardwared[0m [32mtombstoned[0m [32muploader[0m [32mstatsd[0m [32mfeedbackd[0m [32mmodeld_tinygrad[0m [32mmapd[0m [32mmapd_manager[0m [32mrtid[0m
[32mloggerd[0m [32mencoderd[0m [32mlogmessaged[0m [32mcamerad[0m [32mlogcatd[0m [32mproclogd[0m [32mmicd[0m [32mtimed[0m [32mdmonitoringmodeld[0m [32msensord[0m [32mui[0m [32msoundd[0m [32mlocationd[0m [32mcalibrationd[0m [32mtorqued[0m [32mcontrolsd[0m [32mselfdrived[0m [32mcard[0m [32mdeleter[0m [32mdmonitoringd[0m [32mqcomgpsd[0m [32mpandad[0m [32mparamsd[0m [32mlagd[0m [31mplannerd[0m [32mradard[0m [32mhardwared[0m [32mtombstoned[0m [32muploader[0m [32mstatsd[0m [32mfeedbackd[0m [32mmodeld_tinygrad[0m [32mmapd[0m [32mmapd_manager[0m [32mrtid[0m
[32mloggerd[0m [32mencoderd[0m [32mlogmessaged[0m [32mcamerad[0m [32mlogcatd[0m [32mproclogd[0m [32mmicd[0m [32mtimed[0m [32mdmonitoringmodeld[0m [32msensord[0m [32mui[0m [32msoundd[0m [32mlocationd[0m [32mcalibrationd[0m [32mtorqued[0m [32mcontrolsd[0m [32mselfdrived[0m [32mcard[0m [32mdeleter[0m [32mdmonitoringd[0m [32mqcomgpsd[0m [32mpandad[0m [32mparamsd[0m [32mlagd[0m [31mplannerd[0m [32mradard[0m [32mhardwared[0m [32mtombstoned[0m [32muploader[0m [32mstatsd[0m [32mfeedbackd[0m [32mmodeld_tinygrad[0m [32mmapd[0m [32mmapd_manager[0m [32mrtid[0m
[32mloggerd[0m [32mencoderd[0m [32mlogmessaged[0m [32mcamerad[0m [32mlogcatd[0m [32mproclogd[0m [32mmicd[0m [32mtimed[0m [32mdmonitoringmodeld[0m [32msensord[0m [32mui[0m [32msoundd[0m [32mlocationd[0m [32mcalibrationd[0m [32mtorqued[0m [32mcontrolsd[0m [32mselfdrived[0m [32mcard[0m [32mdeleter[0m [32mdmonitoringd[0m [32mqcomgpsd[0m [32mpandad[0m [32mparamsd[0m [32mlagd[0m [31mplannerd[0m [32mradard[0m [32mhardwared[0m [32mtombstoned[0m [32muploader[0m [32mstatsd[0m [32mfeedbackd[0m [32mmodeld_tinygrad[0m [32mmapd[0m [32mmapd_manager[0m [32mrtid[0m
[32mloggerd[0m [32mencoderd[0m [32mlogmessaged[0m [32mcamerad[0m [32mlogcatd[0m [32mproclogd[0m [32mmicd[0m [32mtimed[0m [32mdmonitoringmodeld[0m [32msensord[0m [32mui[0m [32msoundd[0m [32mlocationd[0m [32mcalibrationd[0m [32mtorqued[0m [32mcontrolsd[0m [32mselfdrived[0m [32mcard[0m [32mdeleter[0m [32mdmonitoringd[0m [32mqcomgpsd[0m [32mpandad[0m [32mparamsd[0m [32mlagd[0m [31mplannerd[0m [32mradard[0m [32mhardwared[0m [32mtombstoned[0m [32muploader[0m [32mstatsd[0m [32mfeedbackd[0m [32mmodeld_tinygrad[0m [32mmapd[0m [32mmapd_manager[0m [32mrtid[0m
[32mloggerd[0m [32mencoderd[0m [32mlogmessaged[0m [32mcamerad[0m [32mlogcatd[0m [32mproclogd[0m [32mmicd[0m [32mtimed[0m [32mdmonitoringmodeld[0m [32msensord[0m [32mui[0m [32msoundd[0m [32mlocationd[0m [32mcalibrationd[0m [32mtorqued[0m [32mcontrolsd[0m [32mselfdrived[0m [32mcard[0m [32mdeleter[0m [32mdmonitoringd[0m [32mqcomgpsd[0m [32mpandad[0m [32mparamsd[0m [32mlagd[0m [31mplannerd[0m [32mradard[0m [32mhardwared[0m [32mtombstoned[0m [32muploader[0m [32mstatsd[0m [32mfeedbackd[0m [32mmodeld_tinygrad[0m [32mmapd[0m [32mmapd_manager[0m [32mrtid[0m
[32mloggerd[0m [32mencoderd[0m [32mlogmessaged[0m [32mcamerad[0m [32mlogcatd[0m [32mproclogd[0m [32mmicd[0m [32mtimed[0m [32mdmonitoringmodeld[0m [32msensord[0m [32mui[0m [32msoundd[0m [32mlocationd[0m [32mcalibrationd[0m [32mtorqued[0m [32mcontrolsd[0m [32mselfdrived[0m [32mcard[0m [32mdeleter[0m [32mdmonitoringd[0m [32mqcomgpsd[0m [32mpandad[0m [32mparamsd[0m [32mlagd[0m [31mplannerd[0m [32mradard[0m [32mhardwared[0m [32mtombstoned[0m [32muploader[0m [32mstatsd[0m [32mfeedbackd[0m [32mmodeld_tinygrad[0m [32mmapd[0m [32mmapd_manager[0m [32mrtid[0m
[32mloggerd[0m [32mencoderd[0m [32mlogmessaged[0m [32mcamerad[0m [32mlogcatd[0m [32mproclogd[0m [32mmicd[0m [32mtimed[0m [32mdmonitoringmodeld[0m [32msensord[0m [32mui[0m [32msoundd[0m [32mlocationd[0m [32mcalibrationd[0m [32mtorqued[0m [32mcontrolsd[0m [32mselfdrived[0m [32mcard[0m [32mdeleter[0m [32mdmonitoringd[0m [32mqcomgpsd[0m [32mpandad[0m [32mparamsd[0m [32mlagd[0m [31mplannerd[0m [32mradard[0m [32mhardwared[0m [32mtombstoned[0m [32muploader[0m [32mstatsd[0m [32mfeedbackd[0m [32mmodeld_tinygrad[0m [32mmapd[0m [32mmapd_manager[0m [32mrtid[0m
RTI cycle took 0.041s
RTI cycle took 0.019s
RTI cycle took 0.018s
RTI cycle took 0.034s
RTI cycle took 0.039s
RTI cycle took 0.028s
RTI cycle took 0.030s
RTI cycle took 0.026s
RTI cycle took 0.040s
RTI cycle took 0.050s
RTI cycle took 0.028s
RTI cycle took 0.048s
RTI cycle took 0.021s
RTI cycle took 0.021s
RTI cycle took 0.045s
RTI cycle took 0.034s
RTI cycle took 0.030s
RTI cycle took 0.016s
RTI cycle took 0.025s
RTI cycle took 0.028s
RTI cycle took 0.021s
RTI cycle took 0.017s
RTI cycle took 0.036s
RTI cycle took 0.032s
RTI cycle took 0.024s
RTI cycle took 0.022s
RTI cycle took 0.027s
RTI cycle took 0.030s
RTI cycle took 0.018s
RTI cycle took 0.028s
RTI cycle took 0.018s
RTI cycle took 0.036s
RTI cycle took 0.033s
RTI cycle took 0.025s
RTI cycle took 0.027s
RTI cycle took 0.021s
RTI cycle took 0.029s
RTI cycle took 0.021s
RTI cycle took 0.019s
RTI cycle took 0.024s
RTI cycle took 0.030s
RTI cycle took 0.019s
RTI cycle took 0.027s
RTI cycle took 0.028s
RTI cycle took 0.021s
RTI cycle took 0.033s
RTI cycle took 0.027s
RTI cycle took 0.029s
RTI cycle took 0.028s
RTI cycle took 0.029s
RTI cycle took 0.020s
RTI cycle took 0.028s
RTI cycle took 0.028s
RTI cycle took 0.029s
RTI cycle took 0.020s
RTI cycle took 0.026s
RTI cycle took 0.017s
RTI cycle took 0.024s
RTI cycle took 0.022s
RTI cycle took 0.037s
RTI cycle took 0.020s
RTI cycle took 0.029s
RTI cycle took 0.022s
RTI cycle took 0.027s
RTI cycle took 0.021s
RTI cycle took 0.024s
RTI cycle took 0.041s
RTI cycle took 0.016s
RTI cycle took 0.017s
RTI cycle took 0.024s
RTI cycle took 0.029s
RTI cycle took 0.041s
RTI cycle took 0.040s
RTI cycle took 0.027s
RTI cycle took 0.020s
RTI cycle took 0.016s
RTI cycle took 0.027s
RTI cycle took 0.016s
RTI cycle took 0.027s
RTI cycle took 0.026s
RTI cycle took 0.031s
RTI cycle took 0.030s
RTI cycle took 0.019s
RTI cycle took 0.024s
RTI cycle took 0.031s
RTI cycle took 0.017s
RTI cycle took 0.019s
RTI cycle took 0.028s
RTI cycle took 0.027s
RTI cycle took 0.017s
RTI cycle took 0.017s
RTI cycle took 0.014s
RTI cycle took 0.016s
RTI cycle took 0.020s
RTI cycle took 0.026s
RTI cycle took 0.021s
RTI cycle took 0.030s
RTI cycle took 0.031s
RTI cycle took 0.016s
RTI cycle took 0.015s
RTI cycle took 0.024s
RTI cycle took 0.031s
RTI cycle took 0.016s
RTI cycle took 0.025s
RTI cycle took 0.025s
RTI cycle took 0.023s
RTI cycle took 0.018s
RTI cycle took 0.028s
RTI cycle took 0.027s
RTI cycle took 0.020s
RTI cycle took 0.028s
RTI cycle took 0.029s
RTI cycle took 0.019s
RTI cycle took 0.034s
RTI cycle took 0.018s
RTI cycle took 0.018s
RTI cycle took 0.017s
RTI cycle took 0.025s
RTI cycle took 0.018s
RTI cycle took 0.039s
RTI cycle took 0.017s
RTI cycle took 0.015s
RTI cycle took 0.022s
RTI cycle took 0.030s
RTI cycle took 0.019s
RTI cycle took 0.017s
RTI cycle took 0.024s
RTI cycle took 0.029s
RTI cycle took 0.019s
RTI cycle took 0.017s
RTI cycle took 0.014s
RTI cycle took 0.019s
RTI cycle took 0.018s
RTI cycle took 0.019s
RTI cycle took 0.013s
RTI cycle took 0.023s
RTI cycle took 0.018s
RTI cycle took 0.029s
RTI cycle took 0.016s
RTI cycle took 0.027s
RTI cycle took 0.016s
RTI cycle took 0.026s
RTI cycle took 0.016s
RTI cycle took 0.028s
RTI cycle took 0.018s
RTI cycle took 0.016s
RTI cycle took 0.015s
RTI cycle took 0.020s
RTI cycle took 0.022s
RTI cycle took 0.026s
RTI cycle took 0.030s
RTI cycle took 0.019s
RTI cycle took 0.025s
RTI cycle took 0.022s
RTI cycle took 0.026s
RTI cycle took 0.030s
RTI cycle took 0.017s
RTI cycle took 0.028s
RTI cycle took 0.027s
RTI cycle took 0.031s
RTI cycle took 0.039s
RTI cycle took 0.027s
RTI cycle took 0.038s
RTI cycle took 0.034s
RTI cycle took 0.016s
RTI cycle took 0.036s
RTI cycle took 0.018s
RTI cycle took 0.017s
RTI cycle took 0.020s
RTI cycle took 0.021s
RTI cycle took 0.019s
RTI cycle took 0.028s
RTI cycle took 0.028s
RTI cycle took 0.020s
RTI cycle took 0.015s
RTI cycle took 0.026s
RTI cycle took 0.027s
RTI cycle took 0.021s
RTI cycle took 0.017s
RTI cycle took 0.029s
RTI cycle took 0.015s
RTI cycle took 0.027s
RTI cycle took 0.027s
RTI cycle took 0.019s
RTI cycle took 0.036s
RTI cycle took 0.017s
RTI cycle took 0.024s
RTI cycle took 0.026s
RTI cycle took 0.042s
RTI cycle took 0.019s
RTI cycle took 0.015s
RTI cycle took 0.023s
RTI cycle took 0.030s
RTI cycle took 0.019s
RTI cycle took 0.017s
RTI cycle took 0.031s
RTI cycle took 0.021s
RTI cycle took 0.019s
RTI cycle took 0.028s
RTI cycle took 0.027s
RTI cycle took 0.021s
RTI cycle took 0.019s
RTI cycle took 0.031s
RTI cycle took 0.037s
RTI cycle took 0.028s
RTI cycle took 0.022s
RTI cycle took 0.026s
RTI cycle took 0.029s
RTI cycle took 0.019s
RTI cycle took 0.027s
RTI cycle took 0.019s
RTI cycle took 0.030s
RTI cycle took 0.026s
RTI cycle took 0.022s
RTI cycle took 0.018s
RTI cycle took 0.017s
RTI cycle took 0.025s
RTI cycle took 0.029s
RTI cycle took 0.019s
RTI cycle took 0.028s
RTI cycle took 0.039s
RTI cycle took 0.017s
RTI cycle took 0.027s
RTI cycle took 0.016s
RTI cycle took 0.028s
RTI cycle took 0.016s
RTI cycle took 0.015s
RTI cycle took 0.020s
RTI cycle took 0.024s
RTI cycle took 0.036s
RTI cycle took 0.029s
RTI cycle took 0.041s
RTI cycle took 0.019s
RTI cycle took 0.036s
RTI cycle took 0.030s
RTI cycle took 0.015s
RTI cycle took 0.014s
RTI cycle took 0.034s
RTI cycle took 0.037s
[32mloggerd[0m [32mencoderd[0m [32mlogmessaged[0m [32mcamerad[0m [32mlogcatd[0m [32mproclogd[0m [32mmicd[0m [32mtimed[0m [32mdmonitoringmodeld[0m [32msensord[0m [32mui[0m [32msoundd[0m [32mlocationd[0m [32mcalibrationd[0m [32mtorqued[0m [32mcontrolsd[0m [32mselfdrived[0m [32mcard[0m [32mdeleter[0m [32mdmonitoringd[0m [32mqcomgpsd[0m [32mpandad[0m [32mparamsd[0m [32mlagd[0m [31mplannerd[0m [32mradard[0m [32mhardwared[0m [32mtombstoned[0m [32muploader[0m [32mstatsd[0m [32mfeedbackd[0m [32mmodeld_tinygrad[0m [32mmapd[0m [32mmapd_manager[0m [32mrtid[0m
[32mloggerd[0m [32mencoderd[0m [32mlogmessaged[0m [32mcamerad[0m [32mlogcatd[0m [32mproclogd[0m [32mmicd[0m [32mtimed[0m [32mdmonitoringmodeld[0m [32msensord[0m [32mui[0m [32msoundd[0m [32mlocationd[0m [32mcalibrationd[0m [32mtorqued[0m [32mcontrolsd[0m [32mselfdrived[0m [32mcard[0m [32mdeleter[0m [32mdmonitoringd[0m [32mqcomgpsd[0m [32mpandad[0m [32mparamsd[0m [32mlagd[0m [31mplannerd[0m [32mradard[0m [32mhardwared[0m [32mtombstoned[0m [32muploader[0m [32mstatsd[0m [32mfeedbackd[0m [32mmodeld_tinygrad[0m [32mmapd[0m [32mmapd_manager[0m [32mrtid[0m
[32mloggerd[0m [32mencoderd[0m [32mlogmessaged[0m [32mcamerad[0m [32mlogcatd[0m [32mproclogd[0m [32mmicd[0m [32mtimed[0m [32mdmonitoringmodeld[0m [32msensord[0m [32mui[0m [32msoundd[0m [32mlocationd[0m [32mcalibrationd[0m [32mtorqued[0m [32mcontrolsd[0m [32mselfdrived[0m [32mcard[0m [32mdeleter[0m [32mdmonitoringd[0m [32mqcomgpsd[0m [32mpandad[0m [32mparamsd[0m [32mlagd[0m [31mplannerd[0m [32mradard[0m [32mhardwared[0m [32mtombstoned[0m [32muploader[0m [32mstatsd[0m [32mfeedbackd[0m [32mmodeld_tinygrad[0m [32mmapd[0m [32mmapd_manager[0m [32mrtid[0m
[32mloggerd[0m [32mencoderd[0m [32mlogmessaged[0m [32mcamerad[0m [32mlogcatd[0m [32mproclogd[0m [32mmicd[0m [32mtimed[0m [32mdmonitoringmodeld[0m [32msensord[0m [32mui[0m [32msoundd[0m [32mlocationd[0m [32mcalibrationd[0m [32mtorqued[0m [32mcontrolsd[0m [32mselfdrived[0m [32mcard[0m [32mdeleter[0m [32mdmonitoringd[0m [32mqcomgpsd[0m [32mpandad[0m [32mparamsd[0m [32mlagd[0m [31mplannerd[0m [32mradard[0m [32mhardwared[0m [32mtombstoned[0m [32muploader[0m [32mstatsd[0m [32mfeedbackd[0m [32mmodeld_tinygrad[0m [32mmapd[0m [32mmapd_manager[0m [32mrtid[0m
[32mloggerd[0m [32mencoderd[0m [32mlogmessaged[0m [32mcamerad[0m [32mlogcatd[0m [32mproclogd[0m [32mmicd[0m [32mtimed[0m [32mdmonitoringmodeld[0m [32msensord[0m [32mui[0m [32msoundd[0m [32mlocationd[0m [32mcalibrationd[0m [32mtorqued[0m [32mcontrolsd[0m [32mselfdrived[0m [32mcard[0m [32mdeleter[0m [32mdmonitoringd[0m [32mqcomgpsd[0m [32mpandad[0m [32mparamsd[0m [32mlagd[0m [31mplannerd[0m [32mradard[0m [32mhardwared[0m [32mtombstoned[0m [32muploader[0m [32mstatsd[0m [32mfeedbackd[0m [32mmodeld_tinygrad[0m [32mmapd[0m [32mmapd_manager[0m [32mrtid[0m
[32mloggerd[0m [32mencoderd[0m [32mlogmessaged[0m [32mcamerad[0m [32mlogcatd[0m [32mproclogd[0m [32mmicd[0m [32mtimed[0m [32mdmonitoringmodeld[0m [32msensord[0m [32mui[0m [32msoundd[0m [32mlocationd[0m [32mcalibrationd[0m [32mtorqued[0m [32mcontrolsd[0m [32mselfdrived[0m [32mcard[0m [32mdeleter[0m [32mdmonitoringd[0m [32mqcomgpsd[0m [32mpandad[0m [32mparamsd[0m [32mlagd[0m [31mplannerd[0m [32mradard[0m [32mhardwared[0m [32mtombstoned[0m [32muploader[0m [32mstatsd[0m [32mfeedbackd[0m [32mmodeld_tinygrad[0m [32mmapd[0m [32mmapd_manager[0m [32mrtid[0m
[32mloggerd[0m [32mencoderd[0m [32mlogmessaged[0m [32mcamerad[0m [32mlogcatd[0m [32mproclogd[0m [32mmicd[0m [32mtimed[0m [32mdmonitoringmodeld[0m [32msensord[0m [32mui[0m [32msoundd[0m [32mlocationd[0m [32mcalibrationd[0m [32mtorqued[0m [32mcontrolsd[0m [32mselfdrived[0m [32mcard[0m [32mdeleter[0m [32mdmonitoringd[0m [32mqcomgpsd[0m [32mpandad[0m [32mparamsd[0m [32mlagd[0m [31mplannerd[0m [32mradard[0m [32mhardwared[0m [32mtombstoned[0m [32muploader[0m [32mstatsd[0m [32mfeedbackd[0m [32mmodeld_tinygrad[0m [32mmapd[0m [32mmapd_manager[0m [32mrtid[0m
[32mloggerd[0m [32mencoderd[0m [32mlogmessaged[0m [32mcamerad[0m [32mlogcatd[0m [32mproclogd[0m [32mmicd[0m [32mtimed[0m [32mdmonitoringmodeld[0m [32msensord[0m [32mui[0m [32msoundd[0m [32mlocationd[0m [32mcalibrationd[0m [32mtorqued[0m [32mcontrolsd[0m [32mselfdrived[0m [32mcard[0m [32mdeleter[0m [32mdmonitoringd[0m [32mqcomgpsd[0m [32mpandad[0m [32mparamsd[0m [32mlagd[0m [31mplannerd[0m [32mradard[0m [32mhardwared[0m [32mtombstoned[0m [32muploader[0m [32mstatsd[0m [32mfeedbackd[0m [32mmodeld_tinygrad[0m [32mmapd[0m [32mmapd_manager[0m [32mrtid[0m
[32mloggerd[0m [32mencoderd[0m [32mlogmessaged[0m [32mcamerad[0m [32mlogcatd[0m [32mproclogd[0m [32mmicd[0m [32mtimed[0m [32mdmonitoringmodeld[0m [32msensord[0m [32mui[0m [32msoundd[0m [32mlocationd[0m [32mcalibrationd[0m [32mtorqued[0m [32mcontrolsd[0m [32mselfdrived[0m [32mcard[0m [32mdeleter[0m [32mdmonitoringd[0m [32mqcomgpsd[0m [32mpandad[0m [32mparamsd[0m [32mlagd[0m [31mplannerd[0m [32mradard[0m [32mhardwared[0m [32mtombstoned[0m [32muploader[0m [32mstatsd[0m [32mfeedbackd[0m [32mmodeld_tinygrad[0m [32mmapd[0m [32mmapd_manager[0m [32mrtid[0m
[32mloggerd[0m [32mencoderd[0m [32mlogmessaged[0m [32mcamerad[0m [32mlogcatd[0m [32mproclogd[0m [32mmicd[0m [32mtimed[0m [32mdmonitoringmodeld[0m [32msensord[0m [32mui[0m [32msoundd[0m [32mlocationd[0m [32mcalibrationd[0m [32mtorqued[0m [32mcontrolsd[0m [32mselfdrived[0m [32mcard[0m [32mdeleter[0m [32mdmonitoringd[0m [32mqcomgpsd[0m [32mpandad[0m [32mparamsd[0m [32mlagd[0m [31mplannerd[0m [32mradard[0m [32mhardwared[0m [32mtombstoned[0m [32muploader[0m [32mstatsd[0m [32mfeedbackd[0m [32mmodeld_tinygrad[0m [32mmapd[0m [32mmapd_manager[0m [32mrtid[0m
[32mloggerd[0m [32mencoderd[0m [32mlogmessaged[0m [32mcamerad[0m [32mlogcatd[0m [32mproclogd[0m [32mmicd[0m [32mtimed[0m [32mdmonitoringmodeld[0m [32msensord[0m [32mui[0m [32msoundd[0m [32mlocationd[0m [32mcalibrationd[0m [32mtorqued[0m [32mcontrolsd[0m [32mselfdrived[0m [32mcard[0m [32mdeleter[0m [32mdmonitoringd[0m [32mqcomgpsd[0m [32mpandad[0m [32mparamsd[0m [32mlagd[0m [31mplannerd[0m [32mradard[0m [32mhardwared[0m [32mtombstoned[0m [32muploader[0m [32mstatsd[0m [32mfeedbackd[0m [32mmodeld_tinygrad[0m [32mmapd[0m [32mmapd_manager[0m [32mrtid[0m
[32mloggerd[0m [32mencoderd[0m [32mlogmessaged[0m [32mcamerad[0m [32mlogcatd[0m [32mproclogd[0m [32mmicd[0m [32mtimed[0m [32mdmonitoringmodeld[0m [32msensord[0m [32mui[0m [32msoundd[0m [32mlocationd[0m [32mcalibrationd[0m [32mtorqued[0m [32mcontrolsd[0m [32mselfdrived[0m [32mcard[0m [32mdeleter[0m [32mdmonitoringd[0m [32mqcomgpsd[0m [32mpandad[0m [32mparamsd[0m [32mlagd[0m [31mplannerd[0m [32mradard[0m [32mhardwared[0m [32mtombstoned[0m [32muploader[0m [32mstatsd[0m [32mfeedbackd[0m [32mmodeld_tinygrad[0m [32mmapd[0m [32mmapd_manager[0m [32mrtid[0m
[32mloggerd[0m [32mencoderd[0m [32mlogmessaged[0m [32mcamerad[0m [32mlogcatd[0m [32mproclogd[0m [32mmicd[0m [32mtimed[0m [32mdmonitoringmodeld[0m [32msensord[0m [32mui[0m [32msoundd[0m [32mlocationd[0m [32mcalibrationd[0m [32mtorqued[0m [32mcontrolsd[0m [32mselfdrived[0m [32mcard[0m [32mdeleter[0m [32mdmonitoringd[0m [32mqcomgpsd[0m [32mpandad[0m [32mparamsd[0m [32mlagd[0m [31mplannerd[0m [32mradard[0m [32mhardwared[0m [32mtombstoned[0m [32muploader[0m [32mstatsd[0m [32mfeedbackd[0m [32mmodeld_tinygrad[0m [32mmapd[0m [32mmapd_manager[0m [32mrtid[0m
RTI cycle took 0.032s
RTI cycle took 0.025s
RTI cycle took 0.030s
RTI cycle took 0.018s
RTI cycle took 0.026s
RTI cycle took 0.021s
RTI cycle took 0.038s
RTI cycle took 0.031s
RTI cycle took 0.035s
RTI cycle took 0.021s
RTI cycle took 0.019s
RTI cycle took 0.020s
RTI cycle took 0.025s
RTI cycle took 0.021s
RTI cycle took 0.016s
RTI cycle took 0.025s
RTI cycle took 0.019s
RTI cycle took 0.016s
RTI cycle took 0.037s
RTI cycle took 0.037s
RTI cycle took 0.020s
RTI cycle took 0.028s
RTI cycle took 0.019s
RTI cycle took 0.019s
RTI cycle took 0.025s
RTI cycle took 0.019s
RTI cycle took 0.025s
RTI cycle took 0.022s
RTI cycle took 0.019s
RTI cycle took 0.027s
RTI cycle took 0.028s
RTI cycle took 0.030s
RTI cycle took 0.018s
RTI cycle took 0.015s
RTI cycle took 0.035s
RTI cycle took 0.027s
RTI cycle took 0.030s
RTI cycle took 0.021s
RTI cycle took 0.029s
RTI cycle took 0.041s
RTI cycle took 0.045s
RTI cycle took 0.020s
RTI cycle took 0.034s
RTI cycle took 0.014s
RTI cycle took 0.026s
RTI cycle took 0.022s
RTI cycle took 0.023s
RTI cycle took 0.017s
RTI cycle took 0.027s
RTI cycle took 0.018s
RTI cycle took 0.016s
RTI cycle took 0.026s
RTI cycle took 0.039s
RTI cycle took 0.017s
RTI cycle took 0.028s
RTI cycle took 0.029s
RTI cycle took 0.031s
RTI cycle took 0.030s
RTI cycle took 0.025s
RTI cycle took 0.043s
RTI cycle took 0.027s
RTI cycle took 0.038s
RTI cycle took 0.020s
RTI cycle took 0.041s
RTI cycle took 0.037s
RTI cycle took 0.024s
RTI cycle took 0.048s
RTI cycle took 0.040s
RTI cycle took 0.027s
RTI cycle took 0.033s
RTI cycle took 0.047s
RTI cycle took 0.029s
RTI cycle took 0.021s
RTI cycle took 0.050s
RTI cycle took 0.045s
RTI cycle took 0.044s
RTI cycle took 0.035s
RTI cycle took 0.037s
RTI cycle took 0.031s
RTI cycle took 0.033s
RTI cycle took 0.016s
RTI cycle took 0.025s
RTI cycle took 0.026s
RTI cycle took 0.040s
RTI cycle took 0.033s
RTI cycle took 0.022s
RTI cycle took 0.041s
RTI cycle took 0.036s
RTI cycle took 0.021s
RTI cycle took 0.033s
RTI cycle took 0.047s
RTI cycle took 0.027s
RTI cycle took 0.029s
RTI cycle took 0.032s
RTI cycle took 0.036s
RTI cycle took 0.037s
RTI cycle took 0.032s
RTI cycle took 0.017s
RTI cycle took 0.025s
RTI cycle took 0.022s
RTI cycle took 0.031s
RTI cycle took 0.027s
RTI cycle took 0.028s
RTI cycle took 0.018s
RTI cycle took 0.030s
RTI cycle took 0.030s
RTI cycle took 0.015s
RTI cycle took 0.024s
RTI cycle took 0.036s
RTI cycle took 0.021s
RTI cycle took 0.029s
RTI cycle took 0.019s
RTI cycle took 0.016s
RTI cycle took 0.025s
RTI cycle took 0.029s
RTI cycle took 0.038s
RTI cycle took 0.032s
RTI cycle took 0.040s
RTI cycle took 0.038s
RTI cycle took 0.031s
RTI cycle took 0.038s
RTI cycle took 0.027s
RTI cycle took 0.053s
RTI cycle took 0.027s
RTI cycle took 0.033s
RTI cycle took 0.014s
RTI cycle took 0.026s
RTI cycle took 0.025s
RTI cycle took 0.021s
RTI cycle took 0.040s
RTI cycle took 0.018s
RTI cycle took 0.030s
RTI cycle took 0.016s
RTI cycle took 0.024s
RTI cycle took 0.018s
RTI cycle took 0.014s
RTI cycle took 0.023s
RTI cycle took 0.022s
RTI cycle took 0.036s
RTI cycle took 0.023s
RTI cycle took 0.035s
RTI cycle took 0.033s
RTI cycle took 0.028s
RTI cycle took 0.026s
RTI cycle took 0.031s
RTI cycle took 0.018s
RTI cycle took 0.027s
RTI cycle took 0.028s
RTI cycle took 0.030s
RTI cycle took 0.017s
RTI cycle took 0.026s
RTI cycle took 0.041s
RTI cycle took 0.039s
RTI cycle took 0.029s
RTI cycle took 0.023s
RTI cycle took 0.027s
RTI cycle took 0.021s
RTI cycle took 0.028s
RTI cycle took 0.031s
RTI cycle took 0.018s
RTI cycle took 0.027s
RTI cycle took 0.017s
RTI cycle took 0.027s
RTI cycle took 0.018s
RTI cycle took 0.027s
RTI cycle took 0.032s
RTI cycle took 0.025s
RTI cycle took 0.023s
RTI cycle took 0.036s
RTI cycle took 0.029s
RTI cycle took 0.030s
RTI cycle took 0.018s
RTI cycle took 0.037s
RTI cycle took 0.018s
RTI cycle took 0.028s
RTI cycle took 0.017s
RTI cycle took 0.028s
RTI cycle took 0.028s
RTI cycle took 0.030s
RTI cycle took 0.030s
RTI cycle took 0.026s
RTI cycle took 0.031s
RTI cycle took 0.019s
RTI cycle took 0.028s
RTI cycle took 0.030s
RTI cycle took 0.029s
RTI cycle took 0.033s
RTI cycle took 0.025s
RTI cycle took 0.021s
RTI cycle took 0.018s
RTI cycle took 0.016s
RTI cycle took 0.023s
RTI cycle took 0.018s
RTI cycle took 0.028s
RTI cycle took 0.038s
RTI cycle took 0.017s
RTI cycle took 0.022s
RTI cycle took 0.027s
RTI cycle took 0.020s
RTI cycle took 0.018s
RTI cycle took 0.018s
RTI cycle took 0.016s
RTI cycle took 0.025s
RTI cycle took 0.018s
RTI cycle took 0.027s
RTI cycle took 0.017s
RTI cycle took 0.036s
RTI cycle took 0.018s
RTI cycle took 0.019s
RTI cycle took 0.024s
RTI cycle took 0.031s
RTI cycle took 0.018s
RTI cycle took 0.020s
RTI cycle took 0.027s
RTI cycle took 0.025s
RTI cycle took 0.031s
RTI cycle took 0.029s
RTI cycle took 0.030s
RTI cycle took 0.030s
RTI cycle took 0.026s
RTI cycle took 0.040s
RTI cycle took 0.018s
RTI cycle took 0.027s
[32mloggerd[0m [32mencoderd[0m [32mlogmessaged[0m [32mcamerad[0m [32mlogcatd[0m [32mproclogd[0m [32mmicd[0m [32mtimed[0m [32mdmonitoringmodeld[0m [32msensord[0m [32mui[0m [32msoundd[0m [32mlocationd[0m [32mcalibrationd[0m [32mtorqued[0m [32mcontrolsd[0m [32mselfdrived[0m [32mcard[0m [32mdeleter[0m [32mdmonitoringd[0m [32mqcomgpsd[0m [32mpandad[0m [32mparamsd[0m [32mlagd[0m [31mplannerd[0m [32mradard[0m [32mhardwared[0m [32mtombstoned[0m [32muploader[0m [32mstatsd[0m [32mfeedbackd[0m [32mmodeld_tinygrad[0m [32mmapd[0m [32mmapd_manager[0m [32mrtid[0m
[32mloggerd[0m [32mencoderd[0m [32mlogmessaged[0m [32mcamerad[0m [32mlogcatd[0m [32mproclogd[0m [32mmicd[0m [32mtimed[0m [32mdmonitoringmodeld[0m [32msensord[0m [32mui[0m [32msoundd[0m [32mlocationd[0m [32mcalibrationd[0m [32mtorqued[0m [32mcontrolsd[0m [32mselfdrived[0m [32mcard[0m [32mdeleter[0m [32mdmonitoringd[0m [32mqcomgpsd[0m [32mpandad[0m [32mparamsd[0m [32mlagd[0m [31mplannerd[0m [32mradard[0m [32mhardwared[0m [32mtombstoned[0m [32muploader[0m [32mstatsd[0m [32mfeedbackd[0m [32mmodeld_tinygrad[0m [32mmapd[0m [32mmapd_manager[0m [32mrtid[0m
[32mloggerd[0m [32mencoderd[0m [32mlogmessaged[0m [32mcamerad[0m [32mlogcatd[0m [32mproclogd[0m [32mmicd[0m [32mtimed[0m [32mdmonitoringmodeld[0m [32msensord[0m [32mui[0m [32msoundd[0m [32mlocationd[0m [32mcalibrationd[0m [32mtorqued[0m [32mcontrolsd[0m [32mselfdrived[0m [32mcard[0m [32mdeleter[0m [32mdmonitoringd[0m [32mqcomgpsd[0m [32mpandad[0m [32mparamsd[0m [32mlagd[0m [31mplannerd[0m [32mradard[0m [32mhardwared[0m [32mtombstoned[0m [32muploader[0m [32mstatsd[0m [32mfeedbackd[0m [32mmodeld_tinygrad[0m [32mmapd[0m [32mmapd_manager[0m [32mrtid[0m
[32mloggerd[0m [32mencoderd[0m [32mlogmessaged[0m [32mcamerad[0m [32mlogcatd[0m [32mproclogd[0m [32mmicd[0m [32mtimed[0m [32mdmonitoringmodeld[0m [32msensord[0m [32mui[0m [32msoundd[0m [32mlocationd[0m [32mcalibrationd[0m [32mtorqued[0m [32mcontrolsd[0m [32mselfdrived[0m [32mcard[0m [32mdeleter[0m [32mdmonitoringd[0m [32mqcomgpsd[0m [32mpandad[0m [32mparamsd[0m [32mlagd[0m [31mplannerd[0m [32mradard[0m [32mhardwared[0m [32mtombstoned[0m [32muploader[0m [32mstatsd[0m [32mfeedbackd[0m [32mmodeld_tinygrad[0m [32mmapd[0m [32mmapd_manager[0m [32mrtid[0m
[32mloggerd[0m [32mencoderd[0m [32mlogmessaged[0m [32mcamerad[0m [32mlogcatd[0m [32mproclogd[0m [32mmicd[0m [32mtimed[0m [32mdmonitoringmodeld[0m [32msensord[0m [32mui[0m [32msoundd[0m [32mlocationd[0m [32mcalibrationd[0m [32mtorqued[0m [32mcontrolsd[0m [32mselfdrived[0m [32mcard[0m [32mdeleter[0m [32mdmonitoringd[0m [32mqcomgpsd[0m [32mpandad[0m [32mparamsd[0m [32mlagd[0m [31mplannerd[0m [32mradard[0m [32mhardwared[0m [32mtombstoned[0m [32muploader[0m [32mstatsd[0m [32mfeedbackd[0m [32mmodeld_tinygrad[0m [32mmapd[0m [32mmapd_manager[0m [32mrtid[0m
[32mloggerd[0m [32mencoderd[0m [32mlogmessaged[0m [32mcamerad[0m [32mlogcatd[0m [32mproclogd[0m [32mmicd[0m [32mtimed[0m [32mdmonitoringmodeld[0m [32msensord[0m [32mui[0m [32msoundd[0m [32mlocationd[0m [32mcalibrationd[0m [32mtorqued[0m [32mcontrolsd[0m [32mselfdrived[0m [32mcard[0m [32mdeleter[0m [32mdmonitoringd[0m [32mqcomgpsd[0m [32mpandad[0m [32mparamsd[0m [32mlagd[0m [31mplannerd[0m [32mradard[0m [32mhardwared[0m [32mtombstoned[0m [32muploader[0m [32mstatsd[0m [32mfeedbackd[0m [32mmodeld_tinygrad[0m [32mmapd[0m [32mmapd_manager[0m [32mrtid[0m
[32mloggerd[0m [32mencoderd[0m [32mlogmessaged[0m [32mcamerad[0m [32mlogcatd[0m [32mproclogd[0m [32mmicd[0m [32mtimed[0m [32mdmonitoringmodeld[0m [32msensord[0m [32mui[0m [32msoundd[0m [32mlocationd[0m [32mcalibrationd[0m [32mtorqued[0m [32mcontrolsd[0m [32mselfdrived[0m [32mcard[0m [32mdeleter[0m [32mdmonitoringd[0m [32mqcomgpsd[0m [32mpandad[0m [32mparamsd[0m [32mlagd[0m [31mplannerd[0m [32mradard[0m [32mhardwared[0m [32mtombstoned[0m [32muploader[0m [32mstatsd[0m [32mfeedbackd[0m [32mmodeld_tinygrad[0m [32mmapd[0m [32mmapd_manager[0m [32mrtid[0m
[32mloggerd[0m [32mencoderd[0m [32mlogmessaged[0m [32mcamerad[0m [32mlogcatd[0m [32mproclogd[0m [32mmicd[0m [32mtimed[0m [32mdmonitoringmodeld[0m [32msensord[0m [32mui[0m [32msoundd[0m [32mlocationd[0m [32mcalibrationd[0m [32mtorqued[0m [32mcontrolsd[0m [32mselfdrived[0m [32mcard[0m [32mdeleter[0m [32mdmonitoringd[0m [32mqcomgpsd[0m [32mpandad[0m [32mparamsd[0m [32mlagd[0m [31mplannerd[0m [32mradard[0m [32mhardwared[0m [32mtombstoned[0m [32muploader[0m [32mstatsd[0m [32mfeedbackd[0m [32mmodeld_tinygrad[0m [32mmapd[0m [32mmapd_manager[0m [32mrtid[0m
[32mloggerd[0m [32mencoderd[0m [32mlogmessaged[0m [32mcamerad[0m [32mlogcatd[0m [32mproclogd[0m [32mmicd[0m [32mtimed[0m [32mdmonitoringmodeld[0m [32msensord[0m [32mui[0m [32msoundd[0m [32mlocationd[0m [32mcalibrationd[0m [32mtorqued[0m [32mcontrolsd[0m [32mselfdrived[0m [32mcard[0m [32mdeleter[0m [32mdmonitoringd[0m [32mqcomgpsd[0m [32mpandad[0m [32mparamsd[0m [32mlagd[0m [31mplannerd[0m [32mradard[0m [32mhardwared[0m [32mtombstoned[0m [32muploader[0m [32mstatsd[0m [32mfeedbackd[0m [32mmodeld_tinygrad[0m [32mmapd[0m [32mmapd_manager[0m [32mrtid[0m
[32mloggerd[0m [32mencoderd[0m [32mlogmessaged[0m [32mcamerad[0m [32mlogcatd[0m [32mproclogd[0m [32mmicd[0m [32mtimed[0m [32mdmonitoringmodeld[0m [32msensord[0m [32mui[0m [32msoundd[0m [32mlocationd[0m [32mcalibrationd[0m [32mtorqued[0m [32mcontrolsd[0m [32mselfdrived[0m [32mcard[0m [32mdeleter[0m [32mdmonitoringd[0m [32mqcomgpsd[0m [32mpandad[0m [32mparamsd[0m [32mlagd[0m [31mplannerd[0m [32mradard[0m [32mhardwared[0m [32mtombstoned[0m [32muploader[0m [32mstatsd[0m [32mfeedbackd[0m [32mmodeld_tinygrad[0m [32mmapd[0m [32mmapd_manager[0m [32mrtid[0m
[32mloggerd[0m [32mencoderd[0m [32mlogmessaged[0m [32mcamerad[0m [32mlogcatd[0m [32mproclogd[0m [32mmicd[0m [32mtimed[0m [32mdmonitoringmodeld[0m [32msensord[0m [32mui[0m [32msoundd[0m [32mlocationd[0m [32mcalibrationd[0m [32mtorqued[0m [32mcontrolsd[0m [32mselfdrived[0m [32mcard[0m [32mdeleter[0m [32mdmonitoringd[0m [32mqcomgpsd[0m [32mpandad[0m [32mparamsd[0m [32mlagd[0m [31mplannerd[0m [32mradard[0m [32mhardwared[0m [32mtombstoned[0m [32muploader[0m [32mstatsd[0m [32mfeedbackd[0m [32mmodeld_tinygrad[0m [32mmapd[0m [32mmapd_manager[0m [32mrtid[0m
[32mloggerd[0m [32mencoderd[0m [32mlogmessaged[0m [32mcamerad[0m [32mlogcatd[0m [32mproclogd[0m [32mmicd[0m [32mtimed[0m [32mdmonitoringmodeld[0m [32msensord[0m [32mui[0m [32msoundd[0m [32mlocationd[0m [32mcalibrationd[0m [32mtorqued[0m [32mcontrolsd[0m [32mselfdrived[0m [32mcard[0m [32mdeleter[0m [32mdmonitoringd[0m [32mqcomgpsd[0m [32mpandad[0m [32mparamsd[0m [32mlagd[0m [31mplannerd[0m [32mradard[0m [32mhardwared[0m [32mtombstoned[0m [32muploader[0m [32mstatsd[0m [32mfeedbackd[0m [32mmodeld_tinygrad[0m [32mmapd[0m [32mmapd_manager[0m [32mrtid[0m
[32mloggerd[0m [32mencoderd[0m [32mlogmessaged[0m [32mcamerad[0m [32mlogcatd[0m [32mproclogd[0m [32mmicd[0m [32mtimed[0m [32mdmonitoringmodeld[0m [32msensord[0m [32mui[0m [32msoundd[0m [32mlocationd[0m [32mcalibrationd[0m [32mtorqued[0m [32mcontrolsd[0m [32mselfdrived[0m [32mcard[0m [32mdeleter[0m [32mdmonitoringd[0m [32mqcomgpsd[0m [32mpandad[0m [32mparamsd[0m [32mlagd[0m [31mplannerd[0m [32mradard[0m [32mhardwared[0m [32mtombstoned[0m [32muploader[0m [32mstatsd[0m [32mfeedbackd[0m [32mmodeld_tinygrad[0m [32mmapd[0m [32mmapd_manager[0m [32mrtid[0m
RTI cycle took 0.031s
RTI cycle took 0.023s
RTI cycle took 0.029s
RTI cycle took 0.028s
RTI cycle took 0.029s
RTI cycle took 0.032s
RTI cycle took 0.024s
RTI cycle took 0.031s
RTI cycle took 0.028s
RTI cycle took 0.021s
RTI cycle took 0.028s
RTI cycle took 0.030s
RTI cycle took 0.030s
RTI cycle took 0.028s
RTI cycle took 0.029s
RTI cycle took 0.041s
RTI cycle took 0.028s
RTI cycle took 0.027s
RTI cycle took 0.032s
RTI cycle took 0.019s
RTI cycle took 0.027s
RTI cycle took 0.030s
RTI cycle took 0.030s
RTI cycle took 0.018s
RTI cycle took 0.027s
RTI cycle took 0.040s
RTI cycle took 0.019s
RTI cycle took 0.038s
RTI cycle took 0.030s
RTI cycle took 0.017s
RTI cycle took 0.036s
RTI cycle took 0.018s
RTI cycle took 0.028s
RTI cycle took 0.018s
RTI cycle took 0.027s
RTI cycle took 0.027s
RTI cycle took 0.021s
RTI cycle took 0.028s
RTI cycle took 0.039s
RTI cycle took 0.022s
RTI cycle took 0.019s
RTI cycle took 0.015s
RTI cycle took 0.026s
RTI cycle took 0.030s
RTI cycle took 0.015s
RTI cycle took 0.028s
RTI cycle took 0.017s
RTI cycle took 0.015s
RTI cycle took 0.024s
RTI cycle took 0.031s
RTI cycle took 0.025s
RTI cycle took 0.023s
RTI cycle took 0.017s
RTI cycle took 0.024s
RTI cycle took 0.026s
RTI cycle took 0.021s
RTI cycle took 0.019s
stats dir full
RTI cycle took 0.037s
RTI cycle took 0.029s
RTI cycle took 0.028s
RTI cycle took 0.042s
RTI cycle took 0.027s
RTI cycle took 0.021s
RTI cycle took 0.028s
RTI cycle took 0.029s
RTI cycle took 0.032s
RTI cycle took 0.026s
RTI cycle took 0.038s
RTI cycle took 0.019s
RTI cycle took 0.019s
RTI cycle took 0.025s
RTI cycle took 0.028s
RTI cycle took 0.033s
RTI cycle took 0.015s
RTI cycle took 0.013s
RTI cycle took 0.023s
RTI cycle took 0.029s
RTI cycle took 0.018s
RTI cycle took 0.015s
RTI cycle took 0.014s
RTI cycle took 0.020s
RTI cycle took 0.029s
RTI cycle took 0.033s
RTI cycle took 0.026s
RTI cycle took 0.023s
RTI cycle took 0.026s
RTI cycle took 0.030s
RTI cycle took 0.014s
RTI cycle took 0.018s
RTI cycle took 0.025s
RTI cycle took 0.020s
RTI cycle took 0.042s
RTI cycle took 0.033s
RTI cycle took 0.040s
RTI cycle took 0.031s
RTI cycle took 0.018s
RTI cycle took 0.037s
RTI cycle took 0.030s
RTI cycle took 0.016s
RTI cycle took 0.028s
RTI cycle took 0.025s
RTI cycle took 0.031s
RTI cycle took 0.039s
RTI cycle took 0.016s
RTI cycle took 0.035s
RTI cycle took 0.019s
RTI cycle took 0.025s
RTI cycle took 0.041s
RTI cycle took 0.029s
RTI cycle took 0.029s
RTI cycle took 0.028s
RTI cycle took 0.025s
RTI cycle took 0.016s
RTI cycle took 0.025s
RTI cycle took 0.031s
system/loggerd/loggerd.cc: rotated to /data/media/0/realdata/00000047--4e8d0a3a33--1
RTI cycle took 0.016s
RTI cycle took 0.032s
RTI cycle took 0.041s
RTI cycle took 0.026s
RTI cycle took 0.040s
RTI cycle took 0.038s
RTI cycle took 0.025s
RTI cycle took 0.050s
RTI cycle took 0.027s
RTI cycle took 0.041s
RTI cycle took 0.024s
RTI cycle took 0.020s
RTI cycle took 0.018s
RTI cycle took 0.027s
RTI cycle took 0.019s
RTI cycle took 0.036s
RTI cycle took 0.031s
RTI cycle took 0.028s
RTI cycle took 0.039s
RTI cycle took 0.040s
RTI cycle took 0.027s
RTI cycle took 0.041s
RTI cycle took 0.028s
RTI cycle took 0.040s
RTI cycle took 0.026s
RTI cycle took 0.030s
RTI cycle took 0.019s
RTI cycle took 0.027s
RTI cycle took 0.019s
RTI cycle took 0.025s
RTI cycle took 0.041s
RTI cycle took 0.028s
RTI cycle took 0.038s
RTI cycle took 0.040s
RTI cycle took 0.027s
RTI cycle took 0.030s
RTI cycle took 0.033s
RTI cycle took 0.027s
RTI cycle took 0.038s
RTI cycle took 0.019s
RTI cycle took 0.028s
RTI cycle took 0.041s
RTI cycle took 0.029s
RTI cycle took 0.028s
RTI cycle took 0.018s
RTI cycle took 0.020s
RTI cycle took 0.026s
RTI cycle took 0.018s
RTI cycle took 0.026s
RTI cycle took 0.021s
RTI cycle took 0.041s
RTI cycle took 0.027s
RTI cycle took 0.029s
RTI cycle took 0.029s
RTI cycle took 0.029s
RTI cycle took 0.017s
RTI cycle took 0.023s
RTI cycle took 0.018s
RTI cycle took 0.019s
RTI cycle took 0.017s
RTI cycle took 0.035s
RTI cycle took 0.017s
RTI cycle took 0.027s
RTI cycle took 0.018s
RTI cycle took 0.017s
RTI cycle took 0.015s
RTI cycle took 0.025s
RTI cycle took 0.039s
RTI cycle took 0.017s
RTI cycle took 0.028s
RTI cycle took 0.028s
RTI cycle took 0.030s
RTI cycle took 0.019s
RTI cycle took 0.028s
RTI cycle took 0.020s
RTI cycle took 0.028s
RTI cycle took 0.017s
RTI cycle took 0.020s
RTI cycle took 0.023s
RTI cycle took 0.022s
RTI cycle took 0.027s
RTI cycle took 0.030s
RTI cycle took 0.019s
RTI cycle took 0.027s
RTI cycle took 0.041s
RTI cycle took 0.026s
RTI cycle took 0.026s
RTI cycle took 0.028s
RTI cycle took 0.029s
RTI cycle took 0.031s
RTI cycle took 0.028s
RTI cycle took 0.021s
RTI cycle took 0.037s
RTI cycle took 0.028s
RTI cycle took 0.020s
RTI cycle took 0.028s
RTI cycle took 0.020s
RTI cycle took 0.029s
RTI cycle took 0.031s
RTI cycle took 0.026s
RTI cycle took 0.031s
RTI cycle took 0.042s
RTI cycle took 0.036s
RTI cycle took 0.030s
RTI cycle took 0.040s
RTI cycle took 0.028s
RTI cycle took 0.029s
RTI cycle took 0.034s
RTI cycle took 0.026s
[32mloggerd[0m [32mencoderd[0m [32mlogmessaged[0m [32mcamerad[0m [32mlogcatd[0m [32mproclogd[0m [32mmicd[0m [32mtimed[0m [32mdmonitoringmodeld[0m [32msensord[0m [32mui[0m [32msoundd[0m [32mlocationd[0m [32mcalibrationd[0m [32mtorqued[0m [32mcontrolsd[0m [32mselfdrived[0m [32mcard[0m [32mdeleter[0m [32mdmonitoringd[0m [32mqcomgpsd[0m [32mpandad[0m [32mparamsd[0m [32mlagd[0m [31mplannerd[0m [32mradard[0m [32mhardwared[0m [32mtombstoned[0m [32muploader[0m [32mstatsd[0m [32mfeedbackd[0m [32mmodeld_tinygrad[0m [32mmapd[0m [32mmapd_manager[0m [32mrtid[0m
[32mloggerd[0m [32mencoderd[0m [32mlogmessaged[0m [32mcamerad[0m [32mlogcatd[0m [32mproclogd[0m [32mmicd[0m [32mtimed[0m [32mdmonitoringmodeld[0m [32msensord[0m [32mui[0m [32msoundd[0m [32mlocationd[0m [32mcalibrationd[0m [32mtorqued[0m [32mcontrolsd[0m [32mselfdrived[0m [32mcard[0m [32mdeleter[0m [32mdmonitoringd[0m [32mqcomgpsd[0m [32mpandad[0m [32mparamsd[0m [32mlagd[0m [31mplannerd[0m [32mradard[0m [32mhardwared[0m [32mtombstoned[0m [32muploader[0m [32mstatsd[0m [32mfeedbackd[0m [32mmodeld_tinygrad[0m [32mmapd[0m [32mmapd_manager[0m [32mrtid[0m
[32mloggerd[0m [32mencoderd[0m [32mlogmessaged[0m [32mcamerad[0m [32mlogcatd[0m [32mproclogd[0m [32mmicd[0m [32mtimed[0m [32mdmonitoringmodeld[0m [32msensord[0m [32mui[0m [32msoundd[0m [32mlocationd[0m [32mcalibrationd[0m [32mtorqued[0m [32mcontrolsd[0m [32mselfdrived[0m [32mcard[0m [32mdeleter[0m [32mdmonitoringd[0m [32mqcomgpsd[0m [32mpandad[0m [32mparamsd[0m [32mlagd[0m [31mplannerd[0m [32mradard[0m [32mhardwared[0m [32mtombstoned[0m [32muploader[0m [32mstatsd[0m [32mfeedbackd[0m [32mmodeld_tinygrad[0m [32mmapd[0m [32mmapd_manager[0m [32mrtid[0m
[32mloggerd[0m [32mencoderd[0m [32mlogmessaged[0m [32mcamerad[0m [32mlogcatd[0m [32mproclogd[0m [32mmicd[0m [32mtimed[0m [32mdmonitoringmodeld[0m [32msensord[0m [32mui[0m [32msoundd[0m [32mlocationd[0m [32mcalibrationd[0m [32mtorqued[0m [32mcontrolsd[0m [32mselfdrived[0m [32mcard[0m [32mdeleter[0m [32mdmonitoringd[0m [32mqcomgpsd[0m [32mpandad[0m [32mparamsd[0m [32mlagd[0m [31mplannerd[0m [32mradard[0m [32mhardwared[0m [32mtombstoned[0m [32muploader[0m [32mstatsd[0m [32mfeedbackd[0m [32mmodeld_tinygrad[0m [32mmapd[0m [32mmapd_manager[0m [32mrtid[0m
[32mloggerd[0m [32mencoderd[0m [32mlogmessaged[0m [32mcamerad[0m [32mlogcatd[0m [32mproclogd[0m [32mmicd[0m [32mtimed[0m [32mdmonitoringmodeld[0m [32msensord[0m [32mui[0m [32msoundd[0m [32mlocationd[0m [32mcalibrationd[0m [32mtorqued[0m [32mcontrolsd[0m [32mselfdrived[0m [32mcard[0m [32mdeleter[0m [32mdmonitoringd[0m [32mqcomgpsd[0m [32mpandad[0m [32mparamsd[0m [32mlagd[0m [31mplannerd[0m [32mradard[0m [32mhardwared[0m [32mtombstoned[0m [32muploader[0m [32mstatsd[0m [32mfeedbackd[0m [32mmodeld_tinygrad[0m [32mmapd[0m [32mmapd_manager[0m [32mrtid[0m
[32mloggerd[0m [32mencoderd[0m [32mlogmessaged[0m [32mcamerad[0m [32mlogcatd[0m [32mproclogd[0m [32mmicd[0m [32mtimed[0m [32mdmonitoringmodeld[0m [32msensord[0m [32mui[0m [32msoundd[0m [32mlocationd[0m [32mcalibrationd[0m [32mtorqued[0m [32mcontrolsd[0m [32mselfdrived[0m [32mcard[0m [32mdeleter[0m [32mdmonitoringd[0m [32mqcomgpsd[0m [32mpandad[0m [32mparamsd[0m [32mlagd[0m [31mplannerd[0m [32mradard[0m [32mhardwared[0m [32mtombstoned[0m [32muploader[0m [32mstatsd[0m [32mfeedbackd[0m [32mmodeld_tinygrad[0m [32mmapd[0m [32mmapd_manager[0m [32mrtid[0m
[32mloggerd[0m [32mencoderd[0m [32mlogmessaged[0m [32mcamerad[0m [32mlogcatd[0m [32mproclogd[0m [32mmicd[0m [32mtimed[0m [32mdmonitoringmodeld[0m [32msensord[0m [32mui[0m [32msoundd[0m [32mlocationd[0m [32mcalibrationd[0m [32mtorqued[0m [32mcontrolsd[0m [32mselfdrived[0m [32mcard[0m [32mdeleter[0m [32mdmonitoringd[0m [32mqcomgpsd[0m [32mpandad[0m [32mparamsd[0m [32mlagd[0m [31mplannerd[0m [32mradard[0m [32mhardwared[0m [32mtombstoned[0m [32muploader[0m [32mstatsd[0m [32mfeedbackd[0m [32mmodeld_tinygrad[0m [32mmapd[0m [32mmapd_manager[0m [32mrtid[0m
[32mloggerd[0m [32mencoderd[0m [32mlogmessaged[0m [32mcamerad[0m [32mlogcatd[0m [32mproclogd[0m [32mmicd[0m [32mtimed[0m [32mdmonitoringmodeld[0m [32msensord[0m [32mui[0m [32msoundd[0m [32mlocationd[0m [32mcalibrationd[0m [32mtorqued[0m [32mcontrolsd[0m [32mselfdrived[0m [32mcard[0m [32mdeleter[0m [32mdmonitoringd[0m [32mqcomgpsd[0m [32mpandad[0m [32mparamsd[0m [32mlagd[0m [31mplannerd[0m [32mradard[0m [32mhardwared[0m [32mtombstoned[0m [32muploader[0m [32mstatsd[0m [32mfeedbackd[0m [32mmodeld_tinygrad[0m [32mmapd[0m [32mmapd_manager[0m [32mrtid[0m
[32mloggerd[0m [32mencoderd[0m [32mlogmessaged[0m [32mcamerad[0m [32mlogcatd[0m [32mproclogd[0m [32mmicd[0m [32mtimed[0m [32mdmonitoringmodeld[0m [32msensord[0m [32mui[0m [32msoundd[0m [32mlocationd[0m [32mcalibrationd[0m [32mtorqued[0m [32mcontrolsd[0m [32mselfdrived[0m [32mcard[0m [32mdeleter[0m [32mdmonitoringd[0m [32mqcomgpsd[0m [32mpandad[0m [32mparamsd[0m [32mlagd[0m [31mplannerd[0m [32mradard[0m [32mhardwared[0m [32mtombstoned[0m [32muploader[0m [32mstatsd[0m [32mfeedbackd[0m [32mmodeld_tinygrad[0m [32mmapd[0m [32mmapd_manager[0m [32mrtid[0m
[32mloggerd[0m [32mencoderd[0m [32mlogmessaged[0m [32mcamerad[0m [32mlogcatd[0m [32mproclogd[0m [32mmicd[0m [32mtimed[0m [32mdmonitoringmodeld[0m [32msensord[0m [32mui[0m [32msoundd[0m [32mlocationd[0m [32mcalibrationd[0m [32mtorqued[0m [32mcontrolsd[0m [32mselfdrived[0m [32mcard[0m [32mdeleter[0m [32mdmonitoringd[0m [32mqcomgpsd[0m [32mpandad[0m [32mparamsd[0m [32mlagd[0m [31mplannerd[0m [32mradard[0m [32mhardwared[0m [32mtombstoned[0m [32muploader[0m [32mstatsd[0m [32mfeedbackd[0m [32mmodeld_tinygrad[0m [32mmapd[0m [32mmapd_manager[0m [32mrtid[0m
[32mloggerd[0m [32mencoderd[0m [32mlogmessaged[0m [32mcamerad[0m [32mlogcatd[0m [32mproclogd[0m [32mmicd[0m [32mtimed[0m [32mdmonitoringmodeld[0m [32msensord[0m [32mui[0m [32msoundd[0m [32mlocationd[0m [32mcalibrationd[0m [32mtorqued[0m [32mcontrolsd[0m [32mselfdrived[0m [32mcard[0m [32mdeleter[0m [32mdmonitoringd[0m [32mqcomgpsd[0m [32mpandad[0m [32mparamsd[0m [32mlagd[0m [31mplannerd[0m [32mradard[0m [32mhardwared[0m [32mtombstoned[0m [32muploader[0m [32mstatsd[0m [32mfeedbackd[0m [32mmodeld_tinygrad[0m [32mmapd[0m [32mmapd_manager[0m [32mrtid[0m
[32mloggerd[0m [32mencoderd[0m [32mlogmessaged[0m [32mcamerad[0m [32mlogcatd[0m [32mproclogd[0m [32mmicd[0m [32mtimed[0m [32mdmonitoringmodeld[0m [32msensord[0m [32mui[0m [32msoundd[0m [32mlocationd[0m [32mcalibrationd[0m [32mtorqued[0m [32mcontrolsd[0m [32mselfdrived[0m [32mcard[0m [32mdeleter[0m [32mdmonitoringd[0m [32mqcomgpsd[0m [32mpandad[0m [32mparamsd[0m [32mlagd[0m [31mplannerd[0m [32mradard[0m [32mhardwared[0m [32mtombstoned[0m [32muploader[0m [32mstatsd[0m [32mfeedbackd[0m [32mmodeld_tinygrad[0m [32mmapd[0m [32mmapd_manager[0m [32mrtid[0m
[32mloggerd[0m [32mencoderd[0m [32mlogmessaged[0m [32mcamerad[0m [32mlogcatd[0m [32mproclogd[0m [32mmicd[0m [32mtimed[0m [32mdmonitoringmodeld[0m [32msensord[0m [32mui[0m [32msoundd[0m [32mlocationd[0m [32mcalibrationd[0m [32mtorqued[0m [32mcontrolsd[0m [32mselfdrived[0m [32mcard[0m [32mdeleter[0m [32mdmonitoringd[0m [32mqcomgpsd[0m [32mpandad[0m [32mparamsd[0m [32mlagd[0m [31mplannerd[0m [32mradard[0m [32mhardwared[0m [32mtombstoned[0m [32muploader[0m [32mstatsd[0m [32mfeedbackd[0m [32mmodeld_tinygrad[0m [32mmapd[0m [32mmapd_manager[0m [32mrtid[0m
RTI cycle took 0.029s
RTI cycle took 0.028s
RTI cycle took 0.028s
RTI cycle took 0.019s
RTI cycle took 0.027s
RTI cycle took 0.020s
RTI cycle took 0.017s
RTI cycle took 0.016s
RTI cycle took 0.021s
RTI cycle took 0.028s
RTI cycle took 0.032s
RTI cycle took 0.029s
RTI cycle took 0.027s
RTI cycle took 0.021s
RTI cycle took 0.036s
RTI cycle took 0.040s
RTI cycle took 0.021s
RTI cycle took 0.028s
RTI cycle took 0.030s
RTI cycle took 0.019s
RTI cycle took 0.026s
RTI cycle took 0.041s
RTI cycle took 0.016s
RTI cycle took 0.027s
RTI cycle took 0.018s
RTI cycle took 0.038s
RTI cycle took 0.028s
RTI cycle took 0.040s
RTI cycle took 0.029s
RTI cycle took 0.029s
RTI cycle took 0.037s
RTI cycle took 0.029s
RTI cycle took 0.020s
RTI cycle took 0.029s
RTI cycle took 0.019s
RTI cycle took 0.026s
RTI cycle took 0.019s
RTI cycle took 0.027s
RTI cycle took 0.029s
RTI cycle took 0.029s
RTI cycle took 0.032s
RTI cycle took 0.028s
RTI cycle took 0.023s
RTI cycle took 0.021s
RTI cycle took 0.029s
RTI cycle took 0.042s
RTI cycle took 0.025s
RTI cycle took 0.029s
RTI cycle took 0.019s
RTI cycle took 0.027s
RTI cycle took 0.040s
RTI cycle took 0.022s
RTI cycle took 0.031s
RTI cycle took 0.019s
RTI cycle took 0.026s
RTI cycle took 0.018s
RTI cycle took 0.026s
RTI cycle took 0.026s
RTI cycle took 0.021s
RTI cycle took 0.028s
RTI cycle took 0.029s
RTI cycle took 0.019s
RTI cycle took 0.029s
RTI cycle took 0.030s
RTI cycle took 0.015s
RTI cycle took 0.035s
RTI cycle took 0.018s
RTI cycle took 0.028s
RTI cycle took 0.019s
RTI cycle took 0.026s
RTI cycle took 0.019s
RTI cycle took 0.029s
RTI cycle took 0.019s
RTI cycle took 0.027s
RTI cycle took 0.039s
RTI cycle took 0.020s
RTI cycle took 0.020s
RTI cycle took 0.015s
RTI cycle took 0.027s
RTI cycle took 0.026s
RTI cycle took 0.021s
RTI cycle took 0.037s
RTI cycle took 0.028s
RTI cycle took 0.041s
RTI cycle took 0.020s
RTI cycle took 0.020s
RTI cycle took 0.023s
RTI cycle took 0.022s
RTI cycle took 0.016s
RTI cycle took 0.027s
RTI cycle took 0.016s
RTI cycle took 0.015s
RTI cycle took 0.025s
RTI cycle took 0.039s
RTI cycle took 0.019s
RTI cycle took 0.028s
RTI cycle took 0.041s
RTI cycle took 0.016s
RTI cycle took 0.014s
RTI cycle took 0.022s
RTI cycle took 0.040s
RTI cycle took 0.027s
RTI cycle took 0.022s
RTI cycle took 0.017s
RTI cycle took 0.026s
RTI cycle took 0.027s
RTI cycle took 0.025s
RTI cycle took 0.037s
RTI cycle took 0.027s
RTI cycle took 0.038s
RTI cycle took 0.033s
RTI cycle took 0.025s
RTI cycle took 0.029s
RTI cycle took 0.019s
RTI cycle took 0.020s
RTI cycle took 0.022s
RTI cycle took 0.038s
RTI cycle took 0.040s
RTI cycle took 0.018s
RTI cycle took 0.019s
RTI cycle took 0.026s
RTI cycle took 0.029s
RTI cycle took 0.020s
RTI cycle took 0.028s
RTI cycle took 0.030s
RTI cycle took 0.026s
RTI cycle took 0.020s
RTI cycle took 0.028s
RTI cycle took 0.019s
RTI cycle took 0.026s
RTI cycle took 0.020s
RTI cycle took 0.038s
RTI cycle took 0.030s
RTI cycle took 0.019s
RTI cycle took 0.028s
RTI cycle took 0.018s
RTI cycle took 0.019s
RTI cycle took 0.024s
RTI cycle took 0.029s
RTI cycle took 0.019s
RTI cycle took 0.029s
RTI cycle took 0.032s
RTI cycle took 0.016s
RTI cycle took 0.036s
RTI cycle took 0.027s
RTI cycle took 0.031s
RTI cycle took 0.017s
RTI cycle took 0.036s
RTI cycle took 0.032s
RTI cycle took 0.017s
RTI cycle took 0.014s
RTI cycle took 0.023s
RTI cycle took 0.032s
RTI cycle took 0.016s
RTI cycle took 0.012s
RTI cycle took 0.019s
RTI cycle took 0.039s
RTI cycle took 0.019s
RTI cycle took 0.026s
RTI cycle took 0.019s
RTI cycle took 0.028s
RTI cycle took 0.042s
RTI cycle took 0.026s
RTI cycle took 0.020s
RTI cycle took 0.027s
RTI cycle took 0.023s
RTI cycle took 0.025s
RTI cycle took 0.031s
RTI cycle took 0.027s
RTI cycle took 0.028s
RTI cycle took 0.030s
RTI cycle took 0.031s
RTI cycle took 0.041s
RTI cycle took 0.027s
RTI cycle took 0.026s
RTI cycle took 0.022s
RTI cycle took 0.026s
RTI cycle took 0.043s
RTI cycle took 0.040s
RTI cycle took 0.023s
RTI cycle took 0.023s
RTI cycle took 0.027s
RTI cycle took 0.029s
RTI cycle took 0.033s
RTI cycle took 0.033s
RTI cycle took 0.020s
RTI cycle took 0.027s
RTI cycle took 0.024s
RTI cycle took 0.032s
RTI cycle took 0.037s
RTI cycle took 0.038s
RTI cycle took 0.032s
RTI cycle took 0.025s
RTI cycle took 0.037s
RTI cycle took 0.032s
RTI cycle took 0.027s
RTI cycle took 0.021s
RTI cycle took 0.026s
RTI cycle took 0.045s
RTI cycle took 0.025s
RTI cycle took 0.027s
RTI cycle took 0.032s
RTI cycle took 0.027s
RTI cycle took 0.017s
RTI cycle took 0.015s
RTI cycle took 0.024s
RTI cycle took 0.021s
RTI cycle took 0.014s
RTI cycle took 0.035s
RTI cycle took 0.017s
RTI cycle took 0.015s
RTI cycle took 0.023s
RTI cycle took 0.036s
RTI cycle took 0.026s
RTI cycle took 0.027s
RTI cycle took 0.031s
RTI cycle took 0.035s
RTI cycle took 0.023s
RTI cycle took 0.026s
RTI cycle took 0.031s
RTI cycle took 0.017s
RTI cycle took 0.036s
RTI cycle took 0.022s
RTI cycle took 0.026s
RTI cycle took 0.030s
RTI cycle took 0.028s
RTI cycle took 0.031s
RTI cycle took 0.031s
RTI cycle took 0.026s
[32mloggerd[0m [32mencoderd[0m [32mlogmessaged[0m [32mcamerad[0m [32mlogcatd[0m [32mproclogd[0m [32mmicd[0m [32mtimed[0m [32mdmonitoringmodeld[0m [32msensord[0m [32mui[0m [32msoundd[0m [32mlocationd[0m [32mcalibrationd[0m [32mtorqued[0m [32mcontrolsd[0m [32mselfdrived[0m [32mcard[0m [32mdeleter[0m [32mdmonitoringd[0m [32mqcomgpsd[0m [32mpandad[0m [32mparamsd[0m [32mlagd[0m [31mplannerd[0m [32mradard[0m [32mhardwared[0m [32mtombstoned[0m [32muploader[0m [32mstatsd[0m [32mfeedbackd[0m [32mmodeld_tinygrad[0m [32mmapd[0m [32mmapd_manager[0m [32mrtid[0m
[32mloggerd[0m [32mencoderd[0m [32mlogmessaged[0m [32mcamerad[0m [32mlogcatd[0m [32mproclogd[0m [32mmicd[0m [32mtimed[0m [32mdmonitoringmodeld[0m [32msensord[0m [32mui[0m [32msoundd[0m [32mlocationd[0m [32mcalibrationd[0m [32mtorqued[0m [32mcontrolsd[0m [32mselfdrived[0m [32mcard[0m [32mdeleter[0m [32mdmonitoringd[0m [32mqcomgpsd[0m [32mpandad[0m [32mparamsd[0m [32mlagd[0m [31mplannerd[0m [32mradard[0m [32mhardwared[0m [32mtombstoned[0m [32muploader[0m [32mstatsd[0m [32mfeedbackd[0m [32mmodeld_tinygrad[0m [32mmapd[0m [32mmapd_manager[0m [32mrtid[0m
[32mloggerd[0m [32mencoderd[0m [32mlogmessaged[0m [32mcamerad[0m [32mlogcatd[0m [32mproclogd[0m [32mmicd[0m [32mtimed[0m [32mdmonitoringmodeld[0m [32msensord[0m [32mui[0m [32msoundd[0m [32mlocationd[0m [32mcalibrationd[0m [32mtorqued[0m [32mcontrolsd[0m [32mselfdrived[0m [32mcard[0m [32mdeleter[0m [32mdmonitoringd[0m [32mqcomgpsd[0m [32mpandad[0m [32mparamsd[0m [32mlagd[0m [31mplannerd[0m [32mradard[0m [32mhardwared[0m [32mtombstoned[0m [32muploader[0m [32mstatsd[0m [32mfeedbackd[0m [32mmodeld_tinygrad[0m [32mmapd[0m [32mmapd_manager[0m [32mrtid[0m
[32mloggerd[0m [32mencoderd[0m [32mlogmessaged[0m [32mcamerad[0m [32mlogcatd[0m [32mproclogd[0m [32mmicd[0m [32mtimed[0m [32mdmonitoringmodeld[0m [32msensord[0m [32mui[0m [32msoundd[0m [32mlocationd[0m [32mcalibrationd[0m [32mtorqued[0m [32mcontrolsd[0m [32mselfdrived[0m [32mcard[0m [32mdeleter[0m [32mdmonitoringd[0m [32mqcomgpsd[0m [32mpandad[0m [32mparamsd[0m [32mlagd[0m [31mplannerd[0m [32mradard[0m [32mhardwared[0m [32mtombstoned[0m [32muploader[0m [32mstatsd[0m [32mfeedbackd[0m [32mmodeld_tinygrad[0m [32mmapd[0m [32mmapd_manager[0m [32mrtid[0m
[32mloggerd[0m [32mencoderd[0m [32mlogmessaged[0m [32mcamerad[0m [32mlogcatd[0m [32mproclogd[0m [32mmicd[0m [32mtimed[0m [32mdmonitoringmodeld[0m [32msensord[0m [32mui[0m [32msoundd[0m [32mlocationd[0m [32mcalibrationd[0m [32mtorqued[0m [32mcontrolsd[0m [32mselfdrived[0m [32mcard[0m [32mdeleter[0m [32mdmonitoringd[0m [32mqcomgpsd[0m [32mpandad[0m [32mparamsd[0m [32mlagd[0m [31mplannerd[0m [32mradard[0m [32mhardwared[0m [32mtombstoned[0m [32muploader[0m [32mstatsd[0m [32mfeedbackd[0m [32mmodeld_tinygrad[0m [32mmapd[0m [32mmapd_manager[0m [32mrtid[0m
[32mloggerd[0m [32mencoderd[0m [32mlogmessaged[0m [32mcamerad[0m [32mlogcatd[0m [32mproclogd[0m [32mmicd[0m [32mtimed[0m [32mdmonitoringmodeld[0m [32msensord[0m [32mui[0m [32msoundd[0m [32mlocationd[0m [32mcalibrationd[0m [32mtorqued[0m [32mcontrolsd[0m [32mselfdrived[0m [32mcard[0m [32mdeleter[0m [32mdmonitoringd[0m [32mqcomgpsd[0m [32mpandad[0m [32mparamsd[0m [32mlagd[0m [31mplannerd[0m [32mradard[0m [32mhardwared[0m [32mtombstoned[0m [32muploader[0m [32mstatsd[0m [32mfeedbackd[0m [32mmodeld_tinygrad[0m [32mmapd[0m [32mmapd_manager[0m [32mrtid[0m
[32mloggerd[0m [32mencoderd[0m [32mlogmessaged[0m [32mcamerad[0m [32mlogcatd[0m [32mproclogd[0m [32mmicd[0m [32mtimed[0m [32mdmonitoringmodeld[0m [32msensord[0m [32mui[0m [32msoundd[0m [32mlocationd[0m [32mcalibrationd[0m [32mtorqued[0m [32mcontrolsd[0m [32mselfdrived[0m [32mcard[0m [32mdeleter[0m [32mdmonitoringd[0m [32mqcomgpsd[0m [32mpandad[0m [32mparamsd[0m [32mlagd[0m [31mplannerd[0m [32mradard[0m [32mhardwared[0m [32mtombstoned[0m [32muploader[0m [32mstatsd[0m [32mfeedbackd[0m [32mmodeld_tinygrad[0m [32mmapd[0m [32mmapd_manager[0m [32mrtid[0m
[32mloggerd[0m [32mencoderd[0m [32mlogmessaged[0m [32mcamerad[0m [32mlogcatd[0m [32mproclogd[0m [32mmicd[0m [32mtimed[0m [32mdmonitoringmodeld[0m [32msensord[0m [32mui[0m [32msoundd[0m [32mlocationd[0m [32mcalibrationd[0m [32mtorqued[0m [32mcontrolsd[0m [32mselfdrived[0m [32mcard[0m [32mdeleter[0m [32mdmonitoringd[0m [32mqcomgpsd[0m [32mpandad[0m [32mparamsd[0m [32mlagd[0m [31mplannerd[0m [32mradard[0m [32mhardwared[0m [32mtombstoned[0m [32muploader[0m [32mstatsd[0m [32mfeedbackd[0m [32mmodeld_tinygrad[0m [32mmapd[0m [32mmapd_manager[0m [32mrtid[0m
[32mloggerd[0m [32mencoderd[0m [32mlogmessaged[0m [32mcamerad[0m [32mlogcatd[0m [32mproclogd[0m [32mmicd[0m [32mtimed[0m [32mdmonitoringmodeld[0m [32msensord[0m [32mui[0m [32msoundd[0m [32mlocationd[0m [32mcalibrationd[0m [32mtorqued[0m [32mcontrolsd[0m [32mselfdrived[0m [32mcard[0m [32mdeleter[0m [32mdmonitoringd[0m [32mqcomgpsd[0m [32mpandad[0m [32mparamsd[0m [32mlagd[0m [31mplannerd[0m [32mradard[0m [32mhardwared[0m [32mtombstoned[0m [32muploader[0m [32mstatsd[0m [32mfeedbackd[0m [32mmodeld_tinygrad[0m [32mmapd[0m [32mmapd_manager[0m [32mrtid[0m
[32mloggerd[0m [32mencoderd[0m [32mlogmessaged[0m [32mcamerad[0m [32mlogcatd[0m [32mproclogd[0m [32mmicd[0m [32mtimed[0m [32mdmonitoringmodeld[0m [32msensord[0m [32mui[0m [32msoundd[0m [32mlocationd[0m [32mcalibrationd[0m [32mtorqued[0m [32mcontrolsd[0m [32mselfdrived[0m [32mcard[0m [32mdeleter[0m [32mdmonitoringd[0m [32mqcomgpsd[0m [32mpandad[0m [32mparamsd[0m [32mlagd[0m [31mplannerd[0m [32mradard[0m [32mhardwared[0m [32mtombstoned[0m [32muploader[0m [32mstatsd[0m [32mfeedbackd[0m [32mmodeld_tinygrad[0m [32mmapd[0m [32mmapd_manager[0m [32mrtid[0m
[32mloggerd[0m [32mencoderd[0m [32mlogmessaged[0m [32mcamerad[0m [32mlogcatd[0m [32mproclogd[0m [32mmicd[0m [32mtimed[0m [32mdmonitoringmodeld[0m [32msensord[0m [32mui[0m [32msoundd[0m [32mlocationd[0m [32mcalibrationd[0m [32mtorqued[0m [32mcontrolsd[0m [32mselfdrived[0m [32mcard[0m [32mdeleter[0m [32mdmonitoringd[0m [32mqcomgpsd[0m [32mpandad[0m [32mparamsd[0m [32mlagd[0m [31mplannerd[0m [32mradard[0m [32mhardwared[0m [32mtombstoned[0m [32muploader[0m [32mstatsd[0m [32mfeedbackd[0m [32mmodeld_tinygrad[0m [32mmapd[0m [32mmapd_manager[0m [32mrtid[0m
[32mloggerd[0m [32mencoderd[0m [32mlogmessaged[0m [32mcamerad[0m [32mlogcatd[0m [32mproclogd[0m [32mmicd[0m [32mtimed[0m [32mdmonitoringmodeld[0m [32msensord[0m [32mui[0m [32msoundd[0m [32mlocationd[0m [32mcalibrationd[0m [32mtorqued[0m [32mcontrolsd[0m [32mselfdrived[0m [32mcard[0m [32mdeleter[0m [32mdmonitoringd[0m [32mqcomgpsd[0m [32mpandad[0m [32mparamsd[0m [32mlagd[0m [31mplannerd[0m [32mradard[0m [32mhardwared[0m [32mtombstoned[0m [32muploader[0m [32mstatsd[0m [32mfeedbackd[0m [32mmodeld_tinygrad[0m [32mmapd[0m [32mmapd_manager[0m [32mrtid[0m
[32mloggerd[0m [32mencoderd[0m [32mlogmessaged[0m [32mcamerad[0m [32mlogcatd[0m [32mproclogd[0m [32mmicd[0m [32mtimed[0m [32mdmonitoringmodeld[0m [32msensord[0m [32mui[0m [32msoundd[0m [32mlocationd[0m [32mcalibrationd[0m [32mtorqued[0m [32mcontrolsd[0m [32mselfdrived[0m [32mcard[0m [32mdeleter[0m [32mdmonitoringd[0m [32mqcomgpsd[0m [32mpandad[0m [32mparamsd[0m [32mlagd[0m [31mplannerd[0m [32mradard[0m [32mhardwared[0m [32mtombstoned[0m [32muploader[0m [32mstatsd[0m [32mfeedbackd[0m [32mmodeld_tinygrad[0m [32mmapd[0m [32mmapd_manager[0m [32mrtid[0m
RTI cycle took 0.023s
RTI cycle took 0.025s
RTI cycle took 0.031s
RTI cycle took 0.042s
RTI cycle took 0.024s
RTI cycle took 0.021s
RTI cycle took 0.038s
RTI cycle took 0.043s
RTI cycle took 0.047s
RTI cycle took 0.026s
RTI cycle took 0.019s
RTI cycle took 0.036s
RTI cycle took 0.033s
RTI cycle took 0.034s
RTI cycle took 0.020s
RTI cycle took 0.046s
RTI cycle took 0.020s
RTI cycle took 0.015s
RTI cycle took 0.038s
RTI cycle took 0.027s
RTI cycle took 0.038s
RTI cycle took 0.040s
RTI cycle took 0.018s
RTI cycle took 0.023s
RTI cycle took 0.028s
RTI cycle took 0.031s
RTI cycle took 0.033s
RTI cycle took 0.023s
RTI cycle took 0.031s
RTI cycle took 0.030s
RTI cycle took 0.040s
RTI cycle took 0.036s
RTI cycle took 0.040s
RTI cycle took 0.037s
RTI cycle took 0.041s
RTI cycle took 0.027s
RTI cycle took 0.030s
RTI cycle took 0.030s
RTI cycle took 0.030s
RTI cycle took 0.027s
RTI cycle took 0.028s
RTI cycle took 0.040s
RTI cycle took 0.031s
RTI cycle took 0.026s
RTI cycle took 0.037s
RTI cycle took 0.033s
RTI cycle took 0.043s
RTI cycle took 0.022s
RTI cycle took 0.019s
RTI cycle took 0.027s
RTI cycle took 0.019s
RTI cycle took 0.026s
RTI cycle took 0.020s
RTI cycle took 0.029s
RTI cycle took 0.025s
RTI cycle took 0.015s
RTI cycle took 0.027s
RTI cycle took 0.023s
RTI cycle took 0.033s
RTI cycle took 0.015s
RTI cycle took 0.022s
RTI cycle took 0.023s
RTI cycle took 0.034s
RTI cycle took 0.017s
RTI cycle took 0.025s
RTI cycle took 0.016s
RTI cycle took 0.029s
RTI cycle took 0.015s
RTI cycle took 0.022s
RTI cycle took 0.030s
RTI cycle took 0.027s
RTI cycle took 0.037s
RTI cycle took 0.014s
RTI cycle took 0.029s
RTI cycle took 0.023s
RTI cycle took 0.025s
RTI cycle took 0.030s
RTI cycle took 0.032s
RTI cycle took 0.034s
RTI cycle took 0.014s
RTI cycle took 0.024s
RTI cycle took 0.031s
RTI cycle took 0.042s
RTI cycle took 0.014s
RTI cycle took 0.027s
RTI cycle took 0.024s
RTI cycle took 0.021s
RTI cycle took 0.028s
RTI cycle took 0.032s
RTI cycle took 0.015s
RTI cycle took 0.023s
RTI cycle took 0.018s
RTI cycle took 0.019s
RTI cycle took 0.013s
RTI cycle took 0.024s
RTI cycle took 0.029s
RTI cycle took 0.039s
RTI cycle took 0.034s
RTI cycle took 0.015s
RTI cycle took 0.030s
RTI cycle took 0.021s
RTI cycle took 0.029s
RTI cycle took 0.031s
RTI cycle took 0.021s
RTI cycle took 0.023s
RTI cycle took 0.021s
RTI cycle took 0.027s
RTI cycle took 0.030s
RTI cycle took 0.032s
RTI cycle took 0.030s
RTI cycle took 0.017s
RTI cycle took 0.011s
RTI cycle took 0.021s
RTI cycle took 0.028s
RTI cycle took 0.020s
RTI cycle took 0.028s
RTI cycle took 0.034s
RTI cycle took 0.035s
RTI cycle took 0.028s
RTI cycle took 0.020s
RTI cycle took 0.028s
RTI cycle took 0.029s
RTI cycle took 0.028s
RTI cycle took 0.023s
RTI cycle took 0.017s
RTI cycle took 0.027s
RTI cycle took 0.038s
RTI cycle took 0.016s
RTI cycle took 0.028s
RTI cycle took 0.027s
RTI cycle took 0.030s
RTI cycle took 0.041s
RTI cycle took 0.027s
RTI cycle took 0.029s
RTI cycle took 0.031s
RTI cycle took 0.027s
RTI cycle took 0.040s
RTI cycle took 0.020s
RTI cycle took 0.027s
RTI cycle took 0.027s
RTI cycle took 0.030s
RTI cycle took 0.032s
RTI cycle took 0.028s
RTI cycle took 0.031s
RTI cycle took 0.026s
RTI cycle took 0.030s
RTI cycle took 0.033s
RTI cycle took 0.026s
RTI cycle took 0.030s
RTI cycle took 0.028s
RTI cycle took 0.021s
RTI cycle took 0.042s
RTI cycle took 0.024s
RTI cycle took 0.037s
RTI cycle took 0.031s
RTI cycle took 0.029s
RTI cycle took 0.021s
RTI cycle took 0.018s
RTI cycle took 0.029s
RTI cycle took 0.026s
RTI cycle took 0.021s
RTI cycle took 0.017s
RTI cycle took 0.029s
RTI cycle took 0.027s
RTI cycle took 0.030s
RTI cycle took 0.019s
RTI cycle took 0.017s
RTI cycle took 0.023s
RTI cycle took 0.021s
RTI cycle took 0.028s
RTI cycle took 0.019s
RTI cycle took 0.027s
RTI cycle took 0.020s
RTI cycle took 0.026s
RTI cycle took 0.029s
RTI cycle took 0.029s
RTI cycle took 0.027s
RTI cycle took 0.020s
RTI cycle took 0.027s
RTI cycle took 0.019s
RTI cycle took 0.018s
RTI cycle took 0.038s
RTI cycle took 0.016s
RTI cycle took 0.027s
RTI cycle took 0.036s
RTI cycle took 0.030s
RTI cycle took 0.020s
RTI cycle took 0.023s
RTI cycle took 0.025s
RTI cycle took 0.030s
RTI cycle took 0.020s
RTI cycle took 0.024s
RTI cycle took 0.034s
RTI cycle took 0.025s
RTI cycle took 0.029s
RTI cycle took 0.019s
RTI cycle took 0.024s
RTI cycle took 0.028s
RTI cycle took 0.029s
RTI cycle took 0.032s
RTI cycle took 0.028s
RTI cycle took 0.030s
RTI cycle took 0.021s
RTI cycle took 0.027s
RTI cycle took 0.020s
RTI cycle took 0.029s
RTI cycle took 0.019s
RTI cycle took 0.037s
RTI cycle took 0.031s
RTI cycle took 0.017s
RTI cycle took 0.037s
RTI cycle took 0.019s
RTI cycle took 0.027s
RTI cycle took 0.019s
RTI cycle took 0.027s
RTI cycle took 0.028s
RTI cycle took 0.029s
RTI cycle took 0.019s
RTI cycle took 0.021s
RTI cycle took 0.026s
RTI cycle took 0.040s
RTI cycle took 0.029s
RTI cycle took 0.019s
RTI cycle took 0.028s
[32mloggerd[0m [32mencoderd[0m [32mlogmessaged[0m [32mcamerad[0m [32mlogcatd[0m [32mproclogd[0m [32mmicd[0m [32mtimed[0m [32mdmonitoringmodeld[0m [32msensord[0m [32mui[0m [32msoundd[0m [32mlocationd[0m [32mcalibrationd[0m [32mtorqued[0m [32mcontrolsd[0m [32mselfdrived[0m [32mcard[0m [32mdeleter[0m [32mdmonitoringd[0m [32mqcomgpsd[0m [32mpandad[0m [32mparamsd[0m [32mlagd[0m [31mplannerd[0m [32mradard[0m [32mhardwared[0m [32mtombstoned[0m [32muploader[0m [32mstatsd[0m [32mfeedbackd[0m [32mmodeld_tinygrad[0m [32mmapd[0m [32mmapd_manager[0m [32mrtid[0m
[32mloggerd[0m [32mencoderd[0m [32mlogmessaged[0m [32mcamerad[0m [32mlogcatd[0m [32mproclogd[0m [32mmicd[0m [32mtimed[0m [32mdmonitoringmodeld[0m [32msensord[0m [32mui[0m [32msoundd[0m [32mlocationd[0m [32mcalibrationd[0m [32mtorqued[0m [32mcontrolsd[0m [32mselfdrived[0m [32mcard[0m [32mdeleter[0m [32mdmonitoringd[0m [32mqcomgpsd[0m [32mpandad[0m [32mparamsd[0m [32mlagd[0m [31mplannerd[0m [32mradard[0m [32mhardwared[0m [32mtombstoned[0m [32muploader[0m [32mstatsd[0m [32mfeedbackd[0m [32mmodeld_tinygrad[0m [32mmapd[0m [32mmapd_manager[0m [32mrtid[0m
[32mloggerd[0m [32mencoderd[0m [32mlogmessaged[0m [32mcamerad[0m [32mlogcatd[0m [32mproclogd[0m [32mmicd[0m [32mtimed[0m [32mdmonitoringmodeld[0m [32msensord[0m [32mui[0m [32msoundd[0m [32mlocationd[0m [32mcalibrationd[0m [32mtorqued[0m [32mcontrolsd[0m [32mselfdrived[0m [32mcard[0m [32mdeleter[0m [32mdmonitoringd[0m [32mqcomgpsd[0m [32mpandad[0m [32mparamsd[0m [32mlagd[0m [31mplannerd[0m [32mradard[0m [32mhardwared[0m [32mtombstoned[0m [32muploader[0m [32mstatsd[0m [32mfeedbackd[0m [32mmodeld_tinygrad[0m [32mmapd[0m [32mmapd_manager[0m [32mrtid[0m
[32mloggerd[0m [32mencoderd[0m [32mlogmessaged[0m [32mcamerad[0m [32mlogcatd[0m [32mproclogd[0m [32mmicd[0m [32mtimed[0m [32mdmonitoringmodeld[0m [32msensord[0m [32mui[0m [32msoundd[0m [32mlocationd[0m [32mcalibrationd[0m [32mtorqued[0m [32mcontrolsd[0m [32mselfdrived[0m [32mcard[0m [32mdeleter[0m [32mdmonitoringd[0m [32mqcomgpsd[0m [32mpandad[0m [32mparamsd[0m [32mlagd[0m [31mplannerd[0m [32mradard[0m [32mhardwared[0m [32mtombstoned[0m [32muploader[0m [32mstatsd[0m [32mfeedbackd[0m [32mmodeld_tinygrad[0m [32mmapd[0m [32mmapd_manager[0m [32mrtid[0m
[32mloggerd[0m [32mencoderd[0m [32mlogmessaged[0m [32mcamerad[0m [32mlogcatd[0m [32mproclogd[0m [32mmicd[0m [32mtimed[0m [32mdmonitoringmodeld[0m [32msensord[0m [32mui[0m [32msoundd[0m [32mlocationd[0m [32mcalibrationd[0m [32mtorqued[0m [32mcontrolsd[0m [32mselfdrived[0m [32mcard[0m [32mdeleter[0m [32mdmonitoringd[0m [32mqcomgpsd[0m [32mpandad[0m [32mparamsd[0m [32mlagd[0m [31mplannerd[0m [32mradard[0m [32mhardwared[0m [32mtombstoned[0m [32muploader[0m [32mstatsd[0m [32mfeedbackd[0m [32mmodeld_tinygrad[0m [32mmapd[0m [32mmapd_manager[0m [32mrtid[0m
[32mloggerd[0m [32mencoderd[0m [32mlogmessaged[0m [32mcamerad[0m [32mlogcatd[0m [32mproclogd[0m [32mmicd[0m [32mtimed[0m [32mdmonitoringmodeld[0m [32msensord[0m [32mui[0m [32msoundd[0m [32mlocationd[0m [32mcalibrationd[0m [32mtorqued[0m [32mcontrolsd[0m [32mselfdrived[0m [32mcard[0m [32mdeleter[0m [32mdmonitoringd[0m [32mqcomgpsd[0m [32mpandad[0m [32mparamsd[0m [32mlagd[0m [31mplannerd[0m [32mradard[0m [32mhardwared[0m [32mtombstoned[0m [32muploader[0m [32mstatsd[0m [32mfeedbackd[0m [32mmodeld_tinygrad[0m [32mmapd[0m [32mmapd_manager[0m [32mrtid[0m
[32mloggerd[0m [32mencoderd[0m [32mlogmessaged[0m [32mcamerad[0m [32mlogcatd[0m [32mproclogd[0m [32mmicd[0m [32mtimed[0m [32mdmonitoringmodeld[0m [32msensord[0m [32mui[0m [32msoundd[0m [32mlocationd[0m [32mcalibrationd[0m [32mtorqued[0m [32mcontrolsd[0m [32mselfdrived[0m [32mcard[0m [32mdeleter[0m [32mdmonitoringd[0m [32mqcomgpsd[0m [32mpandad[0m [32mparamsd[0m [32mlagd[0m [31mplannerd[0m [32mradard[0m [32mhardwared[0m [32mtombstoned[0m [32muploader[0m [32mstatsd[0m [32mfeedbackd[0m [32mmodeld_tinygrad[0m [32mmapd[0m [32mmapd_manager[0m [32mrtid[0m
[32mloggerd[0m [32mencoderd[0m [32mlogmessaged[0m [32mcamerad[0m [32mlogcatd[0m [32mproclogd[0m [32mmicd[0m [32mtimed[0m [32mdmonitoringmodeld[0m [32msensord[0m [32mui[0m [32msoundd[0m [32mlocationd[0m [32mcalibrationd[0m [32mtorqued[0m [32mcontrolsd[0m [32mselfdrived[0m [32mcard[0m [32mdeleter[0m [32mdmonitoringd[0m [32mqcomgpsd[0m [32mpandad[0m [32mparamsd[0m [32mlagd[0m [31mplannerd[0m [32mradard[0m [32mhardwared[0m [32mtombstoned[0m [32muploader[0m [32mstatsd[0m [32mfeedbackd[0m [32mmodeld_tinygrad[0m [32mmapd[0m [32mmapd_manager[0m [32mrtid[0m
[32mloggerd[0m [32mencoderd[0m [32mlogmessaged[0m [32mcamerad[0m [32mlogcatd[0m [32mproclogd[0m [32mmicd[0m [32mtimed[0m [32mdmonitoringmodeld[0m [32msensord[0m [32mui[0m [32msoundd[0m [32mlocationd[0m [32mcalibrationd[0m [32mtorqued[0m [32mcontrolsd[0m [32mselfdrived[0m [32mcard[0m [32mdeleter[0m [32mdmonitoringd[0m [32mqcomgpsd[0m [32mpandad[0m [32mparamsd[0m [32mlagd[0m [31mplannerd[0m [32mradard[0m [32mhardwared[0m [32mtombstoned[0m [32muploader[0m [32mstatsd[0m [32mfeedbackd[0m [32mmodeld_tinygrad[0m [32mmapd[0m [32mmapd_manager[0m [32mrtid[0m
[32mloggerd[0m [32mencoderd[0m [32mlogmessaged[0m [32mcamerad[0m [32mlogcatd[0m [32mproclogd[0m [32mmicd[0m [32mtimed[0m [32mdmonitoringmodeld[0m [32msensord[0m [32mui[0m [32msoundd[0m [32mlocationd[0m [32mcalibrationd[0m [32mtorqued[0m [32mcontrolsd[0m [32mselfdrived[0m [32mcard[0m [32mdeleter[0m [32mdmonitoringd[0m [32mqcomgpsd[0m [32mpandad[0m [32mparamsd[0m [32mlagd[0m [31mplannerd[0m [32mradard[0m [32mhardwared[0m [32mtombstoned[0m [32muploader[0m [32mstatsd[0m [32mfeedbackd[0m [32mmodeld_tinygrad[0m [32mmapd[0m [32mmapd_manager[0m [32mrtid[0m
[32mloggerd[0m [32mencoderd[0m [32mlogmessaged[0m [32mcamerad[0m [32mlogcatd[0m [32mproclogd[0m [32mmicd[0m [32mtimed[0m [32mdmonitoringmodeld[0m [32msensord[0m [32mui[0m [32msoundd[0m [32mlocationd[0m [32mcalibrationd[0m [32mtorqued[0m [32mcontrolsd[0m [32mselfdrived[0m [32mcard[0m [32mdeleter[0m [32mdmonitoringd[0m [32mqcomgpsd[0m [32mpandad[0m [32mparamsd[0m [32mlagd[0m [31mplannerd[0m [32mradard[0m [32mhardwared[0m [32mtombstoned[0m [32muploader[0m [32mstatsd[0m [32mfeedbackd[0m [32mmodeld_tinygrad[0m [32mmapd[0m [32mmapd_manager[0m [32mrtid[0m
[32mloggerd[0m [32mencoderd[0m [32mlogmessaged[0m [32mcamerad[0m [32mlogcatd[0m [32mproclogd[0m [32mmicd[0m [32mtimed[0m [32mdmonitoringmodeld[0m [32msensord[0m [32mui[0m [32msoundd[0m [32mlocationd[0m [32mcalibrationd[0m [32mtorqued[0m [32mcontrolsd[0m [32mselfdrived[0m [32mcard[0m [32mdeleter[0m [32mdmonitoringd[0m [32mqcomgpsd[0m [32mpandad[0m [32mparamsd[0m [32mlagd[0m [31mplannerd[0m [32mradard[0m [32mhardwared[0m [32mtombstoned[0m [32muploader[0m [32mstatsd[0m [32mfeedbackd[0m [32mmodeld_tinygrad[0m [32mmapd[0m [32mmapd_manager[0m [32mrtid[0m
[32mloggerd[0m [32mencoderd[0m [32mlogmessaged[0m [32mcamerad[0m [32mlogcatd[0m [32mproclogd[0m [32mmicd[0m [32mtimed[0m [32mdmonitoringmodeld[0m [32msensord[0m [32mui[0m [32msoundd[0m [32mlocationd[0m [32mcalibrationd[0m [32mtorqued[0m [32mcontrolsd[0m [32mselfdrived[0m [32mcard[0m [32mdeleter[0m [32mdmonitoringd[0m [32mqcomgpsd[0m [32mpandad[0m [32mparamsd[0m [32mlagd[0m [31mplannerd[0m [32mradard[0m [32mhardwared[0m [32mtombstoned[0m [32muploader[0m [32mstatsd[0m [32mfeedbackd[0m [32mmodeld_tinygrad[0m [32mmapd[0m [32mmapd_manager[0m [32mrtid[0m
RTI cycle took 0.028s
RTI cycle took 0.038s
RTI cycle took 0.031s
RTI cycle took 0.037s
RTI cycle took 0.031s
RTI cycle took 0.017s
RTI cycle took 0.015s
RTI cycle took 0.033s
RTI cycle took 0.023s
RTI cycle took 0.025s
RTI cycle took 0.031s
RTI cycle took 0.042s
RTI cycle took 0.034s
RTI cycle took 0.040s
RTI cycle took 0.020s
RTI cycle took 0.036s
RTI cycle took 0.041s
RTI cycle took 0.024s
RTI cycle took 0.033s
RTI cycle took 0.029s
RTI cycle took 0.034s
RTI cycle took 0.035s
RTI cycle took 0.038s
RTI cycle took 0.029s
RTI cycle took 0.020s
RTI cycle took 0.028s
RTI cycle took 0.043s
RTI cycle took 0.026s
RTI cycle took 0.022s
RTI cycle took 0.053s
RTI cycle took 0.030s
RTI cycle took 0.030s
RTI cycle took 0.041s
RTI cycle took 0.040s
RTI cycle took 0.034s
RTI cycle took 0.022s
RTI cycle took 0.042s
RTI cycle took 0.023s
RTI cycle took 0.032s
RTI cycle took 0.040s
RTI cycle took 0.013s
RTI cycle took 0.032s
RTI cycle took 0.041s
RTI cycle took 0.013s
RTI cycle took 0.026s
RTI cycle took 0.023s
RTI cycle took 0.030s
RTI cycle took 0.030s
RTI cycle took 0.046s
RTI cycle took 0.018s
RTI cycle took 0.015s
RTI cycle took 0.023s
RTI cycle took 0.044s
RTI cycle took 0.022s
RTI cycle took 0.031s
RTI cycle took 0.027s
RTI cycle took 0.019s
RTI cycle took 0.040s
RTI cycle took 0.027s
RTI cycle took 0.031s
RTI cycle took 0.040s
RTI cycle took 0.025s
RTI cycle took 0.042s
RTI cycle took 0.031s
RTI cycle took 0.027s
RTI cycle took 0.028s
RTI cycle took 0.028s
RTI cycle took 0.031s
RTI cycle took 0.031s
RTI cycle took 0.016s
RTI cycle took 0.027s
RTI cycle took 0.035s
RTI cycle took 0.026s
RTI cycle took 0.039s
RTI cycle took 0.039s
RTI cycle took 0.030s
RTI cycle took 0.017s
RTI cycle took 0.016s
RTI cycle took 0.017s
RTI cycle took 0.014s
RTI cycle took 0.023s
RTI cycle took 0.036s
RTI cycle took 0.030s
RTI cycle took 0.031s
RTI cycle took 0.026s
RTI cycle took 0.030s
RTI cycle took 0.029s
RTI cycle took 0.020s
RTI cycle took 0.027s
RTI cycle took 0.029s
RTI cycle took 0.031s
RTI cycle took 0.018s
RTI cycle took 0.026s
RTI cycle took 0.027s
RTI cycle took 0.030s
RTI cycle took 0.027s
RTI cycle took 0.039s
RTI cycle took 0.030s
RTI cycle took 0.029s
RTI cycle took 0.028s
RTI cycle took 0.017s
RTI cycle took 0.027s
RTI cycle took 0.018s
RTI cycle took 0.028s
RTI cycle took 0.030s
RTI cycle took 0.027s
RTI cycle took 0.030s
RTI cycle took 0.029s
RTI cycle took 0.019s
RTI cycle took 0.029s
RTI cycle took 0.029s
RTI cycle took 0.030s
RTI cycle took 0.041s
RTI cycle took 0.025s
RTI cycle took 0.031s
RTI cycle took 0.026s
RTI cycle took 0.022s
RTI cycle took 0.027s
RTI cycle took 0.020s
RTI cycle took 0.018s
RTI cycle took 0.015s
RTI cycle took 0.024s
RTI cycle took 0.029s
RTI cycle took 0.019s
RTI cycle took 0.031s
RTI cycle took 0.017s
RTI cycle took 0.027s
RTI cycle took 0.026s
RTI cycle took 0.023s
RTI cycle took 0.037s
RTI cycle took 0.018s
RTI cycle took 0.016s
RTI cycle took 0.020s
RTI cycle took 0.019s
RTI cycle took 0.028s
RTI cycle took 0.019s
RTI cycle took 0.025s
RTI cycle took 0.020s
RTI cycle took 0.025s
RTI cycle took 0.019s
RTI cycle took 0.017s
RTI cycle took 0.023s
RTI cycle took 0.028s
RTI cycle took 0.031s
RTI cycle took 0.029s
RTI cycle took 0.030s
RTI cycle took 0.029s
RTI cycle took 0.024s
RTI cycle took 0.020s
RTI cycle took 0.029s
RTI cycle took 0.019s
RTI cycle took 0.040s
RTI cycle took 0.027s
RTI cycle took 0.019s
RTI cycle took 0.030s
RTI cycle took 0.038s
RTI cycle took 0.028s
RTI cycle took 0.029s
RTI cycle took 0.028s
RTI cycle took 0.030s
RTI cycle took 0.041s
RTI cycle took 0.019s
RTI cycle took 0.027s
RTI cycle took 0.019s
RTI cycle took 0.018s
RTI cycle took 0.022s
RTI cycle took 0.031s
RTI cycle took 0.019s
RTI cycle took 0.027s
RTI cycle took 0.028s
RTI cycle took 0.029s
RTI cycle took 0.042s
RTI cycle took 0.018s
RTI cycle took 0.026s
RTI cycle took 0.020s
RTI cycle took 0.029s
RTI cycle took 0.018s
RTI cycle took 0.016s
RTI cycle took 0.024s
RTI cycle took 0.017s
RTI cycle took 0.023s
RTI cycle took 0.030s
RTI cycle took 0.039s
RTI cycle took 0.027s
RTI cycle took 0.030s
RTI cycle took 0.019s
RTI cycle took 0.029s
RTI cycle took 0.026s
RTI cycle took 0.030s
RTI cycle took 0.019s
RTI cycle took 0.027s
RTI cycle took 0.019s
RTI cycle took 0.027s
RTI cycle took 0.032s
RTI cycle took 0.028s
RTI cycle took 0.019s
RTI cycle took 0.027s
RTI cycle took 0.028s
RTI cycle took 0.028s
RTI cycle took 0.030s
RTI cycle took 0.032s
RTI cycle took 0.016s
RTI cycle took 0.034s
RTI cycle took 0.029s
RTI cycle took 0.019s
RTI cycle took 0.025s
RTI cycle took 0.026s
RTI cycle took 0.020s
RTI cycle took 0.029s
RTI cycle took 0.019s
RTI cycle took 0.020s
RTI cycle took 0.039s
RTI cycle took 0.026s
RTI cycle took 0.030s
RTI cycle took 0.018s
RTI cycle took 0.027s
RTI cycle took 0.027s
RTI cycle took 0.041s
RTI cycle took 0.020s
RTI cycle took 0.028s
RTI cycle took 0.028s
RTI cycle took 0.019s
RTI cycle took 0.028s
[32mloggerd[0m [32mencoderd[0m [32mlogmessaged[0m [32mcamerad[0m [32mlogcatd[0m [32mproclogd[0m [32mmicd[0m [32mtimed[0m [32mdmonitoringmodeld[0m [32msensord[0m [32mui[0m [32msoundd[0m [32mlocationd[0m [32mcalibrationd[0m [32mtorqued[0m [32mcontrolsd[0m [32mselfdrived[0m [32mcard[0m [32mdeleter[0m [32mdmonitoringd[0m [32mqcomgpsd[0m [32mpandad[0m [32mparamsd[0m [32mlagd[0m [31mplannerd[0m [32mradard[0m [32mhardwared[0m [32mtombstoned[0m [32muploader[0m [32mstatsd[0m [32mfeedbackd[0m [32mmodeld_tinygrad[0m [32mmapd[0m [32mmapd_manager[0m [32mrtid[0m
[32mloggerd[0m [32mencoderd[0m [32mlogmessaged[0m [32mcamerad[0m [32mlogcatd[0m [32mproclogd[0m [32mmicd[0m [32mtimed[0m [32mdmonitoringmodeld[0m [32msensord[0m [32mui[0m [32msoundd[0m [32mlocationd[0m [32mcalibrationd[0m [32mtorqued[0m [32mcontrolsd[0m [32mselfdrived[0m [32mcard[0m [32mdeleter[0m [32mdmonitoringd[0m [32mqcomgpsd[0m [32mpandad[0m [32mparamsd[0m [32mlagd[0m [31mplannerd[0m [32mradard[0m [32mhardwared[0m [32mtombstoned[0m [32muploader[0m [32mstatsd[0m [32mfeedbackd[0m [32mmodeld_tinygrad[0m [32mmapd[0m [32mmapd_manager[0m [32mrtid[0m
[32mloggerd[0m [32mencoderd[0m [32mlogmessaged[0m [32mcamerad[0m [32mlogcatd[0m [32mproclogd[0m [32mmicd[0m [32mtimed[0m [32mdmonitoringmodeld[0m [32msensord[0m [32mui[0m [32msoundd[0m [32mlocationd[0m [32mcalibrationd[0m [32mtorqued[0m [32mcontrolsd[0m [32mselfdrived[0m [32mcard[0m [32mdeleter[0m [32mdmonitoringd[0m [32mqcomgpsd[0m [32mpandad[0m [32mparamsd[0m [32mlagd[0m [31mplannerd[0m [32mradard[0m [32mhardwared[0m [32mtombstoned[0m [32muploader[0m [32mstatsd[0m [32mfeedbackd[0m [32mmodeld_tinygrad[0m [32mmapd[0m [32mmapd_manager[0m [32mrtid[0m
[32mloggerd[0m [32mencoderd[0m [32mlogmessaged[0m [32mcamerad[0m [32mlogcatd[0m [32mproclogd[0m [32mmicd[0m [32mtimed[0m [32mdmonitoringmodeld[0m [32msensord[0m [32mui[0m [32msoundd[0m [32mlocationd[0m [32mcalibrationd[0m [32mtorqued[0m [32mcontrolsd[0m [32mselfdrived[0m [32mcard[0m [32mdeleter[0m [32mdmonitoringd[0m [32mqcomgpsd[0m [32mpandad[0m [32mparamsd[0m [32mlagd[0m [31mplannerd[0m [32mradard[0m [32mhardwared[0m [32mtombstoned[0m [32muploader[0m [32mstatsd[0m [32mfeedbackd[0m [32mmodeld_tinygrad[0m [32mmapd[0m [32mmapd_manager[0m [32mrtid[0m
[32mloggerd[0m [32mencoderd[0m [32mlogmessaged[0m [32mcamerad[0m [32mlogcatd[0m [32mproclogd[0m [32mmicd[0m [32mtimed[0m [32mdmonitoringmodeld[0m [32msensord[0m [32mui[0m [32msoundd[0m [32mlocationd[0m [32mcalibrationd[0m [32mtorqued[0m [32mcontrolsd[0m [32mselfdrived[0m [32mcard[0m [32mdeleter[0m [32mdmonitoringd[0m [32mqcomgpsd[0m [32mpandad[0m [32mparamsd[0m [32mlagd[0m [31mplannerd[0m [32mradard[0m [32mhardwared[0m [32mtombstoned[0m [32muploader[0m [32mstatsd[0m [32mfeedbackd[0m [32mmodeld_tinygrad[0m [32mmapd[0m [32mmapd_manager[0m [32mrtid[0m
[32mloggerd[0m [32mencoderd[0m [32mlogmessaged[0m [32mcamerad[0m [32mlogcatd[0m [32mproclogd[0m [32mmicd[0m [32mtimed[0m [32mdmonitoringmodeld[0m [32msensord[0m [32mui[0m [32msoundd[0m [32mlocationd[0m [32mcalibrationd[0m [32mtorqued[0m [32mcontrolsd[0m [32mselfdrived[0m [32mcard[0m [32mdeleter[0m [32mdmonitoringd[0m [32mqcomgpsd[0m [32mpandad[0m [32mparamsd[0m [32mlagd[0m [31mplannerd[0m [32mradard[0m [32mhardwared[0m [32mtombstoned[0m [32muploader[0m [32mstatsd[0m [32mfeedbackd[0m [32mmodeld_tinygrad[0m [32mmapd[0m [32mmapd_manager[0m [32mrtid[0m
[32mloggerd[0m [32mencoderd[0m [32mlogmessaged[0m [32mcamerad[0m [32mlogcatd[0m [32mproclogd[0m [32mmicd[0m [32mtimed[0m [32mdmonitoringmodeld[0m [32msensord[0m [32mui[0m [32msoundd[0m [32mlocationd[0m [32mcalibrationd[0m [32mtorqued[0m [32mcontrolsd[0m [32mselfdrived[0m [32mcard[0m [32mdeleter[0m [32mdmonitoringd[0m [32mqcomgpsd[0m [32mpandad[0m [32mparamsd[0m [32mlagd[0m [31mplannerd[0m [32mradard[0m [32mhardwared[0m [32mtombstoned[0m [32muploader[0m [32mstatsd[0m [32mfeedbackd[0m [32mmodeld_tinygrad[0m [32mmapd[0m [32mmapd_manager[0m [32mrtid[0m
[32mloggerd[0m [32mencoderd[0m [32mlogmessaged[0m [32mcamerad[0m [32mlogcatd[0m [32mproclogd[0m [32mmicd[0m [32mtimed[0m [32mdmonitoringmodeld[0m [32msensord[0m [32mui[0m [32msoundd[0m [32mlocationd[0m [32mcalibrationd[0m [32mtorqued[0m [32mcontrolsd[0m [32mselfdrived[0m [32mcard[0m [32mdeleter[0m [32mdmonitoringd[0m [32mqcomgpsd[0m [32mpandad[0m [32mparamsd[0m [32mlagd[0m [31mplannerd[0m [32mradard[0m [32mhardwared[0m [32mtombstoned[0m [32muploader[0m [32mstatsd[0m [32mfeedbackd[0m [32mmodeld_tinygrad[0m [32mmapd[0m [32mmapd_manager[0m [32mrtid[0m
[32mloggerd[0m [32mencoderd[0m [32mlogmessaged[0m [32mcamerad[0m [32mlogcatd[0m [32mproclogd[0m [32mmicd[0m [32mtimed[0m [32mdmonitoringmodeld[0m [32msensord[0m [32mui[0m [32msoundd[0m [32mlocationd[0m [32mcalibrationd[0m [32mtorqued[0m [32mcontrolsd[0m [32mselfdrived[0m [32mcard[0m [32mdeleter[0m [32mdmonitoringd[0m [32mqcomgpsd[0m [32mpandad[0m [32mparamsd[0m [32mlagd[0m [31mplannerd[0m [32mradard[0m [32mhardwared[0m [32mtombstoned[0m [32muploader[0m [32mstatsd[0m [32mfeedbackd[0m [32mmodeld_tinygrad[0m [32mmapd[0m [32mmapd_manager[0m [32mrtid[0m
[32mloggerd[0m [32mencoderd[0m [32mlogmessaged[0m [32mcamerad[0m [32mlogcatd[0m [32mproclogd[0m [32mmicd[0m [32mtimed[0m [32mdmonitoringmodeld[0m [32msensord[0m [32mui[0m [32msoundd[0m [32mlocationd[0m [32mcalibrationd[0m [32mtorqued[0m [32mcontrolsd[0m [32mselfdrived[0m [32mcard[0m [32mdeleter[0m [32mdmonitoringd[0m [32mqcomgpsd[0m [32mpandad[0m [32mparamsd[0m [32mlagd[0m [31mplannerd[0m [32mradard[0m [32mhardwared[0m [32mtombstoned[0m [32muploader[0m [32mstatsd[0m [32mfeedbackd[0m [32mmodeld_tinygrad[0m [32mmapd[0m [32mmapd_manager[0m [32mrtid[0m
[32mloggerd[0m [32mencoderd[0m [32mlogmessaged[0m [32mcamerad[0m [32mlogcatd[0m [32mproclogd[0m [32mmicd[0m [32mtimed[0m [32mdmonitoringmodeld[0m [32msensord[0m [32mui[0m [32msoundd[0m [32mlocationd[0m [32mcalibrationd[0m [32mtorqued[0m [32mcontrolsd[0m [32mselfdrived[0m [32mcard[0m [32mdeleter[0m [32mdmonitoringd[0m [32mqcomgpsd[0m [32mpandad[0m [32mparamsd[0m [32mlagd[0m [31mplannerd[0m [32mradard[0m [32mhardwared[0m [32mtombstoned[0m [32muploader[0m [32mstatsd[0m [32mfeedbackd[0m [32mmodeld_tinygrad[0m [32mmapd[0m [32mmapd_manager[0m [32mrtid[0m
[32mloggerd[0m [32mencoderd[0m [32mlogmessaged[0m [32mcamerad[0m [32mlogcatd[0m [32mproclogd[0m [32mmicd[0m [32mtimed[0m [32mdmonitoringmodeld[0m [32msensord[0m [32mui[0m [32msoundd[0m [32mlocationd[0m [32mcalibrationd[0m [32mtorqued[0m [32mcontrolsd[0m [32mselfdrived[0m [32mcard[0m [32mdeleter[0m [32mdmonitoringd[0m [32mqcomgpsd[0m [32mpandad[0m [32mparamsd[0m [32mlagd[0m [31mplannerd[0m [32mradard[0m [32mhardwared[0m [32mtombstoned[0m [32muploader[0m [32mstatsd[0m [32mfeedbackd[0m [32mmodeld_tinygrad[0m [32mmapd[0m [32mmapd_manager[0m [32mrtid[0m
[32mloggerd[0m [32mencoderd[0m [32mlogmessaged[0m [32mcamerad[0m [32mlogcatd[0m [32mproclogd[0m [32mmicd[0m [32mtimed[0m [32mdmonitoringmodeld[0m [32msensord[0m [32mui[0m [32msoundd[0m [32mlocationd[0m [32mcalibrationd[0m [32mtorqued[0m [32mcontrolsd[0m [32mselfdrived[0m [32mcard[0m [32mdeleter[0m [32mdmonitoringd[0m [32mqcomgpsd[0m [32mpandad[0m [32mparamsd[0m [32mlagd[0m [31mplannerd[0m [32mradard[0m [32mhardwared[0m [32mtombstoned[0m [32muploader[0m [32mstatsd[0m [32mfeedbackd[0m [32mmodeld_tinygrad[0m [32mmapd[0m [32mmapd_manager[0m [32mrtid[0m
RTI cycle took 0.027s
RTI cycle took 0.021s
RTI cycle took 0.032s
RTI cycle took 0.024s
RTI cycle took 0.033s
RTI cycle took 0.015s
RTI cycle took 0.035s
RTI cycle took 0.020s
RTI cycle took 0.030s
RTI cycle took 0.040s
RTI cycle took 0.016s
RTI cycle took 0.014s
RTI cycle took 0.024s
RTI cycle took 0.019s
RTI cycle took 0.025s
RTI cycle took 0.020s
RTI cycle took 0.028s
RTI cycle took 0.020s
RTI cycle took 0.025s
RTI cycle took 0.032s
RTI cycle took 0.016s
RTI cycle took 0.014s
RTI cycle took 0.020s
RTI cycle took 0.042s
RTI cycle took 0.021s
RTI cycle took 0.029s
RTI cycle took 0.025s
RTI cycle took 0.029s
RTI cycle took 0.029s
RTI cycle took 0.016s
RTI cycle took 0.020s
RTI cycle took 0.023s
RTI cycle took 0.034s
RTI cycle took 0.015s
RTI cycle took 0.014s
RTI cycle took 0.019s
RTI cycle took 0.031s
RTI cycle took 0.022s
RTI cycle took 0.029s
RTI cycle took 0.027s
RTI cycle took 0.018s
RTI cycle took 0.018s
RTI cycle took 0.024s
RTI cycle took 0.042s
RTI cycle took 0.041s
RTI cycle took 0.023s
RTI cycle took 0.020s
RTI cycle took 0.025s
RTI cycle took 0.033s
RTI cycle took 0.034s
RTI cycle took 0.029s
RTI cycle took 0.033s
RTI cycle took 0.021s
RTI cycle took 0.023s
RTI cycle took 0.041s
RTI cycle took 0.018s
RTI cycle took 0.019s
RTI cycle took 0.026s
RTI cycle took 0.026s
RTI cycle took 0.020s
RTI cycle took 0.024s
RTI cycle took 0.028s
RTI cycle took 0.030s
RTI cycle took 0.041s
RTI cycle took 0.019s
RTI cycle took 0.020s
RTI cycle took 0.035s
RTI cycle took 0.018s
RTI cycle took 0.052s
RTI cycle took 0.036s
RTI cycle took 0.030s
RTI cycle took 0.026s
RTI cycle took 0.031s
RTI cycle took 0.028s
RTI cycle took 0.040s
RTI cycle took 0.039s
RTI cycle took 0.086s
RTI cycle took 0.039s
RTI cycle took 0.037s
RTI cycle took 0.051s
RTI cycle took 0.061s
RTI cycle took 0.034s
RTI cycle took 0.024s
RTI cycle took 0.038s
RTI cycle took 0.039s
RTI cycle took 0.042s
RTI cycle took 0.042s
RTI cycle took 0.030s
RTI cycle took 0.040s
RTI cycle took 0.028s
RTI cycle took 0.021s
RTI cycle took 0.032s
RTI cycle took 0.037s
RTI cycle took 0.029s
RTI cycle took 0.033s
RTI cycle took 0.035s
RTI cycle took 0.030s
RTI cycle took 0.032s
RTI cycle took 0.034s
RTI cycle took 0.022s
RTI cycle took 0.040s
RTI cycle took 0.016s
RTI cycle took 0.027s
RTI cycle took 0.014s
RTI cycle took 0.025s
RTI cycle took 0.039s
RTI cycle took 0.026s
RTI cycle took 0.034s
RTI cycle took 0.025s
RTI cycle took 0.023s
RTI cycle took 0.026s
RTI cycle took 0.020s
RTI cycle took 0.014s
RTI cycle took 0.026s
RTI cycle took 0.027s
RTI cycle took 0.021s
RTI cycle took 0.036s
RTI cycle took 0.029s
RTI cycle took 0.037s
RTI cycle took 0.029s
RTI cycle took 0.028s
RTI cycle took 0.032s
RTI cycle took 0.016s
RTI cycle took 0.015s
RTI cycle took 0.024s
RTI cycle took 0.019s
RTI cycle took 0.027s
RTI cycle took 0.020s
RTI cycle took 0.020s
RTI cycle took 0.028s
RTI cycle took 0.028s
RTI cycle took 0.031s
RTI cycle took 0.027s
RTI cycle took 0.023s
RTI cycle took 0.024s
RTI cycle took 0.023s
RTI cycle took 0.022s
RTI cycle took 0.021s
RTI cycle took 0.017s
RTI cycle took 0.029s
RTI cycle took 0.028s
RTI cycle took 0.032s
RTI cycle took 0.025s
RTI cycle took 0.029s
RTI cycle took 0.019s
RTI cycle took 0.028s
RTI cycle took 0.020s
RTI cycle took 0.017s
RTI cycle took 0.023s
RTI cycle took 0.029s
RTI cycle took 0.019s
RTI cycle took 0.027s
RTI cycle took 0.016s
RTI cycle took 0.019s
RTI cycle took 0.032s
RTI cycle took 0.026s
RTI cycle took 0.029s
RTI cycle took 0.029s
RTI cycle took 0.019s
RTI cycle took 0.017s
RTI cycle took 0.020s
RTI cycle took 0.028s
RTI cycle took 0.026s
RTI cycle took 0.021s
RTI cycle took 0.021s
RTI cycle took 0.027s
RTI cycle took 0.029s
RTI cycle took 0.043s
RTI cycle took 0.026s
RTI cycle took 0.021s
RTI cycle took 0.028s
RTI cycle took 0.028s
RTI cycle took 0.028s
RTI cycle took 0.041s
RTI cycle took 0.021s
RTI cycle took 0.027s
RTI cycle took 0.022s
RTI cycle took 0.015s
RTI cycle took 0.015s
RTI cycle took 0.022s
RTI cycle took 0.034s
RTI cycle took 0.013s
RTI cycle took 0.021s
RTI cycle took 0.019s
RTI cycle took 0.026s
RTI cycle took 0.032s
RTI cycle took 0.029s
RTI cycle took 0.022s
RTI cycle took 0.034s
RTI cycle took 0.018s
RTI cycle took 0.028s
RTI cycle took 0.027s
RTI cycle took 0.020s
RTI cycle took 0.020s
RTI cycle took 0.020s
RTI cycle took 0.040s
RTI cycle took 0.027s
RTI cycle took 0.031s
RTI cycle took 0.018s
RTI cycle took 0.025s
RTI cycle took 0.019s
RTI cycle took 0.027s
RTI cycle took 0.027s
RTI cycle took 0.030s
RTI cycle took 0.030s
RTI cycle took 0.016s
RTI cycle took 0.028s
RTI cycle took 0.036s
RTI cycle took 0.031s
RTI cycle took 0.031s
RTI cycle took 0.026s
RTI cycle took 0.030s
RTI cycle took 0.042s
RTI cycle took 0.026s
RTI cycle took 0.022s
RTI cycle took 0.026s
RTI cycle took 0.030s
RTI cycle took 0.028s
RTI cycle took 0.020s
RTI cycle took 0.028s
[32mloggerd[0m [32mencoderd[0m [32mlogmessaged[0m [32mcamerad[0m [32mlogcatd[0m [32mproclogd[0m [32mmicd[0m [32mtimed[0m [32mdmonitoringmodeld[0m [32msensord[0m [32mui[0m [32msoundd[0m [32mlocationd[0m [32mcalibrationd[0m [32mtorqued[0m [32mcontrolsd[0m [32mselfdrived[0m [32mcard[0m [32mdeleter[0m [32mdmonitoringd[0m [32mqcomgpsd[0m [32mpandad[0m [32mparamsd[0m [32mlagd[0m [31mplannerd[0m [32mradard[0m [32mhardwared[0m [32mtombstoned[0m [32muploader[0m [32mstatsd[0m [32mfeedbackd[0m [32mmodeld_tinygrad[0m [32mmapd[0m [32mmapd_manager[0m [32mrtid[0m
[32mloggerd[0m [32mencoderd[0m [32mlogmessaged[0m [32mcamerad[0m [32mlogcatd[0m [32mproclogd[0m [32mmicd[0m [32mtimed[0m [32mdmonitoringmodeld[0m [32msensord[0m [32mui[0m [32msoundd[0m [32mlocationd[0m [32mcalibrationd[0m [32mtorqued[0m [32mcontrolsd[0m [32mselfdrived[0m [32mcard[0m [32mdeleter[0m [32mdmonitoringd[0m [32mqcomgpsd[0m [32mpandad[0m [32mparamsd[0m [32mlagd[0m [31mplannerd[0m [32mradard[0m [32mhardwared[0m [32mtombstoned[0m [32muploader[0m [32mstatsd[0m [32mfeedbackd[0m [32mmodeld_tinygrad[0m [32mmapd[0m [32mmapd_manager[0m [32mrtid[0m
[32mloggerd[0m [32mencoderd[0m [32mlogmessaged[0m [32mcamerad[0m [32mlogcatd[0m [32mproclogd[0m [32mmicd[0m [32mtimed[0m [32mdmonitoringmodeld[0m [32msensord[0m [32mui[0m [32msoundd[0m [32mlocationd[0m [32mcalibrationd[0m [32mtorqued[0m [32mcontrolsd[0m [32mselfdrived[0m [32mcard[0m [32mdeleter[0m [32mdmonitoringd[0m [32mqcomgpsd[0m [32mpandad[0m [32mparamsd[0m [32mlagd[0m [31mplannerd[0m [32mradard[0m [32mhardwared[0m [32mtombstoned[0m [32muploader[0m [32mstatsd[0m [32mfeedbackd[0m [32mmodeld_tinygrad[0m [32mmapd[0m [32mmapd_manager[0m [32mrtid[0m
[32mloggerd[0m [32mencoderd[0m [32mlogmessaged[0m [32mcamerad[0m [32mlogcatd[0m [32mproclogd[0m [32mmicd[0m [32mtimed[0m [32mdmonitoringmodeld[0m [32msensord[0m [32mui[0m [32msoundd[0m [32mlocationd[0m [32mcalibrationd[0m [32mtorqued[0m [32mcontrolsd[0m [32mselfdrived[0m [32mcard[0m [32mdeleter[0m [32mdmonitoringd[0m [32mqcomgpsd[0m [32mpandad[0m [32mparamsd[0m [32mlagd[0m [31mplannerd[0m [32mradard[0m [32mhardwared[0m [32mtombstoned[0m [32muploader[0m [32mstatsd[0m [32mfeedbackd[0m [32mmodeld_tinygrad[0m [32mmapd[0m [32mmapd_manager[0m [32mrtid[0m
[32mloggerd[0m [32mencoderd[0m [32mlogmessaged[0m [32mcamerad[0m [32mlogcatd[0m [32mproclogd[0m [32mmicd[0m [32mtimed[0m [32mdmonitoringmodeld[0m [32msensord[0m [32mui[0m [32msoundd[0m [32mlocationd[0m [32mcalibrationd[0m [32mtorqued[0m [32mcontrolsd[0m [32mselfdrived[0m [32mcard[0m [32mdeleter[0m [32mdmonitoringd[0m [32mqcomgpsd[0m [32mpandad[0m [32mparamsd[0m [32mlagd[0m [31mplannerd[0m [32mradard[0m [32mhardwared[0m [32mtombstoned[0m [32muploader[0m [32mstatsd[0m [32mfeedbackd[0m [32mmodeld_tinygrad[0m [32mmapd[0m [32mmapd_manager[0m [32mrtid[0m
[32mloggerd[0m [32mencoderd[0m [32mlogmessaged[0m [32mcamerad[0m [32mlogcatd[0m [32mproclogd[0m [32mmicd[0m [32mtimed[0m [32mdmonitoringmodeld[0m [32msensord[0m [32mui[0m [32msoundd[0m [32mlocationd[0m [32mcalibrationd[0m [32mtorqued[0m [32mcontrolsd[0m [32mselfdrived[0m [32mcard[0m [32mdeleter[0m [32mdmonitoringd[0m [32mqcomgpsd[0m [32mpandad[0m [32mparamsd[0m [32mlagd[0m [31mplannerd[0m [32mradard[0m [32mhardwared[0m [32mtombstoned[0m [32muploader[0m [32mstatsd[0m [32mfeedbackd[0m [32mmodeld_tinygrad[0m [32mmapd[0m [32mmapd_manager[0m [32mrtid[0m
[32mloggerd[0m [32mencoderd[0m [32mlogmessaged[0m [32mcamerad[0m [32mlogcatd[0m [32mproclogd[0m [32mmicd[0m [32mtimed[0m [32mdmonitoringmodeld[0m [32msensord[0m [32mui[0m [32msoundd[0m [32mlocationd[0m [32mcalibrationd[0m [32mtorqued[0m [32mcontrolsd[0m [32mselfdrived[0m [32mcard[0m [32mdeleter[0m [32mdmonitoringd[0m [32mqcomgpsd[0m [32mpandad[0m [32mparamsd[0m [32mlagd[0m [31mplannerd[0m [32mradard[0m [32mhardwared[0m [32mtombstoned[0m [32muploader[0m [32mstatsd[0m [32mfeedbackd[0m [32mmodeld_tinygrad[0m [32mmapd[0m [32mmapd_manager[0m [32mrtid[0m
[32mloggerd[0m [32mencoderd[0m [32mlogmessaged[0m [32mcamerad[0m [32mlogcatd[0m [32mproclogd[0m [32mmicd[0m [32mtimed[0m [32mdmonitoringmodeld[0m [32msensord[0m [32mui[0m [32msoundd[0m [32mlocationd[0m [32mcalibrationd[0m [32mtorqued[0m [32mcontrolsd[0m [32mselfdrived[0m [32mcard[0m [32mdeleter[0m [32mdmonitoringd[0m [32mqcomgpsd[0m [32mpandad[0m [32mparamsd[0m [32mlagd[0m [31mplannerd[0m [32mradard[0m [32mhardwared[0m [32mtombstoned[0m [32muploader[0m [32mstatsd[0m [32mfeedbackd[0m [32mmodeld_tinygrad[0m [32mmapd[0m [32mmapd_manager[0m [32mrtid[0m
[32mloggerd[0m [32mencoderd[0m [32mlogmessaged[0m [32mcamerad[0m [32mlogcatd[0m [32mproclogd[0m [32mmicd[0m [32mtimed[0m [32mdmonitoringmodeld[0m [32msensord[0m [32mui[0m [32msoundd[0m [32mlocationd[0m [32mcalibrationd[0m [32mtorqued[0m [32mcontrolsd[0m [32mselfdrived[0m [32mcard[0m [32mdeleter[0m [32mdmonitoringd[0m [32mqcomgpsd[0m [32mpandad[0m [32mparamsd[0m [32mlagd[0m [31mplannerd[0m [32mradard[0m [32mhardwared[0m [32mtombstoned[0m [32muploader[0m [32mstatsd[0m [32mfeedbackd[0m [32mmodeld_tinygrad[0m [32mmapd[0m [32mmapd_manager[0m [32mrtid[0m
[32mloggerd[0m [32mencoderd[0m [32mlogmessaged[0m [32mcamerad[0m [32mlogcatd[0m [32mproclogd[0m [32mmicd[0m [32mtimed[0m [32mdmonitoringmodeld[0m [32msensord[0m [32mui[0m [32msoundd[0m [32mlocationd[0m [32mcalibrationd[0m [32mtorqued[0m [32mcontrolsd[0m [32mselfdrived[0m [32mcard[0m [32mdeleter[0m [32mdmonitoringd[0m [32mqcomgpsd[0m [32mpandad[0m [32mparamsd[0m [32mlagd[0m [31mplannerd[0m [32mradard[0m [32mhardwared[0m [32mtombstoned[0m [32muploader[0m [32mstatsd[0m [32mfeedbackd[0m [32mmodeld_tinygrad[0m [32mmapd[0m [32mmapd_manager[0m [32mrtid[0m
[32mloggerd[0m [32mencoderd[0m [32mlogmessaged[0m [32mcamerad[0m [32mlogcatd[0m [32mproclogd[0m [32mmicd[0m [32mtimed[0m [32mdmonitoringmodeld[0m [32msensord[0m [32mui[0m [32msoundd[0m [32mlocationd[0m [32mcalibrationd[0m [32mtorqued[0m [32mcontrolsd[0m [32mselfdrived[0m [32mcard[0m [32mdeleter[0m [32mdmonitoringd[0m [32mqcomgpsd[0m [32mpandad[0m [32mparamsd[0m [32mlagd[0m [31mplannerd[0m [32mradard[0m [32mhardwared[0m [32mtombstoned[0m [32muploader[0m [32mstatsd[0m [32mfeedbackd[0m [32mmodeld_tinygrad[0m [32mmapd[0m [32mmapd_manager[0m [32mrtid[0m
[32mloggerd[0m [32mencoderd[0m [32mlogmessaged[0m [32mcamerad[0m [32mlogcatd[0m [32mproclogd[0m [32mmicd[0m [32mtimed[0m [32mdmonitoringmodeld[0m [32msensord[0m [32mui[0m [32msoundd[0m [32mlocationd[0m [32mcalibrationd[0m [32mtorqued[0m [32mcontrolsd[0m [32mselfdrived[0m [32mcard[0m [32mdeleter[0m [32mdmonitoringd[0m [32mqcomgpsd[0m [32mpandad[0m [32mparamsd[0m [32mlagd[0m [31mplannerd[0m [32mradard[0m [32mhardwared[0m [32mtombstoned[0m [32muploader[0m [32mstatsd[0m [32mfeedbackd[0m [32mmodeld_tinygrad[0m [32mmapd[0m [32mmapd_manager[0m [32mrtid[0m
[32mloggerd[0m [32mencoderd[0m [32mlogmessaged[0m [32mcamerad[0m [32mlogcatd[0m [32mproclogd[0m [32mmicd[0m [32mtimed[0m [32mdmonitoringmodeld[0m [32msensord[0m [32mui[0m [32msoundd[0m [32mlocationd[0m [32mcalibrationd[0m [32mtorqued[0m [32mcontrolsd[0m [32mselfdrived[0m [32mcard[0m [32mdeleter[0m [32mdmonitoringd[0m [32mqcomgpsd[0m [32mpandad[0m [32mparamsd[0m [32mlagd[0m [31mplannerd[0m [32mradard[0m [32mhardwared[0m [32mtombstoned[0m [32muploader[0m [32mstatsd[0m [32mfeedbackd[0m [32mmodeld_tinygrad[0m [32mmapd[0m [32mmapd_manager[0m [32mrtid[0m
RTI cycle took 0.028s
RTI cycle took 0.033s
RTI cycle took 0.016s
RTI cycle took 0.028s
RTI cycle took 0.035s
RTI cycle took 0.020s
RTI cycle took 0.020s
RTI cycle took 0.020s
RTI cycle took 0.026s
RTI cycle took 0.028s
RTI cycle took 0.042s
RTI cycle took 0.036s
RTI cycle took 0.030s
RTI cycle took 0.033s
RTI cycle took 0.026s
RTI cycle took 0.029s
RTI cycle took 0.029s
RTI cycle took 0.018s
RTI cycle took 0.016s
RTI cycle took 0.016s
RTI cycle took 0.024s
RTI cycle took 0.028s
RTI cycle took 0.019s
RTI cycle took 0.018s
RTI cycle took 0.028s
RTI cycle took 0.041s
RTI cycle took 0.017s
RTI cycle took 0.035s
RTI cycle took 0.020s
RTI cycle took 0.020s
RTI cycle took 0.036s
RTI cycle took 0.021s
RTI cycle took 0.029s
RTI cycle took 0.018s
RTI cycle took 0.026s
RTI cycle took 0.028s
RTI cycle took 0.041s
RTI cycle took 0.018s
RTI cycle took 0.024s
RTI cycle took 0.017s
RTI cycle took 0.027s
RTI cycle took 0.022s
RTI cycle took 0.038s
RTI cycle took 0.018s
RTI cycle took 0.026s
RTI cycle took 0.032s
RTI cycle took 0.017s
RTI cycle took 0.034s
RTI cycle took 0.029s
RTI cycle took 0.020s
RTI cycle took 0.027s
RTI cycle took 0.031s
RTI cycle took 0.021s
RTI cycle took 0.036s
RTI cycle took 0.031s
RTI cycle took 0.029s
RTI cycle took 0.030s
RTI cycle took 0.018s
RTI cycle took 0.023s
RTI cycle took 0.029s
RTI cycle took 0.027s
RTI cycle took 0.022s
RTI cycle took 0.017s
RTI cycle took 0.013s
RTI cycle took 0.022s
RTI cycle took 0.038s
RTI cycle took 0.019s
RTI cycle took 0.028s
RTI cycle took 0.031s
RTI cycle took 0.017s
RTI cycle took 0.023s
RTI cycle took 0.033s
RTI cycle took 0.029s
RTI cycle took 0.038s
RTI cycle took 0.027s
RTI cycle took 0.021s
RTI cycle took 0.027s
RTI cycle took 0.021s
RTI cycle took 0.016s
RTI cycle took 0.027s
RTI cycle took 0.027s
RTI cycle took 0.032s
RTI cycle took 0.027s
RTI cycle took 0.029s
RTI cycle took 0.019s
RTI cycle took 0.024s
RTI cycle took 0.019s
RTI cycle took 0.020s
RTI cycle took 0.040s
RTI cycle took 0.017s
RTI cycle took 0.036s
RTI cycle took 0.017s
RTI cycle took 0.036s
RTI cycle took 0.018s
RTI cycle took 0.019s
RTI cycle took 0.023s
RTI cycle took 0.021s
RTI cycle took 0.027s
RTI cycle took 0.029s
RTI cycle took 0.031s
RTI cycle took 0.016s
RTI cycle took 0.026s
RTI cycle took 0.017s
RTI cycle took 0.038s
RTI cycle took 0.040s
RTI cycle took 0.027s
RTI cycle took 0.032s
RTI cycle took 0.037s
RTI cycle took 0.028s
RTI cycle took 0.031s
RTI cycle took 0.026s
RTI cycle took 0.029s
RTI cycle took 0.026s
RTI cycle took 0.022s
RTI cycle took 0.042s
RTI cycle took 0.038s
RTI cycle took 0.038s
RTI cycle took 0.030s
RTI cycle took 0.035s
RTI cycle took 0.045s
RTI cycle took 0.029s
RTI cycle took 0.080s
RTI cycle took 0.047s
RTI cycle took 0.040s
RTI cycle took 0.030s
RTI cycle took 0.033s
RTI cycle took 0.023s
RTI cycle took 0.025s
RTI cycle took 0.031s
RTI cycle took 0.018s
RTI cycle took 0.039s
RTI cycle took 0.033s
RTI cycle took 0.032s
RTI cycle took 0.039s
RTI cycle took 0.040s
RTI cycle took 0.038s
RTI cycle took 0.053s
RTI cycle took 0.022s
RTI cycle took 0.038s
RTI cycle took 0.023s
RTI cycle took 0.026s
RTI cycle took 0.031s
RTI cycle took 0.035s
RTI cycle took 0.029s
RTI cycle took 0.047s
RTI cycle took 0.026s
RTI cycle took 0.025s
RTI cycle took 0.020s
RTI cycle took 0.024s
RTI cycle took 0.019s
RTI cycle took 0.024s
RTI cycle took 0.042s
RTI cycle took 0.019s
RTI cycle took 0.018s
RTI cycle took 0.036s
RTI cycle took 0.012s
RTI cycle took 0.033s
RTI cycle took 0.018s
RTI cycle took 0.015s
RTI cycle took 0.011s
RTI cycle took 0.031s
RTI cycle took 0.018s
RTI cycle took 0.034s
RTI cycle took 0.033s
RTI cycle took 0.027s
RTI cycle took 0.029s
RTI cycle took 0.018s
RTI cycle took 0.021s
RTI cycle took 0.041s
RTI cycle took 0.026s
RTI cycle took 0.030s
RTI cycle took 0.028s
RTI cycle took 0.026s
RTI cycle took 0.022s
RTI cycle took 0.018s
RTI cycle took 0.024s
RTI cycle took 0.030s
RTI cycle took 0.032s
RTI cycle took 0.027s
RTI cycle took 0.038s
RTI cycle took 0.019s
RTI cycle took 0.028s
RTI cycle took 0.033s
RTI cycle took 0.027s
RTI cycle took 0.031s
RTI cycle took 0.026s
RTI cycle took 0.030s
RTI cycle took 0.031s
RTI cycle took 0.028s
RTI cycle took 0.032s
RTI cycle took 0.027s
RTI cycle took 0.026s
RTI cycle took 0.020s
RTI cycle took 0.026s
RTI cycle took 0.032s
RTI cycle took 0.016s
RTI cycle took 0.026s
RTI cycle took 0.026s
RTI cycle took 0.029s
RTI cycle took 0.019s
RTI cycle took 0.027s
RTI cycle took 0.037s
RTI cycle took 0.017s
RTI cycle took 0.028s
RTI cycle took 0.027s
RTI cycle took 0.029s
RTI cycle took 0.030s
RTI cycle took 0.028s
RTI cycle took 0.023s
RTI cycle took 0.026s
RTI cycle took 0.032s
RTI cycle took 0.026s
RTI cycle took 0.030s
RTI cycle took 0.019s
RTI cycle took 0.028s
RTI cycle took 0.019s
RTI cycle took 0.029s
RTI cycle took 0.041s
RTI cycle took 0.016s
RTI cycle took 0.028s
RTI cycle took 0.015s
[32mloggerd[0m [32mencoderd[0m [32mlogmessaged[0m [32mcamerad[0m [32mlogcatd[0m [32mproclogd[0m [32mmicd[0m [32mtimed[0m [32mdmonitoringmodeld[0m [32msensord[0m [32mui[0m [32msoundd[0m [32mlocationd[0m [32mcalibrationd[0m [32mtorqued[0m [32mcontrolsd[0m [32mselfdrived[0m [32mcard[0m [32mdeleter[0m [32mdmonitoringd[0m [32mqcomgpsd[0m [32mpandad[0m [32mparamsd[0m [32mlagd[0m [31mplannerd[0m [32mradard[0m [32mhardwared[0m [32mtombstoned[0m [32muploader[0m [32mstatsd[0m [32mfeedbackd[0m [32mmodeld_tinygrad[0m [32mmapd[0m [32mmapd_manager[0m [32mrtid[0m
[32mloggerd[0m [32mencoderd[0m [32mlogmessaged[0m [32mcamerad[0m [32mlogcatd[0m [32mproclogd[0m [32mmicd[0m [32mtimed[0m [32mdmonitoringmodeld[0m [32msensord[0m [32mui[0m [32msoundd[0m [32mlocationd[0m [32mcalibrationd[0m [32mtorqued[0m [32mcontrolsd[0m [32mselfdrived[0m [32mcard[0m [32mdeleter[0m [32mdmonitoringd[0m [32mqcomgpsd[0m [32mpandad[0m [32mparamsd[0m [32mlagd[0m [31mplannerd[0m [32mradard[0m [32mhardwared[0m [32mtombstoned[0m [32muploader[0m [32mstatsd[0m [32mfeedbackd[0m [32mmodeld_tinygrad[0m [32mmapd[0m [32mmapd_manager[0m [32mrtid[0m
[32mloggerd[0m [32mencoderd[0m [32mlogmessaged[0m [32mcamerad[0m [32mlogcatd[0m [32mproclogd[0m [32mmicd[0m [32mtimed[0m [32mdmonitoringmodeld[0m [32msensord[0m [32mui[0m [32msoundd[0m [32mlocationd[0m [32mcalibrationd[0m [32mtorqued[0m [32mcontrolsd[0m [32mselfdrived[0m [32mcard[0m [32mdeleter[0m [32mdmonitoringd[0m [32mqcomgpsd[0m [32mpandad[0m [32mparamsd[0m [32mlagd[0m [31mplannerd[0m [32mradard[0m [32mhardwared[0m [32mtombstoned[0m [32muploader[0m [32mstatsd[0m [32mfeedbackd[0m [32mmodeld_tinygrad[0m [32mmapd[0m [32mmapd_manager[0m [32mrtid[0m
[32mloggerd[0m [32mencoderd[0m [32mlogmessaged[0m [32mcamerad[0m [32mlogcatd[0m [32mproclogd[0m [32mmicd[0m [32mtimed[0m [32mdmonitoringmodeld[0m [32msensord[0m [32mui[0m [32msoundd[0m [32mlocationd[0m [32mcalibrationd[0m [32mtorqued[0m [32mcontrolsd[0m [32mselfdrived[0m [32mcard[0m [32mdeleter[0m [32mdmonitoringd[0m [32mqcomgpsd[0m [32mpandad[0m [32mparamsd[0m [32mlagd[0m [31mplannerd[0m [32mradard[0m [32mhardwared[0m [32mtombstoned[0m [32muploader[0m [32mstatsd[0m [32mfeedbackd[0m [32mmodeld_tinygrad[0m [32mmapd[0m [32mmapd_manager[0m [32mrtid[0m
[32mloggerd[0m [32mencoderd[0m [32mlogmessaged[0m [32mcamerad[0m [32mlogcatd[0m [32mproclogd[0m [32mmicd[0m [32mtimed[0m [32mdmonitoringmodeld[0m [32msensord[0m [32mui[0m [32msoundd[0m [32mlocationd[0m [32mcalibrationd[0m [32mtorqued[0m [32mcontrolsd[0m [32mselfdrived[0m [32mcard[0m [32mdeleter[0m [32mdmonitoringd[0m [32mqcomgpsd[0m [32mpandad[0m [32mparamsd[0m [32mlagd[0m [31mplannerd[0m [32mradard[0m [32mhardwared[0m [32mtombstoned[0m [32muploader[0m [32mstatsd[0m [32mfeedbackd[0m [32mmodeld_tinygrad[0m [32mmapd[0m [32mmapd_manager[0m [32mrtid[0m
[32mloggerd[0m [32mencoderd[0m [32mlogmessaged[0m [32mcamerad[0m [32mlogcatd[0m [32mproclogd[0m [32mmicd[0m [32mtimed[0m [32mdmonitoringmodeld[0m [32msensord[0m [32mui[0m [32msoundd[0m [32mlocationd[0m [32mcalibrationd[0m [32mtorqued[0m [32mcontrolsd[0m [32mselfdrived[0m [32mcard[0m [32mdeleter[0m [32mdmonitoringd[0m [32mqcomgpsd[0m [32mpandad[0m [32mparamsd[0m [32mlagd[0m [31mplannerd[0m [32mradard[0m [32mhardwared[0m [32mtombstoned[0m [32muploader[0m [32mstatsd[0m [32mfeedbackd[0m [32mmodeld_tinygrad[0m [32mmapd[0m [32mmapd_manager[0m [32mrtid[0m
[32mloggerd[0m [32mencoderd[0m [32mlogmessaged[0m [32mcamerad[0m [32mlogcatd[0m [32mproclogd[0m [32mmicd[0m [32mtimed[0m [32mdmonitoringmodeld[0m [32msensord[0m [32mui[0m [32msoundd[0m [32mlocationd[0m [32mcalibrationd[0m [32mtorqued[0m [32mcontrolsd[0m [32mselfdrived[0m [32mcard[0m [32mdeleter[0m [32mdmonitoringd[0m [32mqcomgpsd[0m [32mpandad[0m [32mparamsd[0m [32mlagd[0m [31mplannerd[0m [32mradard[0m [32mhardwared[0m [32mtombstoned[0m [32muploader[0m [32mstatsd[0m [32mfeedbackd[0m [32mmodeld_tinygrad[0m [32mmapd[0m [32mmapd_manager[0m [32mrtid[0m
[32mloggerd[0m [32mencoderd[0m [32mlogmessaged[0m [32mcamerad[0m [32mlogcatd[0m [32mproclogd[0m [32mmicd[0m [32mtimed[0m [32mdmonitoringmodeld[0m [32msensord[0m [32mui[0m [32msoundd[0m [32mlocationd[0m [32mcalibrationd[0m [32mtorqued[0m [32mcontrolsd[0m [32mselfdrived[0m [32mcard[0m [32mdeleter[0m [32mdmonitoringd[0m [32mqcomgpsd[0m [32mpandad[0m [32mparamsd[0m [32mlagd[0m [31mplannerd[0m [32mradard[0m [32mhardwared[0m [32mtombstoned[0m [32muploader[0m [32mstatsd[0m [32mfeedbackd[0m [32mmodeld_tinygrad[0m [32mmapd[0m [32mmapd_manager[0m [32mrtid[0m
[32mloggerd[0m [32mencoderd[0m [32mlogmessaged[0m [32mcamerad[0m [32mlogcatd[0m [32mproclogd[0m [32mmicd[0m [32mtimed[0m [32mdmonitoringmodeld[0m [32msensord[0m [32mui[0m [32msoundd[0m [32mlocationd[0m [32mcalibrationd[0m [32mtorqued[0m [32mcontrolsd[0m [32mselfdrived[0m [32mcard[0m [32mdeleter[0m [32mdmonitoringd[0m [32mqcomgpsd[0m [32mpandad[0m [32mparamsd[0m [32mlagd[0m [31mplannerd[0m [32mradard[0m [32mhardwared[0m [32mtombstoned[0m [32muploader[0m [32mstatsd[0m [32mfeedbackd[0m [32mmodeld_tinygrad[0m [32mmapd[0m [32mmapd_manager[0m [32mrtid[0m
[32mloggerd[0m [32mencoderd[0m [32mlogmessaged[0m [32mcamerad[0m [32mlogcatd[0m [32mproclogd[0m [32mmicd[0m [32mtimed[0m [32mdmonitoringmodeld[0m [32msensord[0m [32mui[0m [32msoundd[0m [32mlocationd[0m [32mcalibrationd[0m [32mtorqued[0m [32mcontrolsd[0m [32mselfdrived[0m [32mcard[0m [32mdeleter[0m [32mdmonitoringd[0m [32mqcomgpsd[0m [32mpandad[0m [32mparamsd[0m [32mlagd[0m [31mplannerd[0m [32mradard[0m [32mhardwared[0m [32mtombstoned[0m [32muploader[0m [32mstatsd[0m [32mfeedbackd[0m [32mmodeld_tinygrad[0m [32mmapd[0m [32mmapd_manager[0m [32mrtid[0m
[32mloggerd[0m [32mencoderd[0m [32mlogmessaged[0m [32mcamerad[0m [32mlogcatd[0m [32mproclogd[0m [32mmicd[0m [32mtimed[0m [32mdmonitoringmodeld[0m [32msensord[0m [32mui[0m [32msoundd[0m [32mlocationd[0m [32mcalibrationd[0m [32mtorqued[0m [32mcontrolsd[0m [32mselfdrived[0m [32mcard[0m [32mdeleter[0m [32mdmonitoringd[0m [32mqcomgpsd[0m [32mpandad[0m [32mparamsd[0m [32mlagd[0m [31mplannerd[0m [32mradard[0m [32mhardwared[0m [32mtombstoned[0m [32muploader[0m [32mstatsd[0m [32mfeedbackd[0m [32mmodeld_tinygrad[0m [32mmapd[0m [32mmapd_manager[0m [32mrtid[0m
[32mloggerd[0m [32mencoderd[0m [32mlogmessaged[0m [32mcamerad[0m [32mlogcatd[0m [32mproclogd[0m [32mmicd[0m [32mtimed[0m [32mdmonitoringmodeld[0m [32msensord[0m [32mui[0m [32msoundd[0m [32mlocationd[0m [32mcalibrationd[0m [32mtorqued[0m [32mcontrolsd[0m [32mselfdrived[0m [32mcard[0m [32mdeleter[0m [32mdmonitoringd[0m [32mqcomgpsd[0m [32mpandad[0m [32mparamsd[0m [32mlagd[0m [31mplannerd[0m [32mradard[0m [32mhardwared[0m [32mtombstoned[0m [32muploader[0m [32mstatsd[0m [32mfeedbackd[0m [32mmodeld_tinygrad[0m [32mmapd[0m [32mmapd_manager[0m [32mrtid[0m
[32mloggerd[0m [32mencoderd[0m [32mlogmessaged[0m [32mcamerad[0m [32mlogcatd[0m [32mproclogd[0m [32mmicd[0m [32mtimed[0m [32mdmonitoringmodeld[0m [32msensord[0m [32mui[0m [32msoundd[0m [32mlocationd[0m [32mcalibrationd[0m [32mtorqued[0m [32mcontrolsd[0m [32mselfdrived[0m [32mcard[0m [32mdeleter[0m [32mdmonitoringd[0m [32mqcomgpsd[0m [32mpandad[0m [32mparamsd[0m [32mlagd[0m [31mplannerd[0m [32mradard[0m [32mhardwared[0m [32mtombstoned[0m [32muploader[0m [32mstatsd[0m [32mfeedbackd[0m [32mmodeld_tinygrad[0m [32mmapd[0m [32mmapd_manager[0m [32mrtid[0m
RTI cycle took 0.014s
RTI cycle took 0.022s
RTI cycle took 0.027s
RTI cycle took 0.019s
RTI cycle took 0.030s
RTI cycle took 0.028s
RTI cycle took 0.029s
RTI cycle took 0.042s
RTI cycle took 0.027s
RTI cycle took 0.030s
RTI cycle took 0.041s
RTI cycle took 0.027s
RTI cycle took 0.021s
RTI cycle took 0.026s
RTI cycle took 0.027s
RTI cycle took 0.010s
RTI cycle took 0.030s
RTI cycle took 0.019s
RTI cycle took 0.028s
RTI cycle took 0.029s
RTI cycle took 0.027s
RTI cycle took 0.032s
RTI cycle took 0.017s
RTI cycle took 0.019s
RTI cycle took 0.025s
RTI cycle took 0.020s
RTI cycle took 0.026s
RTI cycle took 0.033s
RTI cycle took 0.022s
RTI cycle took 0.029s
RTI cycle took 0.032s
RTI cycle took 0.023s
RTI cycle took 0.032s
RTI cycle took 0.028s
RTI cycle took 0.020s
RTI cycle took 0.029s
RTI cycle took 0.028s
RTI cycle took 0.028s
RTI cycle took 0.030s
RTI cycle took 0.042s
RTI cycle took 0.019s
RTI cycle took 0.017s
RTI cycle took 0.025s
RTI cycle took 0.029s
RTI cycle took 0.020s
RTI cycle took 0.018s
RTI cycle took 0.025s
RTI cycle took 0.031s
RTI cycle took 0.028s
RTI cycle took 0.033s
RTI cycle took 0.018s
RTI cycle took 0.026s
RTI cycle took 0.031s
RTI cycle took 0.029s
RTI cycle took 0.028s
RTI cycle took 0.019s
RTI cycle took 0.034s
RTI cycle took 0.020s
RTI cycle took 0.027s
RTI cycle took 0.020s
RTI cycle took 0.019s
RTI cycle took 0.028s
RTI cycle took 0.028s
RTI cycle took 0.020s
RTI cycle took 0.028s
RTI cycle took 0.022s
RTI cycle took 0.017s
RTI cycle took 0.026s
RTI cycle took 0.028s
RTI cycle took 0.022s
RTI cycle took 0.026s
RTI cycle took 0.030s
RTI cycle took 0.028s
RTI cycle took 0.040s
RTI cycle took 0.018s
RTI cycle took 0.028s
RTI cycle took 0.019s
RTI cycle took 0.027s
RTI cycle took 0.031s
RTI cycle took 0.025s
RTI cycle took 0.021s
RTI cycle took 0.028s
RTI cycle took 0.029s
RTI cycle took 0.032s
RTI cycle took 0.013s
RTI cycle took 0.034s
RTI cycle took 0.027s
RTI cycle took 0.029s
RTI cycle took 0.029s
RTI cycle took 0.030s
RTI cycle took 0.030s
RTI cycle took 0.019s
RTI cycle took 0.017s
RTI cycle took 0.021s
RTI cycle took 0.022s
RTI cycle took 0.026s
RTI cycle took 0.020s
RTI cycle took 0.017s
RTI cycle took 0.028s
RTI cycle took 0.029s
RTI cycle took 0.021s
RTI cycle took 0.027s
RTI cycle took 0.030s
RTI cycle took 0.027s
RTI cycle took 0.023s
RTI cycle took 0.025s
RTI cycle took 0.023s
RTI cycle took 0.018s
RTI cycle took 0.018s
RTI cycle took 0.026s
RTI cycle took 0.029s
RTI cycle took 0.018s
RTI cycle took 0.027s
RTI cycle took 0.020s
RTI cycle took 0.026s
RTI cycle took 0.022s
RTI cycle took 0.029s
RTI cycle took 0.027s
RTI cycle took 0.023s
RTI cycle took 0.026s
RTI cycle took 0.029s
RTI cycle took 0.019s
RTI cycle took 0.028s
RTI cycle took 0.033s
RTI cycle took 0.028s
RTI cycle took 0.036s
RTI cycle took 0.018s
RTI cycle took 0.037s
RTI cycle took 0.019s
RTI cycle took 0.017s
RTI cycle took 0.033s
RTI cycle took 0.019s
RTI cycle took 0.020s
RTI cycle took 0.017s
RTI cycle took 0.020s
RTI cycle took 0.029s
RTI cycle took 0.037s
RTI cycle took 0.021s
RTI cycle took 0.028s
RTI cycle took 0.031s
RTI cycle took 0.018s
RTI cycle took 0.019s
RTI cycle took 0.039s
RTI cycle took 0.026s
RTI cycle took 0.046s
RTI cycle took 0.037s
RTI cycle took 0.020s
RTI cycle took 0.029s
RTI cycle took 0.018s
RTI cycle took 0.025s
RTI cycle took 0.030s
RTI cycle took 0.024s
RTI cycle took 0.030s
RTI cycle took 0.033s
RTI cycle took 0.027s
RTI cycle took 0.020s
RTI cycle took 0.015s
RTI cycle took 0.013s
RTI cycle took 0.016s
RTI cycle took 0.015s
RTI cycle took 0.019s
RTI cycle took 0.032s
RTI cycle took 0.019s
RTI cycle took 0.028s
RTI cycle took 0.029s
RTI cycle took 0.020s
RTI cycle took 0.024s
RTI cycle took 0.019s
RTI cycle took 0.026s
RTI cycle took 0.022s
RTI cycle took 0.026s
RTI cycle took 0.028s
RTI cycle took 0.020s
RTI cycle took 0.028s
RTI cycle took 0.040s
RTI cycle took 0.026s
RTI cycle took 0.030s
RTI cycle took 0.026s
RTI cycle took 0.030s
RTI cycle took 0.048s
RTI cycle took 0.030s
RTI cycle took 0.029s
RTI cycle took 0.024s
RTI cycle took 0.033s
RTI cycle took 0.025s
RTI cycle took 0.027s
RTI cycle took 0.042s
RTI cycle took 0.026s
RTI cycle took 0.031s
RTI cycle took 0.039s
RTI cycle took 0.040s
RTI cycle took 0.019s
RTI cycle took 0.035s
RTI cycle took 0.028s
RTI cycle took 0.028s
RTI cycle took 0.033s
RTI cycle took 0.019s
RTI cycle took 0.031s
RTI cycle took 0.041s
RTI cycle took 0.035s
RTI cycle took 0.033s
RTI cycle took 0.038s
RTI cycle took 0.027s
RTI cycle took 0.014s
RTI cycle took 0.035s
RTI cycle took 0.038s
RTI cycle took 0.029s
RTI cycle took 0.019s
RTI cycle took 0.030s
RTI cycle took 0.034s
RTI cycle took 0.021s
RTI cycle took 0.027s
RTI cycle took 0.021s
RTI cycle took 0.027s
RTI cycle took 0.034s
RTI cycle took 0.025s
RTI cycle took 0.029s
RTI cycle took 0.031s
RTI cycle took 0.027s
RTI cycle took 0.019s
RTI cycle took 0.028s
RTI cycle took 0.034s
RTI cycle took 0.027s
RTI cycle took 0.029s
RTI cycle took 0.041s
RTI cycle took 0.015s
RTI cycle took 0.028s
[32mloggerd[0m [32mencoderd[0m [32mlogmessaged[0m [32mcamerad[0m [32mlogcatd[0m [32mproclogd[0m [32mmicd[0m [32mtimed[0m [32mdmonitoringmodeld[0m [32msensord[0m [32mui[0m [32msoundd[0m [32mlocationd[0m [32mcalibrationd[0m [32mtorqued[0m [32mcontrolsd[0m [32mselfdrived[0m [32mcard[0m [32mdeleter[0m [32mdmonitoringd[0m [32mqcomgpsd[0m [32mpandad[0m [32mparamsd[0m [32mlagd[0m [31mplannerd[0m [32mradard[0m [32mhardwared[0m [32mtombstoned[0m [32muploader[0m [32mstatsd[0m [32mfeedbackd[0m [32mmodeld_tinygrad[0m [32mmapd[0m [32mmapd_manager[0m [32mrtid[0m
[32mloggerd[0m [32mencoderd[0m [32mlogmessaged[0m [32mcamerad[0m [32mlogcatd[0m [32mproclogd[0m [32mmicd[0m [32mtimed[0m [32mdmonitoringmodeld[0m [32msensord[0m [32mui[0m [32msoundd[0m [32mlocationd[0m [32mcalibrationd[0m [32mtorqued[0m [32mcontrolsd[0m [32mselfdrived[0m [32mcard[0m [32mdeleter[0m [32mdmonitoringd[0m [32mqcomgpsd[0m [32mpandad[0m [32mparamsd[0m [32mlagd[0m [31mplannerd[0m [32mradard[0m [32mhardwared[0m [32mtombstoned[0m [32muploader[0m [32mstatsd[0m [32mfeedbackd[0m [32mmodeld_tinygrad[0m [32mmapd[0m [32mmapd_manager[0m [32mrtid[0m
[32mloggerd[0m [32mencoderd[0m [32mlogmessaged[0m [32mcamerad[0m [32mlogcatd[0m [32mproclogd[0m [32mmicd[0m [32mtimed[0m [32mdmonitoringmodeld[0m [32msensord[0m [32mui[0m [32msoundd[0m [32mlocationd[0m [32mcalibrationd[0m [32mtorqued[0m [32mcontrolsd[0m [32mselfdrived[0m [32mcard[0m [32mdeleter[0m [32mdmonitoringd[0m [32mqcomgpsd[0m [32mpandad[0m [32mparamsd[0m [32mlagd[0m [31mplannerd[0m [32mradard[0m [32mhardwared[0m [32mtombstoned[0m [32muploader[0m [32mstatsd[0m [32mfeedbackd[0m [32mmodeld_tinygrad[0m [32mmapd[0m [32mmapd_manager[0m [32mrtid[0m
[32mloggerd[0m [32mencoderd[0m [32mlogmessaged[0m [32mcamerad[0m [32mlogcatd[0m [32mproclogd[0m [32mmicd[0m [32mtimed[0m [32mdmonitoringmodeld[0m [32msensord[0m [32mui[0m [32msoundd[0m [32mlocationd[0m [32mcalibrationd[0m [32mtorqued[0m [32mcontrolsd[0m [32mselfdrived[0m [32mcard[0m [32mdeleter[0m [32mdmonitoringd[0m [32mqcomgpsd[0m [32mpandad[0m [32mparamsd[0m [32mlagd[0m [31mplannerd[0m [32mradard[0m [32mhardwared[0m [32mtombstoned[0m [32muploader[0m [32mstatsd[0m [32mfeedbackd[0m [32mmodeld_tinygrad[0m [32mmapd[0m [32mmapd_manager[0m [32mrtid[0m
[32mloggerd[0m [32mencoderd[0m [32mlogmessaged[0m [32mcamerad[0m [32mlogcatd[0m [32mproclogd[0m [32mmicd[0m [32mtimed[0m [32mdmonitoringmodeld[0m [32msensord[0m [32mui[0m [32msoundd[0m [32mlocationd[0m [32mcalibrationd[0m [32mtorqued[0m [32mcontrolsd[0m [32mselfdrived[0m [32mcard[0m [32mdeleter[0m [32mdmonitoringd[0m [32mqcomgpsd[0m [32mpandad[0m [32mparamsd[0m [32mlagd[0m [31mplannerd[0m [32mradard[0m [32mhardwared[0m [32mtombstoned[0m [32muploader[0m [32mstatsd[0m [32mfeedbackd[0m [32mmodeld_tinygrad[0m [32mmapd[0m [32mmapd_manager[0m [32mrtid[0m
[32mloggerd[0m [32mencoderd[0m [32mlogmessaged[0m [32mcamerad[0m [32mlogcatd[0m [32mproclogd[0m [32mmicd[0m [32mtimed[0m [32mdmonitoringmodeld[0m [32msensord[0m [32mui[0m [32msoundd[0m [32mlocationd[0m [32mcalibrationd[0m [32mtorqued[0m [32mcontrolsd[0m [32mselfdrived[0m [32mcard[0m [32mdeleter[0m [32mdmonitoringd[0m [32mqcomgpsd[0m [32mpandad[0m [32mparamsd[0m [32mlagd[0m [31mplannerd[0m [32mradard[0m [32mhardwared[0m [32mtombstoned[0m [32muploader[0m [32mstatsd[0m [32mfeedbackd[0m [32mmodeld_tinygrad[0m [32mmapd[0m [32mmapd_manager[0m [32mrtid[0m
[32mloggerd[0m [32mencoderd[0m [32mlogmessaged[0m [32mcamerad[0m [32mlogcatd[0m [32mproclogd[0m [32mmicd[0m [32mtimed[0m [32mdmonitoringmodeld[0m [32msensord[0m [32mui[0m [32msoundd[0m [32mlocationd[0m [32mcalibrationd[0m [32mtorqued[0m [32mcontrolsd[0m [32mselfdrived[0m [32mcard[0m [32mdeleter[0m [32mdmonitoringd[0m [32mqcomgpsd[0m [32mpandad[0m [32mparamsd[0m [32mlagd[0m [31mplannerd[0m [32mradard[0m [32mhardwared[0m [32mtombstoned[0m [32muploader[0m [32mstatsd[0m [32mfeedbackd[0m [32mmodeld_tinygrad[0m [32mmapd[0m [32mmapd_manager[0m [32mrtid[0m
[32mloggerd[0m [32mencoderd[0m [32mlogmessaged[0m [32mcamerad[0m [32mlogcatd[0m [32mproclogd[0m [32mmicd[0m [32mtimed[0m [32mdmonitoringmodeld[0m [32msensord[0m [32mui[0m [32msoundd[0m [32mlocationd[0m [32mcalibrationd[0m [32mtorqued[0m [32mcontrolsd[0m [32mselfdrived[0m [32mcard[0m [32mdeleter[0m [32mdmonitoringd[0m [32mqcomgpsd[0m [32mpandad[0m [32mparamsd[0m [32mlagd[0m [31mplannerd[0m [32mradard[0m [32mhardwared[0m [32mtombstoned[0m [32muploader[0m [32mstatsd[0m [32mfeedbackd[0m [32mmodeld_tinygrad[0m [32mmapd[0m [32mmapd_manager[0m [32mrtid[0m
[32mloggerd[0m [32mencoderd[0m [32mlogmessaged[0m [32mcamerad[0m [32mlogcatd[0m [32mproclogd[0m [32mmicd[0m [32mtimed[0m [32mdmonitoringmodeld[0m [32msensord[0m [32mui[0m [32msoundd[0m [32mlocationd[0m [32mcalibrationd[0m [32mtorqued[0m [32mcontrolsd[0m [32mselfdrived[0m [32mcard[0m [32mdeleter[0m [32mdmonitoringd[0m [32mqcomgpsd[0m [32mpandad[0m [32mparamsd[0m [32mlagd[0m [31mplannerd[0m [32mradard[0m [32mhardwared[0m [32mtombstoned[0m [32muploader[0m [32mstatsd[0m [32mfeedbackd[0m [32mmodeld_tinygrad[0m [32mmapd[0m [32mmapd_manager[0m [32mrtid[0m
[32mloggerd[0m [32mencoderd[0m [32mlogmessaged[0m [32mcamerad[0m [32mlogcatd[0m [32mproclogd[0m [32mmicd[0m [32mtimed[0m [32mdmonitoringmodeld[0m [32msensord[0m [32mui[0m [32msoundd[0m [32mlocationd[0m [32mcalibrationd[0m [32mtorqued[0m [32mcontrolsd[0m [32mselfdrived[0m [32mcard[0m [32mdeleter[0m [32mdmonitoringd[0m [32mqcomgpsd[0m [32mpandad[0m [32mparamsd[0m [32mlagd[0m [31mplannerd[0m [32mradard[0m [32mhardwared[0m [32mtombstoned[0m [32muploader[0m [32mstatsd[0m [32mfeedbackd[0m [32mmodeld_tinygrad[0m [32mmapd[0m [32mmapd_manager[0m [32mrtid[0m
[32mloggerd[0m [32mencoderd[0m [32mlogmessaged[0m [32mcamerad[0m [32mlogcatd[0m [32mproclogd[0m [32mmicd[0m [32mtimed[0m [32mdmonitoringmodeld[0m [32msensord[0m [32mui[0m [32msoundd[0m [32mlocationd[0m [32mcalibrationd[0m [32mtorqued[0m [32mcontrolsd[0m [32mselfdrived[0m [32mcard[0m [32mdeleter[0m [32mdmonitoringd[0m [32mqcomgpsd[0m [32mpandad[0m [32mparamsd[0m [32mlagd[0m [31mplannerd[0m [32mradard[0m [32mhardwared[0m [32mtombstoned[0m [32muploader[0m [32mstatsd[0m [32mfeedbackd[0m [32mmodeld_tinygrad[0m [32mmapd[0m [32mmapd_manager[0m [32mrtid[0m
[32mloggerd[0m [32mencoderd[0m [32mlogmessaged[0m [32mcamerad[0m [32mlogcatd[0m [32mproclogd[0m [32mmicd[0m [32mtimed[0m [32mdmonitoringmodeld[0m [32msensord[0m [32mui[0m [32msoundd[0m [32mlocationd[0m [32mcalibrationd[0m [32mtorqued[0m [32mcontrolsd[0m [32mselfdrived[0m [32mcard[0m [32mdeleter[0m [32mdmonitoringd[0m [32mqcomgpsd[0m [32mpandad[0m [32mparamsd[0m [32mlagd[0m [31mplannerd[0m [32mradard[0m [32mhardwared[0m [32mtombstoned[0m [32muploader[0m [32mstatsd[0m [32mfeedbackd[0m [32mmodeld_tinygrad[0m [32mmapd[0m [32mmapd_manager[0m [32mrtid[0m
[32mloggerd[0m [32mencoderd[0m [32mlogmessaged[0m [32mcamerad[0m [32mlogcatd[0m [32mproclogd[0m [32mmicd[0m [32mtimed[0m [32mdmonitoringmodeld[0m [32msensord[0m [32mui[0m [32msoundd[0m [32mlocationd[0m [32mcalibrationd[0m [32mtorqued[0m [32mcontrolsd[0m [32mselfdrived[0m [32mcard[0m [32mdeleter[0m [32mdmonitoringd[0m [32mqcomgpsd[0m [32mpandad[0m [32mparamsd[0m [32mlagd[0m [31mplannerd[0m [32mradard[0m [32mhardwared[0m [32mtombstoned[0m [32muploader[0m [32mstatsd[0m [32mfeedbackd[0m [32mmodeld_tinygrad[0m [32mmapd[0m [32mmapd_manager[0m [32mrtid[0m
RTI cycle took 0.036s
RTI cycle took 0.021s
RTI cycle took 0.019s
RTI cycle took 0.019s
RTI cycle took 0.025s
RTI cycle took 0.021s
RTI cycle took 0.026s
RTI cycle took 0.022s
RTI cycle took 0.026s
RTI cycle took 0.038s
RTI cycle took 0.030s
RTI cycle took 0.027s
RTI cycle took 0.020s
RTI cycle took 0.027s
RTI cycle took 0.030s
RTI cycle took 0.018s
RTI cycle took 0.024s
RTI cycle took 0.019s
RTI cycle took 0.027s
RTI cycle took 0.020s
RTI cycle took 0.021s
RTI cycle took 0.027s
RTI cycle took 0.021s
RTI cycle took 0.016s
RTI cycle took 0.028s
RTI cycle took 0.027s
RTI cycle took 0.038s
RTI cycle took 0.030s
RTI cycle took 0.027s
RTI cycle took 0.020s
RTI cycle took 0.028s
RTI cycle took 0.020s
RTI cycle took 0.027s
RTI cycle took 0.030s
RTI cycle took 0.030s
RTI cycle took 0.025s
RTI cycle took 0.041s
RTI cycle took 0.039s
RTI cycle took 0.017s
RTI cycle took 0.016s
RTI cycle took 0.022s
RTI cycle took 0.021s
RTI cycle took 0.020s
RTI cycle took 0.029s
RTI cycle took 0.018s
RTI cycle took 0.018s
RTI cycle took 0.024s
RTI cycle took 0.021s
RTI cycle took 0.038s
RTI cycle took 0.021s
RTI cycle took 0.026s
RTI cycle took 0.030s
RTI cycle took 0.031s
RTI cycle took 0.025s
RTI cycle took 0.042s
RTI cycle took 0.027s
RTI cycle took 0.021s
RTI cycle took 0.027s
RTI cycle took 0.027s
RTI cycle took 0.033s
RTI cycle took 0.027s
RTI cycle took 0.021s
RTI cycle took 0.026s
RTI cycle took 0.029s
RTI cycle took 0.041s
RTI cycle took 0.027s
RTI cycle took 0.029s
RTI cycle took 0.034s
RTI cycle took 0.019s
RTI cycle took 0.019s
RTI cycle took 0.021s
RTI cycle took 0.026s
RTI cycle took 0.040s
RTI cycle took 0.030s
RTI cycle took 0.018s
RTI cycle took 0.026s
RTI cycle took 0.025s
RTI cycle took 0.022s
RTI cycle took 0.035s
RTI cycle took 0.033s
RTI cycle took 0.034s
RTI cycle took 0.014s
RTI cycle took 0.020s
RTI cycle took 0.019s
RTI cycle took 0.033s
RTI cycle took 0.024s
RTI cycle took 0.028s
RTI cycle took 0.021s
RTI cycle took 0.032s
RTI cycle took 0.016s
RTI cycle took 0.014s
RTI cycle took 0.040s
RTI cycle took 0.014s
RTI cycle took 0.031s
RTI cycle took 0.028s
RTI cycle took 0.032s
RTI cycle took 0.029s
RTI cycle took 0.016s
RTI cycle took 0.034s
RTI cycle took 0.022s
RTI cycle took 0.029s
RTI cycle took 0.021s
RTI cycle took 0.033s
RTI cycle took 0.015s
RTI cycle took 0.019s
RTI cycle took 0.017s
RTI cycle took 0.019s
RTI cycle took 0.010s
RTI cycle took 0.029s
RTI cycle took 0.039s
RTI cycle took 0.029s
RTI cycle took 0.036s
RTI cycle took 0.039s
RTI cycle took 0.014s
RTI cycle took 0.018s
RTI cycle took 0.030s
RTI cycle took 0.029s
RTI cycle took 0.032s
RTI cycle took 0.028s
RTI cycle took 0.027s
RTI cycle took 0.029s
RTI cycle took 0.027s
RTI cycle took 0.020s
RTI cycle took 0.032s
RTI cycle took 0.037s
RTI cycle took 0.045s
RTI cycle took 0.024s
RTI cycle took 0.029s
RTI cycle took 0.029s
RTI cycle took 0.032s
RTI cycle took 0.017s
RTI cycle took 0.023s
RTI cycle took 0.041s
RTI cycle took 0.022s
RTI cycle took 0.026s
RTI cycle took 0.029s
RTI cycle took 0.029s
RTI cycle took 0.019s
RTI cycle took 0.023s
RTI cycle took 0.032s
RTI cycle took 0.014s
RTI cycle took 0.023s
RTI cycle took 0.041s
RTI cycle took 0.019s
RTI cycle took 0.030s
RTI cycle took 0.018s
RTI cycle took 0.018s
RTI cycle took 0.023s
RTI cycle took 0.014s
RTI cycle took 0.017s
RTI cycle took 0.034s
RTI cycle took 0.021s
RTI cycle took 0.024s
RTI cycle took 0.026s
RTI cycle took 0.028s
RTI cycle took 0.020s
RTI cycle took 0.028s
RTI cycle took 0.027s
RTI cycle took 0.029s
RTI cycle took 0.037s
RTI cycle took 0.023s
RTI cycle took 0.028s
RTI cycle took 0.021s
RTI cycle took 0.028s
RTI cycle took 0.030s
RTI cycle took 0.032s
RTI cycle took 0.016s
RTI cycle took 0.023s
RTI cycle took 0.020s
RTI cycle took 0.027s
RTI cycle took 0.038s
RTI cycle took 0.022s
RTI cycle took 0.027s
RTI cycle took 0.022s
RTI cycle took 0.037s
RTI cycle took 0.020s
RTI cycle took 0.019s
RTI cycle took 0.028s
RTI cycle took 0.019s
RTI cycle took 0.028s
RTI cycle took 0.030s
RTI cycle took 0.032s
RTI cycle took 0.025s
RTI cycle took 0.027s
RTI cycle took 0.022s
RTI cycle took 0.024s
RTI cycle took 0.022s
RTI cycle took 0.027s
RTI cycle took 0.014s
RTI cycle took 0.028s
RTI cycle took 0.024s
RTI cycle took 0.039s
RTI cycle took 0.016s
RTI cycle took 0.026s
RTI cycle took 0.018s
RTI cycle took 0.020s
RTI cycle took 0.025s
RTI cycle took 0.021s
RTI cycle took 0.045s
RTI cycle took 0.013s
RTI cycle took 0.027s
RTI cycle took 0.022s
RTI cycle took 0.027s
RTI cycle took 0.023s
RTI cycle took 0.028s
RTI cycle took 0.047s
RTI cycle took 0.048s
RTI cycle took 0.024s
RTI cycle took 0.040s
RTI cycle took 0.038s
RTI cycle took 0.032s
RTI cycle took 0.024s
RTI cycle took 0.043s
RTI cycle took 0.045s
RTI cycle took 0.020s
RTI cycle took 0.021s
RTI cycle took 0.036s
RTI cycle took 0.027s
RTI cycle took 0.025s
RTI cycle took 0.020s
RTI cycle took 0.040s
RTI cycle took 0.043s
RTI cycle took 0.027s
RTI cycle took 0.032s
RTI cycle took 0.025s
RTI cycle took 0.027s
RTI cycle took 0.037s
RTI cycle took 0.023s
RTI cycle took 0.029s
[32mloggerd[0m [32mencoderd[0m [32mlogmessaged[0m [32mcamerad[0m [32mlogcatd[0m [32mproclogd[0m [32mmicd[0m [32mtimed[0m [32mdmonitoringmodeld[0m [32msensord[0m [32mui[0m [32msoundd[0m [32mlocationd[0m [32mcalibrationd[0m [32mtorqued[0m [32mcontrolsd[0m [32mselfdrived[0m [32mcard[0m [32mdeleter[0m [32mdmonitoringd[0m [32mqcomgpsd[0m [32mpandad[0m [32mparamsd[0m [32mlagd[0m [31mplannerd[0m [32mradard[0m [32mhardwared[0m [32mtombstoned[0m [32muploader[0m [32mstatsd[0m [32mfeedbackd[0m [32mmodeld_tinygrad[0m [32mmapd[0m [32mmapd_manager[0m [32mrtid[0m
[32mloggerd[0m [32mencoderd[0m [32mlogmessaged[0m [32mcamerad[0m [32mlogcatd[0m [32mproclogd[0m [32mmicd[0m [32mtimed[0m [32mdmonitoringmodeld[0m [32msensord[0m [32mui[0m [32msoundd[0m [32mlocationd[0m [32mcalibrationd[0m [32mtorqued[0m [32mcontrolsd[0m [32mselfdrived[0m [32mcard[0m [32mdeleter[0m [32mdmonitoringd[0m [32mqcomgpsd[0m [32mpandad[0m [32mparamsd[0m [32mlagd[0m [31mplannerd[0m [32mradard[0m [32mhardwared[0m [32mtombstoned[0m [32muploader[0m [32mstatsd[0m [32mfeedbackd[0m [32mmodeld_tinygrad[0m [32mmapd[0m [32mmapd_manager[0m [32mrtid[0m
[32mloggerd[0m [32mencoderd[0m [32mlogmessaged[0m [32mcamerad[0m [32mlogcatd[0m [32mproclogd[0m [32mmicd[0m [32mtimed[0m [32mdmonitoringmodeld[0m [32msensord[0m [32mui[0m [32msoundd[0m [32mlocationd[0m [32mcalibrationd[0m [32mtorqued[0m [32mcontrolsd[0m [32mselfdrived[0m [32mcard[0m [32mdeleter[0m [32mdmonitoringd[0m [32mqcomgpsd[0m [32mpandad[0m [32mparamsd[0m [32mlagd[0m [31mplannerd[0m [32mradard[0m [32mhardwared[0m [32mtombstoned[0m [32muploader[0m [32mstatsd[0m [32mfeedbackd[0m [32mmodeld_tinygrad[0m [32mmapd[0m [32mmapd_manager[0m [32mrtid[0m
[32mloggerd[0m [32mencoderd[0m [32mlogmessaged[0m [32mcamerad[0m [32mlogcatd[0m [32mproclogd[0m [32mmicd[0m [32mtimed[0m [32mdmonitoringmodeld[0m [32msensord[0m [32mui[0m [32msoundd[0m [32mlocationd[0m [32mcalibrationd[0m [32mtorqued[0m [32mcontrolsd[0m [32mselfdrived[0m [32mcard[0m [32mdeleter[0m [32mdmonitoringd[0m [32mqcomgpsd[0m [32mpandad[0m [32mparamsd[0m [32mlagd[0m [31mplannerd[0m [32mradard[0m [32mhardwared[0m [32mtombstoned[0m [32muploader[0m [32mstatsd[0m [32mfeedbackd[0m [32mmodeld_tinygrad[0m [32mmapd[0m [32mmapd_manager[0m [32mrtid[0m
[32mloggerd[0m [32mencoderd[0m [32mlogmessaged[0m [32mcamerad[0m [32mlogcatd[0m [32mproclogd[0m [32mmicd[0m [32mtimed[0m [32mdmonitoringmodeld[0m [32msensord[0m [32mui[0m [32msoundd[0m [32mlocationd[0m [32mcalibrationd[0m [32mtorqued[0m [32mcontrolsd[0m [32mselfdrived[0m [32mcard[0m [32mdeleter[0m [32mdmonitoringd[0m [32mqcomgpsd[0m [32mpandad[0m [32mparamsd[0m [32mlagd[0m [31mplannerd[0m [32mradard[0m [32mhardwared[0m [32mtombstoned[0m [32muploader[0m [32mstatsd[0m [32mfeedbackd[0m [32mmodeld_tinygrad[0m [32mmapd[0m [32mmapd_manager[0m [32mrtid[0m
[32mloggerd[0m [32mencoderd[0m [32mlogmessaged[0m [32mcamerad[0m [32mlogcatd[0m [32mproclogd[0m [32mmicd[0m [32mtimed[0m [32mdmonitoringmodeld[0m [32msensord[0m [32mui[0m [32msoundd[0m [32mlocationd[0m [32mcalibrationd[0m [32mtorqued[0m [32mcontrolsd[0m [32mselfdrived[0m [32mcard[0m [32mdeleter[0m [32mdmonitoringd[0m [32mqcomgpsd[0m [32mpandad[0m [32mparamsd[0m [32mlagd[0m [31mplannerd[0m [32mradard[0m [32mhardwared[0m [32mtombstoned[0m [32muploader[0m [32mstatsd[0m [32mfeedbackd[0m [32mmodeld_tinygrad[0m [32mmapd[0m [32mmapd_manager[0m [32mrtid[0m
[32mloggerd[0m [32mencoderd[0m [32mlogmessaged[0m [32mcamerad[0m [32mlogcatd[0m [32mproclogd[0m [32mmicd[0m [32mtimed[0m [32mdmonitoringmodeld[0m [32msensord[0m [32mui[0m [32msoundd[0m [32mlocationd[0m [32mcalibrationd[0m [32mtorqued[0m [32mcontrolsd[0m [32mselfdrived[0m [32mcard[0m [32mdeleter[0m [32mdmonitoringd[0m [32mqcomgpsd[0m [32mpandad[0m [32mparamsd[0m [32mlagd[0m [31mplannerd[0m [32mradard[0m [32mhardwared[0m [32mtombstoned[0m [32muploader[0m [32mstatsd[0m [32mfeedbackd[0m [32mmodeld_tinygrad[0m [32mmapd[0m [32mmapd_manager[0m [32mrtid[0m
[32mloggerd[0m [32mencoderd[0m [32mlogmessaged[0m [32mcamerad[0m [32mlogcatd[0m [32mproclogd[0m [32mmicd[0m [32mtimed[0m [32mdmonitoringmodeld[0m [32msensord[0m [32mui[0m [32msoundd[0m [32mlocationd[0m [32mcalibrationd[0m [32mtorqued[0m [32mcontrolsd[0m [32mselfdrived[0m [32mcard[0m [32mdeleter[0m [32mdmonitoringd[0m [32mqcomgpsd[0m [32mpandad[0m [32mparamsd[0m [32mlagd[0m [31mplannerd[0m [32mradard[0m [32mhardwared[0m [32mtombstoned[0m [32muploader[0m [32mstatsd[0m [32mfeedbackd[0m [32mmodeld_tinygrad[0m [32mmapd[0m [32mmapd_manager[0m [32mrtid[0m
[32mloggerd[0m [32mencoderd[0m [32mlogmessaged[0m [32mcamerad[0m [32mlogcatd[0m [32mproclogd[0m [32mmicd[0m [32mtimed[0m [32mdmonitoringmodeld[0m [32msensord[0m [32mui[0m [32msoundd[0m [32mlocationd[0m [32mcalibrationd[0m [32mtorqued[0m [32mcontrolsd[0m [32mselfdrived[0m [32mcard[0m [32mdeleter[0m [32mdmonitoringd[0m [32mqcomgpsd[0m [32mpandad[0m [32mparamsd[0m [32mlagd[0m [31mplannerd[0m [32mradard[0m [32mhardwared[0m [32mtombstoned[0m [32muploader[0m [32mstatsd[0m [32mfeedbackd[0m [32mmodeld_tinygrad[0m [32mmapd[0m [32mmapd_manager[0m [32mrtid[0m
[32mloggerd[0m [32mencoderd[0m [32mlogmessaged[0m [32mcamerad[0m [32mlogcatd[0m [32mproclogd[0m [32mmicd[0m [32mtimed[0m [32mdmonitoringmodeld[0m [32msensord[0m [32mui[0m [32msoundd[0m [32mlocationd[0m [32mcalibrationd[0m [32mtorqued[0m [32mcontrolsd[0m [32mselfdrived[0m [32mcard[0m [32mdeleter[0m [32mdmonitoringd[0m [32mqcomgpsd[0m [32mpandad[0m [32mparamsd[0m [32mlagd[0m [31mplannerd[0m [32mradard[0m [32mhardwared[0m [32mtombstoned[0m [32muploader[0m [32mstatsd[0m [32mfeedbackd[0m [32mmodeld_tinygrad[0m [32mmapd[0m [32mmapd_manager[0m [32mrtid[0m
[32mloggerd[0m [32mencoderd[0m [32mlogmessaged[0m [32mcamerad[0m [32mlogcatd[0m [32mproclogd[0m [32mmicd[0m [32mtimed[0m [32mdmonitoringmodeld[0m [32msensord[0m [32mui[0m [32msoundd[0m [32mlocationd[0m [32mcalibrationd[0m [32mtorqued[0m [32mcontrolsd[0m [32mselfdrived[0m [32mcard[0m [32mdeleter[0m [32mdmonitoringd[0m [32mqcomgpsd[0m [32mpandad[0m [32mparamsd[0m [32mlagd[0m [31mplannerd[0m [32mradard[0m [32mhardwared[0m [32mtombstoned[0m [32muploader[0m [32mstatsd[0m [32mfeedbackd[0m [32mmodeld_tinygrad[0m [32mmapd[0m [32mmapd_manager[0m [32mrtid[0m
[32mloggerd[0m [32mencoderd[0m [32mlogmessaged[0m [32mcamerad[0m [32mlogcatd[0m [32mproclogd[0m [32mmicd[0m [32mtimed[0m [32mdmonitoringmodeld[0m [32msensord[0m [32mui[0m [32msoundd[0m [32mlocationd[0m [32mcalibrationd[0m [32mtorqued[0m [32mcontrolsd[0m [32mselfdrived[0m [32mcard[0m [32mdeleter[0m [32mdmonitoringd[0m [32mqcomgpsd[0m [32mpandad[0m [32mparamsd[0m [32mlagd[0m [31mplannerd[0m [32mradard[0m [32mhardwared[0m [32mtombstoned[0m [32muploader[0m [32mstatsd[0m [32mfeedbackd[0m [32mmodeld_tinygrad[0m [32mmapd[0m [32mmapd_manager[0m [32mrtid[0m
[32mloggerd[0m [32mencoderd[0m [32mlogmessaged[0m [32mcamerad[0m [32mlogcatd[0m [32mproclogd[0m [32mmicd[0m [32mtimed[0m [32mdmonitoringmodeld[0m [32msensord[0m [32mui[0m [32msoundd[0m [32mlocationd[0m [32mcalibrationd[0m [32mtorqued[0m [32mcontrolsd[0m [32mselfdrived[0m [32mcard[0m [32mdeleter[0m [32mdmonitoringd[0m [32mqcomgpsd[0m [32mpandad[0m [32mparamsd[0m [32mlagd[0m [31mplannerd[0m [32mradard[0m [32mhardwared[0m [32mtombstoned[0m [32muploader[0m [32mstatsd[0m [32mfeedbackd[0m [32mmodeld_tinygrad[0m [32mmapd[0m [32mmapd_manager[0m [32mrtid[0m
RTI cycle took 0.028s
RTI cycle took 0.030s
RTI cycle took 0.018s
RTI cycle took 0.025s
RTI cycle took 0.034s
RTI cycle took 0.027s
RTI cycle took 0.030s
RTI cycle took 0.027s
RTI cycle took 0.028s
RTI cycle took 0.021s
RTI cycle took 0.039s
RTI cycle took 0.025s
RTI cycle took 0.023s
RTI cycle took 0.038s
RTI cycle took 0.018s
RTI cycle took 0.025s
RTI cycle took 0.046s
RTI cycle took 0.032s
RTI cycle took 0.032s
RTI cycle took 0.037s
RTI cycle took 0.028s
RTI cycle took 0.035s
RTI cycle took 0.056s
RTI cycle took 0.032s
RTI cycle took 0.022s
RTI cycle took 0.027s
RTI cycle took 0.033s
RTI cycle took 0.026s
RTI cycle took 0.041s
RTI cycle took 0.017s
RTI cycle took 0.036s
RTI cycle took 0.039s
RTI cycle took 0.030s
RTI cycle took 0.028s
RTI cycle took 0.029s
RTI cycle took 0.019s
RTI cycle took 0.029s
RTI cycle took 0.025s
RTI cycle took 0.029s
RTI cycle took 0.024s
RTI cycle took 0.030s
RTI cycle took 0.039s
RTI cycle took 0.024s
RTI cycle took 0.030s
RTI cycle took 0.027s
RTI cycle took 0.026s
RTI cycle took 0.040s
RTI cycle took 0.042s
RTI cycle took 0.047s
RTI cycle took 0.015s
RTI cycle took 0.034s
RTI cycle took 0.030s
RTI cycle took 0.035s
RTI cycle took 0.027s
RTI cycle took 0.015s
RTI cycle took 0.013s
RTI cycle took 0.022s
RTI cycle took 0.040s
RTI cycle took 0.028s
RTI cycle took 0.028s
RTI cycle took 0.019s
RTI cycle took 0.039s
RTI cycle took 0.028s
RTI cycle took 0.043s
RTI cycle took 0.026s
RTI cycle took 0.022s
RTI cycle took 0.026s
RTI cycle took 0.025s
RTI cycle took 0.025s
RTI cycle took 0.021s
RTI cycle took 0.029s
RTI cycle took 0.020s
RTI cycle took 0.019s
RTI cycle took 0.015s
RTI cycle took 0.023s
RTI cycle took 0.020s
RTI cycle took 0.027s
RTI cycle took 0.021s
RTI cycle took 0.028s
RTI cycle took 0.028s
RTI cycle took 0.030s
RTI cycle took 0.027s
RTI cycle took 0.041s
RTI cycle took 0.042s
RTI cycle took 0.030s
RTI cycle took 0.026s
RTI cycle took 0.029s
RTI cycle took 0.020s
RTI cycle took 0.028s
RTI cycle took 0.019s
RTI cycle took 0.018s
RTI cycle took 0.018s
RTI cycle took 0.013s
RTI cycle took 0.030s
RTI cycle took 0.030s
RTI cycle took 0.027s
RTI cycle took 0.033s
RTI cycle took 0.016s
RTI cycle took 0.016s
RTI cycle took 0.035s
RTI cycle took 0.028s
RTI cycle took 0.029s
RTI cycle took 0.029s
RTI cycle took 0.032s
RTI cycle took 0.027s
RTI cycle took 0.029s
RTI cycle took 0.028s
RTI cycle took 0.018s
RTI cycle took 0.019s
RTI cycle took 0.025s
RTI cycle took 0.028s
RTI cycle took 0.028s
RTI cycle took 0.032s
RTI cycle took 0.028s
RTI cycle took 0.029s
RTI cycle took 0.021s
RTI cycle took 0.039s
RTI cycle took 0.031s
RTI cycle took 0.028s
RTI cycle took 0.021s
RTI cycle took 0.026s
RTI cycle took 0.022s
RTI cycle took 0.027s
RTI cycle took 0.022s
RTI cycle took 0.027s
RTI cycle took 0.030s
RTI cycle took 0.018s
RTI cycle took 0.023s
RTI cycle took 0.041s
RTI cycle took 0.016s
RTI cycle took 0.016s
RTI cycle took 0.023s
RTI cycle took 0.033s
RTI cycle took 0.027s
RTI cycle took 0.031s
RTI cycle took 0.026s
RTI cycle took 0.028s
RTI cycle took 0.021s
RTI cycle took 0.028s
RTI cycle took 0.039s
RTI cycle took 0.030s
RTI cycle took 0.021s
RTI cycle took 0.028s
RTI cycle took 0.018s
RTI cycle took 0.018s
RTI cycle took 0.018s
RTI cycle took 0.025s
RTI cycle took 0.029s
RTI cycle took 0.029s
RTI cycle took 0.028s
RTI cycle took 0.031s
RTI cycle took 0.016s
RTI cycle took 0.028s
RTI cycle took 0.027s
RTI cycle took 0.029s
RTI cycle took 0.020s
RTI cycle took 0.038s
RTI cycle took 0.019s
RTI cycle took 0.026s
RTI cycle took 0.021s
RTI cycle took 0.011s
RTI cycle took 0.022s
RTI cycle took 0.022s
RTI cycle took 0.021s
RTI cycle took 0.027s
RTI cycle took 0.027s
RTI cycle took 0.021s
RTI cycle took 0.028s
RTI cycle took 0.029s
RTI cycle took 0.032s
RTI cycle took 0.016s
RTI cycle took 0.015s
RTI cycle took 0.024s
RTI cycle took 0.032s
RTI cycle took 0.015s
RTI cycle took 0.030s
RTI cycle took 0.019s
RTI cycle took 0.018s
RTI cycle took 0.028s
RTI cycle took 0.017s
RTI cycle took 0.028s
RTI cycle took 0.027s
RTI cycle took 0.020s
RTI cycle took 0.039s
RTI cycle took 0.022s
RTI cycle took 0.030s
RTI cycle took 0.024s
RTI cycle took 0.031s
RTI cycle took 0.018s
RTI cycle took 0.028s
RTI cycle took 0.028s
RTI cycle took 0.021s
RTI cycle took 0.026s
RTI cycle took 0.021s
RTI cycle took 0.029s
RTI cycle took 0.032s
RTI cycle took 0.028s
RTI cycle took 0.022s
RTI cycle took 0.026s
RTI cycle took 0.021s
RTI cycle took 0.034s
RTI cycle took 0.021s
RTI cycle took 0.043s
RTI cycle took 0.027s
RTI cycle took 0.021s
RTI cycle took 0.028s
RTI cycle took 0.027s
RTI cycle took 0.029s
RTI cycle took 0.040s
RTI cycle took 0.021s
RTI cycle took 0.027s
RTI cycle took 0.028s
RTI cycle took 0.019s
RTI cycle took 0.025s
RTI cycle took 0.021s
RTI cycle took 0.028s
RTI cycle took 0.030s
RTI cycle took 0.017s
RTI cycle took 0.018s
RTI cycle took 0.034s
RTI cycle took 0.023s
RTI cycle took 0.015s
RTI cycle took 0.015s
RTI cycle took 0.025s
RTI cycle took 0.029s
RTI cycle took 0.017s
RTI cycle took 0.040s
RTI cycle took 0.015s
[32mloggerd[0m [32mencoderd[0m [32mlogmessaged[0m [32mcamerad[0m [32mlogcatd[0m [32mproclogd[0m [32mmicd[0m [32mtimed[0m [32mdmonitoringmodeld[0m [32msensord[0m [32mui[0m [32msoundd[0m [32mlocationd[0m [32mcalibrationd[0m [32mtorqued[0m [32mcontrolsd[0m [32mselfdrived[0m [32mcard[0m [32mdeleter[0m [32mdmonitoringd[0m [32mqcomgpsd[0m [32mpandad[0m [32mparamsd[0m [32mlagd[0m [31mplannerd[0m [32mradard[0m [32mhardwared[0m [32mtombstoned[0m [32muploader[0m [32mstatsd[0m [32mfeedbackd[0m [32mmodeld_tinygrad[0m [32mmapd[0m [32mmapd_manager[0m [32mrtid[0m
[32mloggerd[0m [32mencoderd[0m [32mlogmessaged[0m [32mcamerad[0m [32mlogcatd[0m [32mproclogd[0m [32mmicd[0m [32mtimed[0m [32mdmonitoringmodeld[0m [32msensord[0m [32mui[0m [32msoundd[0m [32mlocationd[0m [32mcalibrationd[0m [32mtorqued[0m [32mcontrolsd[0m [32mselfdrived[0m [32mcard[0m [32mdeleter[0m [32mdmonitoringd[0m [32mqcomgpsd[0m [32mpandad[0m [32mparamsd[0m [32mlagd[0m [31mplannerd[0m [32mradard[0m [32mhardwared[0m [32mtombstoned[0m [32muploader[0m [32mstatsd[0m [32mfeedbackd[0m [32mmodeld_tinygrad[0m [32mmapd[0m [32mmapd_manager[0m [32mrtid[0m
[32mloggerd[0m [32mencoderd[0m [32mlogmessaged[0m [32mcamerad[0m [32mlogcatd[0m [32mproclogd[0m [32mmicd[0m [32mtimed[0m [32mdmonitoringmodeld[0m [32msensord[0m [32mui[0m [32msoundd[0m [32mlocationd[0m [32mcalibrationd[0m [32mtorqued[0m [32mcontrolsd[0m [32mselfdrived[0m [32mcard[0m [32mdeleter[0m [32mdmonitoringd[0m [32mqcomgpsd[0m [32mpandad[0m [32mparamsd[0m [32mlagd[0m [31mplannerd[0m [32mradard[0m [32mhardwared[0m [32mtombstoned[0m [32muploader[0m [32mstatsd[0m [32mfeedbackd[0m [32mmodeld_tinygrad[0m [32mmapd[0m [32mmapd_manager[0m [32mrtid[0m
[32mloggerd[0m [32mencoderd[0m [32mlogmessaged[0m [32mcamerad[0m [32mlogcatd[0m [32mproclogd[0m [32mmicd[0m [32mtimed[0m [32mdmonitoringmodeld[0m [32msensord[0m [32mui[0m [32msoundd[0m [32mlocationd[0m [32mcalibrationd[0m [32mtorqued[0m [32mcontrolsd[0m [32mselfdrived[0m [32mcard[0m [32mdeleter[0m [32mdmonitoringd[0m [32mqcomgpsd[0m [32mpandad[0m [32mparamsd[0m [32mlagd[0m [31mplannerd[0m [32mradard[0m [32mhardwared[0m [32mtombstoned[0m [32muploader[0m [32mstatsd[0m [32mfeedbackd[0m [32mmodeld_tinygrad[0m [32mmapd[0m [32mmapd_manager[0m [32mrtid[0m
[32mloggerd[0m [32mencoderd[0m [32mlogmessaged[0m [32mcamerad[0m [32mlogcatd[0m [32mproclogd[0m [32mmicd[0m [32mtimed[0m [32mdmonitoringmodeld[0m [32msensord[0m [32mui[0m [32msoundd[0m [32mlocationd[0m [32mcalibrationd[0m [32mtorqued[0m [32mcontrolsd[0m [32mselfdrived[0m [32mcard[0m [32mdeleter[0m [32mdmonitoringd[0m [32mqcomgpsd[0m [32mpandad[0m [32mparamsd[0m [32mlagd[0m [31mplannerd[0m [32mradard[0m [32mhardwared[0m [32mtombstoned[0m [32muploader[0m [32mstatsd[0m [32mfeedbackd[0m [32mmodeld_tinygrad[0m [32mmapd[0m [32mmapd_manager[0m [32mrtid[0m
[32mloggerd[0m [32mencoderd[0m [32mlogmessaged[0m [32mcamerad[0m [32mlogcatd[0m [32mproclogd[0m [32mmicd[0m [32mtimed[0m [32mdmonitoringmodeld[0m [32msensord[0m [32mui[0m [32msoundd[0m [32mlocationd[0m [32mcalibrationd[0m [32mtorqued[0m [32mcontrolsd[0m [32mselfdrived[0m [32mcard[0m [32mdeleter[0m [32mdmonitoringd[0m [32mqcomgpsd[0m [32mpandad[0m [32mparamsd[0m [32mlagd[0m [31mplannerd[0m [32mradard[0m [32mhardwared[0m [32mtombstoned[0m [32muploader[0m [32mstatsd[0m [32mfeedbackd[0m [32mmodeld_tinygrad[0m [32mmapd[0m [32mmapd_manager[0m [32mrtid[0m
[32mloggerd[0m [32mencoderd[0m [32mlogmessaged[0m [32mcamerad[0m [32mlogcatd[0m [32mproclogd[0m [32mmicd[0m [32mtimed[0m [32mdmonitoringmodeld[0m [32msensord[0m [32mui[0m [32msoundd[0m [32mlocationd[0m [32mcalibrationd[0m [32mtorqued[0m [32mcontrolsd[0m [32mselfdrived[0m [32mcard[0m [32mdeleter[0m [32mdmonitoringd[0m [32mqcomgpsd[0m [32mpandad[0m [32mparamsd[0m [32mlagd[0m [31mplannerd[0m [32mradard[0m [32mhardwared[0m [32mtombstoned[0m [32muploader[0m [32mstatsd[0m [32mfeedbackd[0m [32mmodeld_tinygrad[0m [32mmapd[0m [32mmapd_manager[0m [32mrtid[0m
[32mloggerd[0m [32mencoderd[0m [32mlogmessaged[0m [32mcamerad[0m [32mlogcatd[0m [32mproclogd[0m [32mmicd[0m [32mtimed[0m [32mdmonitoringmodeld[0m [32msensord[0m [32mui[0m [32msoundd[0m [32mlocationd[0m [32mcalibrationd[0m [32mtorqued[0m [32mcontrolsd[0m [32mselfdrived[0m [32mcard[0m [32mdeleter[0m [32mdmonitoringd[0m [32mqcomgpsd[0m [32mpandad[0m [32mparamsd[0m [32mlagd[0m [31mplannerd[0m [32mradard[0m [32mhardwared[0m [32mtombstoned[0m [32muploader[0m [32mstatsd[0m [32mfeedbackd[0m [32mmodeld_tinygrad[0m [32mmapd[0m [32mmapd_manager[0m [32mrtid[0m
[32mloggerd[0m [32mencoderd[0m [32mlogmessaged[0m [32mcamerad[0m [32mlogcatd[0m [32mproclogd[0m [32mmicd[0m [32mtimed[0m [32mdmonitoringmodeld[0m [32msensord[0m [32mui[0m [32msoundd[0m [32mlocationd[0m [32mcalibrationd[0m [32mtorqued[0m [32mcontrolsd[0m [32mselfdrived[0m [32mcard[0m [32mdeleter[0m [32mdmonitoringd[0m [32mqcomgpsd[0m [32mpandad[0m [32mparamsd[0m [32mlagd[0m [31mplannerd[0m [32mradard[0m [32mhardwared[0m [32mtombstoned[0m [32muploader[0m [32mstatsd[0m [32mfeedbackd[0m [32mmodeld_tinygrad[0m [32mmapd[0m [32mmapd_manager[0m [32mrtid[0m
[32mloggerd[0m [32mencoderd[0m [32mlogmessaged[0m [32mcamerad[0m [32mlogcatd[0m [32mproclogd[0m [32mmicd[0m [32mtimed[0m [32mdmonitoringmodeld[0m [32msensord[0m [32mui[0m [32msoundd[0m [32mlocationd[0m [32mcalibrationd[0m [32mtorqued[0m [32mcontrolsd[0m [32mselfdrived[0m [32mcard[0m [32mdeleter[0m [32mdmonitoringd[0m [32mqcomgpsd[0m [32mpandad[0m [32mparamsd[0m [32mlagd[0m [31mplannerd[0m [32mradard[0m [32mhardwared[0m [32mtombstoned[0m [32muploader[0m [32mstatsd[0m [32mfeedbackd[0m [32mmodeld_tinygrad[0m [32mmapd[0m [32mmapd_manager[0m [32mrtid[0m
[32mloggerd[0m [32mencoderd[0m [32mlogmessaged[0m [32mcamerad[0m [32mlogcatd[0m [32mproclogd[0m [32mmicd[0m [32mtimed[0m [32mdmonitoringmodeld[0m [32msensord[0m [32mui[0m [32msoundd[0m [32mlocationd[0m [32mcalibrationd[0m [32mtorqued[0m [32mcontrolsd[0m [32mselfdrived[0m [32mcard[0m [32mdeleter[0m [32mdmonitoringd[0m [32mqcomgpsd[0m [32mpandad[0m [32mparamsd[0m [32mlagd[0m [31mplannerd[0m [32mradard[0m [32mhardwared[0m [32mtombstoned[0m [32muploader[0m [32mstatsd[0m [32mfeedbackd[0m [32mmodeld_tinygrad[0m [32mmapd[0m [32mmapd_manager[0m [32mrtid[0m
[32mloggerd[0m [32mencoderd[0m [32mlogmessaged[0m [32mcamerad[0m [32mlogcatd[0m [32mproclogd[0m [32mmicd[0m [32mtimed[0m [32mdmonitoringmodeld[0m [32msensord[0m [32mui[0m [32msoundd[0m [32mlocationd[0m [32mcalibrationd[0m [32mtorqued[0m [32mcontrolsd[0m [32mselfdrived[0m [32mcard[0m [32mdeleter[0m [32mdmonitoringd[0m [32mqcomgpsd[0m [32mpandad[0m [32mparamsd[0m [32mlagd[0m [31mplannerd[0m [32mradard[0m [32mhardwared[0m [32mtombstoned[0m [32muploader[0m [32mstatsd[0m [32mfeedbackd[0m [32mmodeld_tinygrad[0m [32mmapd[0m [32mmapd_manager[0m [32mrtid[0m
[32mloggerd[0m [32mencoderd[0m [32mlogmessaged[0m [32mcamerad[0m [32mlogcatd[0m [32mproclogd[0m [32mmicd[0m [32mtimed[0m [32mdmonitoringmodeld[0m [32msensord[0m [32mui[0m [32msoundd[0m [32mlocationd[0m [32mcalibrationd[0m [32mtorqued[0m [32mcontrolsd[0m [32mselfdrived[0m [32mcard[0m [32mdeleter[0m [32mdmonitoringd[0m [32mqcomgpsd[0m [32mpandad[0m [32mparamsd[0m [32mlagd[0m [31mplannerd[0m [32mradard[0m [32mhardwared[0m [32mtombstoned[0m [32muploader[0m [32mstatsd[0m [32mfeedbackd[0m [32mmodeld_tinygrad[0m [32mmapd[0m [32mmapd_manager[0m [32mrtid[0m
RTI cycle took 0.032s
RTI cycle took 0.020s
RTI cycle took 0.022s
RTI cycle took 0.030s
RTI cycle took 0.026s
RTI cycle took 0.029s
RTI cycle took 0.012s
RTI cycle took 0.018s
RTI cycle took 0.025s
RTI cycle took 0.028s
RTI cycle took 0.027s
RTI cycle took 0.020s
RTI cycle took 0.028s
RTI cycle took 0.039s
RTI cycle took 0.023s
RTI cycle took 0.018s
RTI cycle took 0.024s
RTI cycle took 0.022s
RTI cycle took 0.028s
RTI cycle took 0.022s
RTI cycle took 0.043s
RTI cycle took 0.038s
RTI cycle took 0.027s
RTI cycle took 0.041s
RTI cycle took 0.025s
RTI cycle took 0.040s
RTI cycle took 0.020s
RTI cycle took 0.028s
RTI cycle took 0.029s
RTI cycle took 0.018s
RTI cycle took 0.017s
RTI cycle took 0.024s
RTI cycle took 0.017s
RTI cycle took 0.019s
RTI cycle took 0.023s
RTI cycle took 0.031s
RTI cycle took 0.023s
RTI cycle took 0.020s
RTI cycle took 0.040s
RTI cycle took 0.022s
RTI cycle took 0.029s
RTI cycle took 0.024s
RTI cycle took 0.025s
RTI cycle took 0.027s
RTI cycle took 0.021s
RTI cycle took 0.042s
RTI cycle took 0.029s
RTI cycle took 0.028s
RTI cycle took 0.031s
RTI cycle took 0.018s
RTI cycle took 0.015s
RTI cycle took 0.017s
RTI cycle took 0.028s
RTI cycle took 0.025s
RTI cycle took 0.028s
RTI cycle took 0.040s
RTI cycle took 0.020s
RTI cycle took 0.041s
RTI cycle took 0.038s
RTI cycle took 0.026s
RTI cycle took 0.031s
RTI cycle took 0.041s
RTI cycle took 0.037s
RTI cycle took 0.027s
RTI cycle took 0.032s
RTI cycle took 0.018s
RTI cycle took 0.027s
RTI cycle took 0.043s
RTI cycle took 0.032s
RTI cycle took 0.044s
RTI cycle took 0.030s
RTI cycle took 0.028s
RTI cycle took 0.028s
RTI cycle took 0.041s
RTI cycle took 0.019s
RTI cycle took 0.027s
RTI cycle took 0.040s
RTI cycle took 0.026s
RTI cycle took 0.037s
RTI cycle took 0.020s
RTI cycle took 0.040s
RTI cycle took 0.037s
RTI cycle took 0.032s
RTI cycle took 0.030s
RTI cycle took 0.049s
RTI cycle took 0.020s
RTI cycle took 0.038s
RTI cycle took 0.047s
RTI cycle took 0.019s
RTI cycle took 0.048s
RTI cycle took 0.039s
RTI cycle took 0.017s
RTI cycle took 0.016s
RTI cycle took 0.023s
RTI cycle took 0.032s
RTI cycle took 0.029s
RTI cycle took 0.027s
RTI cycle took 0.040s
RTI cycle took 0.031s
RTI cycle took 0.014s
RTI cycle took 0.037s
stats dir full
RTI cycle took 0.020s
RTI cycle took 0.032s
RTI cycle took 0.032s
RTI cycle took 0.021s
RTI cycle took 0.032s
RTI cycle took 0.026s
RTI cycle took 0.032s
RTI cycle took 0.017s
RTI cycle took 0.017s
RTI cycle took 0.022s
RTI cycle took 0.022s
RTI cycle took 0.028s
RTI cycle took 0.030s
RTI cycle took 0.038s
RTI cycle took 0.015s
RTI cycle took 0.027s
RTI cycle took 0.026s
RTI cycle took 0.032s
RTI cycle took 0.018s
RTI cycle took 0.018s
RTI cycle took 0.012s
RTI cycle took 0.021s
RTI cycle took 0.019s
RTI cycle took 0.029s
RTI cycle took 0.025s
RTI cycle took 0.022s
RTI cycle took 0.036s
RTI cycle took 0.022s
RTI cycle took 0.017s
RTI cycle took 0.018s
RTI cycle took 0.014s
RTI cycle took 0.031s
RTI cycle took 0.021s
RTI cycle took 0.028s
RTI cycle took 0.030s
RTI cycle took 0.029s
RTI cycle took 0.030s
RTI cycle took 0.018s
RTI cycle took 0.026s
RTI cycle took 0.029s
RTI cycle took 0.019s
RTI cycle took 0.016s
RTI cycle took 0.025s
RTI cycle took 0.018s
RTI cycle took 0.028s
RTI cycle took 0.039s
RTI cycle took 0.027s
RTI cycle took 0.031s
RTI cycle took 0.019s
RTI cycle took 0.029s
RTI cycle took 0.030s
RTI cycle took 0.026s
RTI cycle took 0.033s
system/loggerd/loggerd.cc: rotated to /data/media/0/realdata/00000047--4e8d0a3a33--2
RTI cycle took 0.027s
RTI cycle took 0.029s
RTI cycle took 0.041s
RTI cycle took 0.016s
RTI cycle took 0.026s
RTI cycle took 0.018s
RTI cycle took 0.028s
RTI cycle took 0.036s
RTI cycle took 0.030s
RTI cycle took 0.031s
RTI cycle took 0.017s
RTI cycle took 0.017s
RTI cycle took 0.022s
RTI cycle took 0.032s
RTI cycle took 0.029s
RTI cycle took 0.030s
RTI cycle took 0.029s
RTI cycle took 0.026s
RTI cycle took 0.032s
RTI cycle took 0.028s
RTI cycle took 0.023s
RTI cycle took 0.024s
RTI cycle took 0.028s
RTI cycle took 0.041s
RTI cycle took 0.034s
RTI cycle took 0.014s
RTI cycle took 0.018s
RTI cycle took 0.016s
RTI cycle took 0.023s
RTI cycle took 0.030s
RTI cycle took 0.030s
RTI cycle took 0.043s
RTI cycle took 0.023s
RTI cycle took 0.040s
RTI cycle took 0.019s
RTI cycle took 0.020s
RTI cycle took 0.036s
RTI cycle took 0.027s
RTI cycle took 0.023s
RTI cycle took 0.028s
RTI cycle took 0.030s
RTI cycle took 0.029s
RTI cycle took 0.032s
RTI cycle took 0.029s
RTI cycle took 0.027s
RTI cycle took 0.032s
RTI cycle took 0.029s
RTI cycle took 0.029s
RTI cycle took 0.029s
RTI cycle took 0.027s
RTI cycle took 0.042s
RTI cycle took 0.028s
RTI cycle took 0.021s
RTI cycle took 0.028s
RTI cycle took 0.027s
RTI cycle took 0.042s
RTI cycle took 0.018s
RTI cycle took 0.027s
RTI cycle took 0.029s
RTI cycle took 0.027s
RTI cycle took 0.042s
RTI cycle took 0.028s
RTI cycle took 0.021s
RTI cycle took 0.029s
RTI cycle took 0.020s
[32mloggerd[0m [32mencoderd[0m [32mlogmessaged[0m [32mcamerad[0m [32mlogcatd[0m [32mproclogd[0m [32mmicd[0m [32mtimed[0m [32mdmonitoringmodeld[0m [32msensord[0m [32mui[0m [32msoundd[0m [32mlocationd[0m [32mcalibrationd[0m [32mtorqued[0m [32mcontrolsd[0m [32mselfdrived[0m [32mcard[0m [32mdeleter[0m [32mdmonitoringd[0m [32mqcomgpsd[0m [32mpandad[0m [32mparamsd[0m [32mlagd[0m [31mplannerd[0m [32mradard[0m [32mhardwared[0m [32mtombstoned[0m [32muploader[0m [32mstatsd[0m [32mfeedbackd[0m [32mmodeld_tinygrad[0m [32mmapd[0m [32mmapd_manager[0m [32mrtid[0m
[32mloggerd[0m [32mencoderd[0m [32mlogmessaged[0m [32mcamerad[0m [32mlogcatd[0m [32mproclogd[0m [32mmicd[0m [32mtimed[0m [32mdmonitoringmodeld[0m [32msensord[0m [32mui[0m [32msoundd[0m [32mlocationd[0m [32mcalibrationd[0m [32mtorqued[0m [32mcontrolsd[0m [32mselfdrived[0m [32mcard[0m [32mdeleter[0m [32mdmonitoringd[0m [32mqcomgpsd[0m [32mpandad[0m [32mparamsd[0m [32mlagd[0m [31mplannerd[0m [32mradard[0m [32mhardwared[0m [32mtombstoned[0m [32muploader[0m [32mstatsd[0m [32mfeedbackd[0m [32mmodeld_tinygrad[0m [32mmapd[0m [32mmapd_manager[0m [32mrtid[0m
[32mloggerd[0m [32mencoderd[0m [32mlogmessaged[0m [32mcamerad[0m [32mlogcatd[0m [32mproclogd[0m [32mmicd[0m [32mtimed[0m [32mdmonitoringmodeld[0m [32msensord[0m [32mui[0m [32msoundd[0m [32mlocationd[0m [32mcalibrationd[0m [32mtorqued[0m [32mcontrolsd[0m [32mselfdrived[0m [32mcard[0m [32mdeleter[0m [32mdmonitoringd[0m [32mqcomgpsd[0m [32mpandad[0m [32mparamsd[0m [32mlagd[0m [31mplannerd[0m [32mradard[0m [32mhardwared[0m [32mtombstoned[0m [32muploader[0m [32mstatsd[0m [32mfeedbackd[0m [32mmodeld_tinygrad[0m [32mmapd[0m [32mmapd_manager[0m [32mrtid[0m
[32mloggerd[0m [32mencoderd[0m [32mlogmessaged[0m [32mcamerad[0m [32mlogcatd[0m [32mproclogd[0m [32mmicd[0m [32mtimed[0m [32mdmonitoringmodeld[0m [32msensord[0m [32mui[0m [32msoundd[0m [32mlocationd[0m [32mcalibrationd[0m [32mtorqued[0m [32mcontrolsd[0m [32mselfdrived[0m [32mcard[0m [32mdeleter[0m [32mdmonitoringd[0m [32mqcomgpsd[0m [32mpandad[0m [32mparamsd[0m [32mlagd[0m [31mplannerd[0m [32mradard[0m [32mhardwared[0m [32mtombstoned[0m [32muploader[0m [32mstatsd[0m [32mfeedbackd[0m [32mmodeld_tinygrad[0m [32mmapd[0m [32mmapd_manager[0m [32mrtid[0m
[32mloggerd[0m [32mencoderd[0m [32mlogmessaged[0m [32mcamerad[0m [32mlogcatd[0m [32mproclogd[0m [32mmicd[0m [32mtimed[0m [32mdmonitoringmodeld[0m [32msensord[0m [32mui[0m [32msoundd[0m [32mlocationd[0m [32mcalibrationd[0m [32mtorqued[0m [32mcontrolsd[0m [32mselfdrived[0m [32mcard[0m [32mdeleter[0m [32mdmonitoringd[0m [32mqcomgpsd[0m [32mpandad[0m [32mparamsd[0m [32mlagd[0m [31mplannerd[0m [32mradard[0m [32mhardwared[0m [32mtombstoned[0m [32muploader[0m [32mstatsd[0m [32mfeedbackd[0m [32mmodeld_tinygrad[0m [32mmapd[0m [32mmapd_manager[0m [32mrtid[0m
[32mloggerd[0m [32mencoderd[0m [32mlogmessaged[0m [32mcamerad[0m [32mlogcatd[0m [32mproclogd[0m [32mmicd[0m [32mtimed[0m [32mdmonitoringmodeld[0m [32msensord[0m [32mui[0m [32msoundd[0m [32mlocationd[0m [32mcalibrationd[0m [32mtorqued[0m [32mcontrolsd[0m [32mselfdrived[0m [32mcard[0m [32mdeleter[0m [32mdmonitoringd[0m [32mqcomgpsd[0m [32mpandad[0m [32mparamsd[0m [32mlagd[0m [31mplannerd[0m [32mradard[0m [32mhardwared[0m [32mtombstoned[0m [32muploader[0m [32mstatsd[0m [32mfeedbackd[0m [32mmodeld_tinygrad[0m [32mmapd[0m [32mmapd_manager[0m [32mrtid[0m
[32mloggerd[0m [32mencoderd[0m [32mlogmessaged[0m [32mcamerad[0m [32mlogcatd[0m [32mproclogd[0m [32mmicd[0m [32mtimed[0m [32mdmonitoringmodeld[0m [32msensord[0m [32mui[0m [32msoundd[0m [32mlocationd[0m [32mcalibrationd[0m [32mtorqued[0m [32mcontrolsd[0m [32mselfdrived[0m [32mcard[0m [32mdeleter[0m [32mdmonitoringd[0m [32mqcomgpsd[0m [32mpandad[0m [32mparamsd[0m [32mlagd[0m [31mplannerd[0m [32mradard[0m [32mhardwared[0m [32mtombstoned[0m [32muploader[0m [32mstatsd[0m [32mfeedbackd[0m [32mmodeld_tinygrad[0m [32mmapd[0m [32mmapd_manager[0m [32mrtid[0m
[32mloggerd[0m [32mencoderd[0m [32mlogmessaged[0m [32mcamerad[0m [32mlogcatd[0m [32mproclogd[0m [32mmicd[0m [32mtimed[0m [32mdmonitoringmodeld[0m [32msensord[0m [32mui[0m [32msoundd[0m [32mlocationd[0m [32mcalibrationd[0m [32mtorqued[0m [32mcontrolsd[0m [32mselfdrived[0m [32mcard[0m [32mdeleter[0m [32mdmonitoringd[0m [32mqcomgpsd[0m [32mpandad[0m [32mparamsd[0m [32mlagd[0m [31mplannerd[0m [32mradard[0m [32mhardwared[0m [32mtombstoned[0m [32muploader[0m [32mstatsd[0m [32mfeedbackd[0m [32mmodeld_tinygrad[0m [32mmapd[0m [32mmapd_manager[0m [32mrtid[0m
[32mloggerd[0m [32mencoderd[0m [32mlogmessaged[0m [32mcamerad[0m [32mlogcatd[0m [32mproclogd[0m [32mmicd[0m [32mtimed[0m [32mdmonitoringmodeld[0m [32msensord[0m [32mui[0m [32msoundd[0m [32mlocationd[0m [32mcalibrationd[0m [32mtorqued[0m [32mcontrolsd[0m [32mselfdrived[0m [32mcard[0m [32mdeleter[0m [32mdmonitoringd[0m [32mqcomgpsd[0m [32mpandad[0m [32mparamsd[0m [32mlagd[0m [31mplannerd[0m [32mradard[0m [32mhardwared[0m [32mtombstoned[0m [32muploader[0m [32mstatsd[0m [32mfeedbackd[0m [32mmodeld_tinygrad[0m [32mmapd[0m [32mmapd_manager[0m [32mrtid[0m
[32mloggerd[0m [32mencoderd[0m [32mlogmessaged[0m [32mcamerad[0m [32mlogcatd[0m [32mproclogd[0m [32mmicd[0m [32mtimed[0m [32mdmonitoringmodeld[0m [32msensord[0m [32mui[0m [32msoundd[0m [32mlocationd[0m [32mcalibrationd[0m [32mtorqued[0m [32mcontrolsd[0m [32mselfdrived[0m [32mcard[0m [32mdeleter[0m [32mdmonitoringd[0m [32mqcomgpsd[0m [32mpandad[0m [32mparamsd[0m [32mlagd[0m [31mplannerd[0m [32mradard[0m [32mhardwared[0m [32mtombstoned[0m [32muploader[0m [32mstatsd[0m [32mfeedbackd[0m [32mmodeld_tinygrad[0m [32mmapd[0m [32mmapd_manager[0m [32mrtid[0m
[32mloggerd[0m [32mencoderd[0m [32mlogmessaged[0m [32mcamerad[0m [32mlogcatd[0m [32mproclogd[0m [32mmicd[0m [32mtimed[0m [32mdmonitoringmodeld[0m [32msensord[0m [32mui[0m [32msoundd[0m [32mlocationd[0m [32mcalibrationd[0m [32mtorqued[0m [32mcontrolsd[0m [32mselfdrived[0m [32mcard[0m [32mdeleter[0m [32mdmonitoringd[0m [32mqcomgpsd[0m [32mpandad[0m [32mparamsd[0m [32mlagd[0m [31mplannerd[0m [32mradard[0m [32mhardwared[0m [32mtombstoned[0m [32muploader[0m [32mstatsd[0m [32mfeedbackd[0m [32mmodeld_tinygrad[0m [32mmapd[0m [32mmapd_manager[0m [32mrtid[0m
[32mloggerd[0m [32mencoderd[0m [32mlogmessaged[0m [32mcamerad[0m [32mlogcatd[0m [32mproclogd[0m [32mmicd[0m [32mtimed[0m [32mdmonitoringmodeld[0m [32msensord[0m [32mui[0m [32msoundd[0m [32mlocationd[0m [32mcalibrationd[0m [32mtorqued[0m [32mcontrolsd[0m [32mselfdrived[0m [32mcard[0m [32mdeleter[0m [32mdmonitoringd[0m [32mqcomgpsd[0m [32mpandad[0m [32mparamsd[0m [32mlagd[0m [31mplannerd[0m [32mradard[0m [32mhardwared[0m [32mtombstoned[0m [32muploader[0m [32mstatsd[0m [32mfeedbackd[0m [32mmodeld_tinygrad[0m [32mmapd[0m [32mmapd_manager[0m [32mrtid[0m
[32mloggerd[0m [32mencoderd[0m [32mlogmessaged[0m [32mcamerad[0m [32mlogcatd[0m [32mproclogd[0m [32mmicd[0m [32mtimed[0m [32mdmonitoringmodeld[0m [32msensord[0m [32mui[0m [32msoundd[0m [32mlocationd[0m [32mcalibrationd[0m [32mtorqued[0m [32mcontrolsd[0m [32mselfdrived[0m [32mcard[0m [32mdeleter[0m [32mdmonitoringd[0m [32mqcomgpsd[0m [32mpandad[0m [32mparamsd[0m [32mlagd[0m [31mplannerd[0m [32mradard[0m [32mhardwared[0m [32mtombstoned[0m [32muploader[0m [32mstatsd[0m [32mfeedbackd[0m [32mmodeld_tinygrad[0m [32mmapd[0m [32mmapd_manager[0m [32mrtid[0m
RTI cycle took 0.029s
RTI cycle took 0.026s
RTI cycle took 0.021s
RTI cycle took 0.038s
RTI cycle took 0.038s
RTI cycle took 0.021s
RTI cycle took 0.028s
RTI cycle took 0.031s
RTI cycle took 0.015s
RTI cycle took 0.015s
RTI cycle took 0.021s
RTI cycle took 0.032s
RTI cycle took 0.016s
RTI cycle took 0.015s
RTI cycle took 0.023s
RTI cycle took 0.032s
RTI cycle took 0.011s
RTI cycle took 0.015s
RTI cycle took 0.021s
RTI cycle took 0.042s
RTI cycle took 0.018s
RTI cycle took 0.017s
RTI cycle took 0.023s
RTI cycle took 0.031s
RTI cycle took 0.042s
RTI cycle took 0.017s
RTI cycle took 0.027s
RTI cycle took 0.029s
RTI cycle took 0.028s
RTI cycle took 0.033s
RTI cycle took 0.012s
RTI cycle took 0.031s
RTI cycle took 0.022s
RTI cycle took 0.021s
RTI cycle took 0.020s
RTI cycle took 0.028s
RTI cycle took 0.017s
RTI cycle took 0.018s
RTI cycle took 0.035s
RTI cycle took 0.030s
RTI cycle took 0.029s
RTI cycle took 0.040s
RTI cycle took 0.028s
RTI cycle took 0.037s
RTI cycle took 0.032s
RTI cycle took 0.033s
RTI cycle took 0.024s
RTI cycle took 0.027s
RTI cycle took 0.018s
RTI cycle took 0.017s
RTI cycle took 0.025s
RTI cycle took 0.021s
RTI cycle took 0.036s
RTI cycle took 0.028s
RTI cycle took 0.040s
RTI cycle took 0.029s
RTI cycle took 0.027s
RTI cycle took 0.032s
RTI cycle took 0.028s
RTI cycle took 0.020s
RTI cycle took 0.016s
RTI cycle took 0.014s
RTI cycle took 0.014s
RTI cycle took 0.022s
RTI cycle took 0.026s
RTI cycle took 0.033s
RTI cycle took 0.013s
RTI cycle took 0.026s
RTI cycle took 0.027s
RTI cycle took 0.022s
RTI cycle took 0.037s
RTI cycle took 0.038s
RTI cycle took 0.021s
RTI cycle took 0.028s
RTI cycle took 0.030s
RTI cycle took 0.028s
RTI cycle took 0.021s
RTI cycle took 0.029s
RTI cycle took 0.026s
RTI cycle took 0.033s
RTI cycle took 0.046s
RTI cycle took 0.032s
RTI cycle took 0.027s
RTI cycle took 0.016s
RTI cycle took 0.025s
RTI cycle took 0.027s
RTI cycle took 0.028s
RTI cycle took 0.042s
RTI cycle took 0.038s
RTI cycle took 0.039s
RTI cycle took 0.025s
RTI cycle took 0.033s
RTI cycle took 0.024s
RTI cycle took 0.029s
RTI cycle took 0.029s
RTI cycle took 0.051s
RTI cycle took 0.024s
RTI cycle took 0.035s
RTI cycle took 0.055s
RTI cycle took 0.028s
RTI cycle took 0.028s
RTI cycle took 0.042s
RTI cycle took 0.032s
RTI cycle took 0.033s
RTI cycle took 0.037s
RTI cycle took 0.031s
RTI cycle took 0.038s
RTI cycle took 0.030s
RTI cycle took 0.039s
RTI cycle took 0.038s
RTI cycle took 0.047s
RTI cycle took 0.015s
RTI cycle took 0.037s
RTI cycle took 0.039s
RTI cycle took 0.035s
RTI cycle took 0.028s
RTI cycle took 0.034s
RTI cycle took 0.027s
RTI cycle took 0.029s
RTI cycle took 0.039s
RTI cycle took 0.027s
RTI cycle took 0.037s
RTI cycle took 0.037s
RTI cycle took 0.032s
RTI cycle took 0.037s
RTI cycle took 0.030s
RTI cycle took 0.031s
RTI cycle took 0.022s
RTI cycle took 0.031s
RTI cycle took 0.041s
RTI cycle took 0.040s
RTI cycle took 0.035s
RTI cycle took 0.027s
RTI cycle took 0.027s
RTI cycle took 0.040s
RTI cycle took 0.024s
RTI cycle took 0.032s
RTI cycle took 0.029s
RTI cycle took 0.041s
RTI cycle took 0.040s
RTI cycle took 0.035s
RTI cycle took 0.028s
RTI cycle took 0.034s
RTI cycle took 0.027s
RTI cycle took 0.037s
RTI cycle took 0.021s
RTI cycle took 0.039s
RTI cycle took 0.022s
RTI cycle took 0.019s
RTI cycle took 0.021s
RTI cycle took 0.026s
RTI cycle took 0.029s
RTI cycle took 0.018s
RTI cycle took 0.015s
RTI cycle took 0.020s
RTI cycle took 0.028s
RTI cycle took 0.018s
RTI cycle took 0.026s
RTI cycle took 0.020s
RTI cycle took 0.018s
RTI cycle took 0.025s
RTI cycle took 0.022s
RTI cycle took 0.050s
RTI cycle took 0.016s
RTI cycle took 0.013s
RTI cycle took 0.022s
RTI cycle took 0.020s
RTI cycle took 0.028s
RTI cycle took 0.019s
RTI cycle took 0.017s
RTI cycle took 0.016s
RTI cycle took 0.023s
RTI cycle took 0.027s
RTI cycle took 0.029s
RTI cycle took 0.031s
RTI cycle took 0.028s
RTI cycle took 0.027s
RTI cycle took 0.020s
RTI cycle took 0.027s
RTI cycle took 0.028s
RTI cycle took 0.021s
RTI cycle took 0.029s
RTI cycle took 0.040s
RTI cycle took 0.022s
RTI cycle took 0.030s
RTI cycle took 0.027s
RTI cycle took 0.020s
RTI cycle took 0.021s
RTI cycle took 0.026s
RTI cycle took 0.027s
RTI cycle took 0.018s
RTI cycle took 0.019s
RTI cycle took 0.027s
RTI cycle took 0.027s
RTI cycle took 0.027s
RTI cycle took 0.020s
RTI cycle took 0.018s
RTI cycle took 0.027s
RTI cycle took 0.019s
RTI cycle took 0.023s
RTI cycle took 0.022s
RTI cycle took 0.029s
RTI cycle took 0.026s
RTI cycle took 0.029s
RTI cycle took 0.019s
RTI cycle took 0.027s
RTI cycle took 0.030s
RTI cycle took 0.027s
RTI cycle took 0.030s
RTI cycle took 0.027s
RTI cycle took 0.027s
RTI cycle took 0.036s
RTI cycle took 0.011s
RTI cycle took 0.021s
RTI cycle took 0.026s
RTI cycle took 0.031s
RTI cycle took 0.026s
RTI cycle took 0.028s
[32mloggerd[0m [32mencoderd[0m [32mlogmessaged[0m [32mcamerad[0m [32mlogcatd[0m [32mproclogd[0m [32mmicd[0m [32mtimed[0m [32mdmonitoringmodeld[0m [32msensord[0m [32mui[0m [32msoundd[0m [32mlocationd[0m [32mcalibrationd[0m [32mtorqued[0m [32mcontrolsd[0m [32mselfdrived[0m [32mcard[0m [32mdeleter[0m [32mdmonitoringd[0m [32mqcomgpsd[0m [32mpandad[0m [32mparamsd[0m [32mlagd[0m [31mplannerd[0m [32mradard[0m [32mhardwared[0m [32mtombstoned[0m [32muploader[0m [32mstatsd[0m [32mfeedbackd[0m [32mmodeld_tinygrad[0m [32mmapd[0m [32mmapd_manager[0m [32mrtid[0m
[32mloggerd[0m [32mencoderd[0m [32mlogmessaged[0m [32mcamerad[0m [32mlogcatd[0m [32mproclogd[0m [32mmicd[0m [32mtimed[0m [32mdmonitoringmodeld[0m [32msensord[0m [32mui[0m [32msoundd[0m [32mlocationd[0m [32mcalibrationd[0m [32mtorqued[0m [32mcontrolsd[0m [32mselfdrived[0m [32mcard[0m [32mdeleter[0m [32mdmonitoringd[0m [32mqcomgpsd[0m [32mpandad[0m [32mparamsd[0m [32mlagd[0m [31mplannerd[0m [32mradard[0m [32mhardwared[0m [32mtombstoned[0m [32muploader[0m [32mstatsd[0m [32mfeedbackd[0m [32mmodeld_tinygrad[0m [32mmapd[0m [32mmapd_manager[0m [32mrtid[0m
[32mloggerd[0m [32mencoderd[0m [32mlogmessaged[0m [32mcamerad[0m [32mlogcatd[0m [32mproclogd[0m [32mmicd[0m [32mtimed[0m [32mdmonitoringmodeld[0m [32msensord[0m [32mui[0m [32msoundd[0m [32mlocationd[0m [32mcalibrationd[0m [32mtorqued[0m [32mcontrolsd[0m [32mselfdrived[0m [32mcard[0m [32mdeleter[0m [32mdmonitoringd[0m [32mqcomgpsd[0m [32mpandad[0m [32mparamsd[0m [32mlagd[0m [31mplannerd[0m [32mradard[0m [32mhardwared[0m [32mtombstoned[0m [32muploader[0m [32mstatsd[0m [32mfeedbackd[0m [32mmodeld_tinygrad[0m [32mmapd[0m [32mmapd_manager[0m [32mrtid[0m
[32mloggerd[0m [32mencoderd[0m [32mlogmessaged[0m [32mcamerad[0m [32mlogcatd[0m [32mproclogd[0m [32mmicd[0m [32mtimed[0m [32mdmonitoringmodeld[0m [32msensord[0m [32mui[0m [32msoundd[0m [32mlocationd[0m [32mcalibrationd[0m [32mtorqued[0m [32mcontrolsd[0m [32mselfdrived[0m [32mcard[0m [32mdeleter[0m [32mdmonitoringd[0m [32mqcomgpsd[0m [32mpandad[0m [32mparamsd[0m [32mlagd[0m [31mplannerd[0m [32mradard[0m [32mhardwared[0m [32mtombstoned[0m [32muploader[0m [32mstatsd[0m [32mfeedbackd[0m [32mmodeld_tinygrad[0m [32mmapd[0m [32mmapd_manager[0m [32mrtid[0m
[32mloggerd[0m [32mencoderd[0m [32mlogmessaged[0m [32mcamerad[0m [32mlogcatd[0m [32mproclogd[0m [32mmicd[0m [32mtimed[0m [32mdmonitoringmodeld[0m [32msensord[0m [32mui[0m [32msoundd[0m [32mlocationd[0m [32mcalibrationd[0m [32mtorqued[0m [32mcontrolsd[0m [32mselfdrived[0m [32mcard[0m [32mdeleter[0m [32mdmonitoringd[0m [32mqcomgpsd[0m [32mpandad[0m [32mparamsd[0m [32mlagd[0m [31mplannerd[0m [32mradard[0m [32mhardwared[0m [32mtombstoned[0m [32muploader[0m [32mstatsd[0m [32mfeedbackd[0m [32mmodeld_tinygrad[0m [32mmapd[0m [32mmapd_manager[0m [32mrtid[0m
[32mloggerd[0m [32mencoderd[0m [32mlogmessaged[0m [32mcamerad[0m [32mlogcatd[0m [32mproclogd[0m [32mmicd[0m [32mtimed[0m [32mdmonitoringmodeld[0m [32msensord[0m [32mui[0m [32msoundd[0m [32mlocationd[0m [32mcalibrationd[0m [32mtorqued[0m [32mcontrolsd[0m [32mselfdrived[0m [32mcard[0m [32mdeleter[0m [32mdmonitoringd[0m [32mqcomgpsd[0m [32mpandad[0m [32mparamsd[0m [32mlagd[0m [31mplannerd[0m [32mradard[0m [32mhardwared[0m [32mtombstoned[0m [32muploader[0m [32mstatsd[0m [32mfeedbackd[0m [32mmodeld_tinygrad[0m [32mmapd[0m [32mmapd_manager[0m [32mrtid[0m
[32mloggerd[0m [32mencoderd[0m [32mlogmessaged[0m [32mcamerad[0m [32mlogcatd[0m [32mproclogd[0m [32mmicd[0m [32mtimed[0m [32mdmonitoringmodeld[0m [32msensord[0m [32mui[0m [32msoundd[0m [32mlocationd[0m [32mcalibrationd[0m [32mtorqued[0m [32mcontrolsd[0m [32mselfdrived[0m [32mcard[0m [32mdeleter[0m [32mdmonitoringd[0m [32mqcomgpsd[0m [32mpandad[0m [32mparamsd[0m [32mlagd[0m [31mplannerd[0m [32mradard[0m [32mhardwared[0m [32mtombstoned[0m [32muploader[0m [32mstatsd[0m [32mfeedbackd[0m [32mmodeld_tinygrad[0m [32mmapd[0m [32mmapd_manager[0m [32mrtid[0m
[32mloggerd[0m [32mencoderd[0m [32mlogmessaged[0m [32mcamerad[0m [32mlogcatd[0m [32mproclogd[0m [32mmicd[0m [32mtimed[0m [32mdmonitoringmodeld[0m [32msensord[0m [32mui[0m [32msoundd[0m [32mlocationd[0m [32mcalibrationd[0m [32mtorqued[0m [32mcontrolsd[0m [32mselfdrived[0m [32mcard[0m [32mdeleter[0m [32mdmonitoringd[0m [32mqcomgpsd[0m [32mpandad[0m [32mparamsd[0m [32mlagd[0m [31mplannerd[0m [32mradard[0m [32mhardwared[0m [32mtombstoned[0m [32muploader[0m [32mstatsd[0m [32mfeedbackd[0m [32mmodeld_tinygrad[0m [32mmapd[0m [32mmapd_manager[0m [32mrtid[0m
[32mloggerd[0m [32mencoderd[0m [32mlogmessaged[0m [32mcamerad[0m [32mlogcatd[0m [32mproclogd[0m [32mmicd[0m [32mtimed[0m [32mdmonitoringmodeld[0m [32msensord[0m [32mui[0m [32msoundd[0m [32mlocationd[0m [32mcalibrationd[0m [32mtorqued[0m [32mcontrolsd[0m [32mselfdrived[0m [32mcard[0m [32mdeleter[0m [32mdmonitoringd[0m [32mqcomgpsd[0m [32mpandad[0m [32mparamsd[0m [32mlagd[0m [31mplannerd[0m [32mradard[0m [32mhardwared[0m [32mtombstoned[0m [32muploader[0m [32mstatsd[0m [32mfeedbackd[0m [32mmodeld_tinygrad[0m [32mmapd[0m [32mmapd_manager[0m [32mrtid[0m
[32mloggerd[0m [32mencoderd[0m [32mlogmessaged[0m [32mcamerad[0m [32mlogcatd[0m [32mproclogd[0m [32mmicd[0m [32mtimed[0m [32mdmonitoringmodeld[0m [32msensord[0m [32mui[0m [32msoundd[0m [32mlocationd[0m [32mcalibrationd[0m [32mtorqued[0m [32mcontrolsd[0m [32mselfdrived[0m [32mcard[0m [32mdeleter[0m [32mdmonitoringd[0m [32mqcomgpsd[0m [32mpandad[0m [32mparamsd[0m [32mlagd[0m [31mplannerd[0m [32mradard[0m [32mhardwared[0m [32mtombstoned[0m [32muploader[0m [32mstatsd[0m [32mfeedbackd[0m [32mmodeld_tinygrad[0m [32mmapd[0m [32mmapd_manager[0m [32mrtid[0m
[32mloggerd[0m [32mencoderd[0m [32mlogmessaged[0m [32mcamerad[0m [32mlogcatd[0m [32mproclogd[0m [32mmicd[0m [32mtimed[0m [32mdmonitoringmodeld[0m [32msensord[0m [32mui[0m [32msoundd[0m [32mlocationd[0m [32mcalibrationd[0m [32mtorqued[0m [32mcontrolsd[0m [32mselfdrived[0m [32mcard[0m [32mdeleter[0m [32mdmonitoringd[0m [32mqcomgpsd[0m [32mpandad[0m [32mparamsd[0m [32mlagd[0m [31mplannerd[0m [32mradard[0m [32mhardwared[0m [32mtombstoned[0m [32muploader[0m [32mstatsd[0m [32mfeedbackd[0m [32mmodeld_tinygrad[0m [32mmapd[0m [32mmapd_manager[0m [32mrtid[0m
[32mloggerd[0m [32mencoderd[0m [32mlogmessaged[0m [32mcamerad[0m [32mlogcatd[0m [32mproclogd[0m [32mmicd[0m [32mtimed[0m [32mdmonitoringmodeld[0m [32msensord[0m [32mui[0m [32msoundd[0m [32mlocationd[0m [32mcalibrationd[0m [32mtorqued[0m [32mcontrolsd[0m [32mselfdrived[0m [32mcard[0m [32mdeleter[0m [32mdmonitoringd[0m [32mqcomgpsd[0m [32mpandad[0m [32mparamsd[0m [32mlagd[0m [31mplannerd[0m [32mradard[0m [32mhardwared[0m [32mtombstoned[0m [32muploader[0m [32mstatsd[0m [32mfeedbackd[0m [32mmodeld_tinygrad[0m [32mmapd[0m [32mmapd_manager[0m [32mrtid[0m
[32mloggerd[0m [32mencoderd[0m [32mlogmessaged[0m [32mcamerad[0m [32mlogcatd[0m [32mproclogd[0m [32mmicd[0m [32mtimed[0m [32mdmonitoringmodeld[0m [32msensord[0m [32mui[0m [32msoundd[0m [32mlocationd[0m [32mcalibrationd[0m [32mtorqued[0m [32mcontrolsd[0m [32mselfdrived[0m [32mcard[0m [32mdeleter[0m [32mdmonitoringd[0m [32mqcomgpsd[0m [32mpandad[0m [32mparamsd[0m [32mlagd[0m [31mplannerd[0m [32mradard[0m [32mhardwared[0m [32mtombstoned[0m [32muploader[0m [32mstatsd[0m [32mfeedbackd[0m [32mmodeld_tinygrad[0m [32mmapd[0m [32mmapd_manager[0m [32mrtid[0m
RTI cycle took 0.032s
RTI cycle took 0.036s
RTI cycle took 0.029s
RTI cycle took 0.033s
RTI cycle took 0.027s
RTI cycle took 0.023s
RTI cycle took 0.014s
RTI cycle took 0.026s
RTI cycle took 0.016s
RTI cycle took 0.023s
RTI cycle took 0.025s
RTI cycle took 0.037s
RTI cycle took 0.020s
RTI cycle took 0.027s
RTI cycle took 0.033s
RTI cycle took 0.016s
RTI cycle took 0.027s
RTI cycle took 0.027s
RTI cycle took 0.038s
RTI cycle took 0.018s
RTI cycle took 0.026s
RTI cycle took 0.033s
RTI cycle took 0.017s
RTI cycle took 0.019s
RTI cycle took 0.026s
RTI cycle took 0.029s
RTI cycle took 0.028s
RTI cycle took 0.028s
RTI cycle took 0.035s
RTI cycle took 0.024s
RTI cycle took 0.027s
RTI cycle took 0.028s
RTI cycle took 0.022s
RTI cycle took 0.026s
RTI cycle took 0.019s
RTI cycle took 0.039s
RTI cycle took 0.017s
RTI cycle took 0.027s
RTI cycle took 0.017s
RTI cycle took 0.030s
RTI cycle took 0.026s
RTI cycle took 0.031s
RTI cycle took 0.026s
RTI cycle took 0.029s
RTI cycle took 0.034s
RTI cycle took 0.015s
RTI cycle took 0.013s
RTI cycle took 0.021s
RTI cycle took 0.018s
RTI cycle took 0.028s
RTI cycle took 0.019s
RTI cycle took 0.027s
RTI cycle took 0.020s
RTI cycle took 0.028s
RTI cycle took 0.041s
RTI cycle took 0.026s
RTI cycle took 0.021s
RTI cycle took 0.029s
RTI cycle took 0.029s
RTI cycle took 0.032s
RTI cycle took 0.016s
RTI cycle took 0.013s
RTI cycle took 0.013s
RTI cycle took 0.021s
RTI cycle took 0.029s
RTI cycle took 0.019s
RTI cycle took 0.025s
RTI cycle took 0.040s
RTI cycle took 0.041s
RTI cycle took 0.016s
RTI cycle took 0.029s
RTI cycle took 0.035s
RTI cycle took 0.020s
RTI cycle took 0.027s
RTI cycle took 0.028s
RTI cycle took 0.033s
RTI cycle took 0.035s
RTI cycle took 0.021s
RTI cycle took 0.028s
RTI cycle took 0.041s
RTI cycle took 0.037s
RTI cycle took 0.019s
RTI cycle took 0.027s
RTI cycle took 0.019s
RTI cycle took 0.028s
RTI cycle took 0.033s
RTI cycle took 0.029s
RTI cycle took 0.024s
RTI cycle took 0.040s
RTI cycle took 0.016s
RTI cycle took 0.014s
time jumped: 1756480153005384505 1756480153023475081
time jumped: 1756480153023475237 1756480153005384505
RTI cycle took 0.032s
RTI cycle took 0.022s
RTI cycle took 0.015s
RTI cycle took 0.035s
RTI cycle took 0.020s
RTI cycle took 0.028s
RTI cycle took 0.027s
RTI cycle took 0.041s
RTI cycle took 0.030s
RTI cycle took 0.027s
RTI cycle took 0.029s
RTI cycle took 0.037s
RTI cycle took 0.011s
RTI cycle took 0.023s
RTI cycle took 0.027s
RTI cycle took 0.030s
RTI cycle took 0.019s
RTI cycle took 0.030s
RTI cycle took 0.027s
RTI cycle took 0.028s
RTI cycle took 0.019s
RTI cycle took 0.027s
RTI cycle took 0.017s
RTI cycle took 0.026s
RTI cycle took 0.019s
RTI cycle took 0.027s
RTI cycle took 0.019s
RTI cycle took 0.019s
RTI cycle took 0.037s
RTI cycle took 0.036s
RTI cycle took 0.028s
RTI cycle took 0.034s
RTI cycle took 0.034s
RTI cycle took 0.029s
RTI cycle took 0.033s
RTI cycle took 0.035s
RTI cycle took 0.019s
RTI cycle took 0.039s
RTI cycle took 0.016s
RTI cycle took 0.014s
RTI cycle took 0.022s
RTI cycle took 0.020s
RTI cycle took 0.028s
RTI cycle took 0.032s
RTI cycle took 0.027s
RTI cycle took 0.029s
RTI cycle took 0.029s
RTI cycle took 0.021s
RTI cycle took 0.027s
RTI cycle took 0.029s
RTI cycle took 0.032s
RTI cycle took 0.028s
RTI cycle took 0.028s
RTI cycle took 0.027s
RTI cycle took 0.027s
RTI cycle took 0.020s
RTI cycle took 0.019s
RTI cycle took 0.026s
RTI cycle took 0.028s
RTI cycle took 0.034s
RTI cycle took 0.025s
RTI cycle took 0.029s
RTI cycle took 0.019s
RTI cycle took 0.028s
RTI cycle took 0.028s
RTI cycle took 0.027s
RTI cycle took 0.033s
RTI cycle took 0.017s
RTI cycle took 0.024s
RTI cycle took 0.026s
RTI cycle took 0.030s
RTI cycle took 0.041s
RTI cycle took 0.025s
RTI cycle took 0.030s
RTI cycle took 0.019s
RTI cycle took 0.026s
RTI cycle took 0.020s
RTI cycle took 0.029s
RTI cycle took 0.019s
RTI cycle took 0.028s
RTI cycle took 0.020s
RTI cycle took 0.028s
RTI cycle took 0.019s
RTI cycle took 0.018s
RTI cycle took 0.025s
RTI cycle took 0.041s
RTI cycle took 0.028s
RTI cycle took 0.028s
RTI cycle took 0.029s
RTI cycle took 0.021s
RTI cycle took 0.028s
RTI cycle took 0.020s
RTI cycle took 0.028s
RTI cycle took 0.020s
RTI cycle took 0.029s
RTI cycle took 0.040s
RTI cycle took 0.018s
RTI cycle took 0.029s
RTI cycle took 0.014s
RTI cycle took 0.026s
RTI cycle took 0.015s
RTI cycle took 0.024s
RTI cycle took 0.029s
RTI cycle took 0.028s
RTI cycle took 0.032s
RTI cycle took 0.028s
RTI cycle took 0.021s
RTI cycle took 0.028s
RTI cycle took 0.029s
RTI cycle took 0.028s
RTI cycle took 0.027s
RTI cycle took 0.021s
RTI cycle took 0.027s
RTI cycle took 0.021s
RTI cycle took 0.030s
RTI cycle took 0.040s
RTI cycle took 0.028s
RTI cycle took 0.039s
RTI cycle took 0.037s
RTI cycle took 0.020s
RTI cycle took 0.018s
RTI cycle took 0.025s
RTI cycle took 0.029s
RTI cycle took 0.019s
RTI cycle took 0.017s
RTI cycle took 0.017s
RTI cycle took 0.023s
RTI cycle took 0.032s
RTI cycle took 0.016s
RTI cycle took 0.021s
RTI cycle took 0.026s
RTI cycle took 0.022s
RTI cycle took 0.027s
RTI cycle took 0.032s
RTI cycle took 0.025s
RTI cycle took 0.027s
RTI cycle took 0.033s
RTI cycle took 0.027s
RTI cycle took 0.039s
RTI cycle took 0.033s
[32mloggerd[0m [32mencoderd[0m [32mlogmessaged[0m [32mcamerad[0m [32mlogcatd[0m [32mproclogd[0m [32mmicd[0m [32mtimed[0m [32mdmonitoringmodeld[0m [32msensord[0m [32mui[0m [32msoundd[0m [32mlocationd[0m [32mcalibrationd[0m [32mtorqued[0m [32mcontrolsd[0m [32mselfdrived[0m [32mcard[0m [32mdeleter[0m [32mdmonitoringd[0m [32mqcomgpsd[0m [32mpandad[0m [32mparamsd[0m [32mlagd[0m [31mplannerd[0m [32mradard[0m [32mhardwared[0m [32mtombstoned[0m [32muploader[0m [32mstatsd[0m [32mfeedbackd[0m [32mmodeld_tinygrad[0m [32mmapd[0m [32mmapd_manager[0m [32mrtid[0m
[32mloggerd[0m [32mencoderd[0m [32mlogmessaged[0m [32mcamerad[0m [32mlogcatd[0m [32mproclogd[0m [32mmicd[0m [32mtimed[0m [32mdmonitoringmodeld[0m [32msensord[0m [32mui[0m [32msoundd[0m [32mlocationd[0m [32mcalibrationd[0m [32mtorqued[0m [32mcontrolsd[0m [32mselfdrived[0m [32mcard[0m [32mdeleter[0m [32mdmonitoringd[0m [32mqcomgpsd[0m [32mpandad[0m [32mparamsd[0m [32mlagd[0m [31mplannerd[0m [32mradard[0m [32mhardwared[0m [32mtombstoned[0m [32muploader[0m [32mstatsd[0m [32mfeedbackd[0m [32mmodeld_tinygrad[0m [32mmapd[0m [32mmapd_manager[0m [32mrtid[0m
[32mloggerd[0m [32mencoderd[0m [32mlogmessaged[0m [32mcamerad[0m [32mlogcatd[0m [32mproclogd[0m [32mmicd[0m [32mtimed[0m [32mdmonitoringmodeld[0m [32msensord[0m [32mui[0m [32msoundd[0m [32mlocationd[0m [32mcalibrationd[0m [32mtorqued[0m [32mcontrolsd[0m [32mselfdrived[0m [32mcard[0m [32mdeleter[0m [32mdmonitoringd[0m [32mqcomgpsd[0m [32mpandad[0m [32mparamsd[0m [32mlagd[0m [31mplannerd[0m [32mradard[0m [32mhardwared[0m [32mtombstoned[0m [32muploader[0m [32mstatsd[0m [32mfeedbackd[0m [32mmodeld_tinygrad[0m [32mmapd[0m [32mmapd_manager[0m [32mrtid[0m
[32mloggerd[0m [32mencoderd[0m [32mlogmessaged[0m [32mcamerad[0m [32mlogcatd[0m [32mproclogd[0m [32mmicd[0m [32mtimed[0m [32mdmonitoringmodeld[0m [32msensord[0m [32mui[0m [32msoundd[0m [32mlocationd[0m [32mcalibrationd[0m [32mtorqued[0m [32mcontrolsd[0m [32mselfdrived[0m [32mcard[0m [32mdeleter[0m [32mdmonitoringd[0m [32mqcomgpsd[0m [32mpandad[0m [32mparamsd[0m [32mlagd[0m [31mplannerd[0m [32mradard[0m [32mhardwared[0m [32mtombstoned[0m [32muploader[0m [32mstatsd[0m [32mfeedbackd[0m [32mmodeld_tinygrad[0m [32mmapd[0m [32mmapd_manager[0m [32mrtid[0m
[32mloggerd[0m [32mencoderd[0m [32mlogmessaged[0m [32mcamerad[0m [32mlogcatd[0m [32mproclogd[0m [32mmicd[0m [32mtimed[0m [32mdmonitoringmodeld[0m [32msensord[0m [32mui[0m [32msoundd[0m [32mlocationd[0m [32mcalibrationd[0m [32mtorqued[0m [32mcontrolsd[0m [32mselfdrived[0m [32mcard[0m [32mdeleter[0m [32mdmonitoringd[0m [32mqcomgpsd[0m [32mpandad[0m [32mparamsd[0m [32mlagd[0m [31mplannerd[0m [32mradard[0m [32mhardwared[0m [32mtombstoned[0m [32muploader[0m [32mstatsd[0m [32mfeedbackd[0m [32mmodeld_tinygrad[0m [32mmapd[0m [32mmapd_manager[0m [32mrtid[0m
[32mloggerd[0m [32mencoderd[0m [32mlogmessaged[0m [32mcamerad[0m [32mlogcatd[0m [32mproclogd[0m [32mmicd[0m [32mtimed[0m [32mdmonitoringmodeld[0m [32msensord[0m [32mui[0m [32msoundd[0m [32mlocationd[0m [32mcalibrationd[0m [32mtorqued[0m [32mcontrolsd[0m [32mselfdrived[0m [32mcard[0m [32mdeleter[0m [32mdmonitoringd[0m [32mqcomgpsd[0m [32mpandad[0m [32mparamsd[0m [32mlagd[0m [31mplannerd[0m [32mradard[0m [32mhardwared[0m [32mtombstoned[0m [32muploader[0m [32mstatsd[0m [32mfeedbackd[0m [32mmodeld_tinygrad[0m [32mmapd[0m [32mmapd_manager[0m [32mrtid[0m
[32mloggerd[0m [32mencoderd[0m [32mlogmessaged[0m [32mcamerad[0m [32mlogcatd[0m [32mproclogd[0m [32mmicd[0m [32mtimed[0m [32mdmonitoringmodeld[0m [32msensord[0m [32mui[0m [32msoundd[0m [32mlocationd[0m [32mcalibrationd[0m [32mtorqued[0m [32mcontrolsd[0m [32mselfdrived[0m [32mcard[0m [32mdeleter[0m [32mdmonitoringd[0m [32mqcomgpsd[0m [32mpandad[0m [32mparamsd[0m [32mlagd[0m [31mplannerd[0m [32mradard[0m [32mhardwared[0m [32mtombstoned[0m [32muploader[0m [32mstatsd[0m [32mfeedbackd[0m [32mmodeld_tinygrad[0m [32mmapd[0m [32mmapd_manager[0m [32mrtid[0m
[32mloggerd[0m [32mencoderd[0m [32mlogmessaged[0m [32mcamerad[0m [32mlogcatd[0m [32mproclogd[0m [32mmicd[0m [32mtimed[0m [32mdmonitoringmodeld[0m [32msensord[0m [32mui[0m [32msoundd[0m [32mlocationd[0m [32mcalibrationd[0m [32mtorqued[0m [32mcontrolsd[0m [32mselfdrived[0m [32mcard[0m [32mdeleter[0m [32mdmonitoringd[0m [32mqcomgpsd[0m [32mpandad[0m [32mparamsd[0m [32mlagd[0m [31mplannerd[0m [32mradard[0m [32mhardwared[0m [32mtombstoned[0m [32muploader[0m [32mstatsd[0m [32mfeedbackd[0m [32mmodeld_tinygrad[0m [32mmapd[0m [32mmapd_manager[0m [32mrtid[0m
[32mloggerd[0m [32mencoderd[0m [32mlogmessaged[0m [32mcamerad[0m [32mlogcatd[0m [32mproclogd[0m [32mmicd[0m [32mtimed[0m [32mdmonitoringmodeld[0m [32msensord[0m [32mui[0m [32msoundd[0m [32mlocationd[0m [32mcalibrationd[0m [32mtorqued[0m [32mcontrolsd[0m [32mselfdrived[0m [32mcard[0m [32mdeleter[0m [32mdmonitoringd[0m [32mqcomgpsd[0m [32mpandad[0m [32mparamsd[0m [32mlagd[0m [31mplannerd[0m [32mradard[0m [32mhardwared[0m [32mtombstoned[0m [32muploader[0m [32mstatsd[0m [32mfeedbackd[0m [32mmodeld_tinygrad[0m [32mmapd[0m [32mmapd_manager[0m [32mrtid[0m
[32mloggerd[0m [32mencoderd[0m [32mlogmessaged[0m [32mcamerad[0m [32mlogcatd[0m [32mproclogd[0m [32mmicd[0m [32mtimed[0m [32mdmonitoringmodeld[0m [32msensord[0m [32mui[0m [32msoundd[0m [32mlocationd[0m [32mcalibrationd[0m [32mtorqued[0m [32mcontrolsd[0m [32mselfdrived[0m [32mcard[0m [32mdeleter[0m [32mdmonitoringd[0m [32mqcomgpsd[0m [32mpandad[0m [32mparamsd[0m [32mlagd[0m [31mplannerd[0m [32mradard[0m [32mhardwared[0m [32mtombstoned[0m [32muploader[0m [32mstatsd[0m [32mfeedbackd[0m [32mmodeld_tinygrad[0m [32mmapd[0m [32mmapd_manager[0m [32mrtid[0m
[32mloggerd[0m [32mencoderd[0m [32mlogmessaged[0m [32mcamerad[0m [32mlogcatd[0m [32mproclogd[0m [32mmicd[0m [32mtimed[0m [32mdmonitoringmodeld[0m [32msensord[0m [32mui[0m [32msoundd[0m [32mlocationd[0m [32mcalibrationd[0m [32mtorqued[0m [32mcontrolsd[0m [32mselfdrived[0m [32mcard[0m [32mdeleter[0m [32mdmonitoringd[0m [32mqcomgpsd[0m [32mpandad[0m [32mparamsd[0m [32mlagd[0m [31mplannerd[0m [32mradard[0m [32mhardwared[0m [32mtombstoned[0m [32muploader[0m [32mstatsd[0m [32mfeedbackd[0m [32mmodeld_tinygrad[0m [32mmapd[0m [32mmapd_manager[0m [32mrtid[0m
[32mloggerd[0m [32mencoderd[0m [32mlogmessaged[0m [32mcamerad[0m [32mlogcatd[0m [32mproclogd[0m [32mmicd[0m [32mtimed[0m [32mdmonitoringmodeld[0m [32msensord[0m [32mui[0m [32msoundd[0m [32mlocationd[0m [32mcalibrationd[0m [32mtorqued[0m [32mcontrolsd[0m [32mselfdrived[0m [32mcard[0m [32mdeleter[0m [32mdmonitoringd[0m [32mqcomgpsd[0m [32mpandad[0m [32mparamsd[0m [32mlagd[0m [31mplannerd[0m [32mradard[0m [32mhardwared[0m [32mtombstoned[0m [32muploader[0m [32mstatsd[0m [32mfeedbackd[0m [32mmodeld_tinygrad[0m [32mmapd[0m [32mmapd_manager[0m [32mrtid[0m
[32mloggerd[0m [32mencoderd[0m [32mlogmessaged[0m [32mcamerad[0m [32mlogcatd[0m [32mproclogd[0m [32mmicd[0m [32mtimed[0m [32mdmonitoringmodeld[0m [32msensord[0m [32mui[0m [32msoundd[0m [32mlocationd[0m [32mcalibrationd[0m [32mtorqued[0m [32mcontrolsd[0m [32mselfdrived[0m [32mcard[0m [32mdeleter[0m [32mdmonitoringd[0m [32mqcomgpsd[0m [32mpandad[0m [32mparamsd[0m [32mlagd[0m [31mplannerd[0m [32mradard[0m [32mhardwared[0m [32mtombstoned[0m [32muploader[0m [32mstatsd[0m [32mfeedbackd[0m [32mmodeld_tinygrad[0m [32mmapd[0m [32mmapd_manager[0m [32mrtid[0m
RTI cycle took 0.026s
RTI cycle took 0.030s
RTI cycle took 0.020s
RTI cycle took 0.020s
RTI cycle took 0.043s
RTI cycle took 0.027s
RTI cycle took 0.029s
RTI cycle took 0.040s
RTI cycle took 0.037s
RTI cycle took 0.026s
RTI cycle took 0.018s
RTI cycle took 0.027s
RTI cycle took 0.019s
RTI cycle took 0.018s
RTI cycle took 0.026s
RTI cycle took 0.039s
RTI cycle took 0.024s
RTI cycle took 0.028s
RTI cycle took 0.029s
RTI cycle took 0.031s
RTI cycle took 0.027s
RTI cycle took 0.028s
RTI cycle took 0.030s
RTI cycle took 0.019s
RTI cycle took 0.025s
RTI cycle took 0.040s
RTI cycle took 0.022s
RTI cycle took 0.015s
RTI cycle took 0.022s
RTI cycle took 0.028s
RTI cycle took 0.028s
RTI cycle took 0.027s
RTI cycle took 0.021s
RTI cycle took 0.041s
RTI cycle took 0.027s
RTI cycle took 0.038s
RTI cycle took 0.033s
RTI cycle took 0.015s
RTI cycle took 0.015s
RTI cycle took 0.022s
RTI cycle took 0.033s
RTI cycle took 0.036s
RTI cycle took 0.021s
RTI cycle took 0.029s
RTI cycle took 0.028s
RTI cycle took 0.032s
RTI cycle took 0.028s
RTI cycle took 0.028s
RTI cycle took 0.022s
RTI cycle took 0.026s
RTI cycle took 0.031s
RTI cycle took 0.027s
RTI cycle took 0.032s
RTI cycle took 0.037s
RTI cycle took 0.019s
RTI cycle took 0.027s
RTI cycle took 0.041s
RTI cycle took 0.028s
RTI cycle took 0.020s
RTI cycle took 0.033s
RTI cycle took 0.020s
RTI cycle took 0.027s
RTI cycle took 0.021s
RTI cycle took 0.027s
RTI cycle took 0.032s
RTI cycle took 0.027s
RTI cycle took 0.028s
RTI cycle took 0.032s
RTI cycle took 0.026s
RTI cycle took 0.032s
RTI cycle took 0.036s
RTI cycle took 0.020s
RTI cycle took 0.019s
RTI cycle took 0.027s
RTI cycle took 0.029s
RTI cycle took 0.028s
RTI cycle took 0.019s
RTI cycle took 0.020s
RTI cycle took 0.026s
RTI cycle took 0.029s
RTI cycle took 0.019s
RTI cycle took 0.018s
RTI cycle took 0.040s
RTI cycle took 0.015s
RTI cycle took 0.035s
RTI cycle took 0.044s
RTI cycle took 0.013s
RTI cycle took 0.024s
RTI cycle took 0.038s
RTI cycle took 0.014s
RTI cycle took 0.023s
RTI cycle took 0.013s
RTI cycle took 0.024s
RTI cycle took 0.025s
RTI cycle took 0.028s
RTI cycle took 0.017s
RTI cycle took 0.027s
RTI cycle took 0.027s
RTI cycle took 0.028s
RTI cycle took 0.027s
RTI cycle took 0.029s
RTI cycle took 0.027s
RTI cycle took 0.028s
RTI cycle took 0.034s
RTI cycle took 0.024s
RTI cycle took 0.030s
RTI cycle took 0.028s
RTI cycle took 0.020s
RTI cycle took 0.027s
RTI cycle took 0.020s
RTI cycle took 0.028s
RTI cycle took 0.028s
RTI cycle took 0.032s
RTI cycle took 0.016s
RTI cycle took 0.015s
RTI cycle took 0.016s
RTI cycle took 0.022s
RTI cycle took 0.019s
RTI cycle took 0.018s
RTI cycle took 0.026s
RTI cycle took 0.029s
RTI cycle took 0.015s
RTI cycle took 0.014s
RTI cycle took 0.020s
RTI cycle took 0.028s
RTI cycle took 0.017s
RTI cycle took 0.027s
RTI cycle took 0.029s
RTI cycle took 0.021s
RTI cycle took 0.019s
RTI cycle took 0.017s
RTI cycle took 0.024s
RTI cycle took 0.026s
RTI cycle took 0.019s
RTI cycle took 0.030s
RTI cycle took 0.016s
RTI cycle took 0.025s
RTI cycle took 0.020s
RTI cycle took 0.029s
RTI cycle took 0.027s
RTI cycle took 0.021s
RTI cycle took 0.026s
RTI cycle took 0.028s
RTI cycle took 0.018s
RTI cycle took 0.030s
RTI cycle took 0.028s
RTI cycle took 0.028s
RTI cycle took 0.020s
RTI cycle took 0.028s
RTI cycle took 0.030s
RTI cycle took 0.026s
RTI cycle took 0.034s
RTI cycle took 0.035s
RTI cycle took 0.020s
RTI cycle took 0.018s
RTI cycle took 0.035s
RTI cycle took 0.021s
RTI cycle took 0.026s
RTI cycle took 0.020s
RTI cycle took 0.028s
RTI cycle took 0.040s
RTI cycle took 0.030s
RTI cycle took 0.026s
RTI cycle took 0.020s
RTI cycle took 0.028s
RTI cycle took 0.021s
RTI cycle took 0.039s
RTI cycle took 0.038s
RTI cycle took 0.019s
RTI cycle took 0.039s
RTI cycle took 0.027s
RTI cycle took 0.031s
RTI cycle took 0.029s
RTI cycle took 0.034s
RTI cycle took 0.026s
RTI cycle took 0.021s
RTI cycle took 0.038s
RTI cycle took 0.026s
RTI cycle took 0.021s
RTI cycle took 0.027s
RTI cycle took 0.033s
RTI cycle took 0.017s
RTI cycle took 0.014s
RTI cycle took 0.016s
RTI cycle took 0.022s
RTI cycle took 0.025s
RTI cycle took 0.020s
RTI cycle took 0.020s
RTI cycle took 0.028s
RTI cycle took 0.019s
RTI cycle took 0.030s
RTI cycle took 0.035s
RTI cycle took 0.021s
RTI cycle took 0.027s
RTI cycle took 0.028s
RTI cycle took 0.029s
RTI cycle took 0.029s
RTI cycle took 0.039s
RTI cycle took 0.031s
RTI cycle took 0.024s
RTI cycle took 0.032s
RTI cycle took 0.015s
RTI cycle took 0.028s
RTI cycle took 0.030s
RTI cycle took 0.026s
RTI cycle took 0.031s
RTI cycle took 0.027s
RTI cycle took 0.020s
RTI cycle took 0.027s
RTI cycle took 0.031s
RTI cycle took 0.028s
RTI cycle took 0.021s
RTI cycle took 0.028s
RTI cycle took 0.037s
RTI cycle took 0.032s
RTI cycle took 0.025s
RTI cycle took 0.029s
RTI cycle took 0.020s
RTI cycle took 0.020s
RTI cycle took 0.038s
RTI cycle took 0.026s
RTI cycle took 0.030s
RTI cycle took 0.019s
RTI cycle took 0.018s
RTI cycle took 0.034s
RTI cycle took 0.028s
RTI cycle took 0.031s
RTI cycle took 0.017s
RTI cycle took 0.022s
RTI cycle took 0.032s
[32mloggerd[0m [32mencoderd[0m [32mlogmessaged[0m [32mcamerad[0m [32mlogcatd[0m [32mproclogd[0m [32mmicd[0m [32mtimed[0m [32mdmonitoringmodeld[0m [32msensord[0m [32mui[0m [32msoundd[0m [32mlocationd[0m [32mcalibrationd[0m [32mtorqued[0m [32mcontrolsd[0m [32mselfdrived[0m [32mcard[0m [32mdeleter[0m [32mdmonitoringd[0m [32mqcomgpsd[0m [32mpandad[0m [32mparamsd[0m [32mlagd[0m [31mplannerd[0m [32mradard[0m [32mhardwared[0m [32mtombstoned[0m [32muploader[0m [32mstatsd[0m [32mfeedbackd[0m [32mmodeld_tinygrad[0m [32mmapd[0m [32mmapd_manager[0m [32mrtid[0m
[32mloggerd[0m [32mencoderd[0m [32mlogmessaged[0m [32mcamerad[0m [32mlogcatd[0m [32mproclogd[0m [32mmicd[0m [32mtimed[0m [32mdmonitoringmodeld[0m [32msensord[0m [32mui[0m [32msoundd[0m [32mlocationd[0m [32mcalibrationd[0m [32mtorqued[0m [32mcontrolsd[0m [32mselfdrived[0m [32mcard[0m [32mdeleter[0m [32mdmonitoringd[0m [32mqcomgpsd[0m [32mpandad[0m [32mparamsd[0m [32mlagd[0m [31mplannerd[0m [32mradard[0m [32mhardwared[0m [32mtombstoned[0m [32muploader[0m [32mstatsd[0m [32mfeedbackd[0m [32mmodeld_tinygrad[0m [32mmapd[0m [32mmapd_manager[0m [32mrtid[0m
[32mloggerd[0m [32mencoderd[0m [32mlogmessaged[0m [32mcamerad[0m [32mlogcatd[0m [32mproclogd[0m [32mmicd[0m [32mtimed[0m [32mdmonitoringmodeld[0m [32msensord[0m [32mui[0m [32msoundd[0m [32mlocationd[0m [32mcalibrationd[0m [32mtorqued[0m [32mcontrolsd[0m [32mselfdrived[0m [32mcard[0m [32mdeleter[0m [32mdmonitoringd[0m [32mqcomgpsd[0m [32mpandad[0m [32mparamsd[0m [32mlagd[0m [31mplannerd[0m [32mradard[0m [32mhardwared[0m [32mtombstoned[0m [32muploader[0m [32mstatsd[0m [32mfeedbackd[0m [32mmodeld_tinygrad[0m [32mmapd[0m [32mmapd_manager[0m [32mrtid[0m
[32mloggerd[0m [32mencoderd[0m [32mlogmessaged[0m [32mcamerad[0m [32mlogcatd[0m [32mproclogd[0m [32mmicd[0m [32mtimed[0m [32mdmonitoringmodeld[0m [32msensord[0m [32mui[0m [32msoundd[0m [32mlocationd[0m [32mcalibrationd[0m [32mtorqued[0m [32mcontrolsd[0m [32mselfdrived[0m [32mcard[0m [32mdeleter[0m [32mdmonitoringd[0m [32mqcomgpsd[0m [32mpandad[0m [32mparamsd[0m [32mlagd[0m [31mplannerd[0m [32mradard[0m [32mhardwared[0m [32mtombstoned[0m [32muploader[0m [32mstatsd[0m [32mfeedbackd[0m [32mmodeld_tinygrad[0m [32mmapd[0m [32mmapd_manager[0m [32mrtid[0m
[32mloggerd[0m [32mencoderd[0m [32mlogmessaged[0m [32mcamerad[0m [32mlogcatd[0m [32mproclogd[0m [32mmicd[0m [32mtimed[0m [32mdmonitoringmodeld[0m [32msensord[0m [32mui[0m [32msoundd[0m [32mlocationd[0m [32mcalibrationd[0m [32mtorqued[0m [32mcontrolsd[0m [32mselfdrived[0m [32mcard[0m [32mdeleter[0m [32mdmonitoringd[0m [32mqcomgpsd[0m [32mpandad[0m [32mparamsd[0m [32mlagd[0m [31mplannerd[0m [32mradard[0m [32mhardwared[0m [32mtombstoned[0m [32muploader[0m [32mstatsd[0m [32mfeedbackd[0m [32mmodeld_tinygrad[0m [32mmapd[0m [32mmapd_manager[0m [32mrtid[0m
[32mloggerd[0m [32mencoderd[0m [32mlogmessaged[0m [32mcamerad[0m [32mlogcatd[0m [32mproclogd[0m [32mmicd[0m [32mtimed[0m [32mdmonitoringmodeld[0m [32msensord[0m [32mui[0m [32msoundd[0m [32mlocationd[0m [32mcalibrationd[0m [32mtorqued[0m [32mcontrolsd[0m [32mselfdrived[0m [32mcard[0m [32mdeleter[0m [32mdmonitoringd[0m [32mqcomgpsd[0m [32mpandad[0m [32mparamsd[0m [32mlagd[0m [31mplannerd[0m [32mradard[0m [32mhardwared[0m [32mtombstoned[0m [32muploader[0m [32mstatsd[0m [32mfeedbackd[0m [32mmodeld_tinygrad[0m [32mmapd[0m [32mmapd_manager[0m [32mrtid[0m
[32mloggerd[0m [32mencoderd[0m [32mlogmessaged[0m [32mcamerad[0m [32mlogcatd[0m [32mproclogd[0m [32mmicd[0m [32mtimed[0m [32mdmonitoringmodeld[0m [32msensord[0m [32mui[0m [32msoundd[0m [32mlocationd[0m [32mcalibrationd[0m [32mtorqued[0m [32mcontrolsd[0m [32mselfdrived[0m [32mcard[0m [32mdeleter[0m [32mdmonitoringd[0m [32mqcomgpsd[0m [32mpandad[0m [32mparamsd[0m [32mlagd[0m [31mplannerd[0m [32mradard[0m [32mhardwared[0m [32mtombstoned[0m [32muploader[0m [32mstatsd[0m [32mfeedbackd[0m [32mmodeld_tinygrad[0m [32mmapd[0m [32mmapd_manager[0m [32mrtid[0m
[32mloggerd[0m [32mencoderd[0m [32mlogmessaged[0m [32mcamerad[0m [32mlogcatd[0m [32mproclogd[0m [32mmicd[0m [32mtimed[0m [32mdmonitoringmodeld[0m [32msensord[0m [32mui[0m [32msoundd[0m [32mlocationd[0m [32mcalibrationd[0m [32mtorqued[0m [32mcontrolsd[0m [32mselfdrived[0m [32mcard[0m [32mdeleter[0m [32mdmonitoringd[0m [32mqcomgpsd[0m [32mpandad[0m [32mparamsd[0m [32mlagd[0m [31mplannerd[0m [32mradard[0m [32mhardwared[0m [32mtombstoned[0m [32muploader[0m [32mstatsd[0m [32mfeedbackd[0m [32mmodeld_tinygrad[0m [32mmapd[0m [32mmapd_manager[0m [32mrtid[0m
[32mloggerd[0m [32mencoderd[0m [32mlogmessaged[0m [32mcamerad[0m [32mlogcatd[0m [32mproclogd[0m [32mmicd[0m [32mtimed[0m [32mdmonitoringmodeld[0m [32msensord[0m [32mui[0m [32msoundd[0m [32mlocationd[0m [32mcalibrationd[0m [32mtorqued[0m [32mcontrolsd[0m [32mselfdrived[0m [32mcard[0m [32mdeleter[0m [32mdmonitoringd[0m [32mqcomgpsd[0m [32mpandad[0m [32mparamsd[0m [32mlagd[0m [31mplannerd[0m [32mradard[0m [32mhardwared[0m [32mtombstoned[0m [32muploader[0m [32mstatsd[0m [32mfeedbackd[0m [32mmodeld_tinygrad[0m [32mmapd[0m [32mmapd_manager[0m [32mrtid[0m
[32mloggerd[0m [32mencoderd[0m [32mlogmessaged[0m [32mcamerad[0m [32mlogcatd[0m [32mproclogd[0m [32mmicd[0m [32mtimed[0m [32mdmonitoringmodeld[0m [32msensord[0m [32mui[0m [32msoundd[0m [32mlocationd[0m [32mcalibrationd[0m [32mtorqued[0m [32mcontrolsd[0m [32mselfdrived[0m [32mcard[0m [32mdeleter[0m [32mdmonitoringd[0m [32mqcomgpsd[0m [32mpandad[0m [32mparamsd[0m [32mlagd[0m [31mplannerd[0m [32mradard[0m [32mhardwared[0m [32mtombstoned[0m [32muploader[0m [32mstatsd[0m [32mfeedbackd[0m [32mmodeld_tinygrad[0m [32mmapd[0m [32mmapd_manager[0m [32mrtid[0m
[32mloggerd[0m [32mencoderd[0m [32mlogmessaged[0m [32mcamerad[0m [32mlogcatd[0m [32mproclogd[0m [32mmicd[0m [32mtimed[0m [32mdmonitoringmodeld[0m [32msensord[0m [32mui[0m [32msoundd[0m [32mlocationd[0m [32mcalibrationd[0m [32mtorqued[0m [32mcontrolsd[0m [32mselfdrived[0m [32mcard[0m [32mdeleter[0m [32mdmonitoringd[0m [32mqcomgpsd[0m [32mpandad[0m [32mparamsd[0m [32mlagd[0m [31mplannerd[0m [32mradard[0m [32mhardwared[0m [32mtombstoned[0m [32muploader[0m [32mstatsd[0m [32mfeedbackd[0m [32mmodeld_tinygrad[0m [32mmapd[0m [32mmapd_manager[0m [32mrtid[0m
[32mloggerd[0m [32mencoderd[0m [32mlogmessaged[0m [32mcamerad[0m [32mlogcatd[0m [32mproclogd[0m [32mmicd[0m [32mtimed[0m [32mdmonitoringmodeld[0m [32msensord[0m [32mui[0m [32msoundd[0m [32mlocationd[0m [32mcalibrationd[0m [32mtorqued[0m [32mcontrolsd[0m [32mselfdrived[0m [32mcard[0m [32mdeleter[0m [32mdmonitoringd[0m [32mqcomgpsd[0m [32mpandad[0m [32mparamsd[0m [32mlagd[0m [31mplannerd[0m [32mradard[0m [32mhardwared[0m [32mtombstoned[0m [32muploader[0m [32mstatsd[0m [32mfeedbackd[0m [32mmodeld_tinygrad[0m [32mmapd[0m [32mmapd_manager[0m [32mrtid[0m
[32mloggerd[0m [32mencoderd[0m [32mlogmessaged[0m [32mcamerad[0m [32mlogcatd[0m [32mproclogd[0m [32mmicd[0m [32mtimed[0m [32mdmonitoringmodeld[0m [32msensord[0m [32mui[0m [32msoundd[0m [32mlocationd[0m [32mcalibrationd[0m [32mtorqued[0m [32mcontrolsd[0m [32mselfdrived[0m [32mcard[0m [32mdeleter[0m [32mdmonitoringd[0m [32mqcomgpsd[0m [32mpandad[0m [32mparamsd[0m [32mlagd[0m [31mplannerd[0m [32mradard[0m [32mhardwared[0m [32mtombstoned[0m [32muploader[0m [32mstatsd[0m [32mfeedbackd[0m [32mmodeld_tinygrad[0m [32mmapd[0m [32mmapd_manager[0m [32mrtid[0m
RTI cycle took 0.032s
RTI cycle took 0.028s
RTI cycle took 0.028s
RTI cycle took 0.032s
RTI cycle took 0.024s
RTI cycle took 0.022s
RTI cycle took 0.017s
RTI cycle took 0.026s
RTI cycle took 0.027s
RTI cycle took 0.022s
RTI cycle took 0.027s
RTI cycle took 0.031s
RTI cycle took 0.038s
RTI cycle took 0.018s
RTI cycle took 0.027s
RTI cycle took 0.027s
RTI cycle took 0.020s
RTI cycle took 0.044s
RTI cycle took 0.022s
RTI cycle took 0.042s
RTI cycle took 0.015s
RTI cycle took 0.028s
RTI cycle took 0.015s
RTI cycle took 0.013s
RTI cycle took 0.032s
RTI cycle took 0.028s
RTI cycle took 0.032s
RTI cycle took 0.026s
RTI cycle took 0.021s
RTI cycle took 0.018s
RTI cycle took 0.017s
RTI cycle took 0.021s
RTI cycle took 0.032s
RTI cycle took 0.019s
RTI cycle took 0.026s
RTI cycle took 0.033s
RTI cycle took 0.028s
RTI cycle took 0.029s
RTI cycle took 0.029s
RTI cycle took 0.019s
RTI cycle took 0.029s
RTI cycle took 0.040s
RTI cycle took 0.027s
RTI cycle took 0.018s
RTI cycle took 0.017s
RTI cycle took 0.037s
RTI cycle took 0.015s
RTI cycle took 0.026s
RTI cycle took 0.017s
RTI cycle took 0.028s
RTI cycle took 0.026s
RTI cycle took 0.020s
RTI cycle took 0.027s
RTI cycle took 0.032s
RTI cycle took 0.017s
RTI cycle took 0.017s
RTI cycle took 0.019s
RTI cycle took 0.021s
RTI cycle took 0.027s
RTI cycle took 0.021s
RTI cycle took 0.036s
RTI cycle took 0.031s
RTI cycle took 0.020s
RTI cycle took 0.027s
RTI cycle took 0.020s
RTI cycle took 0.026s
RTI cycle took 0.029s
RTI cycle took 0.028s
RTI cycle took 0.032s
RTI cycle took 0.016s
RTI cycle took 0.034s
RTI cycle took 0.031s
RTI cycle took 0.027s
RTI cycle took 0.021s
RTI cycle took 0.028s
RTI cycle took 0.032s
RTI cycle took 0.027s
RTI cycle took 0.023s
RTI cycle took 0.028s
RTI cycle took 0.025s
RTI cycle took 0.020s
RTI cycle took 0.025s
RTI cycle took 0.024s
RTI cycle took 0.024s
RTI cycle took 0.031s
RTI cycle took 0.026s
RTI cycle took 0.031s
RTI cycle took 0.019s
RTI cycle took 0.019s
RTI cycle took 0.025s
RTI cycle took 0.041s
RTI cycle took 0.020s
RTI cycle took 0.026s
RTI cycle took 0.029s
RTI cycle took 0.027s
RTI cycle took 0.022s
RTI cycle took 0.027s
RTI cycle took 0.032s
RTI cycle took 0.033s
RTI cycle took 0.023s
RTI cycle took 0.031s
RTI cycle took 0.018s
RTI cycle took 0.027s
RTI cycle took 0.018s
RTI cycle took 0.037s
RTI cycle took 0.011s
RTI cycle took 0.017s
RTI cycle took 0.015s
RTI cycle took 0.034s
RTI cycle took 0.026s
RTI cycle took 0.028s
RTI cycle took 0.024s
RTI cycle took 0.025s
RTI cycle took 0.033s
RTI cycle took 0.016s
RTI cycle took 0.034s
RTI cycle took 0.028s
RTI cycle took 0.027s
RTI cycle took 0.021s
RTI cycle took 0.028s
RTI cycle took 0.021s
RTI cycle took 0.027s
RTI cycle took 0.032s
RTI cycle took 0.027s
RTI cycle took 0.022s
RTI cycle took 0.028s
RTI cycle took 0.039s
RTI cycle took 0.030s
RTI cycle took 0.019s
RTI cycle took 0.029s
RTI cycle took 0.026s
RTI cycle took 0.021s
RTI cycle took 0.026s
RTI cycle took 0.031s
RTI cycle took 0.028s
RTI cycle took 0.038s
RTI cycle took 0.031s
RTI cycle took 0.029s
RTI cycle took 0.028s
RTI cycle took 0.020s
RTI cycle took 0.025s
RTI cycle took 0.022s
RTI cycle took 0.027s
RTI cycle took 0.030s
RTI cycle took 0.028s
RTI cycle took 0.023s
RTI cycle took 0.026s
RTI cycle took 0.037s
RTI cycle took 0.042s
RTI cycle took 0.018s
RTI cycle took 0.027s
RTI cycle took 0.041s
RTI cycle took 0.017s
RTI cycle took 0.027s
RTI cycle took 0.026s
RTI cycle took 0.022s
RTI cycle took 0.027s
RTI cycle took 0.021s
RTI cycle took 0.026s
RTI cycle took 0.031s
RTI cycle took 0.026s
RTI cycle took 0.037s
RTI cycle took 0.038s
RTI cycle took 0.043s
RTI cycle took 0.028s
RTI cycle took 0.025s
RTI cycle took 0.031s
RTI cycle took 0.016s
RTI cycle took 0.017s
RTI cycle took 0.024s
RTI cycle took 0.032s
RTI cycle took 0.026s
RTI cycle took 0.022s
RTI cycle took 0.027s
RTI cycle took 0.030s
RTI cycle took 0.029s
RTI cycle took 0.020s
RTI cycle took 0.027s
RTI cycle took 0.038s
RTI cycle took 0.020s
RTI cycle took 0.029s
RTI cycle took 0.031s
RTI cycle took 0.027s
RTI cycle took 0.026s
RTI cycle took 0.033s
RTI cycle took 0.015s
RTI cycle took 0.026s
RTI cycle took 0.038s
RTI cycle took 0.027s
RTI cycle took 0.031s
RTI cycle took 0.015s
RTI cycle took 0.026s
RTI cycle took 0.016s
RTI cycle took 0.016s
RTI cycle took 0.023s
RTI cycle took 0.032s
RTI cycle took 0.017s
RTI cycle took 0.026s
RTI cycle took 0.030s
RTI cycle took 0.029s
RTI cycle took 0.038s
RTI cycle took 0.029s
RTI cycle took 0.021s
RTI cycle took 0.029s
RTI cycle took 0.030s
RTI cycle took 0.039s
RTI cycle took 0.018s
RTI cycle took 0.019s
RTI cycle took 0.021s
RTI cycle took 0.034s
RTI cycle took 0.038s
RTI cycle took 0.034s
RTI cycle took 0.032s
RTI cycle took 0.040s
RTI cycle took 0.040s
RTI cycle took 0.026s
RTI cycle took 0.042s
RTI cycle took 0.030s
RTI cycle took 0.027s
RTI cycle took 0.020s
RTI cycle took 0.029s
RTI cycle took 0.031s
RTI cycle took 0.041s
RTI cycle took 0.026s
RTI cycle took 0.029s
RTI cycle took 0.038s
RTI cycle took 0.040s
[32mloggerd[0m [32mencoderd[0m [32mlogmessaged[0m [32mcamerad[0m [32mlogcatd[0m [32mproclogd[0m [32mmicd[0m [32mtimed[0m [32mdmonitoringmodeld[0m [32msensord[0m [32mui[0m [32msoundd[0m [32mlocationd[0m [32mcalibrationd[0m [32mtorqued[0m [32mcontrolsd[0m [32mselfdrived[0m [32mcard[0m [32mdeleter[0m [32mdmonitoringd[0m [32mqcomgpsd[0m [32mpandad[0m [32mparamsd[0m [32mlagd[0m [31mplannerd[0m [32mradard[0m [32mhardwared[0m [32mtombstoned[0m [32muploader[0m [32mstatsd[0m [32mfeedbackd[0m [32mmodeld_tinygrad[0m [32mmapd[0m [32mmapd_manager[0m [32mrtid[0m
[32mloggerd[0m [32mencoderd[0m [32mlogmessaged[0m [32mcamerad[0m [32mlogcatd[0m [32mproclogd[0m [32mmicd[0m [32mtimed[0m [32mdmonitoringmodeld[0m [32msensord[0m [32mui[0m [32msoundd[0m [32mlocationd[0m [32mcalibrationd[0m [32mtorqued[0m [32mcontrolsd[0m [32mselfdrived[0m [32mcard[0m [32mdeleter[0m [32mdmonitoringd[0m [32mqcomgpsd[0m [32mpandad[0m [32mparamsd[0m [32mlagd[0m [31mplannerd[0m [32mradard[0m [32mhardwared[0m [32mtombstoned[0m [32muploader[0m [32mstatsd[0m [32mfeedbackd[0m [32mmodeld_tinygrad[0m [32mmapd[0m [32mmapd_manager[0m [32mrtid[0m
[32mloggerd[0m [32mencoderd[0m [32mlogmessaged[0m [32mcamerad[0m [32mlogcatd[0m [32mproclogd[0m [32mmicd[0m [32mtimed[0m [32mdmonitoringmodeld[0m [32msensord[0m [32mui[0m [32msoundd[0m [32mlocationd[0m [32mcalibrationd[0m [32mtorqued[0m [32mcontrolsd[0m [32mselfdrived[0m [32mcard[0m [32mdeleter[0m [32mdmonitoringd[0m [32mqcomgpsd[0m [32mpandad[0m [32mparamsd[0m [32mlagd[0m [31mplannerd[0m [32mradard[0m [32mhardwared[0m [32mtombstoned[0m [32muploader[0m [32mstatsd[0m [32mfeedbackd[0m [32mmodeld_tinygrad[0m [32mmapd[0m [32mmapd_manager[0m [32mrtid[0m
[32mloggerd[0m [32mencoderd[0m [32mlogmessaged[0m [32mcamerad[0m [32mlogcatd[0m [32mproclogd[0m [32mmicd[0m [32mtimed[0m [32mdmonitoringmodeld[0m [32msensord[0m [32mui[0m [32msoundd[0m [32mlocationd[0m [32mcalibrationd[0m [32mtorqued[0m [32mcontrolsd[0m [32mselfdrived[0m [32mcard[0m [32mdeleter[0m [32mdmonitoringd[0m [32mqcomgpsd[0m [32mpandad[0m [32mparamsd[0m [32mlagd[0m [31mplannerd[0m [32mradard[0m [32mhardwared[0m [32mtombstoned[0m [32muploader[0m [32mstatsd[0m [32mfeedbackd[0m [32mmodeld_tinygrad[0m [32mmapd[0m [32mmapd_manager[0m [32mrtid[0m
[32mloggerd[0m [32mencoderd[0m [32mlogmessaged[0m [32mcamerad[0m [32mlogcatd[0m [32mproclogd[0m [32mmicd[0m [32mtimed[0m [32mdmonitoringmodeld[0m [32msensord[0m [32mui[0m [32msoundd[0m [32mlocationd[0m [32mcalibrationd[0m [32mtorqued[0m [32mcontrolsd[0m [32mselfdrived[0m [32mcard[0m [32mdeleter[0m [32mdmonitoringd[0m [32mqcomgpsd[0m [32mpandad[0m [32mparamsd[0m [32mlagd[0m [31mplannerd[0m [32mradard[0m [32mhardwared[0m [32mtombstoned[0m [32muploader[0m [32mstatsd[0m [32mfeedbackd[0m [32mmodeld_tinygrad[0m [32mmapd[0m [32mmapd_manager[0m [32mrtid[0m
[32mloggerd[0m [32mencoderd[0m [32mlogmessaged[0m [32mcamerad[0m [32mlogcatd[0m [32mproclogd[0m [32mmicd[0m [32mtimed[0m [32mdmonitoringmodeld[0m [32msensord[0m [32mui[0m [32msoundd[0m [32mlocationd[0m [32mcalibrationd[0m [32mtorqued[0m [32mcontrolsd[0m [32mselfdrived[0m [32mcard[0m [32mdeleter[0m [32mdmonitoringd[0m [32mqcomgpsd[0m [32mpandad[0m [32mparamsd[0m [32mlagd[0m [31mplannerd[0m [32mradard[0m [32mhardwared[0m [32mtombstoned[0m [32muploader[0m [32mstatsd[0m [32mfeedbackd[0m [32mmodeld_tinygrad[0m [32mmapd[0m [32mmapd_manager[0m [32mrtid[0m
[32mloggerd[0m [32mencoderd[0m [32mlogmessaged[0m [32mcamerad[0m [32mlogcatd[0m [32mproclogd[0m [32mmicd[0m [32mtimed[0m [32mdmonitoringmodeld[0m [32msensord[0m [32mui[0m [32msoundd[0m [32mlocationd[0m [32mcalibrationd[0m [32mtorqued[0m [32mcontrolsd[0m [32mselfdrived[0m [32mcard[0m [32mdeleter[0m [32mdmonitoringd[0m [32mqcomgpsd[0m [32mpandad[0m [32mparamsd[0m [32mlagd[0m [31mplannerd[0m [32mradard[0m [32mhardwared[0m [32mtombstoned[0m [32muploader[0m [32mstatsd[0m [32mfeedbackd[0m [32mmodeld_tinygrad[0m [32mmapd[0m [32mmapd_manager[0m [32mrtid[0m
[32mloggerd[0m [32mencoderd[0m [32mlogmessaged[0m [32mcamerad[0m [32mlogcatd[0m [32mproclogd[0m [32mmicd[0m [32mtimed[0m [32mdmonitoringmodeld[0m [32msensord[0m [32mui[0m [32msoundd[0m [32mlocationd[0m [32mcalibrationd[0m [32mtorqued[0m [32mcontrolsd[0m [32mselfdrived[0m [32mcard[0m [32mdeleter[0m [32mdmonitoringd[0m [32mqcomgpsd[0m [32mpandad[0m [32mparamsd[0m [32mlagd[0m [31mplannerd[0m [32mradard[0m [32mhardwared[0m [32mtombstoned[0m [32muploader[0m [32mstatsd[0m [32mfeedbackd[0m [32mmodeld_tinygrad[0m [32mmapd[0m [32mmapd_manager[0m [32mrtid[0m
[32mloggerd[0m [32mencoderd[0m [32mlogmessaged[0m [32mcamerad[0m [32mlogcatd[0m [32mproclogd[0m [32mmicd[0m [32mtimed[0m [32mdmonitoringmodeld[0m [32msensord[0m [32mui[0m [32msoundd[0m [32mlocationd[0m [32mcalibrationd[0m [32mtorqued[0m [32mcontrolsd[0m [32mselfdrived[0m [32mcard[0m [32mdeleter[0m [32mdmonitoringd[0m [32mqcomgpsd[0m [32mpandad[0m [32mparamsd[0m [32mlagd[0m [31mplannerd[0m [32mradard[0m [32mhardwared[0m [32mtombstoned[0m [32muploader[0m [32mstatsd[0m [32mfeedbackd[0m [32mmodeld_tinygrad[0m [32mmapd[0m [32mmapd_manager[0m [32mrtid[0m
[32mloggerd[0m [32mencoderd[0m [32mlogmessaged[0m [32mcamerad[0m [32mlogcatd[0m [32mproclogd[0m [32mmicd[0m [32mtimed[0m [32mdmonitoringmodeld[0m [32msensord[0m [32mui[0m [32msoundd[0m [32mlocationd[0m [32mcalibrationd[0m [32mtorqued[0m [32mcontrolsd[0m [32mselfdrived[0m [32mcard[0m [32mdeleter[0m [32mdmonitoringd[0m [32mqcomgpsd[0m [32mpandad[0m [32mparamsd[0m [32mlagd[0m [31mplannerd[0m [32mradard[0m [32mhardwared[0m [32mtombstoned[0m [32muploader[0m [32mstatsd[0m [32mfeedbackd[0m [32mmodeld_tinygrad[0m [32mmapd[0m [32mmapd_manager[0m [32mrtid[0m
[32mloggerd[0m [32mencoderd[0m [32mlogmessaged[0m [32mcamerad[0m [32mlogcatd[0m [32mproclogd[0m [32mmicd[0m [32mtimed[0m [32mdmonitoringmodeld[0m [32msensord[0m [32mui[0m [32msoundd[0m [32mlocationd[0m [32mcalibrationd[0m [32mtorqued[0m [32mcontrolsd[0m [32mselfdrived[0m [32mcard[0m [32mdeleter[0m [32mdmonitoringd[0m [32mqcomgpsd[0m [32mpandad[0m [32mparamsd[0m [32mlagd[0m [31mplannerd[0m [32mradard[0m [32mhardwared[0m [32mtombstoned[0m [32muploader[0m [32mstatsd[0m [32mfeedbackd[0m [32mmodeld_tinygrad[0m [32mmapd[0m [32mmapd_manager[0m [32mrtid[0m
[32mloggerd[0m [32mencoderd[0m [32mlogmessaged[0m [32mcamerad[0m [32mlogcatd[0m [32mproclogd[0m [32mmicd[0m [32mtimed[0m [32mdmonitoringmodeld[0m [32msensord[0m [32mui[0m [32msoundd[0m [32mlocationd[0m [32mcalibrationd[0m [32mtorqued[0m [32mcontrolsd[0m [32mselfdrived[0m [32mcard[0m [32mdeleter[0m [32mdmonitoringd[0m [32mqcomgpsd[0m [32mpandad[0m [32mparamsd[0m [32mlagd[0m [31mplannerd[0m [32mradard[0m [32mhardwared[0m [32mtombstoned[0m [32muploader[0m [32mstatsd[0m [32mfeedbackd[0m [32mmodeld_tinygrad[0m [32mmapd[0m [32mmapd_manager[0m [32mrtid[0m
[32mloggerd[0m [32mencoderd[0m [32mlogmessaged[0m [32mcamerad[0m [32mlogcatd[0m [32mproclogd[0m [32mmicd[0m [32mtimed[0m [32mdmonitoringmodeld[0m [32msensord[0m [32mui[0m [32msoundd[0m [32mlocationd[0m [32mcalibrationd[0m [32mtorqued[0m [32mcontrolsd[0m [32mselfdrived[0m [32mcard[0m [32mdeleter[0m [32mdmonitoringd[0m [32mqcomgpsd[0m [32mpandad[0m [32mparamsd[0m [32mlagd[0m [31mplannerd[0m [32mradard[0m [32mhardwared[0m [32mtombstoned[0m [32muploader[0m [32mstatsd[0m [32mfeedbackd[0m [32mmodeld_tinygrad[0m [32mmapd[0m [32mmapd_manager[0m [32mrtid[0m
RTI cycle took 0.037s
RTI cycle took 0.031s
RTI cycle took 0.038s
RTI cycle took 0.026s
RTI cycle took 0.033s
RTI cycle took 0.038s
RTI cycle took 0.017s
RTI cycle took 0.027s
RTI cycle took 0.025s
RTI cycle took 0.023s
RTI cycle took 0.028s
RTI cycle took 0.037s
RTI cycle took 0.032s
RTI cycle took 0.026s
RTI cycle took 0.039s
RTI cycle took 0.044s
RTI cycle took 0.034s
RTI cycle took 0.019s
RTI cycle took 0.041s
RTI cycle took 0.038s
RTI cycle took 0.018s
RTI cycle took 0.038s
RTI cycle took 0.038s
RTI cycle took 0.016s
RTI cycle took 0.027s
RTI cycle took 0.028s
RTI cycle took 0.077s
RTI cycle took 0.032s
RTI cycle took 0.036s
RTI cycle took 0.025s
RTI cycle took 0.038s
RTI cycle took 0.039s
RTI cycle took 0.028s
RTI cycle took 0.032s
RTI cycle took 0.015s
RTI cycle took 0.026s
RTI cycle took 0.027s
RTI cycle took 0.033s
RTI cycle took 0.024s
RTI cycle took 0.028s
RTI cycle took 0.030s
RTI cycle took 0.018s
RTI cycle took 0.017s
RTI cycle took 0.024s
RTI cycle took 0.030s
RTI cycle took 0.028s
RTI cycle took 0.039s
RTI cycle took 0.021s
RTI cycle took 0.036s
RTI cycle took 0.031s
RTI cycle took 0.030s
RTI cycle took 0.026s
RTI cycle took 0.031s
RTI cycle took 0.015s
RTI cycle took 0.027s
RTI cycle took 0.016s
RTI cycle took 0.027s
RTI cycle took 0.026s
RTI cycle took 0.023s
RTI cycle took 0.025s
RTI cycle took 0.032s
RTI cycle took 0.017s
RTI cycle took 0.020s
RTI cycle took 0.037s
RTI cycle took 0.037s
RTI cycle took 0.022s
RTI cycle took 0.025s
RTI cycle took 0.032s
RTI cycle took 0.030s
RTI cycle took 0.025s
RTI cycle took 0.034s
RTI cycle took 0.025s
RTI cycle took 0.031s
RTI cycle took 0.018s
RTI cycle took 0.027s
RTI cycle took 0.019s
RTI cycle took 0.028s
RTI cycle took 0.031s
RTI cycle took 0.025s
RTI cycle took 0.021s
RTI cycle took 0.026s
RTI cycle took 0.035s
RTI cycle took 0.024s
RTI cycle took 0.022s
RTI cycle took 0.026s
RTI cycle took 0.021s
RTI cycle took 0.037s
RTI cycle took 0.022s
RTI cycle took 0.027s
RTI cycle took 0.018s
RTI cycle took 0.027s
RTI cycle took 0.026s
RTI cycle took 0.033s
RTI cycle took 0.015s
RTI cycle took 0.026s
RTI cycle took 0.027s
RTI cycle took 0.021s
RTI cycle took 0.026s
RTI cycle took 0.023s
RTI cycle took 0.016s
RTI cycle took 0.020s
RTI cycle took 0.016s
RTI cycle took 0.018s
RTI cycle took 0.023s
RTI cycle took 0.022s
RTI cycle took 0.027s
RTI cycle took 0.021s
RTI cycle took 0.027s
RTI cycle took 0.022s
RTI cycle took 0.027s
RTI cycle took 0.020s
RTI cycle took 0.027s
RTI cycle took 0.023s
RTI cycle took 0.024s
RTI cycle took 0.022s
RTI cycle took 0.025s
RTI cycle took 0.033s
RTI cycle took 0.026s
RTI cycle took 0.032s
RTI cycle took 0.044s
RTI cycle took 0.033s
RTI cycle took 0.022s
RTI cycle took 0.034s
RTI cycle took 0.025s
RTI cycle took 0.031s
RTI cycle took 0.029s
RTI cycle took 0.025s
RTI cycle took 0.029s
RTI cycle took 0.027s
RTI cycle took 0.024s
RTI cycle took 0.025s
RTI cycle took 0.031s
RTI cycle took 0.018s
RTI cycle took 0.028s
RTI cycle took 0.029s
RTI cycle took 0.027s
RTI cycle took 0.031s
RTI cycle took 0.017s
RTI cycle took 0.028s
RTI cycle took 0.016s
RTI cycle took 0.028s
RTI cycle took 0.026s
RTI cycle took 0.031s
RTI cycle took 0.029s
RTI cycle took 0.020s
RTI cycle took 0.028s
RTI cycle took 0.027s
RTI cycle took 0.022s
RTI cycle took 0.017s
RTI cycle took 0.031s
RTI cycle took 0.021s
RTI cycle took 0.022s
RTI cycle took 0.026s
RTI cycle took 0.033s
RTI cycle took 0.026s
RTI cycle took 0.022s
RTI cycle took 0.025s
RTI cycle took 0.031s
RTI cycle took 0.030s
RTI cycle took 0.025s
RTI cycle took 0.032s
RTI cycle took 0.016s
RTI cycle took 0.028s
RTI cycle took 0.025s
RTI cycle took 0.030s
RTI cycle took 0.018s
RTI cycle took 0.019s
RTI cycle took 0.025s
RTI cycle took 0.020s
RTI cycle took 0.027s
RTI cycle took 0.030s
RTI cycle took 0.017s
RTI cycle took 0.017s
RTI cycle took 0.010s
RTI cycle took 0.030s
RTI cycle took 0.030s
RTI cycle took 0.027s
RTI cycle took 0.032s
RTI cycle took 0.016s
RTI cycle took 0.029s
RTI cycle took 0.026s
RTI cycle took 0.031s
RTI cycle took 0.017s
RTI cycle took 0.020s
RTI cycle took 0.037s
RTI cycle took 0.028s
RTI cycle took 0.019s
RTI cycle took 0.027s
RTI cycle took 0.034s
RTI cycle took 0.025s
RTI cycle took 0.021s
RTI cycle took 0.027s
RTI cycle took 0.031s
RTI cycle took 0.039s
RTI cycle took 0.014s
RTI cycle took 0.027s
RTI cycle took 0.016s
RTI cycle took 0.032s
RTI cycle took 0.024s
RTI cycle took 0.027s
RTI cycle took 0.018s
RTI cycle took 0.019s
RTI cycle took 0.029s
RTI cycle took 0.025s
RTI cycle took 0.032s
RTI cycle took 0.016s
RTI cycle took 0.029s
RTI cycle took 0.016s
RTI cycle took 0.027s
RTI cycle took 0.024s
RTI cycle took 0.022s
RTI cycle took 0.026s
RTI cycle took 0.022s
RTI cycle took 0.027s
RTI cycle took 0.033s
RTI cycle took 0.038s
RTI cycle took 0.016s
RTI cycle took 0.027s
RTI cycle took 0.026s
RTI cycle took 0.022s
RTI cycle took 0.027s
RTI cycle took 0.030s
RTI cycle took 0.029s
RTI cycle took 0.027s
RTI cycle took 0.021s
RTI cycle took 0.027s
RTI cycle took 0.032s
RTI cycle took 0.038s
[32mloggerd[0m [32mencoderd[0m [32mlogmessaged[0m [32mcamerad[0m [32mlogcatd[0m [32mproclogd[0m [32mmicd[0m [32mtimed[0m [32mdmonitoringmodeld[0m [32msensord[0m [32mui[0m [32msoundd[0m [32mlocationd[0m [32mcalibrationd[0m [32mtorqued[0m [32mcontrolsd[0m [32mselfdrived[0m [32mcard[0m [32mdeleter[0m [32mdmonitoringd[0m [32mqcomgpsd[0m [32mpandad[0m [32mparamsd[0m [32mlagd[0m [31mplannerd[0m [32mradard[0m [32mhardwared[0m [32mtombstoned[0m [32muploader[0m [32mstatsd[0m [32mfeedbackd[0m [32mmodeld_tinygrad[0m [32mmapd[0m [32mmapd_manager[0m [32mrtid[0m
[32mloggerd[0m [32mencoderd[0m [32mlogmessaged[0m [32mcamerad[0m [32mlogcatd[0m [32mproclogd[0m [32mmicd[0m [32mtimed[0m [32mdmonitoringmodeld[0m [32msensord[0m [32mui[0m [32msoundd[0m [32mlocationd[0m [32mcalibrationd[0m [32mtorqued[0m [32mcontrolsd[0m [32mselfdrived[0m [32mcard[0m [32mdeleter[0m [32mdmonitoringd[0m [32mqcomgpsd[0m [32mpandad[0m [32mparamsd[0m [32mlagd[0m [31mplannerd[0m [32mradard[0m [32mhardwared[0m [32mtombstoned[0m [32muploader[0m [32mstatsd[0m [32mfeedbackd[0m [32mmodeld_tinygrad[0m [32mmapd[0m [32mmapd_manager[0m [32mrtid[0m
[32mloggerd[0m [32mencoderd[0m [32mlogmessaged[0m [32mcamerad[0m [32mlogcatd[0m [32mproclogd[0m [32mmicd[0m [32mtimed[0m [32mdmonitoringmodeld[0m [32msensord[0m [32mui[0m [32msoundd[0m [32mlocationd[0m [32mcalibrationd[0m [32mtorqued[0m [32mcontrolsd[0m [32mselfdrived[0m [32mcard[0m [32mdeleter[0m [32mdmonitoringd[0m [32mqcomgpsd[0m [32mpandad[0m [32mparamsd[0m [32mlagd[0m [31mplannerd[0m [32mradard[0m [32mhardwared[0m [32mtombstoned[0m [32muploader[0m [32mstatsd[0m [32mfeedbackd[0m [32mmodeld_tinygrad[0m [32mmapd[0m [32mmapd_manager[0m [32mrtid[0m
[32mloggerd[0m [32mencoderd[0m [32mlogmessaged[0m [32mcamerad[0m [32mlogcatd[0m [32mproclogd[0m [32mmicd[0m [32mtimed[0m [32mdmonitoringmodeld[0m [32msensord[0m [32mui[0m [32msoundd[0m [32mlocationd[0m [32mcalibrationd[0m [32mtorqued[0m [32mcontrolsd[0m [32mselfdrived[0m [32mcard[0m [32mdeleter[0m [32mdmonitoringd[0m [32mqcomgpsd[0m [32mpandad[0m [32mparamsd[0m [32mlagd[0m [31mplannerd[0m [32mradard[0m [32mhardwared[0m [32mtombstoned[0m [32muploader[0m [32mstatsd[0m [32mfeedbackd[0m [32mmodeld_tinygrad[0m [32mmapd[0m [32mmapd_manager[0m [32mrtid[0m
[32mloggerd[0m [32mencoderd[0m [32mlogmessaged[0m [32mcamerad[0m [32mlogcatd[0m [32mproclogd[0m [32mmicd[0m [32mtimed[0m [32mdmonitoringmodeld[0m [32msensord[0m [32mui[0m [32msoundd[0m [32mlocationd[0m [32mcalibrationd[0m [32mtorqued[0m [32mcontrolsd[0m [32mselfdrived[0m [32mcard[0m [32mdeleter[0m [32mdmonitoringd[0m [32mqcomgpsd[0m [32mpandad[0m [32mparamsd[0m [32mlagd[0m [31mplannerd[0m [32mradard[0m [32mhardwared[0m [32mtombstoned[0m [32muploader[0m [32mstatsd[0m [32mfeedbackd[0m [32mmodeld_tinygrad[0m [32mmapd[0m [32mmapd_manager[0m [32mrtid[0m
[32mloggerd[0m [32mencoderd[0m [32mlogmessaged[0m [32mcamerad[0m [32mlogcatd[0m [32mproclogd[0m [32mmicd[0m [32mtimed[0m [32mdmonitoringmodeld[0m [32msensord[0m [32mui[0m [32msoundd[0m [32mlocationd[0m [32mcalibrationd[0m [32mtorqued[0m [32mcontrolsd[0m [32mselfdrived[0m [32mcard[0m [32mdeleter[0m [32mdmonitoringd[0m [32mqcomgpsd[0m [32mpandad[0m [32mparamsd[0m [32mlagd[0m [31mplannerd[0m [32mradard[0m [32mhardwared[0m [32mtombstoned[0m [32muploader[0m [32mstatsd[0m [32mfeedbackd[0m [32mmodeld_tinygrad[0m [32mmapd[0m [32mmapd_manager[0m [32mrtid[0m
[32mloggerd[0m [32mencoderd[0m [32mlogmessaged[0m [32mcamerad[0m [32mlogcatd[0m [32mproclogd[0m [32mmicd[0m [32mtimed[0m [32mdmonitoringmodeld[0m [32msensord[0m [32mui[0m [32msoundd[0m [32mlocationd[0m [32mcalibrationd[0m [32mtorqued[0m [32mcontrolsd[0m [32mselfdrived[0m [32mcard[0m [32mdeleter[0m [32mdmonitoringd[0m [32mqcomgpsd[0m [32mpandad[0m [32mparamsd[0m [32mlagd[0m [31mplannerd[0m [32mradard[0m [32mhardwared[0m [32mtombstoned[0m [32muploader[0m [32mstatsd[0m [32mfeedbackd[0m [32mmodeld_tinygrad[0m [32mmapd[0m [32mmapd_manager[0m [32mrtid[0m
[32mloggerd[0m [32mencoderd[0m [32mlogmessaged[0m [32mcamerad[0m [32mlogcatd[0m [32mproclogd[0m [32mmicd[0m [32mtimed[0m [32mdmonitoringmodeld[0m [32msensord[0m [32mui[0m [32msoundd[0m [32mlocationd[0m [32mcalibrationd[0m [32mtorqued[0m [32mcontrolsd[0m [32mselfdrived[0m [32mcard[0m [32mdeleter[0m [32mdmonitoringd[0m [32mqcomgpsd[0m [32mpandad[0m [32mparamsd[0m [32mlagd[0m [31mplannerd[0m [32mradard[0m [32mhardwared[0m [32mtombstoned[0m [32muploader[0m [32mstatsd[0m [32mfeedbackd[0m [32mmodeld_tinygrad[0m [32mmapd[0m [32mmapd_manager[0m [32mrtid[0m
[32mloggerd[0m [32mencoderd[0m [32mlogmessaged[0m [32mcamerad[0m [32mlogcatd[0m [32mproclogd[0m [32mmicd[0m [32mtimed[0m [32mdmonitoringmodeld[0m [32msensord[0m [32mui[0m [32msoundd[0m [32mlocationd[0m [32mcalibrationd[0m [32mtorqued[0m [32mcontrolsd[0m [32mselfdrived[0m [32mcard[0m [32mdeleter[0m [32mdmonitoringd[0m [32mqcomgpsd[0m [32mpandad[0m [32mparamsd[0m [32mlagd[0m [31mplannerd[0m [32mradard[0m [32mhardwared[0m [32mtombstoned[0m [32muploader[0m [32mstatsd[0m [32mfeedbackd[0m [32mmodeld_tinygrad[0m [32mmapd[0m [32mmapd_manager[0m [32mrtid[0m
[32mloggerd[0m [32mencoderd[0m [32mlogmessaged[0m [32mcamerad[0m [32mlogcatd[0m [32mproclogd[0m [32mmicd[0m [32mtimed[0m [32mdmonitoringmodeld[0m [32msensord[0m [32mui[0m [32msoundd[0m [32mlocationd[0m [32mcalibrationd[0m [32mtorqued[0m [32mcontrolsd[0m [32mselfdrived[0m [32mcard[0m [32mdeleter[0m [32mdmonitoringd[0m [32mqcomgpsd[0m [32mpandad[0m [32mparamsd[0m [32mlagd[0m [31mplannerd[0m [32mradard[0m [32mhardwared[0m [32mtombstoned[0m [32muploader[0m [32mstatsd[0m [32mfeedbackd[0m [32mmodeld_tinygrad[0m [32mmapd[0m [32mmapd_manager[0m [32mrtid[0m
[32mloggerd[0m [32mencoderd[0m [32mlogmessaged[0m [32mcamerad[0m [32mlogcatd[0m [32mproclogd[0m [32mmicd[0m [32mtimed[0m [32mdmonitoringmodeld[0m [32msensord[0m [32mui[0m [32msoundd[0m [32mlocationd[0m [32mcalibrationd[0m [32mtorqued[0m [32mcontrolsd[0m [32mselfdrived[0m [32mcard[0m [32mdeleter[0m [32mdmonitoringd[0m [32mqcomgpsd[0m [32mpandad[0m [32mparamsd[0m [32mlagd[0m [31mplannerd[0m [32mradard[0m [32mhardwared[0m [32mtombstoned[0m [32muploader[0m [32mstatsd[0m [32mfeedbackd[0m [32mmodeld_tinygrad[0m [32mmapd[0m [32mmapd_manager[0m [32mrtid[0m
[32mloggerd[0m [32mencoderd[0m [32mlogmessaged[0m [32mcamerad[0m [32mlogcatd[0m [32mproclogd[0m [32mmicd[0m [32mtimed[0m [32mdmonitoringmodeld[0m [32msensord[0m [32mui[0m [32msoundd[0m [32mlocationd[0m [32mcalibrationd[0m [32mtorqued[0m [32mcontrolsd[0m [32mselfdrived[0m [32mcard[0m [32mdeleter[0m [32mdmonitoringd[0m [32mqcomgpsd[0m [32mpandad[0m [32mparamsd[0m [32mlagd[0m [31mplannerd[0m [32mradard[0m [32mhardwared[0m [32mtombstoned[0m [32muploader[0m [32mstatsd[0m [32mfeedbackd[0m [32mmodeld_tinygrad[0m [32mmapd[0m [32mmapd_manager[0m [32mrtid[0m
[32mloggerd[0m [32mencoderd[0m [32mlogmessaged[0m [32mcamerad[0m [32mlogcatd[0m [32mproclogd[0m [32mmicd[0m [32mtimed[0m [32mdmonitoringmodeld[0m [32msensord[0m [32mui[0m [32msoundd[0m [32mlocationd[0m [32mcalibrationd[0m [32mtorqued[0m [32mcontrolsd[0m [32mselfdrived[0m [32mcard[0m [32mdeleter[0m [32mdmonitoringd[0m [32mqcomgpsd[0m [32mpandad[0m [32mparamsd[0m [32mlagd[0m [31mplannerd[0m [32mradard[0m [32mhardwared[0m [32mtombstoned[0m [32muploader[0m [32mstatsd[0m [32mfeedbackd[0m [32mmodeld_tinygrad[0m [32mmapd[0m [32mmapd_manager[0m [32mrtid[0m
RTI cycle took 0.038s
RTI cycle took 0.032s
RTI cycle took 0.037s
RTI cycle took 0.016s
RTI cycle took 0.028s
RTI cycle took 0.015s
RTI cycle took 0.026s
RTI cycle took 0.016s
RTI cycle took 0.035s
RTI cycle took 0.017s
RTI cycle took 0.034s
RTI cycle took 0.024s
RTI cycle took 0.019s
RTI cycle took 0.021s
RTI cycle took 0.026s
RTI cycle took 0.034s
RTI cycle took 0.018s
RTI cycle took 0.035s
RTI cycle took 0.033s
RTI cycle took 0.016s
RTI cycle took 0.035s
RTI cycle took 0.024s
RTI cycle took 0.025s
RTI cycle took 0.033s
RTI cycle took 0.016s
RTI cycle took 0.028s
RTI cycle took 0.042s
RTI cycle took 0.022s
RTI cycle took 0.024s
RTI cycle took 0.024s
RTI cycle took 0.024s
RTI cycle took 0.026s
RTI cycle took 0.032s
RTI cycle took 0.027s
RTI cycle took 0.031s
RTI cycle took 0.025s
RTI cycle took 0.020s
RTI cycle took 0.026s
RTI cycle took 0.028s
RTI cycle took 0.034s
RTI cycle took 0.025s
RTI cycle took 0.023s
RTI cycle took 0.025s
RTI cycle took 0.039s
RTI cycle took 0.023s
RTI cycle took 0.023s
RTI cycle took 0.033s
RTI cycle took 0.013s
RTI cycle took 0.023s
RTI cycle took 0.028s
RTI cycle took 0.027s
RTI cycle took 0.039s
RTI cycle took 0.025s
RTI cycle took 0.021s
RTI cycle took 0.027s
RTI cycle took 0.031s
RTI cycle took 0.018s
RTI cycle took 0.026s
RTI cycle took 0.020s
RTI cycle took 0.026s
RTI cycle took 0.020s
RTI cycle took 0.025s
RTI cycle took 0.031s
RTI cycle took 0.022s
RTI cycle took 0.034s
RTI cycle took 0.037s
RTI cycle took 0.028s
RTI cycle took 0.022s
RTI cycle took 0.025s
RTI cycle took 0.031s
RTI cycle took 0.027s
RTI cycle took 0.039s
RTI cycle took 0.049s
RTI cycle took 0.032s
RTI cycle took 0.037s
RTI cycle took 0.035s
RTI cycle took 0.027s
RTI cycle took 0.024s
RTI cycle took 0.031s
RTI cycle took 0.037s
RTI cycle took 0.048s
RTI cycle took 0.017s
RTI cycle took 0.036s
RTI cycle took 0.028s
RTI cycle took 0.070s
RTI cycle took 0.017s
RTI cycle took 0.027s
RTI cycle took 0.028s
RTI cycle took 0.055s
RTI cycle took 0.026s
RTI cycle took 0.017s
RTI cycle took 0.024s
RTI cycle took 0.037s
RTI cycle took 0.018s
RTI cycle took 0.019s
RTI cycle took 0.023s
RTI cycle took 0.032s
RTI cycle took 0.015s
RTI cycle took 0.025s
RTI cycle took 0.038s
RTI cycle took 0.028s
RTI cycle took 0.035s
RTI cycle took 0.032s
RTI cycle took 0.038s
RTI cycle took 0.026s
RTI cycle took 0.031s
RTI cycle took 0.042s
RTI cycle took 0.019s
RTI cycle took 0.026s
RTI cycle took 0.022s
RTI cycle took 0.022s
RTI cycle took 0.032s
RTI cycle took 0.034s
RTI cycle took 0.014s
RTI cycle took 0.022s
RTI cycle took 0.038s
RTI cycle took 0.017s
RTI cycle took 0.044s
RTI cycle took 0.015s
RTI cycle took 0.022s
RTI cycle took 0.026s
RTI cycle took 0.034s
RTI cycle took 0.027s
RTI cycle took 0.018s
RTI cycle took 0.025s
RTI cycle took 0.031s
RTI cycle took 0.034s
RTI cycle took 0.022s
RTI cycle took 0.023s
RTI cycle took 0.037s
RTI cycle took 0.030s
RTI cycle took 0.018s
RTI cycle took 0.028s
RTI cycle took 0.029s
RTI cycle took 0.027s
RTI cycle took 0.031s
RTI cycle took 0.029s
RTI cycle took 0.028s
RTI cycle took 0.020s
RTI cycle took 0.023s
RTI cycle took 0.038s
RTI cycle took 0.016s
RTI cycle took 0.025s
RTI cycle took 0.026s
RTI cycle took 0.049s
RTI cycle took 0.030s
RTI cycle took 0.018s
RTI cycle took 0.025s
RTI cycle took 0.036s
RTI cycle took 0.014s
RTI cycle took 0.033s
RTI cycle took 0.028s
RTI cycle took 0.037s
RTI cycle took 0.034s
RTI cycle took 0.038s
RTI cycle took 0.015s
RTI cycle took 0.028s
RTI cycle took 0.014s
RTI cycle took 0.026s
RTI cycle took 0.015s
RTI cycle took 0.029s
RTI cycle took 0.025s
RTI cycle took 0.031s
RTI cycle took 0.041s
RTI cycle took 0.016s
RTI cycle took 0.035s
RTI cycle took 0.017s
RTI cycle took 0.029s
RTI cycle took 0.021s
RTI cycle took 0.031s
RTI cycle took 0.048s
RTI cycle took 0.016s
RTI cycle took 0.021s
RTI cycle took 0.033s
RTI cycle took 0.015s
RTI cycle took 0.032s
RTI cycle took 0.022s
RTI cycle took 0.029s
RTI cycle took 0.045s
RTI cycle took 0.018s
RTI cycle took 0.026s
RTI cycle took 0.021s
RTI cycle took 0.019s
RTI cycle took 0.028s
RTI cycle took 0.027s
RTI cycle took 0.033s
RTI cycle took 0.016s
RTI cycle took 0.035s
RTI cycle took 0.017s
RTI cycle took 0.022s
RTI cycle took 0.031s
RTI cycle took 0.030s
RTI cycle took 0.020s
RTI cycle took 0.018s
RTI cycle took 0.026s
RTI cycle took 0.025s
RTI cycle took 0.019s
RTI cycle took 0.025s
RTI cycle took 0.033s
RTI cycle took 0.030s
RTI cycle took 0.030s
RTI cycle took 0.040s
RTI cycle took 0.035s
RTI cycle took 0.033s
RTI cycle took 0.040s
RTI cycle took 0.032s
RTI cycle took 0.015s
RTI cycle took 0.016s
RTI cycle took 0.017s
RTI cycle took 0.032s
RTI cycle took 0.024s
RTI cycle took 0.029s
RTI cycle took 0.036s
RTI cycle took 0.041s
RTI cycle took 0.053s
RTI cycle took 0.021s
RTI cycle took 0.022s
[32mloggerd[0m [32mencoderd[0m [32mlogmessaged[0m [32mcamerad[0m [32mlogcatd[0m [32mproclogd[0m [32mmicd[0m [32mtimed[0m [32mdmonitoringmodeld[0m [32msensord[0m [32mui[0m [32msoundd[0m [32mlocationd[0m [32mcalibrationd[0m [32mtorqued[0m [32mcontrolsd[0m [32mselfdrived[0m [32mcard[0m [32mdeleter[0m [32mdmonitoringd[0m [32mqcomgpsd[0m [32mpandad[0m [32mparamsd[0m [32mlagd[0m [31mplannerd[0m [32mradard[0m [32mhardwared[0m [32mtombstoned[0m [32muploader[0m [32mstatsd[0m [32mfeedbackd[0m [32mmodeld_tinygrad[0m [32mmapd[0m [32mmapd_manager[0m [32mrtid[0m
[32mloggerd[0m [32mencoderd[0m [32mlogmessaged[0m [32mcamerad[0m [32mlogcatd[0m [32mproclogd[0m [32mmicd[0m [32mtimed[0m [32mdmonitoringmodeld[0m [32msensord[0m [32mui[0m [32msoundd[0m [32mlocationd[0m [32mcalibrationd[0m [32mtorqued[0m [32mcontrolsd[0m [32mselfdrived[0m [32mcard[0m [32mdeleter[0m [32mdmonitoringd[0m [32mqcomgpsd[0m [32mpandad[0m [32mparamsd[0m [32mlagd[0m [31mplannerd[0m [32mradard[0m [32mhardwared[0m [32mtombstoned[0m [32muploader[0m [32mstatsd[0m [32mfeedbackd[0m [32mmodeld_tinygrad[0m [32mmapd[0m [32mmapd_manager[0m [32mrtid[0m
[32mloggerd[0m [32mencoderd[0m [32mlogmessaged[0m [32mcamerad[0m [32mlogcatd[0m [32mproclogd[0m [32mmicd[0m [32mtimed[0m [32mdmonitoringmodeld[0m [32msensord[0m [32mui[0m [32msoundd[0m [32mlocationd[0m [32mcalibrationd[0m [32mtorqued[0m [32mcontrolsd[0m [32mselfdrived[0m [32mcard[0m [32mdeleter[0m [32mdmonitoringd[0m [32mqcomgpsd[0m [32mpandad[0m [32mparamsd[0m [32mlagd[0m [31mplannerd[0m [32mradard[0m [32mhardwared[0m [32mtombstoned[0m [32muploader[0m [32mstatsd[0m [32mfeedbackd[0m [32mmodeld_tinygrad[0m [32mmapd[0m [32mmapd_manager[0m [32mrtid[0m
[32mloggerd[0m [32mencoderd[0m [32mlogmessaged[0m [32mcamerad[0m [32mlogcatd[0m [32mproclogd[0m [32mmicd[0m [32mtimed[0m [32mdmonitoringmodeld[0m [32msensord[0m [32mui[0m [32msoundd[0m [32mlocationd[0m [32mcalibrationd[0m [32mtorqued[0m [32mcontrolsd[0m [32mselfdrived[0m [32mcard[0m [32mdeleter[0m [32mdmonitoringd[0m [32mqcomgpsd[0m [32mpandad[0m [32mparamsd[0m [32mlagd[0m [31mplannerd[0m [32mradard[0m [32mhardwared[0m [32mtombstoned[0m [32muploader[0m [32mstatsd[0m [32mfeedbackd[0m [32mmodeld_tinygrad[0m [32mmapd[0m [32mmapd_manager[0m [32mrtid[0m
[32mloggerd[0m [32mencoderd[0m [32mlogmessaged[0m [32mcamerad[0m [32mlogcatd[0m [32mproclogd[0m [32mmicd[0m [32mtimed[0m [32mdmonitoringmodeld[0m [32msensord[0m [32mui[0m [32msoundd[0m [32mlocationd[0m [32mcalibrationd[0m [32mtorqued[0m [32mcontrolsd[0m [32mselfdrived[0m [32mcard[0m [32mdeleter[0m [32mdmonitoringd[0m [32mqcomgpsd[0m [32mpandad[0m [32mparamsd[0m [32mlagd[0m [31mplannerd[0m [32mradard[0m [32mhardwared[0m [32mtombstoned[0m [32muploader[0m [32mstatsd[0m [32mfeedbackd[0m [32mmodeld_tinygrad[0m [32mmapd[0m [32mmapd_manager[0m [32mrtid[0m
[32mloggerd[0m [32mencoderd[0m [32mlogmessaged[0m [32mcamerad[0m [32mlogcatd[0m [32mproclogd[0m [32mmicd[0m [32mtimed[0m [32mdmonitoringmodeld[0m [32msensord[0m [32mui[0m [32msoundd[0m [32mlocationd[0m [32mcalibrationd[0m [32mtorqued[0m [32mcontrolsd[0m [32mselfdrived[0m [32mcard[0m [32mdeleter[0m [32mdmonitoringd[0m [32mqcomgpsd[0m [32mpandad[0m [32mparamsd[0m [32mlagd[0m [31mplannerd[0m [32mradard[0m [32mhardwared[0m [32mtombstoned[0m [32muploader[0m [32mstatsd[0m [32mfeedbackd[0m [32mmodeld_tinygrad[0m [32mmapd[0m [32mmapd_manager[0m [32mrtid[0m
[32mloggerd[0m [32mencoderd[0m [32mlogmessaged[0m [32mcamerad[0m [32mlogcatd[0m [32mproclogd[0m [32mmicd[0m [32mtimed[0m [32mdmonitoringmodeld[0m [32msensord[0m [32mui[0m [32msoundd[0m [32mlocationd[0m [32mcalibrationd[0m [32mtorqued[0m [32mcontrolsd[0m [32mselfdrived[0m [32mcard[0m [32mdeleter[0m [32mdmonitoringd[0m [32mqcomgpsd[0m [32mpandad[0m [32mparamsd[0m [32mlagd[0m [31mplannerd[0m [32mradard[0m [32mhardwared[0m [32mtombstoned[0m [32muploader[0m [32mstatsd[0m [32mfeedbackd[0m [32mmodeld_tinygrad[0m [32mmapd[0m [32mmapd_manager[0m [32mrtid[0m
[32mloggerd[0m [32mencoderd[0m [32mlogmessaged[0m [32mcamerad[0m [32mlogcatd[0m [32mproclogd[0m [32mmicd[0m [32mtimed[0m [32mdmonitoringmodeld[0m [32msensord[0m [32mui[0m [32msoundd[0m [32mlocationd[0m [32mcalibrationd[0m [32mtorqued[0m [32mcontrolsd[0m [32mselfdrived[0m [32mcard[0m [32mdeleter[0m [32mdmonitoringd[0m [32mqcomgpsd[0m [32mpandad[0m [32mparamsd[0m [32mlagd[0m [31mplannerd[0m [32mradard[0m [32mhardwared[0m [32mtombstoned[0m [32muploader[0m [32mstatsd[0m [32mfeedbackd[0m [32mmodeld_tinygrad[0m [32mmapd[0m [32mmapd_manager[0m [32mrtid[0m
[32mloggerd[0m [32mencoderd[0m [32mlogmessaged[0m [32mcamerad[0m [32mlogcatd[0m [32mproclogd[0m [32mmicd[0m [32mtimed[0m [32mdmonitoringmodeld[0m [32msensord[0m [32mui[0m [32msoundd[0m [32mlocationd[0m [32mcalibrationd[0m [32mtorqued[0m [32mcontrolsd[0m [32mselfdrived[0m [32mcard[0m [32mdeleter[0m [32mdmonitoringd[0m [32mqcomgpsd[0m [32mpandad[0m [32mparamsd[0m [32mlagd[0m [31mplannerd[0m [32mradard[0m [32mhardwared[0m [32mtombstoned[0m [32muploader[0m [32mstatsd[0m [32mfeedbackd[0m [32mmodeld_tinygrad[0m [32mmapd[0m [32mmapd_manager[0m [32mrtid[0m
[32mloggerd[0m [32mencoderd[0m [32mlogmessaged[0m [32mcamerad[0m [32mlogcatd[0m [32mproclogd[0m [32mmicd[0m [32mtimed[0m [32mdmonitoringmodeld[0m [32msensord[0m [32mui[0m [32msoundd[0m [32mlocationd[0m [32mcalibrationd[0m [32mtorqued[0m [32mcontrolsd[0m [32mselfdrived[0m [32mcard[0m [32mdeleter[0m [32mdmonitoringd[0m [32mqcomgpsd[0m [32mpandad[0m [32mparamsd[0m [32mlagd[0m [31mplannerd[0m [32mradard[0m [32mhardwared[0m [32mtombstoned[0m [32muploader[0m [32mstatsd[0m [32mfeedbackd[0m [32mmodeld_tinygrad[0m [32mmapd[0m [32mmapd_manager[0m [32mrtid[0m
[32mloggerd[0m [32mencoderd[0m [32mlogmessaged[0m [32mcamerad[0m [32mlogcatd[0m [32mproclogd[0m [32mmicd[0m [32mtimed[0m [32mdmonitoringmodeld[0m [32msensord[0m [32mui[0m [32msoundd[0m [32mlocationd[0m [32mcalibrationd[0m [32mtorqued[0m [32mcontrolsd[0m [32mselfdrived[0m [32mcard[0m [32mdeleter[0m [32mdmonitoringd[0m [32mqcomgpsd[0m [32mpandad[0m [32mparamsd[0m [32mlagd[0m [31mplannerd[0m [32mradard[0m [32mhardwared[0m [32mtombstoned[0m [32muploader[0m [32mstatsd[0m [32mfeedbackd[0m [32mmodeld_tinygrad[0m [32mmapd[0m [32mmapd_manager[0m [32mrtid[0m
[32mloggerd[0m [32mencoderd[0m [32mlogmessaged[0m [32mcamerad[0m [32mlogcatd[0m [32mproclogd[0m [32mmicd[0m [32mtimed[0m [32mdmonitoringmodeld[0m [32msensord[0m [32mui[0m [32msoundd[0m [32mlocationd[0m [32mcalibrationd[0m [32mtorqued[0m [32mcontrolsd[0m [32mselfdrived[0m [32mcard[0m [32mdeleter[0m [32mdmonitoringd[0m [32mqcomgpsd[0m [32mpandad[0m [32mparamsd[0m [32mlagd[0m [31mplannerd[0m [32mradard[0m [32mhardwared[0m [32mtombstoned[0m [32muploader[0m [32mstatsd[0m [32mfeedbackd[0m [32mmodeld_tinygrad[0m [32mmapd[0m [32mmapd_manager[0m [32mrtid[0m
[32mloggerd[0m [32mencoderd[0m [32mlogmessaged[0m [32mcamerad[0m [32mlogcatd[0m [32mproclogd[0m [32mmicd[0m [32mtimed[0m [32mdmonitoringmodeld[0m [32msensord[0m [32mui[0m [32msoundd[0m [32mlocationd[0m [32mcalibrationd[0m [32mtorqued[0m [32mcontrolsd[0m [32mselfdrived[0m [32mcard[0m [32mdeleter[0m [32mdmonitoringd[0m [32mqcomgpsd[0m [32mpandad[0m [32mparamsd[0m [32mlagd[0m [31mplannerd[0m [32mradard[0m [32mhardwared[0m [32mtombstoned[0m [32muploader[0m [32mstatsd[0m [32mfeedbackd[0m [32mmodeld_tinygrad[0m [32mmapd[0m [32mmapd_manager[0m [32mrtid[0m
RTI cycle took 0.038s
RTI cycle took 0.021s
RTI cycle took 0.051s
RTI cycle took 0.043s
RTI cycle took 0.043s
RTI cycle took 0.031s
RTI cycle took 0.029s
RTI cycle took 0.022s
RTI cycle took 0.026s
RTI cycle took 0.039s
RTI cycle took 0.018s
RTI cycle took 0.036s
RTI cycle took 0.017s
RTI cycle took 0.037s
RTI cycle took 0.031s
RTI cycle took 0.016s
RTI cycle took 0.029s
RTI cycle took 0.025s
RTI cycle took 0.031s
RTI cycle took 0.030s
RTI cycle took 0.026s
RTI cycle took 0.037s
RTI cycle took 0.034s
RTI cycle took 0.034s
RTI cycle took 0.039s
RTI cycle took 0.041s
RTI cycle took 0.028s
RTI cycle took 0.038s
RTI cycle took 0.027s
RTI cycle took 0.036s
RTI cycle took 0.016s
RTI cycle took 0.033s
RTI cycle took 0.015s
RTI cycle took 0.021s
RTI cycle took 0.042s
RTI cycle took 0.024s
RTI cycle took 0.026s
RTI cycle took 0.021s
RTI cycle took 0.028s
RTI cycle took 0.027s
RTI cycle took 0.035s
RTI cycle took 0.022s
RTI cycle took 0.023s
RTI cycle took 0.036s
RTI cycle took 0.038s
RTI cycle took 0.040s
RTI cycle took 0.036s
RTI cycle took 0.048s
RTI cycle took 0.022s
RTI cycle took 0.019s
RTI cycle took 0.017s
RTI cycle took 0.035s
RTI cycle took 0.028s
RTI cycle took 0.026s
RTI cycle took 0.032s
RTI cycle took 0.024s
RTI cycle took 0.030s
RTI cycle took 0.029s
RTI cycle took 0.040s
RTI cycle took 0.028s
RTI cycle took 0.020s
RTI cycle took 0.020s
RTI cycle took 0.027s
RTI cycle took 0.040s
RTI cycle took 0.021s
RTI cycle took 0.039s
RTI cycle took 0.022s
RTI cycle took 0.016s
RTI cycle took 0.035s
RTI cycle took 0.021s
RTI cycle took 0.038s
RTI cycle took 0.022s
RTI cycle took 0.028s
RTI cycle took 0.023s
RTI cycle took 0.029s
RTI cycle took 0.027s
RTI cycle took 0.026s
RTI cycle took 0.021s
RTI cycle took 0.029s
RTI cycle took 0.041s
RTI cycle took 0.014s
RTI cycle took 0.026s
RTI cycle took 0.037s
RTI cycle took 0.027s
RTI cycle took 0.030s
RTI cycle took 0.029s
RTI cycle took 0.030s
RTI cycle took 0.037s
RTI cycle took 0.032s
RTI cycle took 0.034s
RTI cycle took 0.022s
RTI cycle took 0.025s
RTI cycle took 0.035s
RTI cycle took 0.023s
RTI cycle took 0.029s
RTI cycle took 0.037s
RTI cycle took 0.040s
RTI cycle took 0.038s
RTI cycle took 0.024s
RTI cycle took 0.016s
RTI cycle took 0.025s
RTI cycle took 0.025s
RTI cycle took 0.026s
RTI cycle took 0.032s
RTI cycle took 0.014s
RTI cycle took 0.027s
RTI cycle took 0.022s
RTI cycle took 0.034s
RTI cycle took 0.038s
RTI cycle took 0.015s
RTI cycle took 0.030s
RTI cycle took 0.044s
RTI cycle took 0.020s
RTI cycle took 0.029s
RTI cycle took 0.038s
RTI cycle took 0.027s
RTI cycle took 0.041s
RTI cycle took 0.028s
RTI cycle took 0.031s
RTI cycle took 0.036s
RTI cycle took 0.054s
RTI cycle took 0.038s
RTI cycle took 0.030s
RTI cycle took 0.023s
RTI cycle took 0.018s
RTI cycle took 0.027s
RTI cycle took 0.028s
RTI cycle took 0.039s
RTI cycle took 0.020s
RTI cycle took 0.016s
RTI cycle took 0.033s
RTI cycle took 0.041s
RTI cycle took 0.017s
RTI cycle took 0.027s
RTI cycle took 0.026s
RTI cycle took 0.025s
RTI cycle took 0.043s
RTI cycle took 0.026s
RTI cycle took 0.034s
RTI cycle took 0.043s
RTI cycle took 0.030s
RTI cycle took 0.029s
RTI cycle took 0.052s
RTI cycle took 0.027s
RTI cycle took 0.017s
RTI cycle took 0.035s
RTI cycle took 0.020s
RTI cycle took 0.022s
RTI cycle took 0.024s
RTI cycle took 0.029s
RTI cycle took 0.018s
RTI cycle took 0.024s
RTI cycle took 0.043s
RTI cycle took 0.012s
RTI cycle took 0.026s
RTI cycle took 0.030s
RTI cycle took 0.023s
RTI cycle took 0.044s
RTI cycle took 0.025s
RTI cycle took 0.022s
RTI cycle took 0.044s
RTI cycle took 0.023s
RTI cycle took 0.030s
RTI cycle took 0.018s
RTI cycle took 0.039s
RTI cycle took 0.020s
RTI cycle took 0.024s
RTI cycle took 0.021s
RTI cycle took 0.038s
RTI cycle took 0.028s
RTI cycle took 0.019s
RTI cycle took 0.017s
RTI cycle took 0.035s
RTI cycle took 0.017s
RTI cycle took 0.031s
RTI cycle took 0.014s
RTI cycle took 0.027s
RTI cycle took 0.021s
RTI cycle took 0.034s
RTI cycle took 0.030s
RTI cycle took 0.029s
RTI cycle took 0.031s
RTI cycle took 0.041s
RTI cycle took 0.016s
RTI cycle took 0.039s
RTI cycle took 0.024s
RTI cycle took 0.030s
RTI cycle took 0.034s
RTI cycle took 0.033s
RTI cycle took 0.021s
RTI cycle took 0.045s
RTI cycle took 0.024s
RTI cycle took 0.027s
RTI cycle took 0.040s
RTI cycle took 0.019s
RTI cycle took 0.034s
RTI cycle took 0.034s
RTI cycle took 0.015s
RTI cycle took 0.017s
RTI cycle took 0.026s
RTI cycle took 0.018s
RTI cycle took 0.020s
RTI cycle took 0.043s
RTI cycle took 0.012s
RTI cycle took 0.026s
RTI cycle took 0.022s
RTI cycle took 0.028s
RTI cycle took 0.029s
RTI cycle took 0.017s
RTI cycle took 0.029s
RTI cycle took 0.021s
[32mloggerd[0m [32mencoderd[0m [32mlogmessaged[0m [32mcamerad[0m [32mlogcatd[0m [32mproclogd[0m [32mmicd[0m [32mtimed[0m [32mdmonitoringmodeld[0m [32msensord[0m [32mui[0m [32msoundd[0m [32mlocationd[0m [32mcalibrationd[0m [32mtorqued[0m [32mcontrolsd[0m [32mselfdrived[0m [32mcard[0m [32mdeleter[0m [32mdmonitoringd[0m [32mqcomgpsd[0m [32mpandad[0m [32mparamsd[0m [32mlagd[0m [31mplannerd[0m [32mradard[0m [32mhardwared[0m [32mtombstoned[0m [32muploader[0m [32mstatsd[0m [32mfeedbackd[0m [32mmodeld_tinygrad[0m [32mmapd[0m [32mmapd_manager[0m [32mrtid[0m
[32mloggerd[0m [32mencoderd[0m [32mlogmessaged[0m [32mcamerad[0m [32mlogcatd[0m [32mproclogd[0m [32mmicd[0m [32mtimed[0m [32mdmonitoringmodeld[0m [32msensord[0m [32mui[0m [32msoundd[0m [32mlocationd[0m [32mcalibrationd[0m [32mtorqued[0m [32mcontrolsd[0m [32mselfdrived[0m [32mcard[0m [32mdeleter[0m [32mdmonitoringd[0m [32mqcomgpsd[0m [32mpandad[0m [32mparamsd[0m [32mlagd[0m [31mplannerd[0m [32mradard[0m [32mhardwared[0m [32mtombstoned[0m [32muploader[0m [32mstatsd[0m [32mfeedbackd[0m [32mmodeld_tinygrad[0m [32mmapd[0m [32mmapd_manager[0m [32mrtid[0m
[32mloggerd[0m [32mencoderd[0m [32mlogmessaged[0m [32mcamerad[0m [32mlogcatd[0m [32mproclogd[0m [32mmicd[0m [32mtimed[0m [32mdmonitoringmodeld[0m [32msensord[0m [32mui[0m [32msoundd[0m [32mlocationd[0m [32mcalibrationd[0m [32mtorqued[0m [32mcontrolsd[0m [32mselfdrived[0m [32mcard[0m [32mdeleter[0m [32mdmonitoringd[0m [32mqcomgpsd[0m [32mpandad[0m [32mparamsd[0m [32mlagd[0m [31mplannerd[0m [32mradard[0m [32mhardwared[0m [32mtombstoned[0m [32muploader[0m [32mstatsd[0m [32mfeedbackd[0m [32mmodeld_tinygrad[0m [32mmapd[0m [32mmapd_manager[0m [32mrtid[0m
[32mloggerd[0m [32mencoderd[0m [32mlogmessaged[0m [32mcamerad[0m [32mlogcatd[0m [32mproclogd[0m [32mmicd[0m [32mtimed[0m [32mdmonitoringmodeld[0m [32msensord[0m [32mui[0m [32msoundd[0m [32mlocationd[0m [32mcalibrationd[0m [32mtorqued[0m [32mcontrolsd[0m [32mselfdrived[0m [32mcard[0m [32mdeleter[0m [32mdmonitoringd[0m [32mqcomgpsd[0m [32mpandad[0m [32mparamsd[0m [32mlagd[0m [31mplannerd[0m [32mradard[0m [32mhardwared[0m [32mtombstoned[0m [32muploader[0m [32mstatsd[0m [32mfeedbackd[0m [32mmodeld_tinygrad[0m [32mmapd[0m [32mmapd_manager[0m [32mrtid[0m
[32mloggerd[0m [32mencoderd[0m [32mlogmessaged[0m [32mcamerad[0m [32mlogcatd[0m [32mproclogd[0m [32mmicd[0m [32mtimed[0m [32mdmonitoringmodeld[0m [32msensord[0m [32mui[0m [32msoundd[0m [32mlocationd[0m [32mcalibrationd[0m [32mtorqued[0m [32mcontrolsd[0m [32mselfdrived[0m [32mcard[0m [32mdeleter[0m [32mdmonitoringd[0m [32mqcomgpsd[0m [32mpandad[0m [32mparamsd[0m [32mlagd[0m [31mplannerd[0m [32mradard[0m [32mhardwared[0m [32mtombstoned[0m [32muploader[0m [32mstatsd[0m [32mfeedbackd[0m [32mmodeld_tinygrad[0m [32mmapd[0m [32mmapd_manager[0m [32mrtid[0m
[32mloggerd[0m [32mencoderd[0m [32mlogmessaged[0m [32mcamerad[0m [32mlogcatd[0m [32mproclogd[0m [32mmicd[0m [32mtimed[0m [32mdmonitoringmodeld[0m [32msensord[0m [32mui[0m [32msoundd[0m [32mlocationd[0m [32mcalibrationd[0m [32mtorqued[0m [32mcontrolsd[0m [32mselfdrived[0m [32mcard[0m [32mdeleter[0m [32mdmonitoringd[0m [32mqcomgpsd[0m [32mpandad[0m [32mparamsd[0m [32mlagd[0m [31mplannerd[0m [32mradard[0m [32mhardwared[0m [32mtombstoned[0m [32muploader[0m [32mstatsd[0m [32mfeedbackd[0m [32mmodeld_tinygrad[0m [32mmapd[0m [32mmapd_manager[0m [32mrtid[0m
[32mloggerd[0m [32mencoderd[0m [32mlogmessaged[0m [32mcamerad[0m [32mlogcatd[0m [32mproclogd[0m [32mmicd[0m [32mtimed[0m [32mdmonitoringmodeld[0m [32msensord[0m [32mui[0m [32msoundd[0m [32mlocationd[0m [32mcalibrationd[0m [32mtorqued[0m [32mcontrolsd[0m [32mselfdrived[0m [32mcard[0m [32mdeleter[0m [32mdmonitoringd[0m [32mqcomgpsd[0m [32mpandad[0m [32mparamsd[0m [32mlagd[0m [31mplannerd[0m [32mradard[0m [32mhardwared[0m [32mtombstoned[0m [32muploader[0m [32mstatsd[0m [32mfeedbackd[0m [32mmodeld_tinygrad[0m [32mmapd[0m [32mmapd_manager[0m [32mrtid[0m
[32mloggerd[0m [32mencoderd[0m [32mlogmessaged[0m [32mcamerad[0m [32mlogcatd[0m [32mproclogd[0m [32mmicd[0m [32mtimed[0m [32mdmonitoringmodeld[0m [32msensord[0m [32mui[0m [32msoundd[0m [32mlocationd[0m [32mcalibrationd[0m [32mtorqued[0m [32mcontrolsd[0m [32mselfdrived[0m [32mcard[0m [32mdeleter[0m [32mdmonitoringd[0m [32mqcomgpsd[0m [32mpandad[0m [32mparamsd[0m [32mlagd[0m [31mplannerd[0m [32mradard[0m [32mhardwared[0m [32mtombstoned[0m [32muploader[0m [32mstatsd[0m [32mfeedbackd[0m [32mmodeld_tinygrad[0m [32mmapd[0m [32mmapd_manager[0m [32mrtid[0m
[32mloggerd[0m [32mencoderd[0m [32mlogmessaged[0m [32mcamerad[0m [32mlogcatd[0m [32mproclogd[0m [32mmicd[0m [32mtimed[0m [32mdmonitoringmodeld[0m [32msensord[0m [32mui[0m [32msoundd[0m [32mlocationd[0m [32mcalibrationd[0m [32mtorqued[0m [32mcontrolsd[0m [32mselfdrived[0m [32mcard[0m [32mdeleter[0m [32mdmonitoringd[0m [32mqcomgpsd[0m [32mpandad[0m [32mparamsd[0m [32mlagd[0m [31mplannerd[0m [32mradard[0m [32mhardwared[0m [32mtombstoned[0m [32muploader[0m [32mstatsd[0m [32mfeedbackd[0m [32mmodeld_tinygrad[0m [32mmapd[0m [32mmapd_manager[0m [32mrtid[0m
[32mloggerd[0m [32mencoderd[0m [32mlogmessaged[0m [32mcamerad[0m [32mlogcatd[0m [32mproclogd[0m [32mmicd[0m [32mtimed[0m [32mdmonitoringmodeld[0m [32msensord[0m [32mui[0m [32msoundd[0m [32mlocationd[0m [32mcalibrationd[0m [32mtorqued[0m [32mcontrolsd[0m [32mselfdrived[0m [32mcard[0m [32mdeleter[0m [32mdmonitoringd[0m [32mqcomgpsd[0m [32mpandad[0m [32mparamsd[0m [32mlagd[0m [31mplannerd[0m [32mradard[0m [32mhardwared[0m [32mtombstoned[0m [32muploader[0m [32mstatsd[0m [32mfeedbackd[0m [32mmodeld_tinygrad[0m [32mmapd[0m [32mmapd_manager[0m [32mrtid[0m
[32mloggerd[0m [32mencoderd[0m [32mlogmessaged[0m [32mcamerad[0m [32mlogcatd[0m [32mproclogd[0m [32mmicd[0m [32mtimed[0m [32mdmonitoringmodeld[0m [32msensord[0m [32mui[0m [32msoundd[0m [32mlocationd[0m [32mcalibrationd[0m [32mtorqued[0m [32mcontrolsd[0m [32mselfdrived[0m [32mcard[0m [32mdeleter[0m [32mdmonitoringd[0m [32mqcomgpsd[0m [32mpandad[0m [32mparamsd[0m [32mlagd[0m [31mplannerd[0m [32mradard[0m [32mhardwared[0m [32mtombstoned[0m [32muploader[0m [32mstatsd[0m [32mfeedbackd[0m [32mmodeld_tinygrad[0m [32mmapd[0m [32mmapd_manager[0m [32mrtid[0m
[32mloggerd[0m [32mencoderd[0m [32mlogmessaged[0m [32mcamerad[0m [32mlogcatd[0m [32mproclogd[0m [32mmicd[0m [32mtimed[0m [32mdmonitoringmodeld[0m [32msensord[0m [32mui[0m [32msoundd[0m [32mlocationd[0m [32mcalibrationd[0m [32mtorqued[0m [32mcontrolsd[0m [32mselfdrived[0m [32mcard[0m [32mdeleter[0m [32mdmonitoringd[0m [32mqcomgpsd[0m [32mpandad[0m [32mparamsd[0m [32mlagd[0m [31mplannerd[0m [32mradard[0m [32mhardwared[0m [32mtombstoned[0m [32muploader[0m [32mstatsd[0m [32mfeedbackd[0m [32mmodeld_tinygrad[0m [32mmapd[0m [32mmapd_manager[0m [32mrtid[0m
[32mloggerd[0m [32mencoderd[0m [32mlogmessaged[0m [32mcamerad[0m [32mlogcatd[0m [32mproclogd[0m [32mmicd[0m [32mtimed[0m [32mdmonitoringmodeld[0m [32msensord[0m [32mui[0m [32msoundd[0m [32mlocationd[0m [32mcalibrationd[0m [32mtorqued[0m [32mcontrolsd[0m [32mselfdrived[0m [32mcard[0m [32mdeleter[0m [32mdmonitoringd[0m [32mqcomgpsd[0m [32mpandad[0m [32mparamsd[0m [32mlagd[0m [31mplannerd[0m [32mradard[0m [32mhardwared[0m [32mtombstoned[0m [32muploader[0m [32mstatsd[0m [32mfeedbackd[0m [32mmodeld_tinygrad[0m [32mmapd[0m [32mmapd_manager[0m [32mrtid[0m
RTI cycle took 0.039s
RTI cycle took 0.041s
RTI cycle took 0.032s
RTI cycle took 0.019s
RTI cycle took 0.032s
RTI cycle took 0.026s
RTI cycle took 0.029s
RTI cycle took 0.014s
RTI cycle took 0.024s
RTI cycle took 0.018s
RTI cycle took 0.028s
RTI cycle took 0.027s
RTI cycle took 0.021s
RTI cycle took 0.030s
RTI cycle took 0.027s
RTI cycle took 0.040s
RTI cycle took 0.042s
RTI cycle took 0.016s
RTI cycle took 0.026s
RTI cycle took 0.019s
RTI cycle took 0.027s
RTI cycle took 0.038s
RTI cycle took 0.017s
RTI cycle took 0.019s
RTI cycle took 0.022s
RTI cycle took 0.038s
RTI cycle took 0.011s
RTI cycle took 0.030s
RTI cycle took 0.016s
RTI cycle took 0.045s
RTI cycle took 0.049s
RTI cycle took 0.041s
RTI cycle took 0.040s
RTI cycle took 0.035s
RTI cycle took 0.018s
RTI cycle took 0.018s
RTI cycle took 0.016s
RTI cycle took 0.042s
RTI cycle took 0.038s
RTI cycle took 0.024s
RTI cycle took 0.032s
RTI cycle took 0.040s
RTI cycle took 0.024s
RTI cycle took 0.029s
RTI cycle took 0.028s
RTI cycle took 0.026s
RTI cycle took 0.034s
RTI cycle took 0.040s
RTI cycle took 0.024s
RTI cycle took 0.021s
RTI cycle took 0.027s
RTI cycle took 0.034s
RTI cycle took 0.014s
RTI cycle took 0.015s
RTI cycle took 0.022s
RTI cycle took 0.019s
RTI cycle took 0.018s
RTI cycle took 0.030s
RTI cycle took 0.024s
RTI cycle took 0.033s
RTI cycle took 0.020s
RTI cycle took 0.031s
RTI cycle took 0.027s
RTI cycle took 0.031s
RTI cycle took 0.018s
RTI cycle took 0.024s
RTI cycle took 0.043s
RTI cycle took 0.014s
RTI cycle took 0.025s
RTI cycle took 0.041s
RTI cycle took 0.026s
RTI cycle took 0.025s
RTI cycle took 0.027s
RTI cycle took 0.029s
RTI cycle took 0.030s
RTI cycle took 0.029s
RTI cycle took 0.028s
RTI cycle took 0.021s
RTI cycle took 0.028s
RTI cycle took 0.030s
RTI cycle took 0.027s
RTI cycle took 0.039s
RTI cycle took 0.027s
RTI cycle took 0.032s
RTI cycle took 0.038s
RTI cycle took 0.032s
RTI cycle took 0.026s
RTI cycle took 0.032s
RTI cycle took 0.030s
RTI cycle took 0.027s
RTI cycle took 0.019s
RTI cycle took 0.023s
RTI cycle took 0.030s
RTI cycle took 0.028s
RTI cycle took 0.021s
RTI cycle took 0.037s
RTI cycle took 0.035s
RTI cycle took 0.040s
RTI cycle took 0.034s
RTI cycle took 0.039s
RTI cycle took 0.027s
RTI cycle took 0.030s
RTI cycle took 0.039s
RTI cycle took 0.027s
RTI cycle took 0.033s
RTI cycle took 0.027s
RTI cycle took 0.021s
RTI cycle took 0.023s
RTI cycle took 0.024s
RTI cycle took 0.040s
RTI cycle took 0.015s
RTI cycle took 0.021s
RTI cycle took 0.018s
RTI cycle took 0.033s
RTI cycle took 0.024s
RTI cycle took 0.026s
RTI cycle took 0.043s
RTI cycle took 0.035s
RTI cycle took 0.028s
RTI cycle took 0.029s
RTI cycle took 0.030s
RTI cycle took 0.026s
RTI cycle took 0.031s
RTI cycle took 0.028s
RTI cycle took 0.039s
RTI cycle took 0.022s
RTI cycle took 0.025s
RTI cycle took 0.021s
RTI cycle took 0.023s
RTI cycle took 0.043s
RTI cycle took 0.030s
RTI cycle took 0.028s
RTI cycle took 0.032s
RTI cycle took 0.030s
RTI cycle took 0.028s
RTI cycle took 0.029s
RTI cycle took 0.014s
RTI cycle took 0.015s
RTI cycle took 0.019s
RTI cycle took 0.041s
RTI cycle took 0.017s
RTI cycle took 0.035s
RTI cycle took 0.021s
RTI cycle took 0.032s
RTI cycle took 0.020s
RTI cycle took 0.035s
RTI cycle took 0.033s
RTI cycle took 0.028s
RTI cycle took 0.026s
RTI cycle took 0.032s
RTI cycle took 0.025s
RTI cycle took 0.031s
RTI cycle took 0.029s
RTI cycle took 0.026s
RTI cycle took 0.041s
RTI cycle took 0.040s
RTI cycle took 0.028s
RTI cycle took 0.033s
RTI cycle took 0.025s
RTI cycle took 0.027s
RTI cycle took 0.022s
RTI cycle took 0.025s
RTI cycle took 0.041s
RTI cycle took 0.029s
RTI cycle took 0.026s
RTI cycle took 0.039s
RTI cycle took 0.029s
RTI cycle took 0.030s
RTI cycle took 0.028s
RTI cycle took 0.036s
RTI cycle took 0.027s
RTI cycle took 0.023s
RTI cycle took 0.027s
RTI cycle took 0.041s
RTI cycle took 0.034s
RTI cycle took 0.016s
RTI cycle took 0.024s
RTI cycle took 0.016s
RTI cycle took 0.020s
RTI cycle took 0.013s
RTI cycle took 0.040s
RTI cycle took 0.022s
RTI cycle took 0.025s
RTI cycle took 0.021s
RTI cycle took 0.027s
RTI cycle took 0.020s
RTI cycle took 0.027s
RTI cycle took 0.041s
RTI cycle took 0.028s
RTI cycle took 0.026s
RTI cycle took 0.021s
RTI cycle took 0.029s
RTI cycle took 0.033s
RTI cycle took 0.031s
RTI cycle took 0.019s
RTI cycle took 0.027s
RTI cycle took 0.029s
RTI cycle took 0.039s
RTI cycle took 0.030s
RTI cycle took 0.026s
RTI cycle took 0.033s
RTI cycle took 0.012s
RTI cycle took 0.030s
RTI cycle took 0.018s
RTI cycle took 0.017s
RTI cycle took 0.019s
RTI cycle took 0.029s
RTI cycle took 0.029s
RTI cycle took 0.027s
RTI cycle took 0.032s
RTI cycle took 0.024s
RTI cycle took 0.024s
RTI cycle took 0.024s
RTI cycle took 0.023s
RTI cycle took 0.026s
[32mloggerd[0m [32mencoderd[0m [32mlogmessaged[0m [32mcamerad[0m [32mlogcatd[0m [32mproclogd[0m [32mmicd[0m [32mtimed[0m [32mdmonitoringmodeld[0m [32msensord[0m [32mui[0m [32msoundd[0m [32mlocationd[0m [32mcalibrationd[0m [32mtorqued[0m [32mcontrolsd[0m [32mselfdrived[0m [32mcard[0m [32mdeleter[0m [32mdmonitoringd[0m [32mqcomgpsd[0m [32mpandad[0m [32mparamsd[0m [32mlagd[0m [31mplannerd[0m [32mradard[0m [32mhardwared[0m [32mtombstoned[0m [32muploader[0m [32mstatsd[0m [32mfeedbackd[0m [32mmodeld_tinygrad[0m [32mmapd[0m [32mmapd_manager[0m [32mrtid[0m
[32mloggerd[0m [32mencoderd[0m [32mlogmessaged[0m [32mcamerad[0m [32mlogcatd[0m [32mproclogd[0m [32mmicd[0m [32mtimed[0m [32mdmonitoringmodeld[0m [32msensord[0m [32mui[0m [32msoundd[0m [32mlocationd[0m [32mcalibrationd[0m [32mtorqued[0m [32mcontrolsd[0m [32mselfdrived[0m [32mcard[0m [32mdeleter[0m [32mdmonitoringd[0m [32mqcomgpsd[0m [32mpandad[0m [32mparamsd[0m [32mlagd[0m [31mplannerd[0m [32mradard[0m [32mhardwared[0m [32mtombstoned[0m [32muploader[0m [32mstatsd[0m [32mfeedbackd[0m [32mmodeld_tinygrad[0m [32mmapd[0m [32mmapd_manager[0m [32mrtid[0m
[32mloggerd[0m [32mencoderd[0m [32mlogmessaged[0m [32mcamerad[0m [32mlogcatd[0m [32mproclogd[0m [32mmicd[0m [32mtimed[0m [32mdmonitoringmodeld[0m [32msensord[0m [32mui[0m [32msoundd[0m [32mlocationd[0m [32mcalibrationd[0m [32mtorqued[0m [32mcontrolsd[0m [32mselfdrived[0m [32mcard[0m [32mdeleter[0m [32mdmonitoringd[0m [32mqcomgpsd[0m [32mpandad[0m [32mparamsd[0m [32mlagd[0m [31mplannerd[0m [32mradard[0m [32mhardwared[0m [32mtombstoned[0m [32muploader[0m [32mstatsd[0m [32mfeedbackd[0m [32mmodeld_tinygrad[0m [32mmapd[0m [32mmapd_manager[0m [32mrtid[0m
[32mloggerd[0m [32mencoderd[0m [32mlogmessaged[0m [32mcamerad[0m [32mlogcatd[0m [32mproclogd[0m [32mmicd[0m [32mtimed[0m [32mdmonitoringmodeld[0m [32msensord[0m [32mui[0m [32msoundd[0m [32mlocationd[0m [32mcalibrationd[0m [32mtorqued[0m [32mcontrolsd[0m [32mselfdrived[0m [32mcard[0m [32mdeleter[0m [32mdmonitoringd[0m [32mqcomgpsd[0m [32mpandad[0m [32mparamsd[0m [32mlagd[0m [31mplannerd[0m [32mradard[0m [32mhardwared[0m [32mtombstoned[0m [32muploader[0m [32mstatsd[0m [32mfeedbackd[0m [32mmodeld_tinygrad[0m [32mmapd[0m [32mmapd_manager[0m [32mrtid[0m
[32mloggerd[0m [32mencoderd[0m [32mlogmessaged[0m [32mcamerad[0m [32mlogcatd[0m [32mproclogd[0m [32mmicd[0m [32mtimed[0m [32mdmonitoringmodeld[0m [32msensord[0m [32mui[0m [32msoundd[0m [32mlocationd[0m [32mcalibrationd[0m [32mtorqued[0m [32mcontrolsd[0m [32mselfdrived[0m [32mcard[0m [32mdeleter[0m [32mdmonitoringd[0m [32mqcomgpsd[0m [32mpandad[0m [32mparamsd[0m [32mlagd[0m [31mplannerd[0m [32mradard[0m [32mhardwared[0m [32mtombstoned[0m [32muploader[0m [32mstatsd[0m [32mfeedbackd[0m [32mmodeld_tinygrad[0m [32mmapd[0m [32mmapd_manager[0m [32mrtid[0m
[32mloggerd[0m [32mencoderd[0m [32mlogmessaged[0m [32mcamerad[0m [32mlogcatd[0m [32mproclogd[0m [32mmicd[0m [32mtimed[0m [32mdmonitoringmodeld[0m [32msensord[0m [32mui[0m [32msoundd[0m [32mlocationd[0m [32mcalibrationd[0m [32mtorqued[0m [32mcontrolsd[0m [32mselfdrived[0m [32mcard[0m [32mdeleter[0m [32mdmonitoringd[0m [32mqcomgpsd[0m [32mpandad[0m [32mparamsd[0m [32mlagd[0m [31mplannerd[0m [32mradard[0m [32mhardwared[0m [32mtombstoned[0m [32muploader[0m [32mstatsd[0m [32mfeedbackd[0m [32mmodeld_tinygrad[0m [32mmapd[0m [32mmapd_manager[0m [32mrtid[0m
[32mloggerd[0m [32mencoderd[0m [32mlogmessaged[0m [32mcamerad[0m [32mlogcatd[0m [32mproclogd[0m [32mmicd[0m [32mtimed[0m [32mdmonitoringmodeld[0m [32msensord[0m [32mui[0m [32msoundd[0m [32mlocationd[0m [32mcalibrationd[0m [32mtorqued[0m [32mcontrolsd[0m [32mselfdrived[0m [32mcard[0m [32mdeleter[0m [32mdmonitoringd[0m [32mqcomgpsd[0m [32mpandad[0m [32mparamsd[0m [32mlagd[0m [31mplannerd[0m [32mradard[0m [32mhardwared[0m [32mtombstoned[0m [32muploader[0m [32mstatsd[0m [32mfeedbackd[0m [32mmodeld_tinygrad[0m [32mmapd[0m [32mmapd_manager[0m [32mrtid[0m
[32mloggerd[0m [32mencoderd[0m [32mlogmessaged[0m [32mcamerad[0m [32mlogcatd[0m [32mproclogd[0m [32mmicd[0m [32mtimed[0m [32mdmonitoringmodeld[0m [32msensord[0m [32mui[0m [32msoundd[0m [32mlocationd[0m [32mcalibrationd[0m [32mtorqued[0m [32mcontrolsd[0m [32mselfdrived[0m [32mcard[0m [32mdeleter[0m [32mdmonitoringd[0m [32mqcomgpsd[0m [32mpandad[0m [32mparamsd[0m [32mlagd[0m [31mplannerd[0m [32mradard[0m [32mhardwared[0m [32mtombstoned[0m [32muploader[0m [32mstatsd[0m [32mfeedbackd[0m [32mmodeld_tinygrad[0m [32mmapd[0m [32mmapd_manager[0m [32mrtid[0m
[32mloggerd[0m [32mencoderd[0m [32mlogmessaged[0m [32mcamerad[0m [32mlogcatd[0m [32mproclogd[0m [32mmicd[0m [32mtimed[0m [32mdmonitoringmodeld[0m [32msensord[0m [32mui[0m [32msoundd[0m [32mlocationd[0m [32mcalibrationd[0m [32mtorqued[0m [32mcontrolsd[0m [32mselfdrived[0m [32mcard[0m [32mdeleter[0m [32mdmonitoringd[0m [32mqcomgpsd[0m [32mpandad[0m [32mparamsd[0m [32mlagd[0m [31mplannerd[0m [32mradard[0m [32mhardwared[0m [32mtombstoned[0m [32muploader[0m [32mstatsd[0m [32mfeedbackd[0m [32mmodeld_tinygrad[0m [32mmapd[0m [32mmapd_manager[0m [32mrtid[0m
[32mloggerd[0m [32mencoderd[0m [32mlogmessaged[0m [32mcamerad[0m [32mlogcatd[0m [32mproclogd[0m [32mmicd[0m [32mtimed[0m [32mdmonitoringmodeld[0m [32msensord[0m [32mui[0m [32msoundd[0m [32mlocationd[0m [32mcalibrationd[0m [32mtorqued[0m [32mcontrolsd[0m [32mselfdrived[0m [32mcard[0m [32mdeleter[0m [32mdmonitoringd[0m [32mqcomgpsd[0m [32mpandad[0m [32mparamsd[0m [32mlagd[0m [31mplannerd[0m [32mradard[0m [32mhardwared[0m [32mtombstoned[0m [32muploader[0m [32mstatsd[0m [32mfeedbackd[0m [32mmodeld_tinygrad[0m [32mmapd[0m [32mmapd_manager[0m [32mrtid[0m
[32mloggerd[0m [32mencoderd[0m [32mlogmessaged[0m [32mcamerad[0m [32mlogcatd[0m [32mproclogd[0m [32mmicd[0m [32mtimed[0m [32mdmonitoringmodeld[0m [32msensord[0m [32mui[0m [32msoundd[0m [32mlocationd[0m [32mcalibrationd[0m [32mtorqued[0m [32mcontrolsd[0m [32mselfdrived[0m [32mcard[0m [32mdeleter[0m [32mdmonitoringd[0m [32mqcomgpsd[0m [32mpandad[0m [32mparamsd[0m [32mlagd[0m [31mplannerd[0m [32mradard[0m [32mhardwared[0m [32mtombstoned[0m [32muploader[0m [32mstatsd[0m [32mfeedbackd[0m [32mmodeld_tinygrad[0m [32mmapd[0m [32mmapd_manager[0m [32mrtid[0m
[32mloggerd[0m [32mencoderd[0m [32mlogmessaged[0m [32mcamerad[0m [32mlogcatd[0m [32mproclogd[0m [32mmicd[0m [32mtimed[0m [32mdmonitoringmodeld[0m [32msensord[0m [32mui[0m [32msoundd[0m [32mlocationd[0m [32mcalibrationd[0m [32mtorqued[0m [32mcontrolsd[0m [32mselfdrived[0m [32mcard[0m [32mdeleter[0m [32mdmonitoringd[0m [32mqcomgpsd[0m [32mpandad[0m [32mparamsd[0m [32mlagd[0m [31mplannerd[0m [32mradard[0m [32mhardwared[0m [32mtombstoned[0m [32muploader[0m [32mstatsd[0m [32mfeedbackd[0m [32mmodeld_tinygrad[0m [32mmapd[0m [32mmapd_manager[0m [32mrtid[0m
[32mloggerd[0m [32mencoderd[0m [32mlogmessaged[0m [32mcamerad[0m [32mlogcatd[0m [32mproclogd[0m [32mmicd[0m [32mtimed[0m [32mdmonitoringmodeld[0m [32msensord[0m [32mui[0m [32msoundd[0m [32mlocationd[0m [32mcalibrationd[0m [32mtorqued[0m [32mcontrolsd[0m [32mselfdrived[0m [32mcard[0m [32mdeleter[0m [32mdmonitoringd[0m [32mqcomgpsd[0m [32mpandad[0m [32mparamsd[0m [32mlagd[0m [31mplannerd[0m [32mradard[0m [32mhardwared[0m [32mtombstoned[0m [32muploader[0m [32mstatsd[0m [32mfeedbackd[0m [32mmodeld_tinygrad[0m [32mmapd[0m [32mmapd_manager[0m [32mrtid[0m
RTI cycle took 0.041s
RTI cycle took 0.035s
RTI cycle took 0.019s
RTI cycle took 0.048s
RTI cycle took 0.049s
RTI cycle took 0.030s
RTI cycle took 0.031s
RTI cycle took 0.026s
RTI cycle took 0.042s
RTI cycle took 0.016s
RTI cycle took 0.029s
RTI cycle took 0.027s
RTI cycle took 0.019s
RTI cycle took 0.027s
RTI cycle took 0.037s
RTI cycle took 0.031s
RTI cycle took 0.029s
RTI cycle took 0.025s
RTI cycle took 0.041s
RTI cycle took 0.016s
RTI cycle took 0.027s
RTI cycle took 0.019s
RTI cycle took 0.033s
RTI cycle took 0.032s
RTI cycle took 0.025s
RTI cycle took 0.036s
RTI cycle took 0.048s
RTI cycle took 0.019s
RTI cycle took 0.018s
RTI cycle took 0.028s
RTI cycle took 0.027s
RTI cycle took 0.040s
RTI cycle took 0.030s
RTI cycle took 0.026s
RTI cycle took 0.040s
RTI cycle took 0.020s
RTI cycle took 0.021s
RTI cycle took 0.015s
RTI cycle took 0.024s
RTI cycle took 0.029s
RTI cycle took 0.026s
RTI cycle took 0.032s
RTI cycle took 0.015s
RTI cycle took 0.028s
RTI cycle took 0.014s
RTI cycle took 0.026s
RTI cycle took 0.020s
RTI cycle took 0.032s
RTI cycle took 0.049s
RTI cycle took 0.041s
RTI cycle took 0.025s
RTI cycle took 0.033s
RTI cycle took 0.028s
RTI cycle took 0.026s
RTI cycle took 0.034s
RTI cycle took 0.015s
RTI cycle took 0.027s
RTI cycle took 0.026s
RTI cycle took 0.029s
RTI cycle took 0.017s
RTI cycle took 0.018s
RTI cycle took 0.011s
RTI cycle took 0.024s
RTI cycle took 0.013s
RTI cycle took 0.026s
RTI cycle took 0.023s
RTI cycle took 0.030s
RTI cycle took 0.029s
RTI cycle took 0.027s
RTI cycle took 0.034s
RTI cycle took 0.013s
RTI cycle took 0.027s
RTI cycle took 0.023s
RTI cycle took 0.023s
RTI cycle took 0.014s
RTI cycle took 0.035s
RTI cycle took 0.018s
RTI cycle took 0.024s
RTI cycle took 0.029s
RTI cycle took 0.043s
RTI cycle took 0.023s
RTI cycle took 0.017s
RTI cycle took 0.030s
RTI cycle took 0.041s
RTI cycle took 0.029s
RTI cycle took 0.028s
RTI cycle took 0.040s
RTI cycle took 0.017s
RTI cycle took 0.024s
RTI cycle took 0.027s
RTI cycle took 0.027s
RTI cycle took 0.040s
RTI cycle took 0.018s
RTI cycle took 0.015s
RTI cycle took 0.018s
RTI cycle took 0.017s
RTI cycle took 0.023s
RTI cycle took 0.036s
RTI cycle took 0.021s
RTI cycle took 0.027s
RTI cycle took 0.050s
RTI cycle took 0.018s
RTI cycle took 0.024s
RTI cycle took 0.033s
RTI cycle took 0.027s
RTI cycle took 0.021s
RTI cycle took 0.030s
RTI cycle took 0.026s
RTI cycle took 0.032s
RTI cycle took 0.024s
RTI cycle took 0.025s
RTI cycle took 0.024s
RTI cycle took 0.039s
RTI cycle took 0.033s
RTI cycle took 0.023s
RTI cycle took 0.050s
RTI cycle took 0.024s
RTI cycle took 0.050s
RTI cycle took 0.027s
RTI cycle took 0.020s
RTI cycle took 0.026s
RTI cycle took 0.028s
RTI cycle took 0.022s
RTI cycle took 0.018s
RTI cycle took 0.040s
RTI cycle took 0.015s
RTI cycle took 0.027s
RTI cycle took 0.026s
RTI cycle took 0.021s
RTI cycle took 0.016s
RTI cycle took 0.028s
RTI cycle took 0.025s
RTI cycle took 0.025s
RTI cycle took 0.025s
RTI cycle took 0.020s
RTI cycle took 0.028s
RTI cycle took 0.027s
RTI cycle took 0.032s
RTI cycle took 0.028s
RTI cycle took 0.028s
RTI cycle took 0.022s
RTI cycle took 0.021s
RTI cycle took 0.038s
RTI cycle took 0.026s
RTI cycle took 0.023s
RTI cycle took 0.024s
RTI cycle took 0.031s
RTI cycle took 0.017s
RTI cycle took 0.019s
RTI cycle took 0.014s
RTI cycle took 0.021s
RTI cycle took 0.031s
RTI cycle took 0.041s
RTI cycle took 0.036s
RTI cycle took 0.040s
RTI cycle took 0.017s
RTI cycle took 0.036s
stats dir full
RTI cycle took 0.037s
RTI cycle took 0.050s
RTI cycle took 0.033s
RTI cycle took 0.024s
RTI cycle took 0.024s
RTI cycle took 0.024s
RTI cycle took 0.030s
RTI cycle took 0.031s
RTI cycle took 0.026s
RTI cycle took 0.033s
RTI cycle took 0.025s
RTI cycle took 0.024s
RTI cycle took 0.023s
RTI cycle took 0.030s
RTI cycle took 0.020s
RTI cycle took 0.017s
RTI cycle took 0.027s
RTI cycle took 0.028s
RTI cycle took 0.033s
RTI cycle took 0.024s
RTI cycle took 0.022s
RTI cycle took 0.026s
RTI cycle took 0.023s
RTI cycle took 0.026s
RTI cycle took 0.027s
RTI cycle took 0.033s
RTI cycle took 0.024s
RTI cycle took 0.030s
RTI cycle took 0.043s
RTI cycle took 0.030s
RTI cycle took 0.021s
RTI cycle took 0.027s
RTI cycle took 0.028s
RTI cycle took 0.040s
RTI cycle took 0.042s
RTI cycle took 0.025s
RTI cycle took 0.030s
RTI cycle took 0.018s
RTI cycle took 0.025s
RTI cycle took 0.024s
RTI cycle took 0.023s
RTI cycle took 0.029s
RTI cycle took 0.020s
system/loggerd/loggerd.cc: rotated to /data/media/0/realdata/00000047--4e8d0a3a33--3
RTI cycle took 0.027s
RTI cycle took 0.037s
RTI cycle took 0.031s
RTI cycle took 0.027s
RTI cycle took 0.027s
RTI cycle took 0.019s
RTI cycle took 0.019s
RTI cycle took 0.026s
RTI cycle took 0.055s
RTI cycle took 0.021s
RTI cycle took 0.033s
RTI cycle took 0.015s
RTI cycle took 0.028s
RTI cycle took 0.022s
RTI cycle took 0.030s
RTI cycle took 0.040s
RTI cycle took 0.026s
[32mloggerd[0m [32mencoderd[0m [32mlogmessaged[0m [32mcamerad[0m [32mlogcatd[0m [32mproclogd[0m [32mmicd[0m [32mtimed[0m [32mdmonitoringmodeld[0m [32msensord[0m [32mui[0m [32msoundd[0m [32mlocationd[0m [32mcalibrationd[0m [32mtorqued[0m [32mcontrolsd[0m [32mselfdrived[0m [32mcard[0m [32mdeleter[0m [32mdmonitoringd[0m [32mqcomgpsd[0m [32mpandad[0m [32mparamsd[0m [32mlagd[0m [31mplannerd[0m [32mradard[0m [32mhardwared[0m [32mtombstoned[0m [32muploader[0m [32mstatsd[0m [32mfeedbackd[0m [32mmodeld_tinygrad[0m [32mmapd[0m [32mmapd_manager[0m [32mrtid[0m
[32mloggerd[0m [32mencoderd[0m [32mlogmessaged[0m [32mcamerad[0m [32mlogcatd[0m [32mproclogd[0m [32mmicd[0m [32mtimed[0m [32mdmonitoringmodeld[0m [32msensord[0m [32mui[0m [32msoundd[0m [32mlocationd[0m [32mcalibrationd[0m [32mtorqued[0m [32mcontrolsd[0m [32mselfdrived[0m [32mcard[0m [32mdeleter[0m [32mdmonitoringd[0m [32mqcomgpsd[0m [32mpandad[0m [32mparamsd[0m [32mlagd[0m [31mplannerd[0m [32mradard[0m [32mhardwared[0m [32mtombstoned[0m [32muploader[0m [32mstatsd[0m [32mfeedbackd[0m [32mmodeld_tinygrad[0m [32mmapd[0m [32mmapd_manager[0m [32mrtid[0m
[32mloggerd[0m [32mencoderd[0m [32mlogmessaged[0m [32mcamerad[0m [32mlogcatd[0m [32mproclogd[0m [32mmicd[0m [32mtimed[0m [32mdmonitoringmodeld[0m [32msensord[0m [32mui[0m [32msoundd[0m [32mlocationd[0m [32mcalibrationd[0m [32mtorqued[0m [32mcontrolsd[0m [32mselfdrived[0m [32mcard[0m [32mdeleter[0m [32mdmonitoringd[0m [32mqcomgpsd[0m [32mpandad[0m [32mparamsd[0m [32mlagd[0m [31mplannerd[0m [32mradard[0m [32mhardwared[0m [32mtombstoned[0m [32muploader[0m [32mstatsd[0m [32mfeedbackd[0m [32mmodeld_tinygrad[0m [32mmapd[0m [32mmapd_manager[0m [32mrtid[0m
[32mloggerd[0m [32mencoderd[0m [32mlogmessaged[0m [32mcamerad[0m [32mlogcatd[0m [32mproclogd[0m [32mmicd[0m [32mtimed[0m [32mdmonitoringmodeld[0m [32msensord[0m [32mui[0m [32msoundd[0m [32mlocationd[0m [32mcalibrationd[0m [32mtorqued[0m [32mcontrolsd[0m [32mselfdrived[0m [32mcard[0m [32mdeleter[0m [32mdmonitoringd[0m [32mqcomgpsd[0m [32mpandad[0m [32mparamsd[0m [32mlagd[0m [31mplannerd[0m [32mradard[0m [32mhardwared[0m [32mtombstoned[0m [32muploader[0m [32mstatsd[0m [32mfeedbackd[0m [32mmodeld_tinygrad[0m [32mmapd[0m [32mmapd_manager[0m [32mrtid[0m
[32mloggerd[0m [32mencoderd[0m [32mlogmessaged[0m [32mcamerad[0m [32mlogcatd[0m [32mproclogd[0m [32mmicd[0m [32mtimed[0m [32mdmonitoringmodeld[0m [32msensord[0m [32mui[0m [32msoundd[0m [32mlocationd[0m [32mcalibrationd[0m [32mtorqued[0m [32mcontrolsd[0m [32mselfdrived[0m [32mcard[0m [32mdeleter[0m [32mdmonitoringd[0m [32mqcomgpsd[0m [32mpandad[0m [32mparamsd[0m [32mlagd[0m [31mplannerd[0m [32mradard[0m [32mhardwared[0m [32mtombstoned[0m [32muploader[0m [32mstatsd[0m [32mfeedbackd[0m [32mmodeld_tinygrad[0m [32mmapd[0m [32mmapd_manager[0m [32mrtid[0m
[32mloggerd[0m [32mencoderd[0m [32mlogmessaged[0m [32mcamerad[0m [32mlogcatd[0m [32mproclogd[0m [32mmicd[0m [32mtimed[0m [32mdmonitoringmodeld[0m [32msensord[0m [32mui[0m [32msoundd[0m [32mlocationd[0m [32mcalibrationd[0m [32mtorqued[0m [32mcontrolsd[0m [32mselfdrived[0m [32mcard[0m [32mdeleter[0m [32mdmonitoringd[0m [32mqcomgpsd[0m [32mpandad[0m [32mparamsd[0m [32mlagd[0m [31mplannerd[0m [32mradard[0m [32mhardwared[0m [32mtombstoned[0m [32muploader[0m [32mstatsd[0m [32mfeedbackd[0m [32mmodeld_tinygrad[0m [32mmapd[0m [32mmapd_manager[0m [32mrtid[0m
[32mloggerd[0m [32mencoderd[0m [32mlogmessaged[0m [32mcamerad[0m [32mlogcatd[0m [32mproclogd[0m [32mmicd[0m [32mtimed[0m [32mdmonitoringmodeld[0m [32msensord[0m [32mui[0m [32msoundd[0m [32mlocationd[0m [32mcalibrationd[0m [32mtorqued[0m [32mcontrolsd[0m [32mselfdrived[0m [32mcard[0m [32mdeleter[0m [32mdmonitoringd[0m [32mqcomgpsd[0m [32mpandad[0m [32mparamsd[0m [32mlagd[0m [31mplannerd[0m [32mradard[0m [32mhardwared[0m [32mtombstoned[0m [32muploader[0m [32mstatsd[0m [32mfeedbackd[0m [32mmodeld_tinygrad[0m [32mmapd[0m [32mmapd_manager[0m [32mrtid[0m
[32mloggerd[0m [32mencoderd[0m [32mlogmessaged[0m [32mcamerad[0m [32mlogcatd[0m [32mproclogd[0m [32mmicd[0m [32mtimed[0m [32mdmonitoringmodeld[0m [32msensord[0m [32mui[0m [32msoundd[0m [32mlocationd[0m [32mcalibrationd[0m [32mtorqued[0m [32mcontrolsd[0m [32mselfdrived[0m [32mcard[0m [32mdeleter[0m [32mdmonitoringd[0m [32mqcomgpsd[0m [32mpandad[0m [32mparamsd[0m [32mlagd[0m [31mplannerd[0m [32mradard[0m [32mhardwared[0m [32mtombstoned[0m [32muploader[0m [32mstatsd[0m [32mfeedbackd[0m [32mmodeld_tinygrad[0m [32mmapd[0m [32mmapd_manager[0m [32mrtid[0m
[32mloggerd[0m [32mencoderd[0m [32mlogmessaged[0m [32mcamerad[0m [32mlogcatd[0m [32mproclogd[0m [32mmicd[0m [32mtimed[0m [32mdmonitoringmodeld[0m [32msensord[0m [32mui[0m [32msoundd[0m [32mlocationd[0m [32mcalibrationd[0m [32mtorqued[0m [32mcontrolsd[0m [32mselfdrived[0m [32mcard[0m [32mdeleter[0m [32mdmonitoringd[0m [32mqcomgpsd[0m [32mpandad[0m [32mparamsd[0m [32mlagd[0m [31mplannerd[0m [32mradard[0m [32mhardwared[0m [32mtombstoned[0m [32muploader[0m [32mstatsd[0m [32mfeedbackd[0m [32mmodeld_tinygrad[0m [32mmapd[0m [32mmapd_manager[0m [32mrtid[0m
[32mloggerd[0m [32mencoderd[0m [32mlogmessaged[0m [32mcamerad[0m [32mlogcatd[0m [32mproclogd[0m [32mmicd[0m [32mtimed[0m [32mdmonitoringmodeld[0m [32msensord[0m [32mui[0m [32msoundd[0m [32mlocationd[0m [32mcalibrationd[0m [32mtorqued[0m [32mcontrolsd[0m [32mselfdrived[0m [32mcard[0m [32mdeleter[0m [32mdmonitoringd[0m [32mqcomgpsd[0m [32mpandad[0m [32mparamsd[0m [32mlagd[0m [31mplannerd[0m [32mradard[0m [32mhardwared[0m [32mtombstoned[0m [32muploader[0m [32mstatsd[0m [32mfeedbackd[0m [32mmodeld_tinygrad[0m [32mmapd[0m [32mmapd_manager[0m [32mrtid[0m
[32mloggerd[0m [32mencoderd[0m [32mlogmessaged[0m [32mcamerad[0m [32mlogcatd[0m [32mproclogd[0m [32mmicd[0m [32mtimed[0m [32mdmonitoringmodeld[0m [32msensord[0m [32mui[0m [32msoundd[0m [32mlocationd[0m [32mcalibrationd[0m [32mtorqued[0m [32mcontrolsd[0m [32mselfdrived[0m [32mcard[0m [32mdeleter[0m [32mdmonitoringd[0m [32mqcomgpsd[0m [32mpandad[0m [32mparamsd[0m [32mlagd[0m [31mplannerd[0m [32mradard[0m [32mhardwared[0m [32mtombstoned[0m [32muploader[0m [32mstatsd[0m [32mfeedbackd[0m [32mmodeld_tinygrad[0m [32mmapd[0m [32mmapd_manager[0m [32mrtid[0m
[32mloggerd[0m [32mencoderd[0m [32mlogmessaged[0m [32mcamerad[0m [32mlogcatd[0m [32mproclogd[0m [32mmicd[0m [32mtimed[0m [32mdmonitoringmodeld[0m [32msensord[0m [32mui[0m [32msoundd[0m [32mlocationd[0m [32mcalibrationd[0m [32mtorqued[0m [32mcontrolsd[0m [32mselfdrived[0m [32mcard[0m [32mdeleter[0m [32mdmonitoringd[0m [32mqcomgpsd[0m [32mpandad[0m [32mparamsd[0m [32mlagd[0m [31mplannerd[0m [32mradard[0m [32mhardwared[0m [32mtombstoned[0m [32muploader[0m [32mstatsd[0m [32mfeedbackd[0m [32mmodeld_tinygrad[0m [32mmapd[0m [32mmapd_manager[0m [32mrtid[0m
[32mloggerd[0m [32mencoderd[0m [32mlogmessaged[0m [32mcamerad[0m [32mlogcatd[0m [32mproclogd[0m [32mmicd[0m [32mtimed[0m [32mdmonitoringmodeld[0m [32msensord[0m [32mui[0m [32msoundd[0m [32mlocationd[0m [32mcalibrationd[0m [32mtorqued[0m [32mcontrolsd[0m [32mselfdrived[0m [32mcard[0m [32mdeleter[0m [32mdmonitoringd[0m [32mqcomgpsd[0m [32mpandad[0m [32mparamsd[0m [32mlagd[0m [31mplannerd[0m [32mradard[0m [32mhardwared[0m [32mtombstoned[0m [32muploader[0m [32mstatsd[0m [32mfeedbackd[0m [32mmodeld_tinygrad[0m [32mmapd[0m [32mmapd_manager[0m [32mrtid[0m
RTI cycle took 0.021s
RTI cycle took 0.038s
RTI cycle took 0.019s
RTI cycle took 0.025s
RTI cycle took 0.027s
RTI cycle took 0.021s
RTI cycle took 0.027s
RTI cycle took 0.021s
RTI cycle took 0.036s
RTI cycle took 0.024s
RTI cycle took 0.026s
RTI cycle took 0.023s
RTI cycle took 0.038s
RTI cycle took 0.037s
RTI cycle took 0.019s
RTI cycle took 0.024s
RTI cycle took 0.032s
RTI cycle took 0.029s
RTI cycle took 0.028s
RTI cycle took 0.020s
RTI cycle took 0.037s
RTI cycle took 0.023s
RTI cycle took 0.031s
RTI cycle took 0.032s
RTI cycle took 0.022s
RTI cycle took 0.027s
RTI cycle took 0.042s
RTI cycle took 0.017s
RTI cycle took 0.021s
RTI cycle took 0.017s
RTI cycle took 0.018s
RTI cycle took 0.012s
RTI cycle took 0.030s
RTI cycle took 0.040s
RTI cycle took 0.014s
RTI cycle took 0.040s
RTI cycle took 0.049s
RTI cycle took 0.021s
RTI cycle took 0.026s
RTI cycle took 0.022s
RTI cycle took 0.026s
RTI cycle took 0.039s
RTI cycle took 0.032s
RTI cycle took 0.015s
RTI cycle took 0.016s
RTI cycle took 0.023s
RTI cycle took 0.031s
RTI cycle took 0.025s
RTI cycle took 0.030s
RTI cycle took 0.017s
RTI cycle took 0.020s
RTI cycle took 0.030s
RTI cycle took 0.033s
RTI cycle took 0.020s
RTI cycle took 0.019s
RTI cycle took 0.027s
RTI cycle took 0.028s
RTI cycle took 0.040s
RTI cycle took 0.029s
RTI cycle took 0.028s
RTI cycle took 0.033s
RTI cycle took 0.025s
RTI cycle took 0.031s
RTI cycle took 0.027s
RTI cycle took 0.020s
RTI cycle took 0.028s
RTI cycle took 0.027s
RTI cycle took 0.021s
RTI cycle took 0.026s
RTI cycle took 0.034s
RTI cycle took 0.025s
RTI cycle took 0.029s
RTI cycle took 0.041s
RTI cycle took 0.010s
RTI cycle took 0.026s
RTI cycle took 0.026s
RTI cycle took 0.029s
RTI cycle took 0.018s
RTI cycle took 0.031s
RTI cycle took 0.021s
RTI cycle took 0.027s
RTI cycle took 0.020s
RTI cycle took 0.026s
RTI cycle took 0.041s
RTI cycle took 0.030s
RTI cycle took 0.029s
RTI cycle took 0.039s
RTI cycle took 0.042s
RTI cycle took 0.014s
RTI cycle took 0.014s
RTI cycle took 0.033s
RTI cycle took 0.021s
RTI cycle took 0.040s
RTI cycle took 0.025s
RTI cycle took 0.031s
RTI cycle took 0.029s
RTI cycle took 0.027s
RTI cycle took 0.037s
RTI cycle took 0.019s
RTI cycle took 0.027s
RTI cycle took 0.018s
RTI cycle took 0.025s
RTI cycle took 0.041s
RTI cycle took 0.024s
RTI cycle took 0.023s
RTI cycle took 0.025s
RTI cycle took 0.030s
RTI cycle took 0.017s
RTI cycle took 0.017s
RTI cycle took 0.022s
RTI cycle took 0.036s
RTI cycle took 0.033s
RTI cycle took 0.025s
RTI cycle took 0.030s
RTI cycle took 0.030s
RTI cycle took 0.027s
RTI cycle took 0.032s
RTI cycle took 0.016s
RTI cycle took 0.017s
RTI cycle took 0.022s
RTI cycle took 0.037s
RTI cycle took 0.021s
RTI cycle took 0.035s
RTI cycle took 0.021s
RTI cycle took 0.019s
RTI cycle took 0.028s
RTI cycle took 0.018s
RTI cycle took 0.018s
RTI cycle took 0.024s
RTI cycle took 0.029s
RTI cycle took 0.026s
RTI cycle took 0.040s
RTI cycle took 0.032s
RTI cycle took 0.026s
RTI cycle took 0.035s
RTI cycle took 0.021s
RTI cycle took 0.027s
RTI cycle took 0.019s
RTI cycle took 0.019s
RTI cycle took 0.030s
RTI cycle took 0.024s
RTI cycle took 0.021s
RTI cycle took 0.027s
RTI cycle took 0.033s
RTI cycle took 0.035s
RTI cycle took 0.025s
RTI cycle took 0.021s
RTI cycle took 0.028s
RTI cycle took 0.021s
RTI cycle took 0.027s
RTI cycle took 0.032s
RTI cycle took 0.025s
RTI cycle took 0.023s
RTI cycle took 0.025s
RTI cycle took 0.032s
RTI cycle took 0.030s
RTI cycle took 0.025s
RTI cycle took 0.031s
RTI cycle took 0.026s
RTI cycle took 0.023s
RTI cycle took 0.033s
RTI cycle took 0.022s
RTI cycle took 0.029s
RTI cycle took 0.021s
RTI cycle took 0.037s
RTI cycle took 0.018s
RTI cycle took 0.037s
RTI cycle took 0.037s
RTI cycle took 0.027s
RTI cycle took 0.018s
RTI cycle took 0.041s
RTI cycle took 0.015s
RTI cycle took 0.033s
RTI cycle took 0.031s
RTI cycle took 0.017s
RTI cycle took 0.026s
RTI cycle took 0.019s
RTI cycle took 0.016s
RTI cycle took 0.031s
RTI cycle took 0.022s
RTI cycle took 0.016s
RTI cycle took 0.026s
RTI cycle took 0.026s
RTI cycle took 0.034s
RTI cycle took 0.025s
RTI cycle took 0.036s
RTI cycle took 0.038s
RTI cycle took 0.019s
RTI cycle took 0.019s
RTI cycle took 0.045s
RTI cycle took 0.029s
RTI cycle took 0.027s
RTI cycle took 0.031s
RTI cycle took 0.026s
RTI cycle took 0.041s
RTI cycle took 0.029s
RTI cycle took 0.028s
RTI cycle took 0.032s
RTI cycle took 0.026s
RTI cycle took 0.029s
RTI cycle took 0.022s
RTI cycle took 0.022s
RTI cycle took 0.024s
RTI cycle took 0.035s
RTI cycle took 0.022s
RTI cycle took 0.028s
RTI cycle took 0.042s
RTI cycle took 0.015s
RTI cycle took 0.032s
RTI cycle took 0.033s
RTI cycle took 0.025s
RTI cycle took 0.033s
RTI cycle took 0.020s
RTI cycle took 0.027s
RTI cycle took 0.021s
RTI cycle took 0.026s
RTI cycle took 0.022s
RTI cycle took 0.018s
RTI cycle took 0.028s
RTI cycle took 0.026s
RTI cycle took 0.032s
RTI cycle took 0.037s
RTI cycle took 0.027s
[32mloggerd[0m [32mencoderd[0m [32mlogmessaged[0m [32mcamerad[0m [32mlogcatd[0m [32mproclogd[0m [32mmicd[0m [32mtimed[0m [32mdmonitoringmodeld[0m [32msensord[0m [32mui[0m [32msoundd[0m [32mlocationd[0m [32mcalibrationd[0m [32mtorqued[0m [32mcontrolsd[0m [32mselfdrived[0m [32mcard[0m [32mdeleter[0m [32mdmonitoringd[0m [32mqcomgpsd[0m [32mpandad[0m [32mparamsd[0m [32mlagd[0m [31mplannerd[0m [32mradard[0m [32mhardwared[0m [32mtombstoned[0m [32muploader[0m [32mstatsd[0m [32mfeedbackd[0m [32mmodeld_tinygrad[0m [32mmapd[0m [32mmapd_manager[0m [32mrtid[0m
[32mloggerd[0m [32mencoderd[0m [32mlogmessaged[0m [32mcamerad[0m [32mlogcatd[0m [32mproclogd[0m [32mmicd[0m [32mtimed[0m [32mdmonitoringmodeld[0m [32msensord[0m [32mui[0m [32msoundd[0m [32mlocationd[0m [32mcalibrationd[0m [32mtorqued[0m [32mcontrolsd[0m [32mselfdrived[0m [32mcard[0m [32mdeleter[0m [32mdmonitoringd[0m [32mqcomgpsd[0m [32mpandad[0m [32mparamsd[0m [32mlagd[0m [31mplannerd[0m [32mradard[0m [32mhardwared[0m [32mtombstoned[0m [32muploader[0m [32mstatsd[0m [32mfeedbackd[0m [32mmodeld_tinygrad[0m [32mmapd[0m [32mmapd_manager[0m [32mrtid[0m
[32mloggerd[0m [32mencoderd[0m [32mlogmessaged[0m [32mcamerad[0m [32mlogcatd[0m [32mproclogd[0m [32mmicd[0m [32mtimed[0m [32mdmonitoringmodeld[0m [32msensord[0m [32mui[0m [32msoundd[0m [32mlocationd[0m [32mcalibrationd[0m [32mtorqued[0m [32mcontrolsd[0m [32mselfdrived[0m [32mcard[0m [32mdeleter[0m [32mdmonitoringd[0m [32mqcomgpsd[0m [32mpandad[0m [32mparamsd[0m [32mlagd[0m [31mplannerd[0m [32mradard[0m [32mhardwared[0m [32mtombstoned[0m [32muploader[0m [32mstatsd[0m [32mfeedbackd[0m [32mmodeld_tinygrad[0m [32mmapd[0m [32mmapd_manager[0m [32mrtid[0m
[32mloggerd[0m [32mencoderd[0m [32mlogmessaged[0m [32mcamerad[0m [32mlogcatd[0m [32mproclogd[0m [32mmicd[0m [32mtimed[0m [32mdmonitoringmodeld[0m [32msensord[0m [32mui[0m [32msoundd[0m [32mlocationd[0m [32mcalibrationd[0m [32mtorqued[0m [32mcontrolsd[0m [32mselfdrived[0m [32mcard[0m [32mdeleter[0m [32mdmonitoringd[0m [32mqcomgpsd[0m [32mpandad[0m [32mparamsd[0m [32mlagd[0m [31mplannerd[0m [32mradard[0m [32mhardwared[0m [32mtombstoned[0m [32muploader[0m [32mstatsd[0m [32mfeedbackd[0m [32mmodeld_tinygrad[0m [32mmapd[0m [32mmapd_manager[0m [32mrtid[0m
[32mloggerd[0m [32mencoderd[0m [32mlogmessaged[0m [32mcamerad[0m [32mlogcatd[0m [32mproclogd[0m [32mmicd[0m [32mtimed[0m [32mdmonitoringmodeld[0m [32msensord[0m [32mui[0m [32msoundd[0m [32mlocationd[0m [32mcalibrationd[0m [32mtorqued[0m [32mcontrolsd[0m [32mselfdrived[0m [32mcard[0m [32mdeleter[0m [32mdmonitoringd[0m [32mqcomgpsd[0m [32mpandad[0m [32mparamsd[0m [32mlagd[0m [31mplannerd[0m [32mradard[0m [32mhardwared[0m [32mtombstoned[0m [32muploader[0m [32mstatsd[0m [32mfeedbackd[0m [32mmodeld_tinygrad[0m [32mmapd[0m [32mmapd_manager[0m [32mrtid[0m
[32mloggerd[0m [32mencoderd[0m [32mlogmessaged[0m [32mcamerad[0m [32mlogcatd[0m [32mproclogd[0m [32mmicd[0m [32mtimed[0m [32mdmonitoringmodeld[0m [32msensord[0m [32mui[0m [32msoundd[0m [32mlocationd[0m [32mcalibrationd[0m [32mtorqued[0m [32mcontrolsd[0m [32mselfdrived[0m [32mcard[0m [32mdeleter[0m [32mdmonitoringd[0m [32mqcomgpsd[0m [32mpandad[0m [32mparamsd[0m [32mlagd[0m [31mplannerd[0m [32mradard[0m [32mhardwared[0m [32mtombstoned[0m [32muploader[0m [32mstatsd[0m [32mfeedbackd[0m [32mmodeld_tinygrad[0m [32mmapd[0m [32mmapd_manager[0m [32mrtid[0m
[32mloggerd[0m [32mencoderd[0m [32mlogmessaged[0m [32mcamerad[0m [32mlogcatd[0m [32mproclogd[0m [32mmicd[0m [32mtimed[0m [32mdmonitoringmodeld[0m [32msensord[0m [32mui[0m [32msoundd[0m [32mlocationd[0m [32mcalibrationd[0m [32mtorqued[0m [32mcontrolsd[0m [32mselfdrived[0m [32mcard[0m [32mdeleter[0m [32mdmonitoringd[0m [32mqcomgpsd[0m [32mpandad[0m [32mparamsd[0m [32mlagd[0m [31mplannerd[0m [32mradard[0m [32mhardwared[0m [32mtombstoned[0m [32muploader[0m [32mstatsd[0m [32mfeedbackd[0m [32mmodeld_tinygrad[0m [32mmapd[0m [32mmapd_manager[0m [32mrtid[0m
[32mloggerd[0m [32mencoderd[0m [32mlogmessaged[0m [32mcamerad[0m [32mlogcatd[0m [32mproclogd[0m [32mmicd[0m [32mtimed[0m [32mdmonitoringmodeld[0m [32msensord[0m [32mui[0m [32msoundd[0m [32mlocationd[0m [32mcalibrationd[0m [32mtorqued[0m [32mcontrolsd[0m [32mselfdrived[0m [32mcard[0m [32mdeleter[0m [32mdmonitoringd[0m [32mqcomgpsd[0m [32mpandad[0m [32mparamsd[0m [32mlagd[0m [31mplannerd[0m [32mradard[0m [32mhardwared[0m [32mtombstoned[0m [32muploader[0m [32mstatsd[0m [32mfeedbackd[0m [32mmodeld_tinygrad[0m [32mmapd[0m [32mmapd_manager[0m [32mrtid[0m
[32mloggerd[0m [32mencoderd[0m [32mlogmessaged[0m [32mcamerad[0m [32mlogcatd[0m [32mproclogd[0m [32mmicd[0m [32mtimed[0m [32mdmonitoringmodeld[0m [32msensord[0m [32mui[0m [32msoundd[0m [32mlocationd[0m [32mcalibrationd[0m [32mtorqued[0m [32mcontrolsd[0m [32mselfdrived[0m [32mcard[0m [32mdeleter[0m [32mdmonitoringd[0m [32mqcomgpsd[0m [32mpandad[0m [32mparamsd[0m [32mlagd[0m [31mplannerd[0m [32mradard[0m [32mhardwared[0m [32mtombstoned[0m [32muploader[0m [32mstatsd[0m [32mfeedbackd[0m [32mmodeld_tinygrad[0m [32mmapd[0m [32mmapd_manager[0m [32mrtid[0m
[32mloggerd[0m [32mencoderd[0m [32mlogmessaged[0m [32mcamerad[0m [32mlogcatd[0m [32mproclogd[0m [32mmicd[0m [32mtimed[0m [32mdmonitoringmodeld[0m [32msensord[0m [32mui[0m [32msoundd[0m [32mlocationd[0m [32mcalibrationd[0m [32mtorqued[0m [32mcontrolsd[0m [32mselfdrived[0m [32mcard[0m [32mdeleter[0m [32mdmonitoringd[0m [32mqcomgpsd[0m [32mpandad[0m [32mparamsd[0m [32mlagd[0m [31mplannerd[0m [32mradard[0m [32mhardwared[0m [32mtombstoned[0m [32muploader[0m [32mstatsd[0m [32mfeedbackd[0m [32mmodeld_tinygrad[0m [32mmapd[0m [32mmapd_manager[0m [32mrtid[0m
[32mloggerd[0m [32mencoderd[0m [32mlogmessaged[0m [32mcamerad[0m [32mlogcatd[0m [32mproclogd[0m [32mmicd[0m [32mtimed[0m [32mdmonitoringmodeld[0m [32msensord[0m [32mui[0m [32msoundd[0m [32mlocationd[0m [32mcalibrationd[0m [32mtorqued[0m [32mcontrolsd[0m [32mselfdrived[0m [32mcard[0m [32mdeleter[0m [32mdmonitoringd[0m [32mqcomgpsd[0m [32mpandad[0m [32mparamsd[0m [32mlagd[0m [31mplannerd[0m [32mradard[0m [32mhardwared[0m [32mtombstoned[0m [32muploader[0m [32mstatsd[0m [32mfeedbackd[0m [32mmodeld_tinygrad[0m [32mmapd[0m [32mmapd_manager[0m [32mrtid[0m
[32mloggerd[0m [32mencoderd[0m [32mlogmessaged[0m [32mcamerad[0m [32mlogcatd[0m [32mproclogd[0m [32mmicd[0m [32mtimed[0m [32mdmonitoringmodeld[0m [32msensord[0m [32mui[0m [32msoundd[0m [32mlocationd[0m [32mcalibrationd[0m [32mtorqued[0m [32mcontrolsd[0m [32mselfdrived[0m [32mcard[0m [32mdeleter[0m [32mdmonitoringd[0m [32mqcomgpsd[0m [32mpandad[0m [32mparamsd[0m [32mlagd[0m [31mplannerd[0m [32mradard[0m [32mhardwared[0m [32mtombstoned[0m [32muploader[0m [32mstatsd[0m [32mfeedbackd[0m [32mmodeld_tinygrad[0m [32mmapd[0m [32mmapd_manager[0m [32mrtid[0m
[32mloggerd[0m [32mencoderd[0m [32mlogmessaged[0m [32mcamerad[0m [32mlogcatd[0m [32mproclogd[0m [32mmicd[0m [32mtimed[0m [32mdmonitoringmodeld[0m [32msensord[0m [32mui[0m [32msoundd[0m [32mlocationd[0m [32mcalibrationd[0m [32mtorqued[0m [32mcontrolsd[0m [32mselfdrived[0m [32mcard[0m [32mdeleter[0m [32mdmonitoringd[0m [32mqcomgpsd[0m [32mpandad[0m [32mparamsd[0m [32mlagd[0m [31mplannerd[0m [32mradard[0m [32mhardwared[0m [32mtombstoned[0m [32muploader[0m [32mstatsd[0m [32mfeedbackd[0m [32mmodeld_tinygrad[0m [32mmapd[0m [32mmapd_manager[0m [32mrtid[0m
RTI cycle took 0.020s
RTI cycle took 0.026s
RTI cycle took 0.022s
RTI cycle took 0.026s
RTI cycle took 0.040s
RTI cycle took 0.040s
RTI cycle took 0.017s
RTI cycle took 0.035s
RTI cycle took 0.018s
RTI cycle took 0.015s
RTI cycle took 0.022s
RTI cycle took 0.029s
RTI cycle took 0.036s
RTI cycle took 0.016s
RTI cycle took 0.025s
RTI cycle took 0.032s
RTI cycle took 0.030s
RTI cycle took 0.029s
RTI cycle took 0.026s
RTI cycle took 0.038s
RTI cycle took 0.033s
RTI cycle took 0.017s
RTI cycle took 0.016s
RTI cycle took 0.024s
RTI cycle took 0.021s
RTI cycle took 0.026s
RTI cycle took 0.020s
RTI cycle took 0.018s
RTI cycle took 0.026s
RTI cycle took 0.019s
RTI cycle took 0.015s
RTI cycle took 0.016s
RTI cycle took 0.021s
RTI cycle took 0.033s
RTI cycle took 0.027s
RTI cycle took 0.027s
RTI cycle took 0.043s
RTI cycle took 0.032s
RTI cycle took 0.042s
RTI cycle took 0.035s
RTI cycle took 0.031s
RTI cycle took 0.026s
RTI cycle took 0.026s
RTI cycle took 0.030s
RTI cycle took 0.027s
RTI cycle took 0.034s
RTI cycle took 0.024s
RTI cycle took 0.036s
RTI cycle took 0.032s
RTI cycle took 0.016s
RTI cycle took 0.021s
RTI cycle took 0.040s
RTI cycle took 0.035s
RTI cycle took 0.038s
RTI cycle took 0.041s
RTI cycle took 0.018s
RTI cycle took 0.030s
RTI cycle took 0.035s
RTI cycle took 0.035s
RTI cycle took 0.026s
RTI cycle took 0.021s
RTI cycle took 0.028s
RTI cycle took 0.033s
RTI cycle took 0.038s
RTI cycle took 0.025s
RTI cycle took 0.032s
RTI cycle took 0.017s
RTI cycle took 0.055s
RTI cycle took 0.036s
RTI cycle took 0.032s
RTI cycle took 0.031s
RTI cycle took 0.030s
RTI cycle took 0.037s
RTI cycle took 0.019s
RTI cycle took 0.028s
RTI cycle took 0.018s
RTI cycle took 0.020s
RTI cycle took 0.024s
RTI cycle took 0.028s
RTI cycle took 0.021s
RTI cycle took 0.029s
RTI cycle took 0.031s
RTI cycle took 0.026s
RTI cycle took 0.041s
RTI cycle took 0.030s
RTI cycle took 0.027s
RTI cycle took 0.020s
RTI cycle took 0.021s
RTI cycle took 0.027s
RTI cycle took 0.025s
RTI cycle took 0.032s
RTI cycle took 0.027s
RTI cycle took 0.027s
RTI cycle took 0.029s
RTI cycle took 0.028s
RTI cycle took 0.021s
RTI cycle took 0.026s
RTI cycle took 0.030s
RTI cycle took 0.029s
RTI cycle took 0.026s
RTI cycle took 0.044s
RTI cycle took 0.022s
RTI cycle took 0.031s
RTI cycle took 0.018s
RTI cycle took 0.025s
RTI cycle took 0.032s
RTI cycle took 0.026s
RTI cycle took 0.032s
RTI cycle took 0.016s
RTI cycle took 0.017s
RTI cycle took 0.012s
RTI cycle took 0.035s
RTI cycle took 0.021s
RTI cycle took 0.029s
RTI cycle took 0.032s
RTI cycle took 0.029s
RTI cycle took 0.017s
RTI cycle took 0.022s
RTI cycle took 0.021s
RTI cycle took 0.027s
RTI cycle took 0.021s
RTI cycle took 0.037s
RTI cycle took 0.024s
RTI cycle took 0.026s
RTI cycle took 0.029s
RTI cycle took 0.041s
RTI cycle took 0.080s
RTI cycle took 0.071s
RTI cycle took 0.050s
RTI cycle took 0.107s
RTI cycle took 0.047s
RTI cycle took 0.111s
RTI cycle took 0.032s
RTI cycle took 0.037s
RTI cycle took 0.040s
RTI cycle took 0.033s
RTI cycle took 0.064s
RTI cycle took 0.020s
RTI cycle took 0.041s
RTI cycle took 0.061s
RTI cycle took 0.068s
RTI cycle took 0.033s
RTI cycle took 0.032s
RTI cycle took 0.030s
RTI cycle took 0.062s
RTI cycle took 0.025s
RTI cycle took 0.022s
RTI cycle took 0.028s
RTI cycle took 0.029s
RTI cycle took 0.028s
RTI cycle took 0.028s
RTI cycle took 0.040s
RTI cycle took 0.038s
RTI cycle took 0.026s
RTI cycle took 0.027s
RTI cycle took 0.051s
RTI cycle took 0.029s
RTI cycle took 0.020s
RTI cycle took 0.027s
RTI cycle took 0.027s
RTI cycle took 0.029s
RTI cycle took 0.029s
RTI cycle took 0.020s
RTI cycle took 0.049s
RTI cycle took 0.037s
RTI cycle took 0.038s
RTI cycle took 0.038s
RTI cycle took 0.030s
RTI cycle took 0.036s
RTI cycle took 0.028s
RTI cycle took 0.037s
RTI cycle took 0.066s
RTI cycle took 0.035s
RTI cycle took 0.060s
RTI cycle took 0.025s
RTI cycle took 0.047s
RTI cycle took 0.035s
RTI cycle took 0.024s
RTI cycle took 0.024s
RTI cycle took 0.015s
RTI cycle took 0.025s
RTI cycle took 0.027s
RTI cycle took 0.021s
RTI cycle took 0.028s
RTI cycle took 0.022s
RTI cycle took 0.046s
RTI cycle took 0.019s
RTI cycle took 0.022s
RTI cycle took 0.027s
skipping model eval. Dropped 1 frames
RTI cycle took 0.029s
RTI cycle took 0.037s
RTI cycle took 0.028s
RTI cycle took 0.023s
RTI cycle took 0.015s
RTI cycle took 0.026s
RTI cycle took 0.057s
RTI cycle took 0.040s
RTI cycle took 0.027s
RTI cycle took 0.028s
RTI cycle took 0.072s
RTI cycle took 0.097s
RTI cycle took 0.036s
RTI cycle took 0.049s
RTI cycle took 0.063s
RTI cycle took 0.078s
RTI cycle took 0.055s
RTI cycle took 0.042s
RTI cycle took 0.080s
RTI cycle took 0.121s
RTI cycle took 0.037s
RTI cycle took 0.042s
RTI cycle took 0.017s
RTI cycle took 0.038s
RTI cycle took 0.026s
RTI cycle took 0.046s
RTI cycle took 0.035s
RTI cycle took 0.042s
RTI cycle took 0.038s
RTI cycle took 0.078s
RTI cycle took 0.110s
RTI cycle took 0.049s
RTI cycle took 0.140s
RTI cycle took 0.078s
RTI cycle took 0.111s
RTI cycle took 0.091s
RTI cycle took 0.155s
RTI cycle took 0.133s
RTI cycle took 0.025s
RTI cycle took 0.022s
RTI cycle took 0.031s
RTI cycle took 0.055s
RTI cycle took 0.042s
soundd stream over/underflow: output underflow
RTI cycle took 0.037s
RTI cycle took 0.035s
RTI cycle took 0.046s
RTI cycle took 0.017s
RTI cycle took 0.050s
RTI cycle took 0.017s
RTI cycle took 0.028s
RTI cycle took 0.028s
RTI cycle took 0.063s
RTI cycle took 0.035s
RTI cycle took 0.031s
RTI cycle took 0.017s
RTI cycle took 0.045s
RTI cycle took 0.032s
RTI cycle took 0.027s
RTI cycle took 0.036s
RTI cycle took 0.030s
RTI cycle took 0.018s
RTI cycle took 0.060s
RTI cycle took 0.025s
RTI cycle took 0.032s
RTI cycle took 0.016s
RTI cycle took 0.115s
RTI cycle took 0.042s
RTI cycle took 0.063s
RTI cycle took 0.055s
RTI cycle took 0.027s
RTI cycle took 0.031s
RTI cycle took 0.027s
RTI cycle took 0.022s
RTI cycle took 0.025s
RTI cycle took 0.021s
RTI cycle took 0.017s
RTI cycle took 0.027s
RTI cycle took 0.017s
[32mloggerd[0m [32mencoderd[0m [32mlogmessaged[0m [32mcamerad[0m [32mlogcatd[0m [32mproclogd[0m [32mmicd[0m [32mtimed[0m [32mdmonitoringmodeld[0m [32msensord[0m [32mui[0m [32msoundd[0m [32mlocationd[0m [32mcalibrationd[0m [32mtorqued[0m [32mcontrolsd[0m [32mselfdrived[0m [32mcard[0m [32mdeleter[0m [32mdmonitoringd[0m [32mqcomgpsd[0m [32mpandad[0m [32mparamsd[0m [32mlagd[0m [31mplannerd[0m [32mradard[0m [32mhardwared[0m [32mtombstoned[0m [32muploader[0m [32mstatsd[0m [32mfeedbackd[0m [32mmodeld_tinygrad[0m [32mmapd[0m [32mmapd_manager[0m [32mrtid[0m
[32mloggerd[0m [32mencoderd[0m [32mlogmessaged[0m [32mcamerad[0m [32mlogcatd[0m [32mproclogd[0m [32mmicd[0m [32mtimed[0m [32mdmonitoringmodeld[0m [32msensord[0m [32mui[0m [32msoundd[0m [32mlocationd[0m [32mcalibrationd[0m [32mtorqued[0m [32mcontrolsd[0m [32mselfdrived[0m [32mcard[0m [32mdeleter[0m [32mdmonitoringd[0m [32mqcomgpsd[0m [32mpandad[0m [32mparamsd[0m [32mlagd[0m [31mplannerd[0m [32mradard[0m [32mhardwared[0m [32mtombstoned[0m [32muploader[0m [32mstatsd[0m [32mfeedbackd[0m [32mmodeld_tinygrad[0m [32mmapd[0m [32mmapd_manager[0m [32mrtid[0m
[32mloggerd[0m [32mencoderd[0m [32mlogmessaged[0m [32mcamerad[0m [32mlogcatd[0m [32mproclogd[0m [32mmicd[0m [32mtimed[0m [32mdmonitoringmodeld[0m [32msensord[0m [32mui[0m [32msoundd[0m [32mlocationd[0m [32mcalibrationd[0m [32mtorqued[0m [32mcontrolsd[0m [32mselfdrived[0m [32mcard[0m [32mdeleter[0m [32mdmonitoringd[0m [32mqcomgpsd[0m [32mpandad[0m [32mparamsd[0m [32mlagd[0m [31mplannerd[0m [32mradard[0m [32mhardwared[0m [32mtombstoned[0m [32muploader[0m [32mstatsd[0m [32mfeedbackd[0m [32mmodeld_tinygrad[0m [32mmapd[0m [32mmapd_manager[0m [32mrtid[0m
[32mloggerd[0m [32mencoderd[0m [32mlogmessaged[0m [32mcamerad[0m [32mlogcatd[0m [32mproclogd[0m [32mmicd[0m [32mtimed[0m [32mdmonitoringmodeld[0m [32msensord[0m [32mui[0m [32msoundd[0m [32mlocationd[0m [32mcalibrationd[0m [32mtorqued[0m [32mcontrolsd[0m [32mselfdrived[0m [32mcard[0m [32mdeleter[0m [32mdmonitoringd[0m [32mqcomgpsd[0m [32mpandad[0m [32mparamsd[0m [32mlagd[0m [31mplannerd[0m [32mradard[0m [32mhardwared[0m [32mtombstoned[0m [32muploader[0m [32mstatsd[0m [32mfeedbackd[0m [32mmodeld_tinygrad[0m [32mmapd[0m [32mmapd_manager[0m [32mrtid[0m
[32mloggerd[0m [32mencoderd[0m [32mlogmessaged[0m [32mcamerad[0m [32mlogcatd[0m [32mproclogd[0m [32mmicd[0m [32mtimed[0m [32mdmonitoringmodeld[0m [32msensord[0m [32mui[0m [32msoundd[0m [32mlocationd[0m [32mcalibrationd[0m [32mtorqued[0m [32mcontrolsd[0m [32mselfdrived[0m [32mcard[0m [32mdeleter[0m [32mdmonitoringd[0m [32mqcomgpsd[0m [32mpandad[0m [32mparamsd[0m [32mlagd[0m [31mplannerd[0m [32mradard[0m [32mhardwared[0m [32mtombstoned[0m [32muploader[0m [32mstatsd[0m [32mfeedbackd[0m [32mmodeld_tinygrad[0m [32mmapd[0m [32mmapd_manager[0m [32mrtid[0m
[32mloggerd[0m [32mencoderd[0m [32mlogmessaged[0m [32mcamerad[0m [32mlogcatd[0m [32mproclogd[0m [32mmicd[0m [32mtimed[0m [32mdmonitoringmodeld[0m [32msensord[0m [32mui[0m [32msoundd[0m [32mlocationd[0m [32mcalibrationd[0m [32mtorqued[0m [32mcontrolsd[0m [32mselfdrived[0m [32mcard[0m [32mdeleter[0m [32mdmonitoringd[0m [32mqcomgpsd[0m [32mpandad[0m [32mparamsd[0m [32mlagd[0m [31mplannerd[0m [32mradard[0m [32mhardwared[0m [32mtombstoned[0m [32muploader[0m [32mstatsd[0m [32mfeedbackd[0m [32mmodeld_tinygrad[0m [32mmapd[0m [32mmapd_manager[0m [32mrtid[0m
[32mloggerd[0m [32mencoderd[0m [32mlogmessaged[0m [32mcamerad[0m [32mlogcatd[0m [32mproclogd[0m [32mmicd[0m [32mtimed[0m [32mdmonitoringmodeld[0m [32msensord[0m [32mui[0m [32msoundd[0m [32mlocationd[0m [32mcalibrationd[0m [32mtorqued[0m [32mcontrolsd[0m [32mselfdrived[0m [32mcard[0m [32mdeleter[0m [32mdmonitoringd[0m [32mqcomgpsd[0m [32mpandad[0m [32mparamsd[0m [32mlagd[0m [31mplannerd[0m [32mradard[0m [32mhardwared[0m [32mtombstoned[0m [32muploader[0m [32mstatsd[0m [32mfeedbackd[0m [32mmodeld_tinygrad[0m [32mmapd[0m [32mmapd_manager[0m [32mrtid[0m
[32mloggerd[0m [32mencoderd[0m [32mlogmessaged[0m [32mcamerad[0m [32mlogcatd[0m [32mproclogd[0m [32mmicd[0m [32mtimed[0m [32mdmonitoringmodeld[0m [32msensord[0m [32mui[0m [32msoundd[0m [32mlocationd[0m [32mcalibrationd[0m [32mtorqued[0m [32mcontrolsd[0m [32mselfdrived[0m [32mcard[0m [32mdeleter[0m [32mdmonitoringd[0m [32mqcomgpsd[0m [32mpandad[0m [32mparamsd[0m [32mlagd[0m [31mplannerd[0m [32mradard[0m [32mhardwared[0m [32mtombstoned[0m [32muploader[0m [32mstatsd[0m [32mfeedbackd[0m [32mmodeld_tinygrad[0m [32mmapd[0m [32mmapd_manager[0m [32mrtid[0m
[32mloggerd[0m [32mencoderd[0m [32mlogmessaged[0m [32mcamerad[0m [32mlogcatd[0m [32mproclogd[0m [32mmicd[0m [32mtimed[0m [32mdmonitoringmodeld[0m [32msensord[0m [32mui[0m [32msoundd[0m [32mlocationd[0m [32mcalibrationd[0m [32mtorqued[0m [32mcontrolsd[0m [32mselfdrived[0m [32mcard[0m [32mdeleter[0m [32mdmonitoringd[0m [32mqcomgpsd[0m [32mpandad[0m [32mparamsd[0m [32mlagd[0m [31mplannerd[0m [32mradard[0m [32mhardwared[0m [32mtombstoned[0m [32muploader[0m [32mstatsd[0m [32mfeedbackd[0m [32mmodeld_tinygrad[0m [32mmapd[0m [32mmapd_manager[0m [32mrtid[0m
[32mloggerd[0m [32mencoderd[0m [32mlogmessaged[0m [32mcamerad[0m [32mlogcatd[0m [32mproclogd[0m [32mmicd[0m [32mtimed[0m [32mdmonitoringmodeld[0m [32msensord[0m [32mui[0m [32msoundd[0m [32mlocationd[0m [32mcalibrationd[0m [32mtorqued[0m [32mcontrolsd[0m [32mselfdrived[0m [32mcard[0m [32mdeleter[0m [32mdmonitoringd[0m [32mqcomgpsd[0m [32mpandad[0m [32mparamsd[0m [32mlagd[0m [31mplannerd[0m [32mradard[0m [32mhardwared[0m [32mtombstoned[0m [32muploader[0m [32mstatsd[0m [32mfeedbackd[0m [32mmodeld_tinygrad[0m [32mmapd[0m [32mmapd_manager[0m [32mrtid[0m
[32mloggerd[0m [32mencoderd[0m [32mlogmessaged[0m [32mcamerad[0m [32mlogcatd[0m [32mproclogd[0m [32mmicd[0m [32mtimed[0m [32mdmonitoringmodeld[0m [32msensord[0m [32mui[0m [32msoundd[0m [32mlocationd[0m [32mcalibrationd[0m [32mtorqued[0m [32mcontrolsd[0m [32mselfdrived[0m [32mcard[0m [32mdeleter[0m [32mdmonitoringd[0m [32mqcomgpsd[0m [32mpandad[0m [32mparamsd[0m [32mlagd[0m [31mplannerd[0m [32mradard[0m [32mhardwared[0m [32mtombstoned[0m [32muploader[0m [32mstatsd[0m [32mfeedbackd[0m [32mmodeld_tinygrad[0m [32mmapd[0m [32mmapd_manager[0m [32mrtid[0m
[32mloggerd[0m [32mencoderd[0m [32mlogmessaged[0m [32mcamerad[0m [32mlogcatd[0m [32mproclogd[0m [32mmicd[0m [32mtimed[0m [32mdmonitoringmodeld[0m [32msensord[0m [32mui[0m [32msoundd[0m [32mlocationd[0m [32mcalibrationd[0m [32mtorqued[0m [32mcontrolsd[0m [32mselfdrived[0m [32mcard[0m [32mdeleter[0m [32mdmonitoringd[0m [32mqcomgpsd[0m [32mpandad[0m [32mparamsd[0m [32mlagd[0m [31mplannerd[0m [32mradard[0m [32mhardwared[0m [32mtombstoned[0m [32muploader[0m [32mstatsd[0m [32mfeedbackd[0m [32mmodeld_tinygrad[0m [32mmapd[0m [32mmapd_manager[0m [32mrtid[0m
[32mloggerd[0m [32mencoderd[0m [32mlogmessaged[0m [32mcamerad[0m [32mlogcatd[0m [32mproclogd[0m [32mmicd[0m [32mtimed[0m [32mdmonitoringmodeld[0m [32msensord[0m [32mui[0m [32msoundd[0m [32mlocationd[0m [32mcalibrationd[0m [32mtorqued[0m [32mcontrolsd[0m [32mselfdrived[0m [32mcard[0m [32mdeleter[0m [32mdmonitoringd[0m [32mqcomgpsd[0m [32mpandad[0m [32mparamsd[0m [32mlagd[0m [31mplannerd[0m [32mradard[0m [32mhardwared[0m [32mtombstoned[0m [32muploader[0m [32mstatsd[0m [32mfeedbackd[0m [32mmodeld_tinygrad[0m [32mmapd[0m [32mmapd_manager[0m [32mrtid[0m
RTI cycle took 0.031s
RTI cycle took 0.023s
RTI cycle took 0.029s
RTI cycle took 0.032s
RTI cycle took 0.016s
RTI cycle took 0.014s
RTI cycle took 0.020s
RTI cycle took 0.029s
RTI cycle took 0.038s
RTI cycle took 0.038s
RTI cycle took 0.032s
RTI cycle took 0.051s
RTI cycle took 0.164s
RTI cycle took 0.086s
RTI cycle took 0.037s
RTI cycle took 0.040s
RTI cycle took 0.040s
RTI cycle took 0.037s
RTI cycle took 0.038s
RTI cycle took 0.042s
RTI cycle took 0.029s
RTI cycle took 0.038s
RTI cycle took 0.035s
RTI cycle took 0.030s
RTI cycle took 0.017s
RTI cycle took 0.027s
RTI cycle took 0.015s
RTI cycle took 0.026s
Watchdog timeout for ui (exitcode None) restarting (started=True)
RTI cycle took 0.024s
RTI cycle took 0.038s
RTI cycle took 0.037s
[32mloggerd[0m [32mencoderd[0m [32mlogmessaged[0m [32mcamerad[0m [32mlogcatd[0m [32mproclogd[0m [32mmicd[0m [32mtimed[0m [32mdmonitoringmodeld[0m [32msensord[0m [32mui[0m [32msoundd[0m [32mlocationd[0m [32mcalibrationd[0m [32mtorqued[0m [32mcontrolsd[0m [32mselfdrived[0m [32mcard[0m [32mdeleter[0m [32mdmonitoringd[0m [32mqcomgpsd[0m [32mpandad[0m [32mparamsd[0m [32mlagd[0m [31mplannerd[0m [32mradard[0m [32mhardwared[0m [32mtombstoned[0m [32muploader[0m [32mstatsd[0m [32mfeedbackd[0m [32mmodeld_tinygrad[0m [32mmapd[0m [32mmapd_manager[0m [32mrtid[0m
[32mloggerd[0m [32mencoderd[0m [32mlogmessaged[0m [32mcamerad[0m [32mlogcatd[0m [32mproclogd[0m [32mmicd[0m [32mtimed[0m [32mdmonitoringmodeld[0m [32msensord[0m [32mui[0m [32msoundd[0m [32mlocationd[0m [32mcalibrationd[0m [32mtorqued[0m [32mcontrolsd[0m [32mselfdrived[0m [32mcard[0m [32mdeleter[0m [32mdmonitoringd[0m [32mqcomgpsd[0m [32mpandad[0m [32mparamsd[0m [32mlagd[0m [31mplannerd[0m [32mradard[0m [32mhardwared[0m [32mtombstoned[0m [32muploader[0m [32mstatsd[0m [32mfeedbackd[0m [32mmodeld_tinygrad[0m [32mmapd[0m [32mmapd_manager[0m [32mrtid[0m
RTI cycle took 0.020s
RTI cycle took 0.040s
RTI cycle took 0.018s
RTI cycle took 0.024s
RTI cycle took 0.022s
RTI cycle took 0.028s
RTI cycle took 0.026s
RTI cycle took 0.018s
RTI cycle took 0.021s
RTI cycle took 0.037s
RTI cycle took 0.026s
RTI cycle took 0.021s
RTI cycle took 0.027s
RTI cycle took 0.039s
RTI cycle took 0.019s
RTI cycle took 0.030s
RTI cycle took 0.030s
RTI cycle took 0.016s
RTI cycle took 0.027s
RTI cycle took 0.019s
RTI cycle took 0.026s
RTI cycle took 0.027s
RTI cycle took 0.032s
RTI cycle took 0.039s
RTI cycle took 0.027s
RTI cycle took 0.021s
RTI cycle took 0.028s
RTI cycle took 0.039s
gbm_create_device(156): Info: backend name is: msm_drm
RTI cycle took 0.018s
RTI cycle took 0.021s
RTI cycle took 0.032s
RTI cycle took 0.038s
: QPixmap::scaled: Pixmap is a null pixmap
RTI cycle took 0.028s
RTI cycle took 0.032s
RTI cycle took 0.019s
RTI cycle took 0.027s
RTI cycle took 0.026s
RTI cycle took 0.022s
RTI cycle took 0.037s
RTI cycle took 0.030s
RTI cycle took 0.042s
RTI cycle took 0.036s
RTI cycle took 0.027s
RTI cycle took 0.033s
RTI cycle took 0.026s
RTI cycle took 0.022s
RTI cycle took 0.057s
RTI cycle took 0.019s
RTI cycle took 0.021s
RTI cycle took 0.016s
RTI cycle took 0.034s
RTI cycle took 0.028s
RTI cycle took 0.030s
RTI cycle took 0.047s
RTI cycle took 0.024s
RTI cycle took 0.015s
RTI cycle took 0.024s
RTI cycle took 0.028s
RTI cycle took 0.029s
RTI cycle took 0.019s
RTI cycle took 0.024s
RTI cycle took 0.030s
RTI cycle took 0.013s
RTI cycle took 0.026s
RTI cycle took 0.017s
RTI cycle took 0.028s
RTI cycle took 0.016s
RTI cycle took 0.024s
RTI cycle took 0.027s
RTI cycle took 0.041s
RTI cycle took 0.029s
RTI cycle took 0.017s
RTI cycle took 0.016s
RTI cycle took 0.023s
RTI cycle took 0.031s
RTI cycle took 0.036s
RTI cycle took 0.023s
RTI cycle took 0.017s
RTI cycle took 0.034s
RTI cycle took 0.030s
RTI cycle took 0.020s
selfdrive/ui/qt/network/wifi_manager.cc: Changing gsm.auto-config to true
RTI cycle took 0.042s
RTI cycle took 0.023s
RTI cycle took 0.039s
RTI cycle took 0.030s
RTI cycle took 0.027s
RTI cycle took 0.025s
RTI cycle took 0.040s
RTI cycle took 0.037s
RTI cycle took 0.019s
RTI cycle took 0.016s
RTI cycle took 0.023s
RTI cycle took 0.031s
RTI cycle took 0.017s
RTI cycle took 0.015s
RTI cycle took 0.024s
RTI cycle took 0.030s
RTI cycle took 0.038s
RTI cycle took 0.027s
RTI cycle took 0.030s
RTI cycle took 0.035s
RTI cycle took 0.039s
RTI cycle took 0.031s
RTI cycle took 0.018s
RTI cycle took 0.028s
RTI cycle took 0.025s
RTI cycle took 0.023s
RTI cycle took 0.029s
RTI cycle took 0.037s
RTI cycle took 0.048s
RTI cycle took 0.030s
RTI cycle took 0.017s
RTI cycle took 0.030s
RTI cycle took 0.026s
RTI cycle took 0.021s
RTI cycle took 0.038s
RTI cycle took 0.025s
RTI cycle took 0.039s
RTI cycle took 0.029s
RTI cycle took 0.041s
RTI cycle took 0.025s
RTI cycle took 0.020s
RTI cycle took 0.029s
RTI cycle took 0.029s
RTI cycle took 0.027s
RTI cycle took 0.020s
RTI cycle took 0.027s
RTI cycle took 0.021s
RTI cycle took 0.027s
RTI cycle took 0.032s
RTI cycle took 0.016s
RTI cycle took 0.026s
RTI cycle took 0.039s
RTI cycle took 0.018s
RTI cycle took 0.037s
RTI cycle took 0.020s
RTI cycle took 0.026s
RTI cycle took 0.026s
RTI cycle took 0.030s
RTI cycle took 0.030s
RTI cycle took 0.019s
RTI cycle took 0.015s
RTI cycle took 0.023s
RTI cycle took 0.031s
RTI cycle took 0.025s
RTI cycle took 0.033s
RTI cycle took 0.038s
RTI cycle took 0.018s
RTI cycle took 0.029s
RTI cycle took 0.025s
RTI cycle took 0.031s
RTI cycle took 0.037s
RTI cycle took 0.017s
RTI cycle took 0.018s
RTI cycle took 0.026s
RTI cycle took 0.038s
RTI cycle took 0.027s
RTI cycle took 0.030s
RTI cycle took 0.039s
RTI cycle took 0.015s
RTI cycle took 0.027s
RTI cycle took 0.026s
RTI cycle took 0.028s
RTI cycle took 0.031s
RTI cycle took 0.018s
RTI cycle took 0.028s
RTI cycle took 0.033s
RTI cycle took 0.020s
RTI cycle took 0.035s
RTI cycle took 0.019s
RTI cycle took 0.028s
RTI cycle took 0.037s
RTI cycle took 0.027s
RTI cycle took 0.020s
RTI cycle took 0.028s
RTI cycle took 0.031s
RTI cycle took 0.020s
RTI cycle took 0.032s
RTI cycle took 0.016s
RTI cycle took 0.027s
RTI cycle took 0.027s
RTI cycle took 0.028s
RTI cycle took 0.041s
RTI cycle took 0.016s
RTI cycle took 0.026s
: "wl-shell" is a deprecated shell extension, prefer using "xdg-shell-v6" or "xdg-shell" if supported by the compositor by setting the environment variable QT_WAYLAND_SHELL_INTEGRATION
RTI cycle took 0.017s
RTI cycle took 0.030s
RTI cycle took 0.023s
RTI cycle took 0.034s
RTI cycle took 0.032s
RTI cycle took 0.020s
RTI cycle took 0.037s
RTI cycle took 0.030s
RTI cycle took 0.033s
RTI cycle took 0.018s
RTI cycle took 0.027s
RTI cycle took 0.039s
RTI cycle took 0.037s
RTI cycle took 0.034s
RTI cycle took 0.037s
RTI cycle took 0.019s
RTI cycle took 0.037s
RTI cycle took 0.028s
RTI cycle took 0.026s
RTI cycle took 0.017s
RTI cycle took 0.028s
RTI cycle took 0.018s
RTI cycle took 0.026s
RTI cycle took 0.041s
RTI cycle took 0.029s
RTI cycle took 0.035s
RTI cycle took 0.022s
RTI cycle took 0.026s
RTI cycle took 0.022s
RTI cycle took 0.037s
[32mloggerd[0m [32mencoderd[0m [32mlogmessaged[0m [32mcamerad[0m [32mlogcatd[0m [32mproclogd[0m [32mmicd[0m [32mtimed[0m [32mdmonitoringmodeld[0m [32msensord[0m [32mui[0m [32msoundd[0m [32mlocationd[0m [32mcalibrationd[0m [32mtorqued[0m [32mcontrolsd[0m [32mselfdrived[0m [32mcard[0m [32mdeleter[0m [32mdmonitoringd[0m [32mqcomgpsd[0m [32mpandad[0m [32mparamsd[0m [32mlagd[0m [31mplannerd[0m [32mradard[0m [32mhardwared[0m [32mtombstoned[0m [32muploader[0m [32mstatsd[0m [32mfeedbackd[0m [32mmodeld_tinygrad[0m [32mmapd[0m [32mmapd_manager[0m [32mrtid[0m
[32mloggerd[0m [32mencoderd[0m [32mlogmessaged[0m [32mcamerad[0m [32mlogcatd[0m [32mproclogd[0m [32mmicd[0m [32mtimed[0m [32mdmonitoringmodeld[0m [32msensord[0m [32mui[0m [32msoundd[0m [32mlocationd[0m [32mcalibrationd[0m [32mtorqued[0m [32mcontrolsd[0m [32mselfdrived[0m [32mcard[0m [32mdeleter[0m [32mdmonitoringd[0m [32mqcomgpsd[0m [32mpandad[0m [32mparamsd[0m [32mlagd[0m [31mplannerd[0m [32mradard[0m [32mhardwared[0m [32mtombstoned[0m [32muploader[0m [32mstatsd[0m [32mfeedbackd[0m [32mmodeld_tinygrad[0m [32mmapd[0m [32mmapd_manager[0m [32mrtid[0m
[32mloggerd[0m [32mencoderd[0m [32mlogmessaged[0m [32mcamerad[0m [32mlogcatd[0m [32mproclogd[0m [32mmicd[0m [32mtimed[0m [32mdmonitoringmodeld[0m [32msensord[0m [32mui[0m [32msoundd[0m [32mlocationd[0m [32mcalibrationd[0m [32mtorqued[0m [32mcontrolsd[0m [32mselfdrived[0m [32mcard[0m [32mdeleter[0m [32mdmonitoringd[0m [32mqcomgpsd[0m [32mpandad[0m [32mparamsd[0m [32mlagd[0m [31mplannerd[0m [32mradard[0m [32mhardwared[0m [32mtombstoned[0m [32muploader[0m [32mstatsd[0m [32mfeedbackd[0m [32mmodeld_tinygrad[0m [32mmapd[0m [32mmapd_manager[0m [32mrtid[0m
[32mloggerd[0m [32mencoderd[0m [32mlogmessaged[0m [32mcamerad[0m [32mlogcatd[0m [32mproclogd[0m [32mmicd[0m [32mtimed[0m [32mdmonitoringmodeld[0m [32msensord[0m [32mui[0m [32msoundd[0m [32mlocationd[0m [32mcalibrationd[0m [32mtorqued[0m [32mcontrolsd[0m [32mselfdrived[0m [32mcard[0m [32mdeleter[0m [32mdmonitoringd[0m [32mqcomgpsd[0m [32mpandad[0m [32mparamsd[0m [32mlagd[0m [31mplannerd[0m [32mradard[0m [32mhardwared[0m [32mtombstoned[0m [32muploader[0m [32mstatsd[0m [32mfeedbackd[0m [32mmodeld_tinygrad[0m [32mmapd[0m [32mmapd_manager[0m [32mrtid[0m
[32mloggerd[0m [32mencoderd[0m [32mlogmessaged[0m [32mcamerad[0m [32mlogcatd[0m [32mproclogd[0m [32mmicd[0m [32mtimed[0m [32mdmonitoringmodeld[0m [32msensord[0m [32mui[0m [32msoundd[0m [32mlocationd[0m [32mcalibrationd[0m [32mtorqued[0m [32mcontrolsd[0m [32mselfdrived[0m [32mcard[0m [32mdeleter[0m [32mdmonitoringd[0m [32mqcomgpsd[0m [32mpandad[0m [32mparamsd[0m [32mlagd[0m [31mplannerd[0m [32mradard[0m [32mhardwared[0m [32mtombstoned[0m [32muploader[0m [32mstatsd[0m [32mfeedbackd[0m [32mmodeld_tinygrad[0m [32mmapd[0m [32mmapd_manager[0m [32mrtid[0m
[32mloggerd[0m [32mencoderd[0m [32mlogmessaged[0m [32mcamerad[0m [32mlogcatd[0m [32mproclogd[0m [32mmicd[0m [32mtimed[0m [32mdmonitoringmodeld[0m [32msensord[0m [32mui[0m [32msoundd[0m [32mlocationd[0m [32mcalibrationd[0m [32mtorqued[0m [32mcontrolsd[0m [32mselfdrived[0m [32mcard[0m [32mdeleter[0m [32mdmonitoringd[0m [32mqcomgpsd[0m [32mpandad[0m [32mparamsd[0m [32mlagd[0m [31mplannerd[0m [32mradard[0m [32mhardwared[0m [32mtombstoned[0m [32muploader[0m [32mstatsd[0m [32mfeedbackd[0m [32mmodeld_tinygrad[0m [32mmapd[0m [32mmapd_manager[0m [32mrtid[0m
[32mloggerd[0m [32mencoderd[0m [32mlogmessaged[0m [32mcamerad[0m [32mlogcatd[0m [32mproclogd[0m [32mmicd[0m [32mtimed[0m [32mdmonitoringmodeld[0m [32msensord[0m [32mui[0m [32msoundd[0m [32mlocationd[0m [32mcalibrationd[0m [32mtorqued[0m [32mcontrolsd[0m [32mselfdrived[0m [32mcard[0m [32mdeleter[0m [32mdmonitoringd[0m [32mqcomgpsd[0m [32mpandad[0m [32mparamsd[0m [32mlagd[0m [31mplannerd[0m [32mradard[0m [32mhardwared[0m [32mtombstoned[0m [32muploader[0m [32mstatsd[0m [32mfeedbackd[0m [32mmodeld_tinygrad[0m [32mmapd[0m [32mmapd_manager[0m [32mrtid[0m
[32mloggerd[0m [32mencoderd[0m [32mlogmessaged[0m [32mcamerad[0m [32mlogcatd[0m [32mproclogd[0m [32mmicd[0m [32mtimed[0m [32mdmonitoringmodeld[0m [32msensord[0m [32mui[0m [32msoundd[0m [32mlocationd[0m [32mcalibrationd[0m [32mtorqued[0m [32mcontrolsd[0m [32mselfdrived[0m [32mcard[0m [32mdeleter[0m [32mdmonitoringd[0m [32mqcomgpsd[0m [32mpandad[0m [32mparamsd[0m [32mlagd[0m [31mplannerd[0m [32mradard[0m [32mhardwared[0m [32mtombstoned[0m [32muploader[0m [32mstatsd[0m [32mfeedbackd[0m [32mmodeld_tinygrad[0m [32mmapd[0m [32mmapd_manager[0m [32mrtid[0m
[32mloggerd[0m [32mencoderd[0m [32mlogmessaged[0m [32mcamerad[0m [32mlogcatd[0m [32mproclogd[0m [32mmicd[0m [32mtimed[0m [32mdmonitoringmodeld[0m [32msensord[0m [32mui[0m [32msoundd[0m [32mlocationd[0m [32mcalibrationd[0m [32mtorqued[0m [32mcontrolsd[0m [32mselfdrived[0m [32mcard[0m [32mdeleter[0m [32mdmonitoringd[0m [32mqcomgpsd[0m [32mpandad[0m [32mparamsd[0m [32mlagd[0m [31mplannerd[0m [32mradard[0m [32mhardwared[0m [32mtombstoned[0m [32muploader[0m [32mstatsd[0m [32mfeedbackd[0m [32mmodeld_tinygrad[0m [32mmapd[0m [32mmapd_manager[0m [32mrtid[0m
[32mloggerd[0m [32mencoderd[0m [32mlogmessaged[0m [32mcamerad[0m [32mlogcatd[0m [32mproclogd[0m [32mmicd[0m [32mtimed[0m [32mdmonitoringmodeld[0m [32msensord[0m [32mui[0m [32msoundd[0m [32mlocationd[0m [32mcalibrationd[0m [32mtorqued[0m [32mcontrolsd[0m [32mselfdrived[0m [32mcard[0m [32mdeleter[0m [32mdmonitoringd[0m [32mqcomgpsd[0m [32mpandad[0m [32mparamsd[0m [32mlagd[0m [31mplannerd[0m [32mradard[0m [32mhardwared[0m [32mtombstoned[0m [32muploader[0m [32mstatsd[0m [32mfeedbackd[0m [32mmodeld_tinygrad[0m [32mmapd[0m [32mmapd_manager[0m [32mrtid[0m
[32mloggerd[0m [32mencoderd[0m [32mlogmessaged[0m [32mcamerad[0m [32mlogcatd[0m [32mproclogd[0m [32mmicd[0m [32mtimed[0m [32mdmonitoringmodeld[0m [32msensord[0m [32mui[0m [32msoundd[0m [32mlocationd[0m [32mcalibrationd[0m [32mtorqued[0m [32mcontrolsd[0m [32mselfdrived[0m [32mcard[0m [32mdeleter[0m [32mdmonitoringd[0m [32mqcomgpsd[0m [32mpandad[0m [32mparamsd[0m [32mlagd[0m [31mplannerd[0m [32mradard[0m [32mhardwared[0m [32mtombstoned[0m [32muploader[0m [32mstatsd[0m [32mfeedbackd[0m [32mmodeld_tinygrad[0m [32mmapd[0m [32mmapd_manager[0m [32mrtid[0m
[32mloggerd[0m [32mencoderd[0m [32mlogmessaged[0m [32mcamerad[0m [32mlogcatd[0m [32mproclogd[0m [32mmicd[0m [32mtimed[0m [32mdmonitoringmodeld[0m [32msensord[0m [32mui[0m [32msoundd[0m [32mlocationd[0m [32mcalibrationd[0m [32mtorqued[0m [32mcontrolsd[0m [32mselfdrived[0m [32mcard[0m [32mdeleter[0m [32mdmonitoringd[0m [32mqcomgpsd[0m [32mpandad[0m [32mparamsd[0m [32mlagd[0m [31mplannerd[0m [32mradard[0m [32mhardwared[0m [32mtombstoned[0m [32muploader[0m [32mstatsd[0m [32mfeedbackd[0m [32mmodeld_tinygrad[0m [32mmapd[0m [32mmapd_manager[0m [32mrtid[0m
[32mloggerd[0m [32mencoderd[0m [32mlogmessaged[0m [32mcamerad[0m [32mlogcatd[0m [32mproclogd[0m [32mmicd[0m [32mtimed[0m [32mdmonitoringmodeld[0m [32msensord[0m [32mui[0m [32msoundd[0m [32mlocationd[0m [32mcalibrationd[0m [32mtorqued[0m [32mcontrolsd[0m [32mselfdrived[0m [32mcard[0m [32mdeleter[0m [32mdmonitoringd[0m [32mqcomgpsd[0m [32mpandad[0m [32mparamsd[0m [32mlagd[0m [31mplannerd[0m [32mradard[0m [32mhardwared[0m [32mtombstoned[0m [32muploader[0m [32mstatsd[0m [32mfeedbackd[0m [32mmodeld_tinygrad[0m [32mmapd[0m [32mmapd_manager[0m [32mrtid[0m
RTI cycle took 0.029s
RTI cycle took 0.030s
RTI cycle took 0.026s
RTI cycle took 0.038s
RTI cycle took 0.019s
RTI cycle took 0.028s
RTI cycle took 0.028s
RTI cycle took 0.026s
RTI cycle took 0.032s
RTI cycle took 0.043s
RTI cycle took 0.020s
RTI cycle took 0.029s
RTI cycle took 0.027s
RTI cycle took 0.023s
RTI cycle took 0.022s
RTI cycle took 0.056s
RTI cycle took 0.040s
RTI cycle took 0.029s
RTI cycle took 0.028s
RTI cycle took 0.026s
RTI cycle took 0.032s
RTI cycle took 0.038s
RTI cycle took 0.018s
RTI cycle took 0.027s
RTI cycle took 0.048s
RTI cycle took 0.028s
RTI cycle took 0.032s
RTI cycle took 0.036s
RTI cycle took 0.038s
RTI cycle took 0.015s
RTI cycle took 0.026s
RTI cycle took 0.021s
RTI cycle took 0.020s
RTI cycle took 0.028s
RTI cycle took 0.030s
RTI cycle took 0.017s
RTI cycle took 0.019s
RTI cycle took 0.033s
RTI cycle took 0.020s
RTI cycle took 0.028s
RTI cycle took 0.023s
RTI cycle took 0.016s
RTI cycle took 0.016s
RTI cycle took 0.034s
RTI cycle took 0.020s
RTI cycle took 0.017s
RTI cycle took 0.027s
RTI cycle took 0.015s
RTI cycle took 0.026s
RTI cycle took 0.017s
RTI cycle took 0.029s
RTI cycle took 0.032s
RTI cycle took 0.023s
RTI cycle took 0.029s
RTI cycle took 0.042s
RTI cycle took 0.016s
RTI cycle took 0.023s
RTI cycle took 0.012s
RTI cycle took 0.014s
RTI cycle took 0.031s
RTI cycle took 0.028s
RTI cycle took 0.029s
RTI cycle took 0.018s
RTI cycle took 0.022s
RTI cycle took 0.028s
RTI cycle took 0.028s
RTI cycle took 0.021s
RTI cycle took 0.022s
RTI cycle took 0.030s
RTI cycle took 0.018s
RTI cycle took 0.026s
RTI cycle took 0.019s
RTI cycle took 0.014s
RTI cycle took 0.014s
RTI cycle took 0.020s
RTI cycle took 0.027s
RTI cycle took 0.020s
RTI cycle took 0.028s
RTI cycle took 0.019s
RTI cycle took 0.017s
RTI cycle took 0.023s
RTI cycle took 0.018s
RTI cycle took 0.014s
RTI cycle took 0.015s
RTI cycle took 0.013s
RTI cycle took 0.021s
RTI cycle took 0.019s
RTI cycle took 0.038s
RTI cycle took 0.030s
RTI cycle took 0.027s
RTI cycle took 0.017s
RTI cycle took 0.018s
RTI cycle took 0.023s
RTI cycle took 0.034s
RTI cycle took 0.026s
RTI cycle took 0.022s
RTI cycle took 0.028s
RTI cycle took 0.025s
RTI cycle took 0.042s
RTI cycle took 0.029s
RTI cycle took 0.039s
RTI cycle took 0.021s
RTI cycle took 0.024s
RTI cycle took 0.020s
RTI cycle took 0.028s
RTI cycle took 0.027s
RTI cycle took 0.032s
RTI cycle took 0.017s
RTI cycle took 0.028s
RTI cycle took 0.017s
RTI cycle took 0.026s
RTI cycle took 0.016s
RTI cycle took 0.016s
RTI cycle took 0.022s
RTI cycle took 0.031s
RTI cycle took 0.016s
RTI cycle took 0.027s
RTI cycle took 0.029s
RTI cycle took 0.031s
RTI cycle took 0.027s
RTI cycle took 0.027s
RTI cycle took 0.031s
RTI cycle took 0.027s
RTI cycle took 0.030s
RTI cycle took 0.018s
RTI cycle took 0.019s
RTI cycle took 0.014s
RTI cycle took 0.028s
RTI cycle took 0.020s
RTI cycle took 0.019s
RTI cycle took 0.021s
RTI cycle took 0.022s
RTI cycle took 0.011s
RTI cycle took 0.026s
RTI cycle took 0.018s
RTI cycle took 0.027s
RTI cycle took 0.031s
RTI cycle took 0.028s
RTI cycle took 0.027s
RTI cycle took 0.019s
RTI cycle took 0.037s
RTI cycle took 0.041s
RTI cycle took 0.024s
RTI cycle took 0.034s
RTI cycle took 0.024s
RTI cycle took 0.025s
RTI cycle took 0.021s
RTI cycle took 0.037s
RTI cycle took 0.020s
RTI cycle took 0.018s
RTI cycle took 0.028s
RTI cycle took 0.027s
RTI cycle took 0.046s
RTI cycle took 0.036s
RTI cycle took 0.037s
RTI cycle took 0.040s
RTI cycle took 0.038s
RTI cycle took 0.033s
RTI cycle took 0.025s
RTI cycle took 0.022s
RTI cycle took 0.033s
RTI cycle took 0.023s
RTI cycle took 0.020s
RTI cycle took 0.035s
RTI cycle took 0.025s
RTI cycle took 0.037s
RTI cycle took 0.019s
RTI cycle took 0.040s
RTI cycle took 0.037s
RTI cycle took 0.019s
RTI cycle took 0.026s
RTI cycle took 0.037s
RTI cycle took 0.023s
RTI cycle took 0.025s
RTI cycle took 0.040s
RTI cycle took 0.039s
RTI cycle took 0.028s
RTI cycle took 0.028s
RTI cycle took 0.032s
RTI cycle took 0.025s
RTI cycle took 0.029s
RTI cycle took 0.040s
RTI cycle took 0.025s
RTI cycle took 0.035s
RTI cycle took 0.039s
RTI cycle took 0.036s
RTI cycle took 0.025s
RTI cycle took 0.030s
RTI cycle took 0.014s
RTI cycle took 0.026s
RTI cycle took 0.038s
RTI cycle took 0.027s
RTI cycle took 0.020s
RTI cycle took 0.028s
RTI cycle took 0.024s
RTI cycle took 0.024s
RTI cycle took 0.023s
RTI cycle took 0.025s
RTI cycle took 0.022s
RTI cycle took 0.039s
RTI cycle took 0.030s
RTI cycle took 0.019s
RTI cycle took 0.023s
RTI cycle took 0.035s
RTI cycle took 0.034s
RTI cycle took 0.027s
RTI cycle took 0.038s
RTI cycle took 0.014s
RTI cycle took 0.023s
RTI cycle took 0.024s
RTI cycle took 0.031s
RTI cycle took 0.018s
RTI cycle took 0.027s
RTI cycle took 0.029s
RTI cycle took 0.037s
RTI cycle took 0.021s
RTI cycle took 0.017s
RTI cycle took 0.030s
RTI cycle took 0.014s
RTI cycle took 0.016s
RTI cycle took 0.033s
RTI cycle took 0.028s
RTI cycle took 0.018s
RTI cycle took 0.021s
[32mloggerd[0m [32mencoderd[0m [32mlogmessaged[0m [32mcamerad[0m [32mlogcatd[0m [32mproclogd[0m [32mmicd[0m [32mtimed[0m [32mdmonitoringmodeld[0m [32msensord[0m [32mui[0m [32msoundd[0m [32mlocationd[0m [32mcalibrationd[0m [32mtorqued[0m [32mcontrolsd[0m [32mselfdrived[0m [32mcard[0m [32mdeleter[0m [32mdmonitoringd[0m [32mqcomgpsd[0m [32mpandad[0m [32mparamsd[0m [32mlagd[0m [31mplannerd[0m [32mradard[0m [32mhardwared[0m [32mtombstoned[0m [32muploader[0m [32mstatsd[0m [32mfeedbackd[0m [32mmodeld_tinygrad[0m [32mmapd[0m [32mmapd_manager[0m [32mrtid[0m
[32mloggerd[0m [32mencoderd[0m [32mlogmessaged[0m [32mcamerad[0m [32mlogcatd[0m [32mproclogd[0m [32mmicd[0m [32mtimed[0m [32mdmonitoringmodeld[0m [32msensord[0m [32mui[0m [32msoundd[0m [32mlocationd[0m [32mcalibrationd[0m [32mtorqued[0m [32mcontrolsd[0m [32mselfdrived[0m [32mcard[0m [32mdeleter[0m [32mdmonitoringd[0m [32mqcomgpsd[0m [32mpandad[0m [32mparamsd[0m [32mlagd[0m [31mplannerd[0m [32mradard[0m [32mhardwared[0m [32mtombstoned[0m [32muploader[0m [32mstatsd[0m [32mfeedbackd[0m [32mmodeld_tinygrad[0m [32mmapd[0m [32mmapd_manager[0m [32mrtid[0m
[32mloggerd[0m [32mencoderd[0m [32mlogmessaged[0m [32mcamerad[0m [32mlogcatd[0m [32mproclogd[0m [32mmicd[0m [32mtimed[0m [32mdmonitoringmodeld[0m [32msensord[0m [32mui[0m [32msoundd[0m [32mlocationd[0m [32mcalibrationd[0m [32mtorqued[0m [32mcontrolsd[0m [32mselfdrived[0m [32mcard[0m [32mdeleter[0m [32mdmonitoringd[0m [32mqcomgpsd[0m [32mpandad[0m [32mparamsd[0m [32mlagd[0m [31mplannerd[0m [32mradard[0m [32mhardwared[0m [32mtombstoned[0m [32muploader[0m [32mstatsd[0m [32mfeedbackd[0m [32mmodeld_tinygrad[0m [32mmapd[0m [32mmapd_manager[0m [32mrtid[0m
[32mloggerd[0m [32mencoderd[0m [32mlogmessaged[0m [32mcamerad[0m [32mlogcatd[0m [32mproclogd[0m [32mmicd[0m [32mtimed[0m [32mdmonitoringmodeld[0m [32msensord[0m [32mui[0m [32msoundd[0m [32mlocationd[0m [32mcalibrationd[0m [32mtorqued[0m [32mcontrolsd[0m [32mselfdrived[0m [32mcard[0m [32mdeleter[0m [32mdmonitoringd[0m [32mqcomgpsd[0m [32mpandad[0m [32mparamsd[0m [32mlagd[0m [31mplannerd[0m [32mradard[0m [32mhardwared[0m [32mtombstoned[0m [32muploader[0m [32mstatsd[0m [32mfeedbackd[0m [32mmodeld_tinygrad[0m [32mmapd[0m [32mmapd_manager[0m [32mrtid[0m
[32mloggerd[0m [32mencoderd[0m [32mlogmessaged[0m [32mcamerad[0m [32mlogcatd[0m [32mproclogd[0m [32mmicd[0m [32mtimed[0m [32mdmonitoringmodeld[0m [32msensord[0m [32mui[0m [32msoundd[0m [32mlocationd[0m [32mcalibrationd[0m [32mtorqued[0m [32mcontrolsd[0m [32mselfdrived[0m [32mcard[0m [32mdeleter[0m [32mdmonitoringd[0m [32mqcomgpsd[0m [32mpandad[0m [32mparamsd[0m [32mlagd[0m [31mplannerd[0m [32mradard[0m [32mhardwared[0m [32mtombstoned[0m [32muploader[0m [32mstatsd[0m [32mfeedbackd[0m [32mmodeld_tinygrad[0m [32mmapd[0m [32mmapd_manager[0m [32mrtid[0m
[32mloggerd[0m [32mencoderd[0m [32mlogmessaged[0m [32mcamerad[0m [32mlogcatd[0m [32mproclogd[0m [32mmicd[0m [32mtimed[0m [32mdmonitoringmodeld[0m [32msensord[0m [32mui[0m [32msoundd[0m [32mlocationd[0m [32mcalibrationd[0m [32mtorqued[0m [32mcontrolsd[0m [32mselfdrived[0m [32mcard[0m [32mdeleter[0m [32mdmonitoringd[0m [32mqcomgpsd[0m [32mpandad[0m [32mparamsd[0m [32mlagd[0m [31mplannerd[0m [32mradard[0m [32mhardwared[0m [32mtombstoned[0m [32muploader[0m [32mstatsd[0m [32mfeedbackd[0m [32mmodeld_tinygrad[0m [32mmapd[0m [32mmapd_manager[0m [32mrtid[0m
[32mloggerd[0m [32mencoderd[0m [32mlogmessaged[0m [32mcamerad[0m [32mlogcatd[0m [32mproclogd[0m [32mmicd[0m [32mtimed[0m [32mdmonitoringmodeld[0m [32msensord[0m [32mui[0m [32msoundd[0m [32mlocationd[0m [32mcalibrationd[0m [32mtorqued[0m [32mcontrolsd[0m [32mselfdrived[0m [32mcard[0m [32mdeleter[0m [32mdmonitoringd[0m [32mqcomgpsd[0m [32mpandad[0m [32mparamsd[0m [32mlagd[0m [31mplannerd[0m [32mradard[0m [32mhardwared[0m [32mtombstoned[0m [32muploader[0m [32mstatsd[0m [32mfeedbackd[0m [32mmodeld_tinygrad[0m [32mmapd[0m [32mmapd_manager[0m [32mrtid[0m
[32mloggerd[0m [32mencoderd[0m [32mlogmessaged[0m [32mcamerad[0m [32mlogcatd[0m [32mproclogd[0m [32mmicd[0m [32mtimed[0m [32mdmonitoringmodeld[0m [32msensord[0m [32mui[0m [32msoundd[0m [32mlocationd[0m [32mcalibrationd[0m [32mtorqued[0m [32mcontrolsd[0m [32mselfdrived[0m [32mcard[0m [32mdeleter[0m [32mdmonitoringd[0m [32mqcomgpsd[0m [32mpandad[0m [32mparamsd[0m [32mlagd[0m [31mplannerd[0m [32mradard[0m [32mhardwared[0m [32mtombstoned[0m [32muploader[0m [32mstatsd[0m [32mfeedbackd[0m [32mmodeld_tinygrad[0m [32mmapd[0m [32mmapd_manager[0m [32mrtid[0m
[32mloggerd[0m [32mencoderd[0m [32mlogmessaged[0m [32mcamerad[0m [32mlogcatd[0m [32mproclogd[0m [32mmicd[0m [32mtimed[0m [32mdmonitoringmodeld[0m [32msensord[0m [32mui[0m [32msoundd[0m [32mlocationd[0m [32mcalibrationd[0m [32mtorqued[0m [32mcontrolsd[0m [32mselfdrived[0m [32mcard[0m [32mdeleter[0m [32mdmonitoringd[0m [32mqcomgpsd[0m [32mpandad[0m [32mparamsd[0m [32mlagd[0m [31mplannerd[0m [32mradard[0m [32mhardwared[0m [32mtombstoned[0m [32muploader[0m [32mstatsd[0m [32mfeedbackd[0m [32mmodeld_tinygrad[0m [32mmapd[0m [32mmapd_manager[0m [32mrtid[0m
[32mloggerd[0m [32mencoderd[0m [32mlogmessaged[0m [32mcamerad[0m [32mlogcatd[0m [32mproclogd[0m [32mmicd[0m [32mtimed[0m [32mdmonitoringmodeld[0m [32msensord[0m [32mui[0m [32msoundd[0m [32mlocationd[0m [32mcalibrationd[0m [32mtorqued[0m [32mcontrolsd[0m [32mselfdrived[0m [32mcard[0m [32mdeleter[0m [32mdmonitoringd[0m [32mqcomgpsd[0m [32mpandad[0m [32mparamsd[0m [32mlagd[0m [31mplannerd[0m [32mradard[0m [32mhardwared[0m [32mtombstoned[0m [32muploader[0m [32mstatsd[0m [32mfeedbackd[0m [32mmodeld_tinygrad[0m [32mmapd[0m [32mmapd_manager[0m [32mrtid[0m
[32mloggerd[0m [32mencoderd[0m [32mlogmessaged[0m [32mcamerad[0m [32mlogcatd[0m [32mproclogd[0m [32mmicd[0m [32mtimed[0m [32mdmonitoringmodeld[0m [32msensord[0m [32mui[0m [32msoundd[0m [32mlocationd[0m [32mcalibrationd[0m [32mtorqued[0m [32mcontrolsd[0m [32mselfdrived[0m [32mcard[0m [32mdeleter[0m [32mdmonitoringd[0m [32mqcomgpsd[0m [32mpandad[0m [32mparamsd[0m [32mlagd[0m [31mplannerd[0m [32mradard[0m [32mhardwared[0m [32mtombstoned[0m [32muploader[0m [32mstatsd[0m [32mfeedbackd[0m [32mmodeld_tinygrad[0m [32mmapd[0m [32mmapd_manager[0m [32mrtid[0m
[32mloggerd[0m [32mencoderd[0m [32mlogmessaged[0m [32mcamerad[0m [32mlogcatd[0m [32mproclogd[0m [32mmicd[0m [32mtimed[0m [32mdmonitoringmodeld[0m [32msensord[0m [32mui[0m [32msoundd[0m [32mlocationd[0m [32mcalibrationd[0m [32mtorqued[0m [32mcontrolsd[0m [32mselfdrived[0m [32mcard[0m [32mdeleter[0m [32mdmonitoringd[0m [32mqcomgpsd[0m [32mpandad[0m [32mparamsd[0m [32mlagd[0m [31mplannerd[0m [32mradard[0m [32mhardwared[0m [32mtombstoned[0m [32muploader[0m [32mstatsd[0m [32mfeedbackd[0m [32mmodeld_tinygrad[0m [32mmapd[0m [32mmapd_manager[0m [32mrtid[0m
[32mloggerd[0m [32mencoderd[0m [32mlogmessaged[0m [32mcamerad[0m [32mlogcatd[0m [32mproclogd[0m [32mmicd[0m [32mtimed[0m [32mdmonitoringmodeld[0m [32msensord[0m [32mui[0m [32msoundd[0m [32mlocationd[0m [32mcalibrationd[0m [32mtorqued[0m [32mcontrolsd[0m [32mselfdrived[0m [32mcard[0m [32mdeleter[0m [32mdmonitoringd[0m [32mqcomgpsd[0m [32mpandad[0m [32mparamsd[0m [32mlagd[0m [31mplannerd[0m [32mradard[0m [32mhardwared[0m [32mtombstoned[0m [32muploader[0m [32mstatsd[0m [32mfeedbackd[0m [32mmodeld_tinygrad[0m [32mmapd[0m [32mmapd_manager[0m [32mrtid[0m
RTI cycle took 0.015s
RTI cycle took 0.021s
RTI cycle took 0.021s
RTI cycle took 0.019s
RTI cycle took 0.015s
RTI cycle took 0.036s
RTI cycle took 0.020s
RTI cycle took 0.020s
RTI cycle took 0.021s
RTI cycle took 0.029s
RTI cycle took 0.031s
RTI cycle took 0.016s
RTI cycle took 0.022s
RTI cycle took 0.034s
RTI cycle took 0.027s
RTI cycle took 0.032s
RTI cycle took 0.017s
RTI cycle took 0.028s
RTI cycle took 0.027s
RTI cycle took 0.020s
RTI cycle took 0.015s
RTI cycle took 0.016s
RTI cycle took 0.015s
RTI cycle took 0.023s
RTI cycle took 0.022s
RTI cycle took 0.028s
RTI cycle took 0.019s
RTI cycle took 0.027s
RTI cycle took 0.018s
RTI cycle took 0.016s
RTI cycle took 0.030s
RTI cycle took 0.025s
RTI cycle took 0.018s
RTI cycle took 0.028s
RTI cycle took 0.038s
RTI cycle took 0.019s
RTI cycle took 0.030s
RTI cycle took 0.018s
RTI cycle took 0.026s
RTI cycle took 0.030s
RTI cycle took 0.031s
RTI cycle took 0.025s
RTI cycle took 0.023s
RTI cycle took 0.013s
RTI cycle took 0.025s
RTI cycle took 0.014s
RTI cycle took 0.027s
RTI cycle took 0.024s
RTI cycle took 0.017s
RTI cycle took 0.028s
RTI cycle took 0.025s
RTI cycle took 0.025s
RTI cycle took 0.024s
RTI cycle took 0.031s
RTI cycle took 0.018s
RTI cycle took 0.021s
RTI cycle took 0.025s
RTI cycle took 0.041s
RTI cycle took 0.019s
RTI cycle took 0.025s
RTI cycle took 0.021s
RTI cycle took 0.018s
RTI cycle took 0.027s
RTI cycle took 0.026s
RTI cycle took 0.035s
RTI cycle took 0.013s
RTI cycle took 0.023s
RTI cycle took 0.026s
RTI cycle took 0.040s
RTI cycle took 0.042s
RTI cycle took 0.028s
RTI cycle took 0.028s
RTI cycle took 0.040s
RTI cycle took 0.030s
RTI cycle took 0.018s
RTI cycle took 0.018s
RTI cycle took 0.025s
RTI cycle took 0.027s
RTI cycle took 0.028s
RTI cycle took 0.021s
RTI cycle took 0.028s
RTI cycle took 0.032s
RTI cycle took 0.016s
RTI cycle took 0.027s
RTI cycle took 0.016s
RTI cycle took 0.029s
RTI cycle took 0.015s
RTI cycle took 0.015s
RTI cycle took 0.020s
RTI cycle took 0.022s
RTI cycle took 0.026s
RTI cycle took 0.022s
RTI cycle took 0.027s
RTI cycle took 0.033s
RTI cycle took 0.038s
RTI cycle took 0.017s
RTI cycle took 0.027s
RTI cycle took 0.018s
RTI cycle took 0.015s
RTI cycle took 0.025s
RTI cycle took 0.031s
RTI cycle took 0.018s
RTI cycle took 0.016s
RTI cycle took 0.016s
RTI cycle took 0.023s
RTI cycle took 0.022s
RTI cycle took 0.026s
RTI cycle took 0.023s
RTI cycle took 0.027s
RTI cycle took 0.031s
RTI cycle took 0.028s
RTI cycle took 0.027s
RTI cycle took 0.034s
RTI cycle took 0.024s
RTI cycle took 0.023s
RTI cycle took 0.026s
RTI cycle took 0.039s
RTI cycle took 0.021s
RTI cycle took 0.019s
RTI cycle took 0.028s
RTI cycle took 0.027s
RTI cycle took 0.034s
RTI cycle took 0.015s
RTI cycle took 0.016s
RTI cycle took 0.032s
RTI cycle took 0.022s
RTI cycle took 0.017s
RTI cycle took 0.034s
RTI cycle took 0.021s
RTI cycle took 0.023s
RTI cycle took 0.026s
RTI cycle took 0.031s
RTI cycle took 0.029s
RTI cycle took 0.017s
RTI cycle took 0.013s
RTI cycle took 0.028s
RTI cycle took 0.014s
RTI cycle took 0.024s
RTI cycle took 0.028s
RTI cycle took 0.038s
RTI cycle took 0.039s
RTI cycle took 0.033s
RTI cycle took 0.025s
RTI cycle took 0.024s
RTI cycle took 0.026s
RTI cycle took 0.019s
RTI cycle took 0.015s
RTI cycle took 0.025s
RTI cycle took 0.019s
RTI cycle took 0.028s
RTI cycle took 0.032s
RTI cycle took 0.023s
RTI cycle took 0.036s
RTI cycle took 0.024s
RTI cycle took 0.030s
RTI cycle took 0.042s
RTI cycle took 0.015s
RTI cycle took 0.025s
RTI cycle took 0.026s
RTI cycle took 0.023s
RTI cycle took 0.024s
RTI cycle took 0.039s
RTI cycle took 0.019s
RTI cycle took 0.023s
RTI cycle took 0.031s
RTI cycle took 0.026s
RTI cycle took 0.030s
RTI cycle took 0.017s
RTI cycle took 0.031s
RTI cycle took 0.026s
RTI cycle took 0.032s
RTI cycle took 0.038s
RTI cycle took 0.030s
RTI cycle took 0.017s
RTI cycle took 0.022s
RTI cycle took 0.026s
RTI cycle took 0.021s
RTI cycle took 0.031s
RTI cycle took 0.030s
RTI cycle took 0.026s
RTI cycle took 0.022s
RTI cycle took 0.016s
RTI cycle took 0.017s
RTI cycle took 0.021s
RTI cycle took 0.033s
RTI cycle took 0.025s
RTI cycle took 0.032s
RTI cycle took 0.029s
RTI cycle took 0.025s
RTI cycle took 0.021s
RTI cycle took 0.022s
RTI cycle took 0.027s
RTI cycle took 0.028s
RTI cycle took 0.032s
RTI cycle took 0.026s
RTI cycle took 0.029s
RTI cycle took 0.037s
RTI cycle took 0.029s
RTI cycle took 0.025s
RTI cycle took 0.035s
RTI cycle took 0.022s
RTI cycle took 0.022s
RTI cycle took 0.028s
RTI cycle took 0.032s
RTI cycle took 0.020s
RTI cycle took 0.029s
RTI cycle took 0.015s
RTI cycle took 0.017s
RTI cycle took 0.027s
RTI cycle took 0.028s
RTI cycle took 0.021s
RTI cycle took 0.027s
RTI cycle took 0.026s
RTI cycle took 0.030s
RTI cycle took 0.049s
RTI cycle took 0.014s
RTI cycle took 0.036s
RTI cycle took 0.024s
RTI cycle took 0.027s
RTI cycle took 0.017s
RTI cycle took 0.028s
RTI cycle took 0.017s
RTI cycle took 0.036s
RTI cycle took 0.031s
RTI cycle took 0.038s
RTI cycle took 0.020s
RTI cycle took 0.038s
RTI cycle took 0.046s
RTI cycle took 0.025s
RTI cycle took 0.046s
RTI cycle took 0.020s
RTI cycle took 0.036s
RTI cycle took 0.072s
RTI cycle took 0.030s
[32mloggerd[0m [32mencoderd[0m [32mlogmessaged[0m [32mcamerad[0m [32mlogcatd[0m [32mproclogd[0m [32mmicd[0m [32mtimed[0m [32mdmonitoringmodeld[0m [32msensord[0m [32mui[0m [32msoundd[0m [32mlocationd[0m [32mcalibrationd[0m [32mtorqued[0m [32mcontrolsd[0m [32mselfdrived[0m [32mcard[0m [32mdeleter[0m [32mdmonitoringd[0m [32mqcomgpsd[0m [32mpandad[0m [32mparamsd[0m [32mlagd[0m [31mplannerd[0m [32mradard[0m [32mhardwared[0m [32mtombstoned[0m [32muploader[0m [32mstatsd[0m [32mfeedbackd[0m [32mmodeld_tinygrad[0m [32mmapd[0m [32mmapd_manager[0m [32mrtid[0m
[32mloggerd[0m [32mencoderd[0m [32mlogmessaged[0m [32mcamerad[0m [32mlogcatd[0m [32mproclogd[0m [32mmicd[0m [32mtimed[0m [32mdmonitoringmodeld[0m [32msensord[0m [32mui[0m [32msoundd[0m [32mlocationd[0m [32mcalibrationd[0m [32mtorqued[0m [32mcontrolsd[0m [32mselfdrived[0m [32mcard[0m [32mdeleter[0m [32mdmonitoringd[0m [32mqcomgpsd[0m [32mpandad[0m [32mparamsd[0m [32mlagd[0m [31mplannerd[0m [32mradard[0m [32mhardwared[0m [32mtombstoned[0m [32muploader[0m [32mstatsd[0m [32mfeedbackd[0m [32mmodeld_tinygrad[0m [32mmapd[0m [32mmapd_manager[0m [32mrtid[0m
[32mloggerd[0m [32mencoderd[0m [32mlogmessaged[0m [32mcamerad[0m [32mlogcatd[0m [32mproclogd[0m [32mmicd[0m [32mtimed[0m [32mdmonitoringmodeld[0m [32msensord[0m [32mui[0m [32msoundd[0m [32mlocationd[0m [32mcalibrationd[0m [32mtorqued[0m [32mcontrolsd[0m [32mselfdrived[0m [32mcard[0m [32mdeleter[0m [32mdmonitoringd[0m [32mqcomgpsd[0m [32mpandad[0m [32mparamsd[0m [32mlagd[0m [31mplannerd[0m [32mradard[0m [32mhardwared[0m [32mtombstoned[0m [32muploader[0m [32mstatsd[0m [32mfeedbackd[0m [32mmodeld_tinygrad[0m [32mmapd[0m [32mmapd_manager[0m [32mrtid[0m
[32mloggerd[0m [32mencoderd[0m [32mlogmessaged[0m [32mcamerad[0m [32mlogcatd[0m [32mproclogd[0m [32mmicd[0m [32mtimed[0m [32mdmonitoringmodeld[0m [32msensord[0m [32mui[0m [32msoundd[0m [32mlocationd[0m [32mcalibrationd[0m [32mtorqued[0m [32mcontrolsd[0m [32mselfdrived[0m [32mcard[0m [32mdeleter[0m [32mdmonitoringd[0m [32mqcomgpsd[0m [32mpandad[0m [32mparamsd[0m [32mlagd[0m [31mplannerd[0m [32mradard[0m [32mhardwared[0m [32mtombstoned[0m [32muploader[0m [32mstatsd[0m [32mfeedbackd[0m [32mmodeld_tinygrad[0m [32mmapd[0m [32mmapd_manager[0m [32mrtid[0m
[32mloggerd[0m [32mencoderd[0m [32mlogmessaged[0m [32mcamerad[0m [32mlogcatd[0m [32mproclogd[0m [32mmicd[0m [32mtimed[0m [32mdmonitoringmodeld[0m [32msensord[0m [32mui[0m [32msoundd[0m [32mlocationd[0m [32mcalibrationd[0m [32mtorqued[0m [32mcontrolsd[0m [32mselfdrived[0m [32mcard[0m [32mdeleter[0m [32mdmonitoringd[0m [32mqcomgpsd[0m [32mpandad[0m [32mparamsd[0m [32mlagd[0m [31mplannerd[0m [32mradard[0m [32mhardwared[0m [32mtombstoned[0m [32muploader[0m [32mstatsd[0m [32mfeedbackd[0m [32mmodeld_tinygrad[0m [32mmapd[0m [32mmapd_manager[0m [32mrtid[0m
[32mloggerd[0m [32mencoderd[0m [32mlogmessaged[0m [32mcamerad[0m [32mlogcatd[0m [32mproclogd[0m [32mmicd[0m [32mtimed[0m [32mdmonitoringmodeld[0m [32msensord[0m [32mui[0m [32msoundd[0m [32mlocationd[0m [32mcalibrationd[0m [32mtorqued[0m [32mcontrolsd[0m [32mselfdrived[0m [32mcard[0m [32mdeleter[0m [32mdmonitoringd[0m [32mqcomgpsd[0m [32mpandad[0m [32mparamsd[0m [32mlagd[0m [31mplannerd[0m [32mradard[0m [32mhardwared[0m [32mtombstoned[0m [32muploader[0m [32mstatsd[0m [32mfeedbackd[0m [32mmodeld_tinygrad[0m [32mmapd[0m [32mmapd_manager[0m [32mrtid[0m
[32mloggerd[0m [32mencoderd[0m [32mlogmessaged[0m [32mcamerad[0m [32mlogcatd[0m [32mproclogd[0m [32mmicd[0m [32mtimed[0m [32mdmonitoringmodeld[0m [32msensord[0m [32mui[0m [32msoundd[0m [32mlocationd[0m [32mcalibrationd[0m [32mtorqued[0m [32mcontrolsd[0m [32mselfdrived[0m [32mcard[0m [32mdeleter[0m [32mdmonitoringd[0m [32mqcomgpsd[0m [32mpandad[0m [32mparamsd[0m [32mlagd[0m [31mplannerd[0m [32mradard[0m [32mhardwared[0m [32mtombstoned[0m [32muploader[0m [32mstatsd[0m [32mfeedbackd[0m [32mmodeld_tinygrad[0m [32mmapd[0m [32mmapd_manager[0m [32mrtid[0m
[32mloggerd[0m [32mencoderd[0m [32mlogmessaged[0m [32mcamerad[0m [32mlogcatd[0m [32mproclogd[0m [32mmicd[0m [32mtimed[0m [32mdmonitoringmodeld[0m [32msensord[0m [32mui[0m [32msoundd[0m [32mlocationd[0m [32mcalibrationd[0m [32mtorqued[0m [32mcontrolsd[0m [32mselfdrived[0m [32mcard[0m [32mdeleter[0m [32mdmonitoringd[0m [32mqcomgpsd[0m [32mpandad[0m [32mparamsd[0m [32mlagd[0m [31mplannerd[0m [32mradard[0m [32mhardwared[0m [32mtombstoned[0m [32muploader[0m [32mstatsd[0m [32mfeedbackd[0m [32mmodeld_tinygrad[0m [32mmapd[0m [32mmapd_manager[0m [32mrtid[0m
[32mloggerd[0m [32mencoderd[0m [32mlogmessaged[0m [32mcamerad[0m [32mlogcatd[0m [32mproclogd[0m [32mmicd[0m [32mtimed[0m [32mdmonitoringmodeld[0m [32msensord[0m [32mui[0m [32msoundd[0m [32mlocationd[0m [32mcalibrationd[0m [32mtorqued[0m [32mcontrolsd[0m [32mselfdrived[0m [32mcard[0m [32mdeleter[0m [32mdmonitoringd[0m [32mqcomgpsd[0m [32mpandad[0m [32mparamsd[0m [32mlagd[0m [31mplannerd[0m [32mradard[0m [32mhardwared[0m [32mtombstoned[0m [32muploader[0m [32mstatsd[0m [32mfeedbackd[0m [32mmodeld_tinygrad[0m [32mmapd[0m [32mmapd_manager[0m [32mrtid[0m
[32mloggerd[0m [32mencoderd[0m [32mlogmessaged[0m [32mcamerad[0m [32mlogcatd[0m [32mproclogd[0m [32mmicd[0m [32mtimed[0m [32mdmonitoringmodeld[0m [32msensord[0m [32mui[0m [32msoundd[0m [32mlocationd[0m [32mcalibrationd[0m [32mtorqued[0m [32mcontrolsd[0m [32mselfdrived[0m [32mcard[0m [32mdeleter[0m [32mdmonitoringd[0m [32mqcomgpsd[0m [32mpandad[0m [32mparamsd[0m [32mlagd[0m [31mplannerd[0m [32mradard[0m [32mhardwared[0m [32mtombstoned[0m [32muploader[0m [32mstatsd[0m [32mfeedbackd[0m [32mmodeld_tinygrad[0m [32mmapd[0m [32mmapd_manager[0m [32mrtid[0m
[32mloggerd[0m [32mencoderd[0m [32mlogmessaged[0m [32mcamerad[0m [32mlogcatd[0m [32mproclogd[0m [32mmicd[0m [32mtimed[0m [32mdmonitoringmodeld[0m [32msensord[0m [32mui[0m [32msoundd[0m [32mlocationd[0m [32mcalibrationd[0m [32mtorqued[0m [32mcontrolsd[0m [32mselfdrived[0m [32mcard[0m [32mdeleter[0m [32mdmonitoringd[0m [32mqcomgpsd[0m [32mpandad[0m [32mparamsd[0m [32mlagd[0m [31mplannerd[0m [32mradard[0m [32mhardwared[0m [32mtombstoned[0m [32muploader[0m [32mstatsd[0m [32mfeedbackd[0m [32mmodeld_tinygrad[0m [32mmapd[0m [32mmapd_manager[0m [32mrtid[0m
